iteration,data_term,regularization_term,objective,residual_norm,residual_relative,L,backtracks,restarted,restarts_total,momentum,extrapolated_negative_count,projected_gradient_relative,objective_relative_change,elapsed_s
1,220483.348120709,326.17998878769765,220809.5281094967,664.0532329877011,0.6055688910715804,90790117.67901981,0,False,0,0.0,0,0.2411305627254492,0.6327438070622176,0.007840899997972883
2,183991.41465318756,416.6931168243453,184408.1077700119,606.6158828339192,0.5531901498640062,90790117.67901981,0,False,0,0.28175352512532087,27,0.19604543164745383,0.1648543912535956,0.013176499996916391
3,152925.8496145134,526.7665398614088,153452.61615437482,553.0386055503059,0.5043315180864041,90790117.67901981,0,False,0,0.434042782780302,646,0.14648771062725702,0.1678640488749216,0.018353100000240374
4,131880.8036654085,665.6080652677097,132546.4117306762,513.5772652004924,0.4683456077275017,90790117.67901981,0,False,0,0.5310638054044795,697,0.10938849996608785,0.13623882699182385,0.023676599994360004
5,117782.96803249943,799.5837917032552,118582.55182420269,485.3513532122877,0.44260560169624164,90790117.67901981,0,False,0,0.5987785940560388,551,0.08510844418509467,0.10535071997910407,0.02898569999524625
6,107822.82228622734,923.5223324172927,108746.34461864464,464.37661932148853,0.4234781496911883,90790117.67901981,0,False,0,0.6489233261224006,405,0.06937644357218549,0.0829481829682677,0.03406239999458194
7,100298.17359931089,1038.799056421635,101336.97265573252,447.8798356687001,0.40843426693209045,90790117.67901981,0,False,0,0.6876458540105597,296,0.058185142349529005,0.06813444616364399,0.039315999994869344
8,94337.32992397879,1149.0219074959086,95486.35183147469,434.3669644988642,0.3961114982096284,90790117.67901981,0,False,0,0.718499853459134,210,0.05025977151238371,0.05773431622171975,0.044510499996249564
9,89359.57289466918,1257.2326206783707,90616.80551534756,422.75187260299435,0.38551936798622705,90790117.67901981,0,False,0,0.7436910466053832,170,0.044275940132466524,0.05099730194658048,0.04951479999726871
10,85094.35648701226,1366.788737415951,86461.14522442821,412.53934718281664,0.37620627773002485,90790117.67901981,0,False,0,0.7646647176173088,142,0.03948267426759825,0.04585970855279722,0.05502219999470981
11,81353.0286806632,1479.3155767509543,82832.34425741417,403.3683891448689,0.3678430221757719,90790117.67901981,0,False,0,0.782409243228014,119,0.03599915733155931,0.04197030883172695,0.06014349999895785
12,77974.74927465446,1595.785854757891,79570.53512941235,394.9044169787278,0.360124486998027,90790117.67901981,0,False,0,0.7976243809601435,106,0.03276372238495148,0.03937844760091833,0.06522489999770187
13,74901.11590764445,1717.74658811904,76618.86249576349,387.04293278044605,0.3529553776079393,90790117.67901981,0,False,0,0.8108199838000861,83,0.030206814258695775,0.0370950456578972,0.0705454999988433
14,72074.23117278956,1845.7836455570707,73920.01481834662,379.6688851428032,0.3462307753790709,90790117.67901981,0,False,0,0.8223766390185732,78,0.027884560041583677,0.03522432452669334,0.07631489999766927
15,69472.8481083048,1980.2314455133376,71453.07955381813,372.75420348617075,0.33992508195735466,90790117.67901981,0,False,0,0.8325843815233085,65,0.025924880425238106,0.03337303530837785,0.08185419999790611
16,67060.94602165169,2120.6253543659136,69181.5713760176,366.22655835330045,0.3339723380686817,90790117.67901981,0,False,0,0.8416682316299193,54,0.024070749193589182,0.03179020683201816,0.08731129999796394
17,64815.22502832429,2266.9611414889546,67082.18616981324,360.04228926148187,0.32833272848622197,90790117.67901981,0,False,0,0.8498055224352064,48,0.022598666405250222,0.03034601794159491,0.09251469999435358
18,62711.74154932799,2419.5081947081503,65131.24974403614,354.1517797479719,0.3229610065568011,90790117.67901981,0,False,0,0.8571379479988086,40,0.02104434140080906,0.029082779455613748,0.0975821999963955
19,60737.21900935023,2578.8400214068038,63316.05903075703,348.5318321455021,0.3178360176727081,90790117.67901981,0,False,0,0.8637801230052086,30,0.01968194398405488,0.027869735655507218,0.10278729999845382
20,58887.102667719926,2745.513084367336,61632.615752087266,343.18246653265936,0.312957780144173,90790117.67901981,0,False,0,0.8698257810419169,41,0.01828717724021526,0.026587935263816708,0.10783950000040932
21,57174.36383130701,2919.3819869068157,60093.74581821383,338.1548870896501,0.3083729885087504,90790117.67901981,0,False,0,0.8753523399411488,38,0.017097582028503422,0.024968434571452064,0.11321279999538092
22,55579.62884109459,3098.5891034462275,58678.21794454082,333.4055453680835,0.3040419297068691,90790117.67901981,0,False,0,0.8804243161473297,31,0.016057836538749867,0.023555327670121338,0.11866599999484606
23,54099.77079170701,3281.9950223905066,57381.76581409751,328.9369872535073,0.2999669254034371,90790117.67901981,0,False,0,0.8850959137641199,34,0.015095815385624656,0.022094265570038907,0.12373329999536509
24,52715.160255689865,3468.491469886958,56183.65172557683,324.70035496035376,0.2961034208044157,90790117.67901981,0,False,0,0.8894130125262103,41,0.014065752218433368,0.020879700572517628,0.1288005999958841
25,51446.09690724348,3657.7718291584692,55103.86873640195,320.76813092089895,0.2925175146861606,90790117.67901981,0,False,0,0.8934147117832398,35,0.013100766558604227,0.019218811095600623,0.13417320000007749
26,50293.74528138085,3847.8581901415823,54141.60347152243,317.1553098448167,0.28922288114776223,90790117.67901981,0,False,0,0.8971345422701921,34,0.012364038043614625,0.017462753286573523,0.13937029999942752
27,49240.0265782482,4036.3170828145194,53276.343661062725,313.8153169564806,0.28617704733640253,90790117.67901981,0,False,0,0.9006014263404838,39,0.01160532698069737,0.01598142195612691,0.1446559999967576
28,48278.84628840674,4222.045182718626,52500.89147112537,310.73733695327553,0.2833701504722833,90790117.67901981,0,False,0,0.9038404456605403,44,0.010971331245867947,0.014555281700085973,0.15007039999909466
29,47415.47412533342,4403.769872425632,51819.243997759055,307.9463398884079,0.2808249614518916,90790117.67901981,0,False,0,0.906873460036305,34,0.010436615800760869,0.012983540931704132,0.15522419999615522
30,46620.15692551766,4579.4520686490205,51199.60899416668,305.3527695159081,0.2784598114061273,90790117.67901981,0,False,0,0.9097196100592845,24,0.01010655736239341,0.011957623380595276,0.16046799999458017
31,45882.90785968867,4749.00521078656,50631.91307047523,302.92873042908514,0.2762492617260706,90790117.67901981,0,False,0,0.9123957282937485,17,0.009467573061249136,0.011087895686002746,0.16622159999678843
32,45195.28266318701,4913.151627370764,50108.43429055778,300.65023752921604,0.27417143972303587,90790117.67901981,0,False,0,0.914916677883027,17,0.00892896897452811,0.010338909754186354,0.1716482999981963
33,44544.580094530655,5073.391726274666,49617.971820805324,298.4780732131949,0.2721905817575382,90790117.67901981,0,False,0,0.917295633120554,17,0.00828327262945731,0.009788022250076104,0.17736479999439325
34,43928.530443034426,5231.536820820872,49160.0672638553,296.4069177432754,0.27030183661053697,90790117.67901981,0,False,0,0.9195443132877347,19,0.007726308560451918,0.009228602865988549,0.18241509999643313
35,43345.463589902974,5389.110923061713,48734.57451296469,294.4332304272158,0.26850197542481424,90790117.67901981,0,False,0,0.9216731786097809,18,0.007141385926406841,0.00865525160099715,0.18752839999797288
36,42806.06583330863,5546.603030156957,48352.66886346559,292.59550862345316,0.266826105028407,90790117.67901981,0,False,0,0.9236915953126076,11,0.006714556322161521,0.007836441649808696,0.1926889999958803
37,42304.966047885755,5702.640644622226,48007.60669250798,290.87786456822647,0.26525973692098964,90790117.67901981,0,False,0,0.9256079753284939,14,0.006462015264078134,0.007136362460818183,0.19787329999962822
38,41833.61292122184,5855.897668299053,47689.51058952089,289.2528752535464,0.26377786328735553,90790117.67901981,0,False,0,0.9274298950868183,17,0.006197689458611972,0.006625952112641567,0.2034062999955495
39,41389.52277280552,6005.591272218513,47395.114045024035,287.7134782133278,0.2623740436652902,90790117.67901981,0,False,0,0.9291641969594342,17,0.00599861703680802,0.006173192822858321,0.20933339999464806
40,40972.90272948626,6151.111981844733,47124.014711330994,286.2617778519733,0.26105019712058114,90790117.67901981,0,False,0,0.9308170762496849,16,0.005682360027148525,0.005719984837160719,0.21553119999589399
41,40595.12406324415,6291.675672642621,46886.79973588677,284.9390252781958,0.2598439417038872,90790117.67901981,0,False,0,0.9323941560762216,11,0.0056032246492615356,0.005033844779510757,0.2209115000005113
42,40235.00684403078,6425.673752410304,46660.68059644108,283.6723703289793,0.25868884329480896,90790117.67901981,0,False,0,0.9339005520751649,9,0.005569824848303219,0.004822660977490883,0.22664999999688007
43,39886.48883827983,6553.489862269228,46439.97870054906,282.44110479276856,0.2575660174905837,90790117.67901981,0,False,0,0.9353409285021578,10,0.005380064826879525,0.004729933062932153,0.2321310999977868
44,39559.23824066097,6676.402848236483,46235.64108889745,281.28006769289914,0.2565072349801853,90790117.67901981,0,False,0,0.936719547040866,13,0.004902184545257579,0.004400036722006344,0.2381619999941904
45,39254.701567185366,6794.940556271462,46049.642123456826,280.1952946328163,0.2555179998007959,90790117.67901981,0,False,0,0.9380403094021824,10,0.004732999301108297,0.004022848198060078,0.24457129999791505
46,38962.78584023402,6909.009827050618,45871.79566728464,279.15152100690415,0.254566153162945,90790117.67901981,0,False,0,0.9393067946178,8,0.004529705997148593,0.003862059463901744,0.25048319999768864
47,38681.23018899807,7019.310759470923,45700.540948468995,278.1410799899866,0.2536447034723005,90790117.67901981,0,False,0,0.9405222917844157,8,0.004316545788455362,0.003733333660137993,0.2560790999996243
48,38408.50575167325,7126.791723203869,45535.297474877116,277.1588199991956,0.25274895285500276,90790117.67901981,0,False,0,0.9416898288939467,9,0.004087758408884174,0.0036157881320968343,0.2611730999997235
49,38144.46389808374,7232.414923199601,45376.87882128334,276.2045035769103,0.25187868476674335,90790117.67901981,0,False,0,0.9428121982856035,12,0.003803945877300493,0.0034790297281176268,0.26617869999608956
50,37899.54761366341,7336.909049270598,45236.45666293401,275.31635481265334,0.25106875683392105,90790117.67901981,0,False,0,0.9438919791733417,13,0.0035413289592145496,0.0030945750786954595,0.2712175999986357
51,37670.000482517076,7439.382900722845,45109.383383239925,274.48133081328893,0.25030727487405136,90790117.67901981,0,False,0,0.9449315576338684,12,0.0033137503502625684,0.0028090900364043814,0.276603399994201
52,37455.692324360774,7538.790081588739,44994.482405949515,273.69944217831636,0.249594248553117,90790117.67901981,0,False,0,0.9459331443834135,5,0.0032784897121372497,0.0025471635538494354,0.281630799996492
53,37249.20623818222,7634.461128508072,44883.66736669029,272.94397314534064,0.248905315013136,90790117.67901981,0,False,0,0.9468987906238281,7,0.0031999174412567413,0.002462858406935885,0.28669219999574125
54,37050.268263688224,7726.80153364295,44777.069797331176,272.21413726582324,0.24823975706948273,90790117.67901981,0,False,0,0.9478304021985741,6,0.0030585982848750017,0.0023749745868187878,0.291873599999235
55,36858.64342812031,7816.483923903336,44675.12735202365,271.5092758198891,0.24759697401690578,90790117.67901981,0,False,0,0.9487297522654735,7,0.002865084637205643,0.002276666288547587,0.2968937999976333
56,36674.77413466128,7904.29826994976,44579.07240461104,270.83121730945743,0.24697863331792844,90790117.67901981,0,False,0,0.9495984926646243,7,0.0026915638773105694,0.0021500766333743464,0.3018672999969567
57,36499.80716414721,7990.7039677053135,44490.51113185252,270.1844080036715,0.24638878965091202,90790117.67901981,0,False,0,0.9504381641357491,6,0.002452897752993758,0.0019866109360623945,0.30707869999605464
58,36334.30396197525,8075.820450076683,44410.12441205193,269.5711555859612,0.24582954745752802,90790117.67901981,0,False,0,0.9512502055187321,6,0.0023343511957897504,0.0018068284170158259,0.3121839999948861
59,36176.7401248219,8159.548246749616,44336.28837157152,268.98602240570756,0.24529594799065826,90790117.67901981,0,False,0,0.9520359620535963,6,0.0021909341295224265,0.001662594767700631,0.31719659999362193
60,36025.25024936827,8241.802682421221,44267.05293178949,268.4222429284439,0.24478182156841433,90790117.67901981,0,False,0,0.9527966928812224,4,0.002075393926552434,0.0015615975609366687,0.3223324999999022
61,35879.36374079431,8322.837427344772,44202.20116813908,267.87819523355876,0.24428568911559975,90790117.67901981,0,False,0,0.9535335778332711,8,0.0019477223773844668,0.0014650119977568956,0.3273957999990671
62,35739.17161287443,8402.96453617383,44142.13614904826,267.3543402036871,0.24380797092410122,90790117.67901981,0,False,0,0.9542477235887569,5,0.0018104770362281208,0.0013588694115557942,0.3324369999972987
63,35605.71819400052,8482.279002961857,44087.99719696237,266.85471026009833,0.24335234427271976,90790117.67901981,0,False,0,0.9549401692652046,3,0.0016936584272413831,0.001226468784906184,0.3375002999964636
64,35478.051519609,8560.53635625112,44038.58787586012,266.37586797459335,0.24291567447363333,90790117.67901981,0,False,0,0.9556118915041254,4,0.001610325561155452,0.0011206977917713112,0.3426532999947085
65,35355.229624169355,8637.695020241406,43992.92464441076,265.9143833047372,0.24249483357430668,90790117.67901981,0,False,0,0.9562638091034213,2,0.001525585980772845,0.001036891363957311,0.3476736999946297
66,35236.84425744614,8713.87289250902,43950.717149955155,265.46880893033796,0.24208850172259522,90790117.67901981,0,False,0,0.9568967872431737,0,0.0014343783780198817,0.0009594155150348786,0.3527514999950654
67,35122.51210467698,8789.318555730859,43911.83066040784,265.03777883417666,0.2416954332088309,90790117.67901981,0,False,0,0.9575116413458903,2,0.0013385074723280877,0.0008847748584997967,0.35789069999736967
68,35011.840578395175,8864.349670679145,43876.19024907432,264.6198805018065,0.24131433992121076,90790117.67901981,0,False,0,0.9581091406076137,2,0.0012482471839826846,0.0008116357436596254,0.36293250000016997
69,34904.450063254495,8939.26770719959,43843.71777045408,264.21373947338355,0.24094396845099866,90790117.67901981,0,False,0,0.9586900112322029,5,0.001173317380057066,0.0007400933954362051,0.36811309999757214
70,34800.852397818075,9014.251874038355,43815.10427185643,263.8213501512646,0.2405861375500108,90790117.67901981,0,False,0,0.9592549393975224,5,0.001095666818607492,0.000652624824095908,0.3731246999959694
71,34700.5069831463,9088.9714615175,43789.47844466379,263.4407219210663,0.24023903192079088,90790117.67901981,0,False,0,0.9598045739791348,0,0.0010533157897741597,0.0005848628599314915,0.3787914999993518
72,34603.120659639884,9163.121504655242,43766.24216429512,263.07079145978895,0.23990168188907515,90790117.67901981,0,False,0,0.9603395290543362,1,0.0010020890379597966,0.0005306361526555634,0.38395359999412904
73,34509.45162455857,9236.618637328029,43746.0702618866,262.71448998697645,0.2395767605167215,90790117.67901981,0,False,0,0.9608603862069443,0,0.0009861134195724758,0.00046090094582032607,0.3890843999979552
74,34418.75235879567,9309.017874532896,43727.77023332856,262.3690239292576,0.23926172026530307,90790117.67901981,0,False,0,0.9613676966511135,4,0.0009676645481496702,0.0004183239419788166,0.39439199999469565
75,34330.97967798668,9380.275285971302,43711.25496395798,262.03427133864255,0.238956449927005,90790117.67901981,0,False,0,0.9618619831905493,6,0.0009442638175037293,0.00037768377583530634,0.4001203999941936
76,34246.79478694192,9450.301955446737,43697.09674238866,261.71279978992976,0.23866329094577513,90790117.67901981,0,False,0,0.9623437420278342,2,0.0009307662894443379,0.00032390334207960515,0.4055482999974629
77,34165.58254748088,9518.746155564655,43684.32870304554,261.4023050681875,0.2383801420429634,90790117.67901981,0,False,0,0.9628134444370816,2,0.0008995505935845268,0.00029219422558881826,0.4115401999952155
78,34088.061598762135,9585.626829387831,43673.688428149966,261.10557864113946,0.2381095488367973,90790117.67901981,0,False,0,0.9632715383118254,2,0.0009004749453132292,0.0002435718989274883,0.4174471000005724
79,34013.80124976169,9650.548563028873,43664.34981279056,260.821016215188,0.23785004832665183,90790117.67901981,0,False,0,0.9637184495988772,4,0.0008983414242357173,0.00021382703626617787,0.4228140999985044
80,33942.48677136049,9713.405897916622,43655.89266927711,260.5474496952925,0.23760057529368114,90790117.67901981,0,False,0,0.9641545836278388,4,0.0008576092853864422,0.00019368531879460313,0.4285059999965597
81,33873.98287385035,9774.316686659158,43648.299560509506,260.2843939764747,0.2373606873569598,90790117.67901981,0,False,0,0.9645803263450347,1,0.0007918916766292889,0.00017393090149662318,0.4334999999991851
82,33808.12155547012,9833.487292935453,43641.60884840557,260.0312348756207,0.2371298244255664,90790117.67901981,0,False,0,0.964996045459788,2,0.0007087220729599759,0.00015328689024088381,0.43847619999723975
83,33744.69354789943,9891.187050950251,43635.880598849675,259.7871957887818,0.23690727829243446,90790117.67901981,0,False,0,0.9654020915102275,4,0.0006194186662610684,0.00013125660824730962,0.44504589999996824
84,33683.533468986454,9947.653900026555,43631.18736901301,259.55166525756084,0.2366924913513887,90790117.67901981,0,False,0,0.9657987988551446,2,0.0005701523227696578,0.00010755437434188404,0.4510329999975511
85,33624.33300069279,10003.015996147906,43627.3489968407,259.323477536041,0.2364844005258156,90790117.67901981,0,False,0,0.9661864865978228,4,0.0005441962393738991,8.797313123395755e-05,0.45659319999685977
86,33566.988098608286,10057.334026581124,43624.322125189414,259.1022504672944,0.2362826573160233,90790117.67901981,0,False,0,0.966565459447225,5,0.0005231439919329253,6.938014160582065e-05,0.46174279999831924
87,33511.47757829388,10110.5577405808,43622.03531887468,258.8879200669428,0.23608720337285083,90790117.67901981,0,False,0,0.9669360085214439,8,0.0005112150950080549,5.2420443535375646e-05,0.4667109000001801
88,33457.94160273146,10162.554432475823,43620.49603520728,258.6810453153901,0.23589854844631006,90790117.67901981,0,False,0,0.9672984120978823,9,0.00048687733817554717,3.5286837401050514e-05,0.4718797999958042
89,33406.95352686195,10212.786292985433,43619.73981984738,258.4838622694343,0.23571873165972454,90790117.67901981,0,False,0,0.9676529363142448,8,0.0005001778699435433,1.7336239351539092e-05,0.47771029999421444
90,33358.852906435495,10260.732241065502,43619.585147501,258.2977077189633,0.23554897206953404,90790117.67901981,0,False,0,0.9679998358240649,4,0.0005548952453442511,3.545925469116904e-06,0.48308109999925364
91,33359.61721119796,10259.760035183137,43619.3772463811,258.30066670915875,0.2355516704562331,90790117.67901981,0,True,1,0.0,0,0.0005385725845094317,4.7662333146696724e-06,0.4919064999994589
92,33360.31807891627,10258.862856314652,43619.18093523092,258.303380074347,0.23555414485055343,90790117.67901981,0,False,1,0.28175352512532087,0,0.0005252127552796914,4.500549126747291e-06,0.49787309999373974
93,33361.14433759277,10257.797551925003,43618.94188951777,258.30657884611753,0.23555706190084044,90790117.67901981,0,False,1,0.434042782780302,0,0.0005113307990468217,5.480288900948003e-06,0.503014499998244
94,33362.05526940205,10256.610916285705,43618.666185687754,258.3101053749235,0.2355602778420215,90790117.67901981,0,False,1,0.5310638054044795,0,0.0004982319732324741,6.320736314903855e-06,0.5080824999968172
95,33363.01468597553,10255.343153247211,43618.35783922274,258.3138195527894,0.2355636649056781,90790117.67901981,0,False,1,0.5987785940560388,0,0.00048672455922228633,7.069140163503776e-06,0.513140699993528
96,33363.99200657718,10254.02718084123,43618.01918741841,258.3176029873968,0.23556711512651254,90790117.67901981,0,False,1,0.6489233261224006,0,0.00047710706322712416,7.763974186780827e-06,0.5182325999994646
97,33364.96360509871,10252.68779145298,43617.65139655169,258.3213642155782,0.2355705450966802,90790117.67901981,0,False,1,0.6876458540105597,0,0.00046921292249379337,8.432085490531377e-06,0.5232343999959994
98,33365.91361236511,10251.341425361326,43617.25503772644,258.3250418072747,0.235573898796376,90790117.67901981,0,False,1,0.718499853459134,0,0.00046260299827430274,9.087119837065424e-06,0.5281749999994645
99,33366.83410397598,10249.996482334338,43616.83058631032,258.32860509040023,0.23557714825485868,90790117.67901981,0,False,1,0.7436910466053832,0,0.0004567478202768608,9.731272996228644e-06,0.5332819999966887
100,33367.724602258146,10248.654168551404,43616.37877080955,258.3320522206184,0.23558029179022585,90790117.67901981,0,False,1,0.7646647176173088,0,0.00045117066749384896,1.0358742134675373e-05,0.5383008999997401
101,33368.590977527754,10247.309763747198,43615.90074127495,258.3354059262019,0.2355833501290311,90790117.67901981,0,False,1,0.782409243228014,0,0.0004455298103315314,1.0959862970535478e-05,0.5434673999989172
102,33369.44393138946,10245.954148109986,43615.39807949945,258.33870763549726,0.23558636105095318,90790117.67901981,0,False,1,0.7976243809601435,0,0.00043963691775479835,1.1524736780767852e-05,0.5484532999980729
103,33370.297273121214,10244.57543131348,43614.872704434696,258.3420108039775,0.23558937330354712,90790117.67901981,0,False,1,0.8108199838000861,0,0.0004334323156626812,1.2045632686782783e-05,0.5536530999961542
104,33371.166202902314,10243.16053032617,43614.32673322848,258.3453742682548,0.23559244054158074,90790117.67901981,0,False,1,0.8223766390185732,0,0.00042694041141184426,1.2518005266566583e-05,0.5586941000001389
105,33372.06577421314,10241.696574134672,43613.76234834781,258.3488562940163,0.2355956158991791,90790117.67901981,0,False,1,0.8325843815233085,0,0.0004202234306628829,1.2940355221445213e-05,0.5638398999944911
106,33373.00963645785,10240.172063701773,43613.18170015962,258.35250970895504,0.23559894755140695,90790117.67901981,0,False,1,0.8416682316299193,0,0.0004133470795427378,1.3313416612639536e-05,0.569985899994208
107,33374.0091379005,10238.577715500149,43612.58685340065,258.35637843064956,0.235602475547944,90790117.67901981,0,False,1,0.8498055224352064,0,0.0004063616683716339,1.3639150728768658e-05,0.5758217999973567
108,33375.07281313666,10236.906957821973,43611.979770958635,258.36049548310075,0.2356062300043091,90790117.67901981,0,False,1,0.8571379479988086,0,0.0003992970090361777,1.3919890697090199e-05,0.5810087999998359
109,33376.20620815637,10235.15611274967,43611.36232090604,258.36488232016507,0.2356102304848796,90790117.67901981,0,False,1,0.8637801230052086,0,0.0003921665146891579,1.4157808378306546e-05,0.5860698999968008
110,33377.411994059024,10233.324297707439,43610.736291766465,258.369549266391,0.2356144864049028,90790117.67901981,0,False,1,0.8698257810419169,1,0.0003849753012694105,1.4354725609516257e-05,0.5910498999946867
111,33378.690891977385,10231.413104588484,43610.10399656587,258.3744990976369,0.23561900029576224,90790117.67901981,0,False,1,0.8753523399411488,1,0.0003770848917082132,1.4498613285584886e-05,0.5962318999954732
112,33380.0432896141,10229.424678302305,43609.467967916404,258.3797332981598,0.23562377351099387,90790117.67901981,0,False,1,0.8804243161473297,0,0.00036980012660813423,1.4584433220278938e-05,0.6012416999947163
113,33381.46816481315,10227.360244033638,43608.82840884679,258.38524789474013,0.23562880242730655,90790117.67901981,0,False,1,0.8850959137641199,0,0.00036248697013427903,1.466560128829204e-05,0.6062688999954844
114,33382.961923469724,10225.224892790236,43608.18681625996,258.3910289598682,0.23563407434381098,90790117.67901981,0,False,1,0.8894130125262103,0,0.0003551522625312524,1.4712447232470786e-05,0.6124191999988398
115,33384.519710174565,10223.0249119689,43607.54462214347,258.3970576851624,0.235639572108613,90790117.67901981,0,False,1,0.8934147117832398,0,0.0003478064713198433,1.4726457653328699e-05,0.6186746999956085
116,33386.1360089571,10220.767179739296,43606.9031886964,258.4033127069276,0.23564527623955583,90790117.67901981,0,False,1,0.8971345422701921,0,0.00034046118421953217,1.4709230997210347e-05,0.6241507999948226
117,33387.80520724229,10218.458637659629,43606.263844901914,258.40977228906144,0.23565116691487412,90790117.67901981,0,False,1,0.9006014263404838,1,0.00033299348299519084,1.4661527137563908e-05,0.6300131999960286
118,33389.522344495286,10216.105719187737,43605.62806368302,258.4164172203279,0.23565722661529928,90790117.67901981,0,False,1,0.9038404456605403,0,0.0003256456158200498,1.4580043389081552e-05,0.6353574999957345
119,33391.283961148474,10213.713331686784,43604.99729283526,258.4232340992136,0.23566344311961293,90790117.67901981,0,False,1,0.906873460036305,1,0.0003137482760891505,1.4465354032750054e-05,0.6407575999983237
120,33393.104066301225,10211.285744026618,43604.38981032784,258.43027712054646,0.2356698658496088,90790117.67901981,0,False,1,0.9097196100592845,1,0.000306551807817788,1.3931488249794242e-05,0.6469763999994029
121,33394.97823064173,10208.810398738056,43603.78862937979,258.43752912702803,0.2356764791590619,90790117.67901981,0,False,1,0.9123957282937485,1,0.0002993953041225785,1.378716571113326e-05,0.652324700000463
122,33396.907127493236,10206.287552025302,43603.194679518536,258.44499270635225,0.23568328540776348,90790117.67901981,0,False,1,0.914916677883027,0,0.00029227926323959787,1.3621519595588315e-05,0.6577296999967075
123,33398.8887164151,10203.720096385037,43602.60881280014,258.45265994535674,0.23569027737947731,90790117.67901981,0,False,1,0.917295633120554,0,0.00028518133721158886,1.3436325542177101e-05,0.6637463000006392
124,33400.91832967129,10201.113521240266,43602.03185091155,258.4605127661527,0.23569743858846623,90790117.67901981,0,False,1,0.9195443132877347,1,0.000278096325459223,1.3232279083731031e-05,0.6690816999980598
125,33402.991804494064,10198.475150440197,43601.466954934265,258.4685350463149,0.2357047543322355,90790117.67901981,0,False,1,0.9216731786097809,1,0.0002692451487497434,1.2955725990465531e-05,0.6745697999940603
126,33405.10770790509,10195.809716703563,43600.91742460865,258.4767212261293,0.2357122195407249,90790117.67901981,0,False,1,0.9236915953126076,0,0.0002620918019583247,1.2603482497171712e-05,0.6797121999989031
127,33407.26137352061,10193.117825307605,43600.37919882822,258.485053237206,0.23571981773685957,90790117.67901981,0,False,1,0.9256079753284939,0,0.0002549588563408015,1.2344368243191784e-05,0.6846867999993265
128,33409.44639888136,10190.406533171825,43599.85293205318,258.49350629708806,0.2357275263208174,90790117.67901981,0,False,1,0.9274298950868183,0,0.00024785361610422756,1.2070233899477386e-05,0.6898430000001099
129,33411.65498552189,10187.684234425107,43599.339219946996,258.5020502259968,0.2357353177708061,90790117.67901981,0,False,1,0.9291641969594342,0,0.00024079248470160454,1.1782427500061645e-05,0.6948766999994405
130,33413.87863926041,10184.959950895403,43598.838590155814,258.5106521567744,0.23574316211433657,90790117.67901981,0,False,1,0.9308170762496849,2,0.00023376491440465006,1.1482508683371277e-05,0.6998291999989306
131,33416.10923081901,10182.242675168482,43598.351905987496,258.5192806380948,0.2357510306700566,90790117.67901981,0,False,1,0.9323941560762216,3,0.00022659862240028195,1.1162778277028865e-05,0.7048982999986038
132,33418.34003013987,10179.540076364989,43597.88010650486,258.5279096350716,0.2357588996960182,90790117.67901981,0,False,1,0.9339005520751649,1,0.00021910720308409217,1.0821498107370253e-05,0.7100931999957538
133,33420.5652832638,10176.858596233027,43597.423879496826,258.5365168917683,0.2357667488964047,90790117.67901981,0,False,1,0.9353409285021578,1,0.0002122819816091948,1.0464430998033494e-05,0.7150876999949105
134,33422.77975237913,10174.203444417206,43596.98319679634,258.5450821515626,0.23577455979863016,90790117.67901981,0,False,1,0.936719547040866,2,0.00020363727190239817,1.0107998621752705e-05,0.7200586999970255
135,33424.98761110262,10171.577950642255,43596.56556174487,258.55362156079974,0.23578234712700272,90790117.67901981,0,False,1,0.9380403094021824,2,0.00019548631713785307,9.579448412356787e-06,0.7253958999936003
136,33427.19301874304,10168.971173116046,43596.16419185909,258.5621512083431,0.23579012555341114,90790117.67901981,0,False,1,0.9393067946178,2,0.00018869909843900862,9.20645653183744e-06,0.7303958999982569
137,33429.396870544326,10166.381688649191,43595.77855919352,258.5706745574383,0.23579789823608682,90790117.67901981,0,False,1,0.9405222917844157,1,0.00018203693672352368,8.845564116056403e-06,0.7363198999955785
138,33431.59701489736,10163.811665630403,43595.40868052776,258.5791832878175,0.2358056575875427,90790117.67901981,0,False,1,0.9416898288939467,1,0.00017550921406403984,8.484277101574897e-06,0.7422621000005165
139,33433.789719060354,10161.265788849872,43595.05550791023,258.5876629658126,0.23581339044530933,90790117.67901981,0,False,1,0.9428121982856035,1,0.0001680435333146729,8.101142487807722e-06,0.7478262999939034
140,33435.97107958833,10158.74812906746,43594.71920865579,258.5960984995262,0.23582108304665927,90790117.67901981,0,False,1,0.9438919791733417,0,0.00016168357322666503,7.714160482586573e-06,0.7533069999990403
141,33438.13551935966,10156.263045764637,43594.3985651243,258.604468327056,0.23582871572868522,90790117.67901981,0,False,1,0.9449315576338684,0,0.00015543960404734144,7.355100280806404e-06,0.7583855999982916
142,33440.27517531745,10153.818212142465,43594.093387459914,258.6127420500291,0.2358362607702526,90790117.67901981,0,False,1,0.9459331443834135,0,0.00014933076062721132,7.000387077902923e-06,0.7633913999961806
143,33442.38129009315,10151.422151845052,43593.8034419382,258.620885815872,0.23584368730024394,90790117.67901981,0,False,1,0.9468987906238281,0,0.0001433871902010432,6.651027677879747e-06,0.7685037999981432
144,33444.44496395452,10149.083480060812,43593.528444015334,258.6288652256531,0.23585096394930236,90790117.67901981,0,False,1,0.9478304021985741,0,0.0001376396729126958,6.308188346874028e-06,0.7735205999997561
145,33446.457829034465,10146.810227037671,43593.268056072135,258.6366479408302,0.23585806122699815,90790117.67901981,0,False,1,0.9487297522654735,0,0.00013210923112222188,5.973087118502511e-06,0.7786418999967282
146,33448.41256622178,10144.609325047164,43593.021891268945,258.6442056811704,0.2358649533437886,90790117.67901981,0,False,1,0.9495984926646243,0,0.00012680489122127498,5.646853612186799e-06,0.7836926999952993
147,33450.30323779993,10142.486283817334,43592.78952161727,258.65151550996154,0.2358716193830383,90790117.67901981,0,False,1,0.9504381641357491,1,0.00012172653246777558,5.330432293855758e-06,0.7887257999973372
148,33452.12620093055,10140.445062651082,43592.57126358163,258.6585633646431,0.23587804652070124,90790117.67901981,0,False,1,0.9512502055187321,1,0.0001158700314332209,5.006746253992203e-06,0.7937354999958188
149,33453.88248770629,10138.485226282231,43592.36771398852,258.6653532566984,0.23588423841496237,90790117.67901981,0,False,1,0.9520359620535963,1,0.00011119707807069308,4.669364233678674e-06,0.7988193999990472
150,33455.57717888546,10136.600449500864,43592.17762838633,258.6719048481511,0.23589021299617616,90790117.67901981,0,False,1,0.9527966928812224,1,0.00010564485657678974,4.360524838579913e-06,0.8038098999968497
151,33457.21480943939,10134.78556278274,43592.00037222213,258.6782356884297,0.23589598626816194,90790117.67901981,0,False,1,0.9535335778332711,0,0.00010147319178084917,4.066237885849075e-06,0.8088489000001573
152,33458.79826404873,10133.036277997904,43591.834542046636,258.68435694509526,0.2359015684149339,90790117.67901981,0,False,1,0.9542477235887569,1,9.759221005162372e-05,3.804142367365735e-06,0.8138340000004973
153,33460.32813017496,10131.352353550008,43591.680483724966,258.69027090393234,0.23590696152096352,90790117.67901981,0,False,1,0.9549401692652046,1,9.315317849575651e-05,3.5341096168266558e-06,0.8188362999935634
154,33461.80540755839,10129.732663756273,43591.538071314666,258.69598144369536,0.23591216912339646,90790117.67901981,0,False,1,0.9556118915041254,0,8.987344143512481e-05,3.2669630700003565e-06,0.8237621999942348
155,33463.229751214785,10128.17556379441,43591.40531500919,258.70148724433255,0.23591719001844025,90790117.67901981,0,False,1,0.9562638091034213,1,8.585962268870566e-05,3.0454604573869614e-06,0.8286773999934667
156,33464.59813851881,10126.6846055759,43591.282744094715,258.7067766353205,0.23592201356341513,90790117.67901981,0,False,1,0.9568967872431737,0,8.29188097454255e-05,2.811813787431877e-06,0.8338063999981387
157,33465.90625956564,10125.262485202104,43591.16874476775,258.711832970839,0.23592662457852762,90790117.67901981,0,False,1,0.9575116413458903,0,8.013927250281292e-05,2.61518633524234e-06,0.8387870999940787
158,33467.14777671529,10123.915004854973,43591.06278157026,258.7166317680999,0.23593100073723208,90790117.67901981,0,False,1,0.9581091406076137,0,7.755401119417259e-05,2.430840937215146e-06,0.843903599998157
159,33468.315709100076,10122.648624228907,43590.964333328986,258.7211460592275,0.23593511744676127,90790117.67901981,0,False,1,0.9586900112322029,0,7.520969482378346e-05,2.2584501269984945e-06,0.8490192999961437
160,33469.403276328354,10121.469607201596,43590.87288352995,258.7253496522069,0.23593895082187727,90790117.67901981,0,False,1,0.9592549393975224,0,7.313793610190117e-05,2.0979072254206773e-06,0.8539705999937723
161,33470.40461665703,10120.383301368054,43590.78791802509,258.7292199062836,0.23594248021583694,90790117.67901981,0,False,1,0.9598045739791348,1,7.133717109389602e-05,1.9491581433966594e-06,0.8595568999953684
162,33471.315256986934,10119.393616905425,43590.70887389236,258.732739547924,0.23594568987641723,90790117.67901981,0,False,1,0.9603395290543362,1,6.976377197404461e-05,1.8133219540540052e-06,0.8649474999983795
163,33472.13367627328,10118.501577697218,43590.6352539705,258.7359027126822,0.23594857445566444,90790117.67901981,0,False,1,0.9608603862069443,0,6.836461795235369e-05,1.6888902192281536e-06,0.8699642999999924
164,33472.86025304625,10117.70638957913,43590.56664262538,258.7387108766149,0.23595113529963624,90790117.67901981,0,False,1,0.9613676966511135,2,6.71152530732098e-05,1.5739927788593553e-06,0.8750835999962874
165,33473.496300791,10117.006606091652,43590.50290688265,258.741169127725,0.23595337704822625,90790117.67901981,0,False,1,0.9618619831905493,2,6.585568323072146e-05,1.462145313586973e-06,0.8802390999990166
166,33474.047108354935,10116.396362987056,43590.44347134199,258.74329791650615,0.23595531835081687,90790117.67901981,0,False,1,0.9623437420278342,0,6.484267168964652e-05,1.3634974752275181e-06,0.88521259999834
167,33474.51767620353,10115.870118955188,43590.38779515872,258.7451165769261,0.2359569768385992,90790117.67901981,0,False,1,0.9628134444370816,0,6.396325706872672e-05,1.2772566378456448e-06,0.8902403999964008
168,33474.91150880818,10115.424011436935,43590.33552024512,258.7466386595512,0.23595836486871732,90790117.67901981,0,False,1,0.9632715383118254,0,6.31890071588802e-05,1.1992302946576873e-06,0.8954429000004893
169,33475.23129613249,10115.055016077316,43590.286312209806,258.74787456569567,0.23595949192642324,90790117.67901981,0,False,1,0.9637184495988772,0,6.248738880506236e-05,1.1288748922652497e-06,0.9004297999999835
170,33475.47887516656,10114.760988058035,43590.2398632246,258.748831398971,0.23596036448970084,90790117.67901981,0,False,1,0.9641545836278388,2,6.111789711707845e-05,1.0655810993439277e-06,0.9054346999982954
171,33475.657881695275,10114.54055674255,43590.19843843782,258.749523213842,0.2359609953752134,90790117.67901981,0,False,1,0.9645803263450347,3,5.922428592751763e-05,9.50322524121002e-07,0.9117253999938839
172,33475.78261906332,10114.383216792,43590.165835855325,258.7500052910659,0.23596143499504416,90790117.67901981,0,False,1,0.964996045459788,1,5.691147152023049e-05,7.479337939691676e-07,0.9171228999985033
173,33475.8711366942,10114.264354167079,43590.13549086128,258.75034738795694,0.23596174696285732,90790117.67901981,0,False,1,0.9654020915102275,0,5.756193753674295e-05,6.961431200273524e-07,0.9224530999999843
174,33475.929095604995,10114.177639684738,43590.10673528974,258.7505713833498,0.23596195123058003,90790117.67901981,0,False,1,0.9657987988551446,0,5.7980094539673816e-05,6.59680710247288e-07,0.9281333999970229
175,33475.956217767816,10114.12301983595,43590.079237603764,258.75067620305003,0.235962046818624,90790117.67901981,0,False,1,0.9661864865978228,0,5.788293242981763e-05,6.308240110482268e-07,0.9330797999937204
176,33475.94752164156,10114.105272545736,43590.05279418729,258.75064259491825,0.23596201617041979,90790117.67901981,0,False,1,0.966565459447225,0,5.7303129436677024e-05,6.066384125358303e-07,0.9380335999958334
177,33475.89476415974,10114.132527902024,43590.027292061764,258.75043870169475,0.23596183023443287,90790117.67901981,0,False,1,0.9669360085214439,1,5.647433956475915e-05,5.850446121110128e-07,0.9432390999936615
178,33475.78806099614,10114.214596432523,43590.00265742867,258.75002632268905,0.23596145417437506,90790117.67901981,0,False,1,0.9672984120978823,2,5.5670203854927765e-05,5.651437869448766e-07,0.9482532999973046
179,33475.61790949477,10114.361281038431,43589.9791905332,258.7493687315769,0.23596085449847443,90790117.67901981,0,False,1,0.9676529363142448,1,5.468756376080911e-05,5.383549904737288e-07,0.9532690999985789
180,33475.37873012798,10114.577766552997,43589.95649668098,258.74844436296803,0.23596001154064272,90790117.67901981,0,False,1,0.9679998358240649,1,5.4359589068196876e-05,5.206208547479342e-07,0.9586074999970151
181,33475.068062684295,10114.868125572966,43589.93618825726,258.7472437058385,0.2359589166275087,90790117.67901981,0,False,1,0.9683393544101703,1,5.2675050618811625e-05,4.658968566794089e-07,0.9635758999938844
182,33474.6901047717,10115.226403418104,43589.9165081898,258.7457829792466,0.23595758454968951,90790117.67901981,0,False,1,0.9686717255592106,0,5.2248726462263357e-05,4.51481905715364e-07,0.9685285999948974
183,33474.2477408435,10115.649445733772,43589.89718657728,258.744073326689,0.2359560254692544,90790117.67901981,0,False,1,0.9689971730000947,0,5.171473238361014e-05,4.4325876427464575e-07,0.9738488999937545
184,33473.74430391677,10116.133878418676,43589.878182335444,258.7421276248488,0.23595425112881424,90790117.67901981,0,False,1,0.9693159112089641,0,5.1073123777278e-05,4.3597812931851123e-07,0.9789882999975816
185,33473.18368266166,10116.675792262044,43589.85947492371,258.7399608976614,0.2359522752291198,90790117.67901981,0,False,1,0.969628145883101,0,5.0330893453614994e-05,4.291687087663348e-07,0.9848222999935388
186,33472.57008436111,10117.270976563657,43589.841060924766,258.737589400385,0.23595011259380008,90790117.67901981,0,False,1,0.9699340743859814,0,4.949839876640954e-05,4.224376762187327e-07,0.9900590999968699
187,33471.90780447892,10117.915146184474,43589.822950663394,258.73502972917646,0.235947778357359,90790117.67901981,0,False,1,0.9702338861655042,0,4.858635970993564e-05,4.154697730180582e-07,0.995066899995436
188,33471.201027444746,10118.604137781582,43589.805165226324,258.7322980512667,0.23594528726315087,90790117.67901981,0,False,1,0.970527763147263,0,4.760432054315094e-05,4.080181075877639e-07,1.0000309999959427
189,33470.453675895675,10119.334058066159,43589.787733961835,258.7294095223644,0.23594265313209434,90790117.67901981,0,False,1,0.9708158801045849,0,4.65606506500603e-05,3.9989314984266374e-07,1.0060333000001265
190,33469.669317369175,10120.101374966083,43589.77069233526,258.72637792605985,0.23593988853383457,90790117.67901981,0,False,1,0.9710984050069197,0,4.5463517109920695e-05,3.9095456668722884e-07,1.0115864999970654
191,33468.85112944607,10120.902950508009,43589.75407995408,258.72321553910103,0.2359370046638846,90790117.67901981,0,False,1,0.9713754993480485,0,4.432200480550084e-05,3.811073312781909e-07,1.0170786999951815
192,33468.001917481684,10121.736021156396,43589.73793863808,258.71993319990514,0.2359340114061031,90790117.67901981,0,False,1,0.9716473184554572,0,4.314670154775161e-05,3.703006897577251e-07,1.0220664999942528
193,33467.12417392686,10122.5981366028,43589.72231052966,258.71654053781276,0.23593091754175757,90790117.67901981,0,False,1,0.9719140117821313,0,4.1949454394815036e-05,3.585272396466328e-07,1.0274281999954837
194,33466.22016512544,10123.487071218986,43589.70723634443,258.71304630855184,0.23592773105544357,90790117.67901981,0,False,1,0.9721757231819224,1,4.0742425711586775e-05,3.458197122548156e-07,1.0329330999957165
195,33465.29203715498,10124.400723482253,43589.692760637234,258.70945880332624,0.23592445950814397,90790117.67901981,0,False,1,0.972432591169558,1,3.94930164891764e-05,3.3209003031551073e-07,1.0388510999982827
196,33464.34208883627,10125.336879674041,43589.67896851031,258.70578690410565,0.23592111099957766,90790117.67901981,0,False,1,0.9726847491662854,0,3.8310337955741006e-05,3.1640798669394684e-07,1.0444729999944684
197,33463.373731775515,10126.292090407025,43589.66582218254,258.70204379469254,0.23591769755242636,90790117.67901981,0,False,1,0.9729323257320669,0,3.713922552415004e-05,3.0159267230072173e-07,1.0503102999937255
198,33462.38956594949,10127.263780623894,43589.65334657338,258.69823952222595,0.2359142283289598,90790117.67901981,0,False,1,0.9731754447851788,0,3.5984626496248244e-05,2.8620566195193777e-07,1.0559166999955778
199,33461.3920759092,10128.249486393972,43589.64156230317,258.69438368820147,0.23591071208505288,90790117.67901981,0,False,1,0.9734142258100047,0,3.485025244566977e-05,2.7034558214133777e-07,1.0611623999939184
200,33460.383662072134,10129.246823665477,43589.63048573761,258.6904855694238,0.23590715728048572,90790117.67901981,0,False,1,0.9736487840537572,0,3.373858823104845e-05,2.5411004003915355e-07,1.0667656999939936
201,33459.366670315474,10130.253458853838,43589.620129169314,258.68655423239716,0.2359035721832595,90790117.67901981,0,False,1,0.9738792307128099,0,3.26510117295314e-05,2.375924773713961e-07,1.0723489999945741
202,33458.3434159933,10131.267085101032,43589.610501094336,258.68259862616696,0.23589996495426138,90790117.67901981,0,False,1,0.9741056731092769,0,3.158804601931332e-05,2.2087999275987135e-07,1.077866499996162
203,33457.31619975985,10132.285406776891,43589.601606536744,258.6786276434907,0.23589634370304796,90790117.67901981,0,False,1,0.9743282148584276,0,3.054972612331959e-05,2.0405223835342648e-07,1.0830544999989797
204,33456.287313967136,10133.306133408001,43589.59344737514,258.6746501455724,0.2358927165104014,90790117.67901981,0,False,1,0.9745469560274896,0,2.9536031372651093e-05,1.8718137589769462e-07,1.088024899996526
205,33455.25903973988,10134.326982891893,43589.586022631775,258.67067495075617,0.23588909141801861,90790117.67901981,0,False,1,0.9747619932863513,0,2.854732252711036e-05,1.703329345067049e-07,1.093054499993741
206,33454.233635966884,10135.34569272963,43589.57932869651,258.6667107919644,0.23588547638969815,90790117.67901981,0,False,1,0.9749734200506426,0,2.7584730489379566e-05,1.5356730523637414e-07,1.0983118999938597
207,33453.213322279575,10136.360037190976,43589.57335947055,258.6627662508834,0.23588187925132195,90790117.67901981,0,False,1,0.9751813266176402,0,2.6650462971752722e-05,1.3694158218713597e-07,1.103304099997331
208,33452.20025856111,10137.367847865831,43589.568106426945,258.6588496787269,0.23587830761859763,90790117.67901981,0,False,1,0.9753858002954143,0,2.5748015809124285e-05,1.205114710458009e-07,1.108398500000476
209,33451.196523637904,10138.367034956695,43589.5635585946,258.65496911382894,0.235874768821909,90790117.67901981,0,False,1,0.9755869255256047,0,2.488228782668458e-05,1.0433304439810944e-07,1.1135092999975313
210,33450.204095586974,10139.355606891506,43589.55970247848,258.6511322054747,0.23587126983685508,90790117.67901981,0,False,1,0.9757847840001912,0,2.4059598772835108e-05,8.84642057684634e-08,1.1185089999999036
211,33449.22483561994,10140.331686312824,43589.55652193277,258.6473461515503,0.23586781722739153,90790117.67901981,0,False,1,0.9759794547725988,0,2.3287601260300133e-05,7.296576824321791e-08,1.1234616000001552
212,33448.2604768679,10141.29352113818,43589.55399800608,258.64361765513524,0.23586441710624567,90790117.67901981,0,False,1,0.9761710143634545,0,2.257506661278796e-05,5.7902096098599514e-08,1.1285833999936585
213,33447.312618687836,10142.239490091211,43589.55210877905,258.6399529024386,0.23586107511479634,90790117.67901981,0,False,1,0.9763595368612947,0,2.1931519260098855e-05,4.334127922028354e-08,1.1335916999960318
214,33446.38272643297,10143.168102782625,43589.550829215594,258.6363575618593,0.2358577964222165,90790117.67901981,0,False,1,0.9765450940185029,0,2.1366702042020758e-05,2.9354819950207002e-08,1.1385594999956083
215,33445.47213604927,10144.077994999614,43589.55013104888,258.63283680170724,0.2358545857416338,90790117.67901981,0,False,1,0.9767277553427384,0,2.0889879194030827e-05,1.601683653368203e-08,1.1438202999997884
216,33444.58206243351,10144.967920288473,43589.54998272198,258.62939532247105,0.23585144735955663,90790117.67901981,0,False,1,0.9769075881841018,0,2.05090230188111e-05,3.402808705877944e-09,1.1489069999952335
217,33444.58093908277,10144.968755603266,43589.54969468604,258.62939097899437,0.2358514433986176,90790117.67901981,0,True,2,0.0,0,2.045682115864244e-05,6.6079128198303125e-09,1.1577130000005127
218,33444.57977215572,10144.969635956475,43589.549408112194,258.6293864670282,0.23585143928402827,90790117.67901981,0,False,2,0.28175352512532087,0,2.040508034575144e-05,6.57437033569146e-09,1.1631046999973478
219,33444.57822428938,10144.970818488413,43589.54904277779,258.6293804821462,0.2358514338262454,90790117.67901981,0,False,2,0.434042782780302,0,2.0339366393695832e-05,8.381238343753769e-09,1.1683927999984007
220,33444.576274739586,10144.972327327956,43589.548602067545,258.62937294414024,0.23585142695212497,90790117.67901981,0,False,2,0.5310638054044795,0,2.026043734954231e-05,1.0110456651124924e-08,1.1736620999945444
221,33444.5738984725,10144.974190298,43589.548088770505,258.6293637562158,0.23585141857339725,90790117.67901981,0,False,2,0.5987785940560388,0,2.016895308357579e-05,1.177569065239442e-08,1.1788283999994746
222,33444.57106850839,10144.976436952158,43589.54750546055,258.6293528140547,0.23585140859493162,90790117.67901981,0,False,2,0.6489233261224006,0,2.0065539067538155e-05,1.3381876671947558e-08,1.183824799998547
223,33444.56775721688,10144.979097430001,43589.54685464688,258.6293400108227,0.2358513969193029,90790117.67901981,0,False,2,0.6876458540105597,0,1.995080838913809e-05,1.493049846475186e-08,1.188978499994846
224,33444.56393711012,10144.982201731076,43589.54613884119,258.6293252402369,0.23585138344958867,90790117.67901981,0,False,2,0.718499853459134,0,1.982536865850977e-05,1.6421498614608544e-08,1.1940107999980683
225,33444.55958131887,10144.985779269236,43589.545360588105,258.6293083984059,0.2358513680910475,90790117.67901981,0,False,2,0.7436910466053832,0,1.968982230898735e-05,1.7854122313572803e-08,1.1989885000002687
226,33444.55466384441,10144.989858632847,43589.544522477256,258.6292893848042,0.23585135075200733,90790117.67901981,0,False,2,0.7646647176173088,0,1.9544763726020554e-05,1.9227336330574677e-08,1.2041424999988521
227,33444.549159651506,10144.994467494136,43589.54362714564,258.62926810263184,0.2358513313441935,90790117.67901981,0,False,2,0.782409243228014,0,1.9390774857463802e-05,2.0540054353120834e-08,1.2095139999946696
228,33444.54304465817,10144.999632616597,43589.54267727476,258.6292444587741,0.23585130978269211,90790117.67901981,0,False,2,0.7976243809601435,0,1.9228420233529774e-05,2.179125550035523e-08,1.2146240999936708
229,33444.536295671656,10145.005379913076,43589.54167558473,258.6292183635548,0.23585128598572488,90790117.67901981,0,False,2,0.8108199838000861,0,1.9058241981487124e-05,2.298005359479872e-08,1.2197675999996136
230,33444.52889031469,10145.011734512356,43589.540624827045,258.62918973045055,0.23585125987438874,90790117.67901981,0,False,2,0.8223766390185732,0,1.8880755236321858e-05,2.4105729210988218e-08,1.224908799995319
231,33444.52080697797,10145.018720798893,43589.53952777686,258.6291584759072,0.23585123137248828,90790117.67901981,0,False,2,0.8325843815233085,0,1.8696444225864276e-05,2.516773902303321e-08,1.2299439999987953
232,33444.51202482613,10145.02636239921,43589.538387225344,258.6291245193632,0.2358512004065571,90790117.67901981,0,False,2,0.8416682316299193,0,1.8505759217696388e-05,2.616571613850983e-08,1.2358787999983178
233,33444.502523874355,10145.034682097981,43589.53720597234,258.6290877835452,0.2358511669061275,90790117.67901981,0,False,2,0.8498055224352064,0,1.830911444008448e-05,2.709946125177052e-08,1.2420961999960127
234,33444.49228514311,10145.04370167662,43589.53598681973,258.62904819506684,0.23585113080427644,90790117.67901981,0,False,2,0.8571379479988086,0,1.8106887025018655e-05,2.7968927621223288e-08,1.2482447999936994
235,33444.48129088925,10145.053441676288,43589.53473256554,258.62900568532234,0.23585109203844026,90790117.67901981,0,False,2,0.8637801230052086,0,1.7899416971033096e-05,2.8774203709734365e-08,1.2532543999986956
236,33444.469524903725,10145.063921094834,43589.53344599856,258.6289601916372,0.23585105055146438,90790117.67901981,0,False,2,0.8698257810419169,0,1.7687008080005854e-05,2.9515501500304435e-08,1.2583322999998927
237,33444.45697286091,10145.075157032956,43589.532129893865,258.62891165861913,0.23585100629283498,90790117.67901981,0,False,2,0.8753523399411488,0,1.7469929789120674e-05,3.0193135631153833e-08,1.2634790999945835
238,33444.443622700215,10145.087164308585,43589.5307870088,258.6288600396337,0.23585095922002486,90790117.67901981,0,False,2,0.8804243161473297,0,1.7248419794902617e-05,3.080751271291488e-08,1.268423099994834
239,33444.42946501938,10145.099955060075,43589.52942007945,258.6288052983247,0.2358509092998797,90790117.67901981,0,False,2,0.8850959137641199,0,1.7022687343604505e-05,3.135912047890293e-08,1.2733593999946606
240,33444.41449345946,10145.113538358159,43589.528031817616,258.62874741010313,0.2358508565099761,90790117.67901981,0,False,2,0.8894130125262103,0,1.6792917050404518e-05,3.184851626770591e-08,1.278603299993847
241,33444.39870506314,10145.12791984475,43589.52662490789,258.62868636353215,0.23585080083988452,90790117.67901981,0,False,2,0.8934147117832398,0,1.6559273098932607e-05,3.2276323851763915e-08,1.283671699995466
242,33444.38210059171,10145.143101413212,43589.52520200492,258.62862216155315,0.23585074229228728,90790117.67901981,0,False,2,0.8971345422701921,0,1.632190366697568e-05,3.264323059978727e-08,1.2886784999936935
243,33444.364684789994,10145.15908094076,43589.52376573076,258.62855482250984,0.23585068088391253,90790117.67901981,0,False,2,0.9006014263404838,0,1.6080945426452463e-05,3.2949984138413676e-08,1.2938343999994686
244,33444.34646659272,10145.175852079301,43589.52231867202,258.6284843809464,0.2358506166462621,90790117.67901981,0,False,2,0.9038404456605403,0,1.5836527970729323e-05,3.3197397359857084e-08,1.2988874000002397
245,33444.32745927002,10145.19340410691,43589.52086337693,258.62841088816987,0.23585054962612428,90790117.67901981,0,False,2,0.906873460036305,0,1.558877803295292e-05,3.3386350925758483e-08,1.3038260999965132
246,33444.30768051356,10145.211721838576,43589.51940235213,258.62833441258346,0.23585047988587793,90790117.67901981,0,False,2,0.9097196100592845,0,1.5337823374814888e-05,3.351779894251362e-08,1.3090804999956163
247,33444.2871524674,10145.230785591935,43589.51793805933,258.6282550398057,0.235850407503601,90790117.67901981,0,False,2,0.9123957282937485,0,1.5083796246454492e-05,3.359277229972221e-08,1.3141963999951258
248,33444.26590170971,10145.250571201756,43589.51647291146,258.6281728725999,0.23585033257300628,90790117.67901981,0,False,2,0.914916677883027,0,1.4826836335665366e-05,3.3612389853871096e-08,1.3191855999975814
249,33444.24395919281,10145.271050076017,43589.51500926883,258.62808803064223,0.23585025520322975,90790117.67901981,0,False,2,0.917295633120554,0,1.456709315262129e-05,3.357785892914471e-08,1.3242515999954776
250,33444.22136014873,10145.292189286065,43589.51354943479,258.6280006501567,0.23585017551849802,90790117.67901981,0,False,2,0.9195443132877347,0,1.4304727815910118e-05,3.34904858334278e-08,1.3292368999973405
251,33444.19814396739,10145.313951684026,43589.512095651415,258.62791088344426,0.2358500936576986,90790117.67901981,0,False,2,0.9216731786097809,0,1.4039914230720344e-05,3.335167702679335e-08,1.3341825999959838
252,33444.1743540533,10145.336296041622,43589.51065009492,258.6278188983285,0.23585000977387455,90790117.67901981,0,False,2,0.9236915953126076,0,1.3772839669232439e-05,3.3162942793786906e-08,1.3393161999993026
253,33444.15003766511,10145.359177205919,43589.509214871025,258.62772487753557,0.23584992403365904,90790117.67901981,0,False,2,0.9256079753284939,0,1.350370478442035e-05,3.2925900581869185e-08,1.3445315999997547
254,33444.12524574142,10145.382546269015,43589.50779201044,258.6276290180205,0.2358498366166609,90790117.67901981,0,False,2,0.9274298950868183,0,1.3232723102892733e-05,3.264227132921948e-08,1.3494884999963688
255,33444.100032714225,10145.406350750094,43589.50638346432,258.62753153024613,0.23584974771480713,90790117.67901981,0,False,2,0.9291641969594342,0,1.296012005809718e-05,3.231387979861339e-08,1.3545142999937525
256,33444.07445631055,10145.430534789426,43589.50499109997,258.6274326374159,0.23584965753164322,90790117.67901981,0,False,2,0.9308170762496849,0,1.268613163457862e-05,3.194265007061903e-08,1.3603460999947856
257,33444.04857734206,10145.45503935479,43589.50361669685,258.6273325746606,0.23584956628159168,90790117.67901981,0,False,2,0.9323941560762216,0,1.2411002702542964e-05,3.1530597197629985e-08,1.3659929999994347
258,33444.02245948158,10145.479802461272,43589.50226194285,258.6272315881743,0.2358494741891637,90790117.67901981,0,False,2,0.9339005520751649,0,1.2134985125104554e-05,3.107982169553197e-08,1.3714395999995759
259,33443.996169025486,10145.504759405525,43589.50092843101,258.6271299342955,0.23584938148812168,90790117.67901981,0,False,2,0.9353409285021578,0,1.185833572370816e-05,3.059249986236569e-08,1.3770070999962627
260,33443.96977464122,10145.52984301544,43589.499617656664,258.62702787853095,0.2358492884205887,90790117.67901981,0,False,2,0.936719547040866,0,1.1581314183580033e-05,3.007087292854436e-08,1.3823678999979165
261,33443.94334709958,10145.554983915623,43589.4983310152,258.62692569452076,0.23584919523610487,90790117.67901981,0,False,2,0.9380403094021824,0,1.1304180977608466e-05,2.951723403710583e-08,1.3879808999990928
262,33443.91695899166,10145.580110808532,43589.497069800185,258.6268236629436,0.23584910219062905,90790117.67901981,0,False,2,0.9393067946178,0,1.1027195380180269e-05,2.893391906311782e-08,1.3937211999946157
263,33443.89068443179,10145.605150770394,43589.495835202186,258.6267220703684,0.23584900954549148,90790117.67901981,0,False,2,0.9405222917844157,0,1.0750613633655447e-05,2.8323290756279255e-08,1.3998032999952557
264,33443.864598747765,10145.630029560283,43589.49462830805,258.62662120805646,0.23584891756630166,90790117.67901981,0,False,2,0.9416898288939467,0,1.0474687319286846e-05,2.76877287257146e-08,1.4050155999939307
265,33443.83877816062,10145.654671940161,43589.49345010078,258.62652137072337,0.23584882652181893,90790117.67901981,0,False,2,0.9428121982856035,0,1.0199661973679336e-05,2.7029615251764153e-08,1.4102179999972577
266,33443.813299456844,10145.679002003119,43589.49230145996,258.62642285527147,0.23584873668279702,90790117.67901981,0,False,2,0.9438919791733417,0,9.925775978990598e-06,2.635132293388907e-08,1.4152866000003996
267,33443.7882396558,10145.702943506809,43589.49118316261,258.62632595950396,0.235848648320811,90790117.67901981,0,False,2,0.9449315576338684,0,9.65325974366382e-06,2.5655204842372068e-08,1.4202910999956657
268,33443.763675675684,10145.726420208819,43589.4900958845,258.6262309808334,0.23584856170707982,90790117.67901981,0,False,2,0.9459331443834135,0,9.382335177768135e-06,2.4943583334654754e-08,1.4253014999994775
269,33443.73968400121,10145.749356200817,43589.489040202025,258.6261382149964,0.23584847711129406,90790117.67901981,0,False,2,0.9468987906238281,0,9.113215456067181e-06,2.4218738871671828e-08,1.4302323999945656
270,33443.71634035581,10145.771676238455,43589.48801659426,258.62604795478666,0.23584839480046052,90790117.67901981,0,False,2,0.9478304021985741,0,8.846105051519216e-06,2.3482903507942542e-08,1.4353305999975419
271,33443.69371938125,10145.793306064235,43589.48702544549,258.6259604888158,0.23584831503777232,90790117.67901981,0,False,2,0.9487297522654735,0,8.581200014125122e-06,2.2738252211700595e-08,1.4402928999988944
272,33443.67189432692,10145.814172720995,43589.48606704792,258.6258761003118,0.23584823808151303,90790117.67901981,0,False,2,0.9495984926646243,0,8.318688461341658e-06,2.1986897189582627e-08,1.4453738999945926
273,33443.65093675077,10145.83420485396,43589.48514160473,258.6257950659631,0.2358481641840026,90790117.67901981,0,False,2,0.9504381641357491,0,8.058751243356407e-06,2.123088087595591e-08,1.451037599996198
274,33443.63091623344,10145.85333299976,43589.484249233195,258.62571765481266,0.23584809359058903,90790117.67901981,0,False,2,0.9512502055187321,0,7.801562740902287e-06,2.0472174263686034e-08,1.4563765999992029
275,33443.611900107004,10145.871489861081,43589.48338996808,258.6256441272095,0.23584802653869186,90790117.67901981,0,False,2,0.9520359620535963,0,7.547291754990363e-06,1.971266989346435e-08,1.4617526000001817
276,33443.59395319907,10145.888610565964,43589.482563765036,258.6255747338189,0.2358479632568998,90790117.67901981,0,False,2,0.9527966928812224,0,7.296102446552015e-06,1.895418302221662e-08,1.4670241999992868
277,33443.577137593136,10145.904632911024,43589.481770504164,258.6255097146959,0.2358479039641259,90790117.67901981,0,False,2,0.9535335778332711,0,7.048155288247836e-06,1.819844661547191e-08,1.4719408999953885
278,33443.56151240566,10145.919497587924,43589.48100999358,258.6254492984233,0.23584784886882118,90790117.67901981,0,False,2,0.9542477235887569,0,6.803607994131847e-06,1.7447112348853223e-08,1.477134599997953
279,33443.5471335805,10145.93314839263,43589.48028197313,258.62539370131657,0.2358477981682499,90790117.67901981,0,False,2,0.9549401692652046,0,6.562616399321638e-06,1.6701746268128648e-08,1.4823397000000114
280,33443.53405370093,10145.945532417027,43589.47958611796,258.6253431266972,0.23584775204782665,90790117.67901981,0,False,2,0.9556118915041254,0,6.325335268173074e-06,1.596383262834525e-08,1.4873361999998451
281,33443.52232181981,10145.956600222422,43589.47892204223,258.62529776423577,0.23584771068051738,90790117.67901981,0,False,2,0.9562638091034213,0,6.091919016586853e-06,1.523477072232342e-08,1.4923239999989164
282,33443.51198330817,10145.966305994612,43589.47828930278,258.62525778936663,0.23584767422630562,90790117.67901981,0,False,2,0.9568967872431737,0,5.86252234230715e-06,1.4515875548313481e-08,1.4974038000000292
283,33443.503079722694,10145.974607680078,43589.477687402774,258.6252233627753,0.23584764283172502,90790117.67901981,0,False,2,0.9575116413458903,0,5.637300764617445e-06,1.3808378310734023e-08,1.5023392999937641
284,33443.495648692406,10145.981467103005,43589.47711579541,258.6251946299602,0.23584761662945977,90790117.67901981,0,False,2,0.9581091406076137,0,5.416411081446505e-06,1.3113425418631603e-08,1.5073214000003645
285,33443.489723824714,10145.986850062794,43589.47657388751,258.62517172086984,0.23584759573801348,90790117.67901981,0,False,2,0.9586900112322029,0,5.200011759014015e-06,1.2432080822543045e-08,1.5130790999974124
286,33443.485334631274,10145.9907264119,43589.47606104317,258.6251547496155,0.23584758026144748,90790117.67901981,0,False,2,0.9592549393975224,0,4.988263274184681e-06,1.1765324512198527e-08,1.518439199993736
287,33443.4825064735,10145.993070113895,43589.47557658739,258.62514381426064,0.23584757028918865,90790117.67901981,0,False,2,0.9598045739791348,0,4.78132843284426e-06,1.1114053684947058e-08,1.5238110999998753
288,33443.48126052781,10145.99385928181,43589.47511980962,258.6251389966869,0.2358475658959072,90790117.67901981,0,False,2,0.9603395290543362,0,4.579372690538351e-06,1.0479083914183707e-08,1.5290926999950898
289,33443.48161377042,10145.993076196926,43589.47468996735,258.6251403625348,0.23584756714146243,90790117.67901981,0,False,2,0.9608603862069443,0,4.382564500487956e-06,9.861148147817841e-09,1.534063499995682
290,33443.48357898113,10145.990707308456,43589.47428628959,258.6251479612187,0.2358475740709168,90790117.67901981,0,False,2,0.9613676966511135,0,4.191075710953094e-06,9.260899879744253e-09,1.5390217999956803
291,33443.487164765866,10145.986743214578,43589.47390798044,258.6251618260136,0.2358475867146147,90790117.67901981,0,False,2,0.9618619831905493,0,4.0050820297850106e-06,8.678910479113972e-09,1.5455096999939997
292,33443.492375596856,10145.981178625585,43589.47355422244,258.62518197421093,0.2358476050883247,90790117.67901981,0,False,2,0.9623437420278342,0,3.824763560875923e-06,8.115675032529386e-09,1.5505446999959531
293,33443.49921186999,10145.974012309951,43589.473224179936,258.62520840733987,0.23584762919344124,90790117.67901981,0,False,2,0.9628134444370816,0,3.650305406197694e-06,7.571610174078118e-09,1.5555768999984139
294,33443.50766997816,10145.965247024302,43589.47291700246,258.62524111145126,0.23584765901724372,90790117.67901981,0,False,2,0.9632715383118254,0,3.4818983068867068e-06,7.047056422209715e-09,1.5608231999940472
295,33443.51774239949,10145.954889428336,43589.472631827826,258.6252800574588,0.23584769453320753,90790117.67901981,0,False,2,0.9637184495988772,0,3.319739270506606e-06,6.542282185814286e-09,1.56580959999701
296,33443.529417799495,10145.94294998586,43589.472367785354,258.62532520153354,0.23584773570136383,90790117.67901981,0,False,2,0.9641545836278388,0,3.164032100817807e-06,6.057482595780378e-09,1.570805699993798
297,33443.542681145715,10145.929442853123,43589.472123998836,258.625376485548,0.23584778246870447,90790117.67901981,0,False,2,0.9645803263450347,0,3.0149877069709543e-06,5.592784345676147e-09,1.5760353000005125
298,33443.557513833795,10145.914385755628,43589.47189958942,258.6254338375628,0.235847834769626,90790117.67901981,0,False,2,0.964996045459788,0,2.872824021291101e-06,5.148248028630603e-09,1.5810789999959525
299,33443.57389382371,10145.89779985471,43589.471693678424,258.62549717235424,0.23584789252641042,90790117.67901981,0,False,2,0.9654020915102275,0,2.7377653049251385e-06,4.723869973455503e-09,1.5860915999946883
300,33443.591795784836,10145.879709605068,43589.471505389905,258.62556639197464,0.2358479556497365,90790117.67901981,0,False,2,0.9657987988551446,0,2.61004056689619e-06,4.319587085329208e-09,1.5918340999996872
301,33443.61119124879,10145.860142604419,43589.47133385321,258.62564138634355,0.23584802403921878,90790117.67901981,0,False,2,0.9661864865978228,0,2.4898807766804934e-06,3.935278181159815e-09,1.596825099994021
302,33443.63204876875,10145.83912943654,43589.47117820529,258.625722033864,0.23584809758396957,90790117.67901981,0,False,2,0.966565459447225,0,2.3775145250034133e-06,3.570768663350186e-09,1.6017903999963892
303,33443.6543340841,10145.816703508775,43589.47103759288,258.625808202059,0.23584817616317932,90790117.67901981,0,False,2,0.9669360085214439,0,2.273161802649229e-06,3.225834358963145e-09,1.6072339999955148
304,33443.67801028941,10145.792900885179,43589.47091117459,258.6258997482248,0.23584825964671252,90790117.67901981,0,False,2,0.9672984120978823,0,2.1770256430428735e-06,2.900202354325759e-09,1.6134469999960857
305,33443.70303800635,10145.767760116361,43589.47079812271,258.625996520096,0.235848347895714,90790117.67901981,0,False,2,0.9676529363142448,0,2.089281541463934e-06,2.593559341037092e-09,1.6191556999983732
306,33443.729375557916,10145.741322067124,43589.47069762504,258.626098356519,0.2358484407632232,90790117.67901981,0,False,2,0.9679998358240649,0,2.01006483794763e-06,2.3055492790916344e-09,1.6247096000006422
307,33443.756979143465,10145.713629742899,43589.47060888636,258.6262050881289,0.23584853809479162,90790117.67901981,0,False,2,0.9683393544101703,0,1.9394566243412683e-06,2.0357824105676903e-09,1.6298551999934716
308,33443.78580301399,10145.684728116006,43589.47053113,258.6263165380275,0.2358486397291006,90790117.67901981,0,False,2,0.9686717255592106,0,1.877469181867865e-06,1.7838335904312584e-09,1.6350843999971403
309,33443.81579964636,10145.654663952655,43589.47046359902,258.62643252245647,0.23584874549857596,90790117.67901981,0,False,2,0.9689971730000947,0,1.8240323743201322e-06,1.5492497979438618e-09,1.6401645999940229
310,33443.84691991581,10145.62348564166,43589.47040555747,258.626552851465,0.23584885522999605,90790117.67901981,0,False,2,0.9693159112089641,0,1.7789827066077874e-06,1.3315498028269309e-09,1.6455230999999912
311,33443.87911326572,10145.59124302564,43589.470356291364,258.626677329566,0.23584896874509065,90790117.67901981,0,False,2,0.969628145883101,0,1.742056766764807e-06,1.1302295067085543e-09,1.6507175999940955
312,33443.912327873964,10145.557987235654,43589.47031510962,258.62680575637927,0.2358490858611275,90790117.67901981,0,False,2,0.9699340743859814,0,1.7128904207288017e-06,9.447636123284898e-10,1.6557290999990073
313,33443.94651081502,10145.523770529853,43589.47028134487,258.62693792725855,0.23584920639148382,90790117.67901981,0,False,2,0.9702338861655042,0,1.6910244347138994e-06,7.74607960423292e-10,1.660796999996819
314,33443.98160821719,10145.488646136939,43589.47025435413,258.62707363389933,0.23584933014620088,90790117.67901981,0,False,2,0.970527763147263,0,1.6759162881460521e-06,6.192032019718362e-10,1.6659345999942161
315,33444.01756541438,10145.452668105007,43589.47023351939,258.6272126649258,0.23584945693251916,90790117.67901981,0,False,2,0.9708158801045849,0,1.6669570357002796e-06,4.779764673997419e-10,1.6709084999965853
316,33444.05432709186,10145.415891156237,43589.4702182481,258.62735480645455,0.2358495865553922,90790117.67901981,0,False,2,0.9710984050069197,0,1.6634914041794011e-06,3.503435365437836e-10,1.676082399993902
317,33444.09183742553,10145.378370547982,43589.47020797351,258.62749984263286,0.23584971881797795,90790117.67901981,0,False,2,0.9713754993480485,0,1.6648390250154468e-06,2.357126778168072e-10,1.681448499999533
318,33444.130040214586,10145.34016194049,43589.47020215508,258.627647556152,0.23584985352210638,90790117.67901981,0,False,2,0.9716473184554572,0,1.670314824931709e-06,1.3348247824971878e-10,1.6900184999976773
319,33444.16887900689,10145.30132127162,43589.470200278505,258.6277977287317,0.23584999046872157,90790117.67901981,0,False,2,0.9719140117821313,0,1.6792470355719277e-06,4.305102409828615e-11,1.6953890999939176
320,33444.170593253875,10145.299605093092,43589.47019834697,258.6278043569712,0.2358499965132003,90790117.67901981,0,True,3,0.0,0,1.6758776369136433e-06,4.431193834307499e-11,1.7048961999971652
321,33444.17230417881,10145.297892244367,43589.47019642317,258.62781097236547,0.2358500025459651,90790117.67901981,0,False,3,0.28175352512532087,0,1.6725162816887663e-06,4.4134502305814315e-11,1.7106300999948871
322,33444.17449291093,10145.295701056973,43589.47019396791,258.62781943522987,0.2358500102634901,90790117.67901981,0,False,3,0.434042782780302,0,1.6682182473060438e-06,5.632701223218939e-11,1.71570729999803
323,33444.17714443308,10145.293046569115,43589.4701910022,258.62782968749934,0.23585001961282406,90790117.67901981,0,False,3,0.5310638054044795,0,1.663014403329578e-06,6.803729006511367e-11,1.7206363000004785
324,33444.18024804174,10145.289939501139,43589.47018754288,258.6278416877879,0.235850030556226,90790117.67901981,0,False,3,0.5987785940560388,0,1.656927352924807e-06,7.936131484776607e-11,1.725694199994905
325,33444.18379499164,10145.286388613678,43589.470183605314,258.6278554022812,0.23585004306285964,90790117.67901981,0,False,3,0.6489233261224006,0,1.6499760511712107e-06,9.033297135556844e-11,1.7308924999961164
326,33444.18777750466,10145.28240169972,43589.47017920438,258.6278708009044,0.23585005710529888,90790117.67901981,0,False,3,0.6876458540105597,0,1.6421777399493642e-06,1.009632763136967e-10,1.7360883000001195
327,33444.19218827357,10145.277986081457,43589.470174355025,258.62788785540346,0.23585007265777805,90790117.67901981,0,False,3,0.718499853459134,0,1.6335489093965446e-06,1.1125056052162423e-10,1.7411549999960698
328,33444.197020184874,10145.273148887649,43589.47016907252,258.6279065382731,0.23585008969521437,90790117.67901981,0,False,3,0.7436910466053832,0,1.6241058293858863e-06,1.2118764641632496e-10,1.7466926999986754
329,33444.20226615243,10145.26789722022,43589.47016337265,258.6279268221142,0.2358501081926217,90790117.67901981,0,False,3,0.7646647176173088,0,1.6138648612182002e-06,1.307625157525687e-10,1.7516553999957978
330,33444.20791901219,10145.262238259505,43589.470157271695,258.62794867922605,0.23585012812473907,90790117.67901981,0,False,3,0.782409243228014,0,1.6028426505406519e-06,1.3996398488545613e-10,1.7566121999989264
331,33444.2139714534,10145.256179333113,43589.47015078651,258.62797208134083,0.23585014946578825,90790117.67901981,0,False,3,0.7976243809601435,0,1.5910562472547495e-06,1.4877870020907458e-10,1.7618575999949826
332,33444.220415972675,10145.249727961862,43589.47014393454,258.6279969994458,0.2358501721893117,90790117.67901981,0,False,3,0.8108199838000861,0,1.5785231809563966e-06,1.5719330811746735e-10,1.7668714999963413
333,33444.227244843096,10145.242891890659,43589.470136733755,258.62802340366403,0.23585019626806375,90790117.67901981,0,False,3,0.8223766390185732,0,1.565261506361565e-06,1.6519545652508166e-10,1.7718345999965095
334,33444.234450093565,10145.235679109073,43589.47012920264,258.6280512631743,0.2358502216739377,90790117.67901981,0,False,3,0.8325843815233085,0,1.5512898292727602e-06,1.7277379486676976e-10,1.7774477999992087
335,33444.24202349559,10145.228097864547,43589.47012136014,258.62808054616033,0.2358502483779194,90790117.67901981,0,False,3,0.8416682316299193,0,1.536627317844987e-06,1.7991730641749092e-10,1.7832764999984647
336,33444.24995655537,10145.220156670286,43589.47011322566,258.6281112197797,0.23585027635005892,90790117.67901981,0,False,3,0.8498055224352064,0,1.5212937031878409e-06,1.8661564213246194e-10,1.788304399997287
337,33444.25824050987,10145.211864309049,43589.47010481892,258.6281432501493,0.23585030555945724,90790117.67901981,0,False,3,0.8571379479988086,0,1.5053092736362396e-06,1.9286162444828143e-10,1.7935961999974097
338,33444.26686632615,10145.203229833853,43589.47009616,258.6281766023422,0.23585033597426355,90790117.67901981,0,False,3,0.8637801230052086,0,1.4886948617793344e-06,1.9864707428106236e-10,1.7992914999995264
339,33444.275824703065,10145.194262566136,43589.470087269205,258.62821124039453,0.2358503675616814,90790117.67901981,0,False,3,0.8698257810419169,0,1.4714718285462963e-06,2.039666501881553e-10,1.8055917999954545
340,33444.28510607508,10145.184972091936,43589.47007816702,258.6282471273201,0.235850400287982,90790117.67901981,0,False,3,0.8753523399411488,0,1.4536620424715944e-06,2.088161791674038e-10,1.8110283999994863
341,33444.29470061773,10145.175368256363,43589.47006887409,258.6282842251316,0.2358504341185237,90790117.67901981,0,False,3,0.8804243161473297,0,1.4352878577660515e-06,2.1319198897684765e-10,1.8172750999947311
342,33444.30459825443,10145.165461156656,43589.470059411084,258.62832249486684,0.23585046901777568,90790117.67901981,0,False,3,0.8850959137641199,0,1.41637208899353e-06,2.1709391269607588e-10,1.8232138999956078
343,33444.314788664706,10145.15526113401,43589.470049798714,258.62836189662073,0.23585050494934748,90790117.67901981,0,False,3,0.8894130125262103,0,1.3969379847329447e-06,2.205204480440566e-10,1.8287084999974468
344,33444.325261293256,10145.144778764348,43589.470040057604,258.62840238958,0.23585054187602025,90790117.67901981,0,False,3,0.8934147117832398,0,1.3770092000836522e-06,2.2347393190146542e-10,1.8340314999950351
345,33444.336005360135,10145.134024848116,43589.47003020825,258.628443932063,0.23585057975978335,90790117.67901981,0,False,3,0.8971345422701921,0,1.356609767382879e-06,2.2595720190919016e-10,1.8392000999956508
346,33444.34700987171,10145.123010399284,43589.470020270994,258.6284864815618,0.2358506185618726,90790117.67901981,0,False,3,0.9006014263404838,0,1.33576406700885e-06,2.27973763388409e-10,1.8443560999949113
347,33444.358263632355,10145.11174663354,43589.4700102659,258.6285299947875,0.23585065824281162,90790117.67901981,0,False,3,0.9038404456605403,0,1.3144967965783754e-06,2.2953012622164673e-10,1.8493136999968556
348,33444.36975525689,10145.100244955835,43589.47000021273,258.6285744277182,0.23585069876245554,90790117.67901981,0,False,3,0.906873460036305,0,1.2928329407949629e-06,2.3063296721150183e-10,1.8544571999955224
349,33444.381473183625,10145.088516947295,43589.46999013092,258.62861973564964,0.23585074008003737,90790117.67901981,0,False,3,0.9097196100592845,0,1.2707977401496422e-06,2.3128996468102552e-10,1.8597931999975117
350,33444.39340568789,10145.076574351591,43589.46998003949,258.6286658732473,0.2358507821542153,90790117.67901981,0,False,3,0.9123957282937485,0,1.2484166592817161e-06,2.3151079999417717e-10,1.8648388999936287
351,33444.40554089619,10145.064429060774,43589.46996995696,258.6287127946013,0.2358508249431227,90790117.67901981,0,False,3,0.914916677883027,0,1.2257153564963852e-06,2.313064898755278e-10,1.870176199998241
352,33444.417866800715,10145.052093100681,43589.4699599014,258.6287604532826,0.2358508684044197,90790117.67901981,0,False,3,0.917295633120554,0,1.2027196519082008e-06,2.3068788412958516e-10,1.8752691999980016
353,33444.43037127434,10145.039578615932,43589.46994989028,258.6288088024006,0.23585091249534543,90790117.67901981,0,False,3,0.9195443132877347,0,1.1794554968165612e-06,2.2966833636200235e-10,1.8803418999959831
354,33444.44304208595,10145.026897854548,43589.4699399405,258.6288577946628,0.2358509571727725,90790117.67901981,0,False,3,0.9216731786097809,0,1.1559489425121294e-06,2.2826103325837518e-10,1.886066299994127
355,33444.45586691602,10145.014063152294,43589.46993006831,258.6289073824348,0.2358510023932618,90790117.67901981,0,False,3,0.9236915953126076,0,1.1322261099898642e-06,2.2648099762514969e-10,1.891548799998418
356,33444.4688333726,10145.001086916705,43589.46992028931,258.62895751780235,0.23585104811311888,90790117.67901981,0,False,3,0.9256079753284939,0,1.1083131602492068e-06,2.2434325226879458e-10,1.896973099996103
357,33444.48192900742,10144.987981610939,43589.46991061836,258.6290081526333,0.23585109428845075,90790117.67901981,0,False,3,0.9274298950868183,0,1.0842362643653875e-06,2.2186432227648264e-10,1.9023443999976735
358,33444.495141332256,10144.974759737392,43589.46990106965,258.62905923864105,0.23585114087522355,90790117.67901981,0,False,3,0.9291641969594342,0,1.060021575296651e-06,2.190600650551103e-10,1.9077247999957763
359,33444.50845783532,10144.961433821234,43589.469891656554,258.62911072744816,0.2358511878293204,90790117.67901981,0,False,3,0.9308170762496849,0,1.035695199671076e-06,2.1594884181273508e-10,1.9133769999971264
360,33444.52186599787,10144.94801639382,43589.46988239169,258.62916257065007,0.2358512351065999,90790117.67901981,0,False,3,0.9323941560762216,0,1.0112831708903071e-06,2.12548179157065e-10,1.9185207999980776
361,33444.535353310835,10144.934519976054,43589.469873286886,258.62921471987977,0.23585128266295474,90790117.67901981,0,False,3,0.9339005520751649,0,9.868114227922474e-07,2.0887627137613937e-10,1.9234937000001082
362,33444.5489072914,10144.920957061755,43589.46986435315,258.62926712687175,0.23585133045437032,90790117.67901981,0,False,3,0.9353409285021578,0,9.623057650415736e-07,2.04951646598178e-10,1.9284820999964722
363,33444.56251549962,10144.907340101056,43589.46985560068,258.6293197435265,0.23585137843698328,90790117.67901981,0,False,3,0.936719547040866,0,9.377918591511148e-07,2.007933337116571e-10,1.933745899994392
364,33444.57616555495,10144.893681483889,43589.46984703884,258.62937252197383,0.23585142656713948,90790117.67901981,0,False,3,0.9380403094021824,0,9.132951960456546e-07,1.9641986084485444e-10,1.938699499994982
365,33444.589845152565,10144.879993523566,43589.46983867613,258.6294254146367,0.23585147480145208,90790117.67901981,0,False,3,0.9393067946178,0,8.888410753745943e-07,1.918515922469104e-10,1.943851399999403
366,33444.60354207968,10144.866288440571,43589.469830520255,258.6294783742939,0.23585152309685864,90790117.67901981,0,False,3,0.9405222917844157,0,8.644545857213562e-07,1.871065552859315e-10,1.9515026999943075
367,33444.617244231544,10144.852578346512,43589.46982257806,258.62953135414193,0.2358515714106778,90790117.67901981,0,False,3,0.9416898288939467,0,8.401605870399242e-07,1.8220444653080945e-10,1.9566083999961847
368,33444.630939627255,10144.838875228332,43589.46981485559,258.62958430785625,0.23585161970066493,90790117.67901981,0,False,3,0.9428121982856035,0,8.1598369472208e-07,1.7716362718985454e-10,1.961817899995367
369,33444.64461642524,10144.825190932801,43589.469807358044,258.62963718965096,0.2358516679250665,90790117.67901981,0,False,3,0.9438919791733417,0,7.919482655056629e-07,1.720036269119329e-10,1.9669732999973348
370,33444.65826293847,10144.811537151343,43589.46980008981,258.6296899543379,0.2358517160426742,90790117.67901981,0,False,3,0.9449315576338684,0,7.680783855536214e-07,1.6674280690540224e-10,1.9719984999974258
371,33444.67186764933,10144.797925405179,43589.46979305451,258.6297425573839,0.23585176401287697,90790117.67901981,0,False,3,0.9459331443834135,0,7.443978604103692e-07,1.613991945384895e-10,1.9773519999944256
372,33444.68541922406,10144.784367030927,43589.46978625498,258.6297949549667,0.23585181179571205,90790117.67901981,0,False,3,0.9468987906238281,0,7.209302077411311e-07,1.5599014949913714e-10,1.982360800000606
373,33444.69890652674,10144.770873166535,43589.469779693274,258.6298471040291,0.23585185935191436,90790117.67901981,0,False,3,0.9478304021985741,0,6.976986515780516e-07,1.505341999158382e-10,1.987344999994093
374,33444.71231863298,10144.75745473777,43589.46977337074,258.6298989623318,0.23585190664296468,90790117.67901981,0,False,3,0.9487297522654735,0,6.747261201656277e-07,1.4504720319588498e-10,1.9931391999998596
375,33444.72564484292,10144.744122445101,43589.46976728802,258.6299504885036,0.23585195363113545,90790117.67901981,0,False,3,0.9495984926646243,0,6.520352449082729e-07,1.3954568442688844e-10,1.9985797999979695
376,33444.73887469386,10144.73088675117,43589.46976144503,258.63000164209046,0.2358520002795355,90790117.67901981,0,False,3,0.9504381641357491,0,6.296483629924282e-07,1.3404600177639648e-10,2.0039498999976786
377,33444.75199797233,10144.717757868731,43589.46975584106,258.6300523836019,0.23585204655215233,90790117.67901981,0,False,3,0.9512502055187321,0,6.075875219351854e-07,1.2856234345097803e-10,2.009509999996226
378,33444.765004725545,10144.704745749223,43589.46975047477,258.6301026745554,0.23585209241389268,90790117.67901981,0,False,3,0.9520359620535963,0,5.858744865501348e-07,1.2310989917766832e-10,2.014540999996825
379,33444.777885272335,10144.691860071865,43589.4697453442,258.6301524775189,0.23585213783062114,90790117.67901981,0,False,3,0.9527966928812224,0,5.645307482685714e-07,1.1770202256267225e-10,2.0194915999963996
380,33444.79063021345,10144.679110233406,43589.46974044686,258.6302017561501,0.2358521827691962,90790117.67901981,0,False,3,0.9535335778332711,0,5.435775362471327e-07,1.1235139953189581e-10,2.0247014999986277
381,33444.80323044126,10144.66650533843,43589.46973577969,258.6302504752345,0.23585222719750473,90790117.67901981,0,False,3,0.9542477235887569,0,5.230358303862842e-07,1.0707104985140218e-10,2.0296853999971063
382,33444.8156771488,10144.654054190376,43589.46973133917,258.63029860072004,0.23585227108449372,90790117.67901981,0,False,3,0.9549401692652046,0,5.029263746190089e-07,1.0187132256603755e-10,2.0346576999945682
383,33444.82796183815,10144.64176528313,43589.46972712128,258.63034609974966,0.23585231440019983,90790117.67901981,0,False,3,0.9556118915041254,0,4.832696904491849e-07,9.676406900133654e-11,2.0397573999944143
384,33444.84007632824,10144.629646793326,43589.46972312157,258.6303929406915,0.23585235711577712,90790117.67901981,0,False,3,0.9562638091034213,0,4.64086089322721e-07,9.175863668169022e-11,2.0449582999935956
385,33444.85201276194,10144.617706573295,43589.46971933523,258.63043909316605,0.2358523992035217,90790117.67901981,0,False,3,0.9568967872431737,0,4.4539568210284643e-07,8.686353853110748e-11,2.049922599995625
386,33444.863763612404,10144.605952144673,43589.46971575708,258.63048452807107,0.2358524406368943,90790117.67901981,0,False,3,0.9575116413458903,0,4.272183835181102e-07,8.208762131374848e-11,2.055288199997449
387,33444.8753216889,10144.594390692693,43589.46971238159,258.6305292176038,0.2358524813905409,90790117.67901981,0,False,3,0.9581091406076137,0,4.0957390873157724e-07,7.743806259300787e-11,2.060383699994418
388,33444.886680141826,10144.583029061163,43589.46970920299,258.63057313528043,0.23585252144031013,90790117.67901981,0,False,3,0.9586900112322029,0,3.9248175888458917e-07,7.29213722519718e-11,2.0654049000004306
389,33444.89783246711,10144.571873748095,43589.469706215204,258.6306162559534,0.23585256076326921,90790117.67901981,0,False,3,0.9592549393975224,0,3.7596119094290253e-07,6.854372633357012e-11,2.0705020999957924
390,33444.90877250995,10144.560930902024,43589.469703411974,258.63065855582533,0.23585259933771668,90790117.67901981,0,False,3,0.9598045739791348,0,3.600311673328148e-07,6.430979860004106e-11,2.0756420999969123
391,33444.91949446788,10144.550206318989,43589.46970078687,258.6307000124613,0.23585263714319346,90790117.67901981,0,False,3,0.9603395290543362,0,3.447102776095867e-07,6.022342821323623e-11,2.080719899997348
392,33444.92999289312,10144.53970544016,43589.46969833328,258.6307406047979,0.2358526741604912,90790117.67901981,0,False,3,0.9608603862069443,0,3.30016627153573e-07,5.628845433500227e-11,2.085750199999893
393,33444.94026269435,10144.529433350139,43589.469696044485,258.63078031314967,0.23585271037165825,90790117.67901981,0,False,3,0.9613676966511135,0,3.159676831854201e-07,5.250804844687515e-11,2.09076809999533
394,33444.950299137825,10144.519394775869,43589.46969391369,258.6308191192141,0.235852745760004,90790117.67901981,0,False,3,0.9618619831905493,0,3.025800712849934e-07,4.8883212069391874e-11,2.0957519999938086
395,33444.96009784782,10144.509594086203,43589.46969193402,258.63085700607274,0.23585278031010004,90790117.67901981,0,False,3,0.9623437420278342,0,2.8986931327708325e-07,4.5416282083695565e-11,2.1008975000004284
396,33444.96965480654,10144.500035292065,43589.4696900986,258.6308939581911,0.23585281400778002,90790117.67901981,0,False,3,0.9628134444370816,0,2.778495012966776e-07,4.2106924649700804e-11,2.1058735999977216
397,33444.97896635335,10144.490722047214,43589.46968840057,258.6309299614157,0.235852846840137,90790117.67901981,0,False,3,0.9632715383118254,0,2.6653290326391555e-07,3.895513976746961e-11,2.112357999998494
398,33444.988029183434,10144.481657649587,43589.46968683302,258.63096500296876,0.23585287879551856,90790117.67901981,0,False,3,0.9637184495988772,0,2.559295007266397e-07,3.5961595117364774e-11,2.1181615999958012
399,33444.99684034595,10144.472845043223,43589.46968538917,258.63099907144135,0.23585290986352053,90790117.67901981,0,False,3,0.9641545836278388,0,2.4604646667929385e-07,3.312378689829102e-11,2.123611399998481
400,33445.005397241584,10144.464286820705,43589.46968406229,258.6310321567835,0.23585294003497811,90790117.67901981,0,False,3,0.9645803263450347,0,2.3688759895822012e-07,3.044037974968343e-11,2.128965599993535
401,33445.01369761958,10144.45598522615,43589.46968284573,258.6310642502929,0.23585296930195546,90790117.67901981,0,False,3,0.964996045459788,0,2.284527340165908e-07,2.7909537550743028e-11,2.134414599997399
402,33445.02173957428,10144.4479421587,43589.46968173298,258.63109534460193,0.2358529976577337,90790117.67901981,0,False,3,0.9654020915102275,0,2.2073717851486062e-07,2.5527921899977944e-11,2.1396075999946333
403,33445.029521541175,10144.440159176474,43589.46968071765,258.6311254336615,0.23585302509679662,90790117.67901981,0,False,3,0.9657987988551446,0,2.1373120250910377e-07,2.3293028996274632e-11,2.145008699997561
404,33445.03704229248,10144.432637501024,43589.4696797935,258.6311545127249,0.2358530516148155,90790117.67901981,0,False,3,0.9661864865978228,0,2.0741964574287698e-07,2.1201186597980162e-11,2.150053099998331
405,33445.0443009323,10144.425378022193,43589.46967895449,258.6311825783283,0.23585307720863163,90790117.67901981,0,False,3,0.966565459447225,0,2.0178168655234513e-07,1.9248054783131926e-11,2.1548130999944988
406,33445.0512968913,10144.418381303416,43589.46967819472,258.6312096282709,0.23585310187623795,90790117.67901981,0,False,3,0.9669360085214439,0,1.967908182472418e-07,1.743012823014655e-11,2.159570799994981
407,33445.058029921114,10144.41164758739,43589.4696775085,258.63123566159254,0.23585312561675895,90790117.67901981,0,False,3,0.9672984120978823,0,1.9241505977181705e-07,1.5742733176902038e-11,2.1644610999937868
408,33445.06450008819,10144.405176802155,43589.469676890345,258.6312606785506,0.2358531484304293,90790117.67901981,0,False,3,0.9676529363142448,0,1.8861740979258369e-07,1.4181362781350143e-11,2.1691333999988274
409,33445.0707077675,10144.398968567475,43589.46967633498,258.63128468059506,0.23585317031857128,90790117.67901981,0,False,3,0.9679998358240649,0,1.8535652622604965e-07,1.2740842521134025e-11,2.173855699998967
410,33445.07665363577,10144.39302220159,43589.46967583736,258.63130767034284,0.23585319128357132,90790117.67901981,0,False,3,0.9683393544101703,0,1.8258759241486742e-07,1.1415997873894591e-11,2.178774899999553
411,33445.082338664426,10144.387336728229,43589.469675392655,258.63132965155023,0.23585321132885495,90790117.67901981,0,False,3,0.9686717255592106,0,1.8026331098191274e-07,1.0202155077500335e-11,2.183568299995386
412,33445.08776411232,10144.381910883945,43589.46967499627,258.63135062908486,0.23585323045886103,90790117.67901981,0,False,3,0.9689971730000947,0,1.7833495860712695e-07,9.09363884935882e-12,2.1882993999970495
413,33445.09293151815,10144.376743125687,43589.469674643835,258.63137060889636,0.23585324867901522,90790117.67901981,0,False,3,0.9693159112089641,0,1.7675343186671166e-07,8.085274667105638e-12,2.193296099998406
414,33445.09784269264,10144.3718316386,43589.46967433124,258.63138959798613,0.23585326599570228,90790117.67901981,0,False,3,0.969628145883101,0,1.7547022502519422e-07,7.171387248145425e-12,2.1979548999952385
415,33445.10249971052,10144.36717434406,43589.46967405458,258.6314076043763,0.23585328241623785,90790117.67901981,0,False,3,0.9699340743859814,0,1.7443829132792583e-07,6.3469689901877705e-12,2.2027528999969945
416,33445.10690490231,10144.362768907886,43589.4696738102,258.6314246370781,0.2358532979488395,90790117.67901981,0,False,3,0.9702338861655042,0,1.7361275969727197e-07,5.6063446106351164e-12,2.20768759999919
417,33445.11106084593,10144.358612748762,43589.46967359469,258.63144070605927,0.2358533126025971,90790117.67901981,0,False,3,0.970527763147263,0,1.7295149153495399e-07,4.944005746965566e-12,2.2125448000006145
418,33445.114970358096,10144.354703046745,43589.46967340484,258.63145582221085,0.2358533263874425,90790117.67901981,0,False,3,0.9708158801045849,0,1.724154804320077e-07,4.355445557115713e-12,2.2175188999972306
419,33445.1186364857,10144.351036751998,43589.4696732377,258.63146999731373,0.235853339314119,90790117.67901981,0,False,3,0.9710984050069197,0,1.7196910531652735e-07,3.8344879982561585e-12,2.2225302000006195
420,33445.12206249695,10144.347610593555,43589.469673090505,258.63148324400476,0.23585335139415053,90790117.67901981,0,False,3,0.9713754993480485,0,1.7158025633481813e-07,3.3767931483989002e-12,2.227340599994932
421,33445.12525187247,10144.344421088259,43589.46967296073,258.6314955757418,0.2358533626398097,90790117.67901981,0,False,3,0.9716473184554572,0,1.7122035488638335e-07,2.977186485172821e-12,2.23202869999659
422,33445.12820829633,10144.341464549741,43589.46967284607,258.6315070067695,0.23585337306408657,90790117.67901981,0,False,3,0.9719140117821313,0,1.7086429093721814e-07,2.6304934862064455e-12,2.2366825999997673
423,33445.13093564694,10144.33873709746,43589.4696727444,258.6315175520839,0.2358533826806565,90790117.67901981,0,False,3,0.9721757231819224,0,1.7049029796816052e-07,2.3323742295107145e-12,2.2423713999960455
424,33445.13343798795,10144.336234665838,43589.46967265379,258.6315272273972,0.23585339150384788,90790117.67901981,0,False,3,0.972432591169558,0,1.700797846291215e-07,2.078822633249423e-12,2.2477227999988827
425,33445.1357195591,10144.33395301339,43589.469672572486,258.63153604910246,0.23585339954860995,90790117.67901981,0,False,3,0.9726847491662854,0,1.6961713847777023e-07,1.865164935280018e-12,2.2529023999959463
426,33445.137784767045,10144.331887731914,43589.46967249896,258.6315440342382,0.23585340683048064,90790117.67901981,0,False,3,0.9729323257320669,0,1.6908951393920453e-07,1.6867273734597937e-12,2.2581018999990192
427,33445.13963817616,10144.330034255649,43589.469672431806,258.6315512004526,0.23585341336555388,90790117.67901981,0,False,3,0.9731754447851788,0,1.6848661489850512e-07,1.5406723064878926e-12,2.2628194999997504
428,33445.1412844993,10144.32838787048,43589.469672369785,258.63155756596797,0.23585341917044708,90790117.67901981,0,False,3,0.9734142258100047,0,1.6780047719838445e-07,1.4228267324510326e-12,2.2674896999960765
429,33445.14272858872,10144.326943723097,43589.46967231182,258.6315631495457,0.23585342426226924,90790117.67901981,0,False,3,0.9736487840537572,0,1.6702525832893835e-07,1.3298522498185715e-12,2.2722061999957077
430,33445.14397542682,10144.325696830145,43589.469672256964,258.6315679704503,0.23585342865858827,90790117.67901981,0,False,3,0.9738792307128099,0,1.661570352041895e-07,1.2584104570598148e-12,2.2770614999972167
431,33445.14503011709,10144.324642087331,43589.469672204425,258.63157204841445,0.23585343237739892,90790117.67901981,0,False,3,0.9741056731092769,0,1.651936138266607e-07,1.2053298727205673e-12,2.281743199993798
432,33445.145897874994,10144.323774278497,43589.46967215349,258.6315754036038,0.23585343543709078,90790117.67901981,0,False,3,0.9743282148584276,0,1.6413435020591933e-07,1.1684405358058635e-12,2.2871382999946945
433,33445.14658401896,10144.323088084631,43589.469672103594,258.6315780565821,0.2358534378564166,90790117.67901981,0,False,3,0.9745469560274896,0,1.6297998473041995e-07,1.1447378849379965e-12,2.292221099996823
434,33445.14709396144,10144.322578092837,43589.46967205427,258.6315800282767,0.23585343965446057,90790117.67901981,0,False,3,0.9747619932863513,0,1.6173248747972487e-07,1.1315511988923246e-12,2.2972475999995368
435,33445.14743319991,10144.3222388052,43589.469672005114,258.6315813399435,0.23585344085060658,90790117.67901981,0,False,3,0.9749734200506426,0,1.6039491570078743e-07,1.1277120371330868e-12,2.302202999999281
436,33445.14760730824,10144.322064647607,43589.46967195584,258.63158201313405,0.23585344146450804,90790117.67901981,0,False,3,0.9751813266176402,0,1.5897128190440997e-07,1.1303827583590699e-12,2.306912199994258
437,33445.147621927754,10144.322049978484,43589.469671906234,258.63158206966045,0.23585344151605606,90790117.67901981,0,False,3,0.9753858002954143,0,1.5746643163486143e-07,1.1380610818814013e-12,2.3117274999967776
438,33445.14748275874,10144.322189097405,43589.469671856146,258.6315815315629,0.23585344102534972,90790117.67901981,0,False,3,0.9755869255256047,0,1.5588593043824975e-07,1.1490778069346557e-12,2.3166576999938115
439,33445.14719555179,10144.322476253663,43589.469671805455,258.63158042107614,0.23585344001266548,90790117.67901981,0,False,3,0.9757847840001912,0,1.542359584974995e-07,1.1629321732892134e-12,2.3213796999989427
440,33445.14676609944,10144.322905654684,43589.46967175412,258.631578760597,0.23585343849842766,90790117.67901981,0,False,3,0.9759794547725988,0,1.5252321208285843e-07,1.1776211400265455e-12,2.326133700000355
441,33445.146200227806,10144.323471474367,43589.46967170217,258.63157657265214,0.23585343650317897,90790117.67901981,0,False,3,0.9761710143634545,0,1.50754811434122e-07,1.191809346534293e-12,2.3309150999994017
442,33445.14550378833,10144.324167861289,43589.46967164962,258.63157387986615,0.2358534340475514,90790117.67901981,0,False,3,0.9763595368612947,0,1.4893821384113044e-07,1.2056637128889997e-12,2.336948399999528
443,33445.144682649705,10144.32498894682,43589.469671596526,258.63157070493037,0.23585343115223784,90790117.67901981,0,False,3,0.9765450940185029,0,1.470811308078566e-07,1.2180157985548439e-12,2.342503100000613
444,33445.14374268992,10144.325928853086,43589.469671543004,258.6315670705721,0.23585342783796392,90790117.67901981,0,False,3,0.9767277553427384,0,1.4519144908775109e-07,1.2278640830725427e-12,2.3479404999961844
445,33445.142689788336,10144.326981700806,43589.46967148914,258.63156299952385,0.2358534241254601,90790117.67901981,0,False,3,0.9769075881841018,0,1.4327715545961514e-07,1.2357093266717231e-12,2.3528261999963433
446,33445.14152981808,10144.32814161701,43589.46967143509,258.63155851449403,0.23585342003543477,90790117.67901981,0,False,3,0.9770846578182681,0,1.4134626371056467e-07,1.2400492486634574e-12,2.3583093999986886
447,33445.14026863834,10144.32940274262,43589.46967138095,258.6315536381373,0.2358534155885474,90790117.67901981,0,False,3,0.9772590275258022,0,1.394067437389604e-07,1.2418853695070082e-12,2.3644571999975597
448,33445.13891208703,10144.330759239852,43589.46967132688,258.6315483930258,0.23585341080538216,90790117.67901981,0,False,3,0.9774307586678609,0,1.3746645328073356e-07,1.2405500088961756e-12,2.3693939999939175
449,33445.13746597348,10144.332205299534,43589.469671273015,258.6315428016215,0.2358534057064227,90790117.67901981,0,False,3,0.9775999107584725,0,1.355330713408818e-07,1.23570932667785e-12,2.3745337999935145
450,33445.13593607128,10144.333735148199,43589.46967121948,258.63153688624783,0.23585340031202645,90790117.67901981,0,False,3,0.9777665415335723,0,1.3361403331375785e-07,1.2281979232347503e-12,2.379765599995153
451,33445.13432811133,10144.335343055085,43589.469671166415,258.63153066906335,0.2358533946424004,90790117.67901981,0,False,3,0.9779307070169622,0,1.3171646860341144e-07,1.2173481182606734e-12,2.384472399993683
452,33445.132647775004,10144.337023338929,43589.46967111393,258.63152417203514,0.23585338871757694,90790117.67901981,0,False,3,0.9780924615833548,0,1.2984714008136756e-07,1.2039945121383417e-12,2.3891481999962707
453,33445.13090068755,10144.338770374616,43589.469671062165,258.63151741691325,0.23585338255739058,90790117.67901981,0,False,3,0.9782518580186513,0,1.2801238690407569e-07,1.1876363446381e-12,2.3940000999937183
454,33445.12909241154,10144.340578599653,43589.46967101119,258.6315104252053,0.23585337618145472,90790117.67901981,0,False,3,0.9784089475775907,0,1.2621807023645183e-07,1.1694420562957709e-12,2.3988604999976815
455,33445.127228440644,10144.34244252046,43589.4696709611,258.6315032181526,0.23585336960913988,90790117.67901981,0,False,3,0.9785637800389086,0,1.2446952277609139e-07,1.1490778069582503e-12,2.403518699997221
456,33445.125314193494,10144.344356718499,43589.46967091199,258.6314958167063,0.23585336285955205,90790117.67901981,0,False,3,0.9787164037581244,0,1.2277150415314958e-07,1.1267105167020776e-12,2.4081999999980326
457,33445.12335500771,10144.346315856188,43589.469670863895,258.63148824150437,0.23585335595151152,90790117.67901981,0,False,3,0.9788668657180801,0,1.211281604793756e-07,1.103341705986537e-12,2.413502999996126
458,33445.121356134216,10144.348314682651,43589.46967081686,258.63148051284946,0.2358533489035329,90790117.67901981,0,False,3,0.9790152115773374,0,1.1954299156316414e-07,1.0789713748116253e-12,2.4186133999974118
459,33445.119322731676,10144.350348039263,43589.46967077094,258.63147265068756,0.2358533417338055,90790117.67901981,0,False,3,0.9791614857165423,0,1.1801882496640636e-07,1.0535995231773402e-12,2.4236116999963997
460,33445.11725986112,10144.352410864994,43589.46967072612,258.6314646745872,0.23585333446017442,90790117.67901981,0,False,3,0.9793057312828535,0,1.1655779841645228e-07,1.0282276715429743e-12,2.4287209999965853
461,33445.115172480866,10144.354498201546,43589.46967068241,258.6314566037197,0.23585332710012247,90790117.67901981,0,False,3,0.9794479902325275,0,1.151613509677991e-07,1.0026888998319802e-12,2.433713999998872
462,33445.113065441525,10144.356605198285,43589.46967063981,258.6314484568399,0.23585331967075276,90790117.67901981,0,False,3,0.9795883033717538,0,1.1383022382523305e-07,9.773170481974582e-13,2.4386964999939664
463,33445.11094348131,10144.358727116953,43589.469670598264,258.6314402522683,0.23585331218877228,90790117.67901981,0,False,3,0.9797267103958175,0,1.1256446972869234e-07,9.531136370987088e-13,2.444131699994614
464,33445.108811221595,10144.360859336166,43589.46967055776,258.6314320078733,0.23585330467047572,90790117.67901981,0,False,3,0.9798632499266725,0,1.1136347377375208e-07,9.292440661529892e-13,2.449117699994531
465,33445.10667316254,10144.362997355684,43589.46967051822,258.63142374105485,0.2358532971317306,90790117.67901981,0,False,3,0.9799979595489997,0,1.10225981593305e-07,9.070436959727027e-13,2.454114899999695
466,33445.10453367915,10144.365136800461,43589.46967047961,258.63141546872896,0.23585328958796306,90790117.67901981,0,False,3,0.9801308758448195,0,1.0915013809051984e-07,8.858448462516562e-13,2.4592062999945483
467,33445.102397017414,10144.367273424434,43589.469670441846,258.63140720731275,0.23585328205414438,90790117.67901981,0,False,3,0.9802620344267278,0,1.0813353287944794e-07,8.663151972960558e-13,2.4642028999951435
468,33445.10026729074,10144.369403114122,43589.46967040486,258.63139897271077,0.23585327454477836,90790117.67901981,0,False,3,0.9803914699698173,0,1.0717325383216248e-07,8.484547491059087e-13,2.469151499994041
469,33445.09814847664,10144.371521891922,43589.46967036856,258.631390780302,0.2358532670738895,90790117.67901981,0,False,3,0.980519216242345,0,1.062659454279581e-07,8.327642619108735e-13,2.474595699997735
470,33445.096044413636,10144.37362591923,43589.46967033287,258.63138264492824,0.2358532596550125,90790117.67901981,0,False,3,0.9806453061352034,0,1.0540787207383425e-07,8.189098955578569e-13,2.4811166999934358
471,33445.09395879843,10144.37571149925,43589.46967029768,258.6313745808827,0.2358532523011817,90790117.67901981,0,False,3,0.980769771690249,0,1.0459498397497993e-07,8.072254901999671e-13,2.4878064000004088
472,33445.091895183316,10144.37777507959,43589.46967026291,258.6313666019005,0.23585324502492255,90790117.67901981,0,False,3,0.98089264412754,0,1.038229848935777e-07,7.97711045837212e-13,2.494745799995144
473,33445.08985697386,10144.379813254589,43589.46967022844,258.6313587211491,0.23585323783824289,90790117.67901981,0,False,3,0.9810139538715308,0,1.0308739957262095e-07,7.907004026227008e-13,2.500406399994972
474,33445.08784742684,10144.381822767386,43589.46967019422,258.63135095122107,0.23585323075262613,90790117.67901981,0,False,3,0.9811337305762713,0,1.0238363963318078e-07,7.850251200205832e-13,2.505975899999612
475,33445.085869648385,10144.383800511729,43589.46967016011,258.6313433041262,0.2358532237790244,90790117.67901981,0,False,3,0.9812520031496537,0,1.0170706763463364e-07,7.825213188729285e-13,2.5118182999940473
476,33445.083926592524,10144.385743533538,43589.46967012606,258.63133579128623,0.23585321692785355,90790117.67901981,0,False,3,0.9813687997767477,0,1.010530572350175e-07,7.811859582611287e-13,2.517108099993493
477,33445.082021059796,10144.387649032162,43589.46967009196,258.6313284235295,0.23585321020898817,90790117.67901981,0,False,3,0.9814841479422676,0,1.0041704854768162e-07,7.823543987976005e-13,2.522746199996618
478,33445.080155696276,10144.38951436144,43589.46967005772,258.6313212110872,0.2358532036317584,90790117.67901981,0,False,3,0.9815980744522028,0,9.979459970135073e-08,7.855258802526965e-13,2.5281418999948073
479,33445.07833299284,10144.391337030433,43589.469670023274,258.63131416359016,0.23585319720494688,90790117.67901981,0,False,3,0.9817106054546547,0,9.918143182805415e-08,7.901996423967672e-13,2.5335965999984182
480,33445.07655528463,10144.393114703926,43589.46966998855,258.63130729006735,0.2358531909367874,90790117.67901981,0,False,3,0.9818217664599063,0,9.857346914589592e-08,7.965426053063694e-13,2.5386368999970728
481,33445.07482475083,10144.394845202653,43589.46966995348,258.6313005989446,0.23585318483496365,90790117.67901981,0,False,3,0.9819315823597653,0,9.796687296464311e-08,8.045547689815086e-13,2.543830299997353
482,33445.07314341473,10144.396526503284,43589.46966991801,258.63129409804503,0.23585317890660978,90790117.67901981,0,False,3,0.9820400774462043,0,9.735807024566407e-08,8.137353731925331e-13,2.5491506999969715
483,33445.071513143994,10144.39815673811,43589.469669882106,258.6312877945899,0.2358531731583111,90790117.67901981,0,False,3,0.9821472754293311,0,9.674377641495448e-08,8.237505777863423e-13,2.5547334999937448
484,33445.06993565119,10144.399734194503,43589.4696698457,258.6312816952009,0.23585316759610608,90790117.67901981,0,False,3,0.9822531994547181,0,9.612101300458558e-08,8.352680630691495e-13,2.5602077999938047
485,33445.06841249464,10144.401257314106,43589.46966980875,258.63127580590344,0.23585316222548944,90790117.67901981,0,False,3,0.9823578721201132,0,9.548712048313707e-08,8.47620148734749e-13,2.565719199999876
486,33445.06694507947,10144.402724691789,43589.46966977126,258.6312701321303,0.23585315705141552,90790117.67901981,0,False,3,0.9824613154915618,0,9.48397661528655e-08,8.601391544769325e-13,2.571048999998311
487,33445.06553465889,10144.404135074314,43589.469669733204,258.63126467872706,0.23585315207830315,90790117.67901981,0,False,3,0.9825635511189639,0,9.417694833730957e-08,8.729920003722543e-13,2.5766339999972843
488,33445.064182335744,10144.405487358812,43589.469669694554,258.631259449958,0.23585314731004103,90790117.67901981,0,False,3,0.9826646000510836,0,9.349699616225368e-08,8.866794466503754e-13,2.5821702999965055
489,33445.062889064364,10144.406780590982,43589.469669655344,258.631254449513,0.23585314274999405,90790117.67901981,0,False,3,0.9827644828500429,0,9.279856646333729e-08,8.995322925457661e-13,2.5871702000004007
490,33445.06165565249,10144.408013963064,43589.46966961556,258.63124968051517,0.2358531384010103,90790117.67901981,0,False,3,0.9828632196053112,0,9.208063733172782e-08,9.127189785942983e-13,2.5923125999979675
491,33445.060482763605,10144.409186811605,43589.469669575206,258.63124514552993,0.23585313426542923,90790117.67901981,0,False,3,0.9829608299472161,0,9.134249895846147e-08,9.257387445663129e-13,2.598832699994091
492,33445.05937091935,10144.410298614981,43589.46966953433,258.63124084657426,0.23585313034509017,90790117.67901981,0,False,3,0.9830573330599938,0,9.05837423001777e-08,9.377569900790408e-13,2.604670900000201
493,33445.05832050223,10144.411348990729,43589.46966949296,258.63123678512704,0.23585312664134178,90790117.67901981,0,False,3,0.9831527476943955,0,8.98042455423782e-08,9.491075552855868e-13,2.6103151999996044
494,33445.057331758464,10144.412337692638,43589.4696694511,258.63123296214036,0.2358531231550523,90790117.67901981,0,False,3,0.9832470921798697,0,8.900415897022425e-08,9.602912004156108e-13,2.6166233999974793
495,33445.05640480113,10144.413264607698,43589.46966940883,258.63122937805144,0.23585311988662042,90790117.67901981,0,False,3,0.9833403844363346,0,8.818388805344543e-08,9.698056447801244e-13,2.6216933999967296
496,33445.05553961336,10144.414129752811,43589.46966936617,258.63122603279504,0.23585311683598667,90790117.67901981,0,False,3,0.9834326419855582,0,8.734407554571702e-08,9.786524088384483e-13,2.6273194999957923
497,33445.054736051825,10144.41493327136,43589.46966932318,258.631222925817,0.23585311400264566,90790117.67901981,0,False,3,0.9835238819621621,0,8.648558234946469e-08,9.861638122843614e-13,2.632505699999456
498,33445.053993850364,10144.415675429571,43589.46966927993,258.63122005608824,0.235853111385659,90790117.67901981,0,False,3,0.9836141211242594,0,8.560946728742755e-08,9.92172935041304e-13,2.6375113999965834
499,33445.0533126237,10144.416356612765,43589.46966923647,258.631217422119,0.23585310898366807,90790117.67901981,0,False,3,0.9837033758637466,0,8.471696693571077e-08,9.971805373389354e-13,2.6430018999963067
500,33445.05269187143,10144.416977321416,43589.46966919285,258.6312150219746,0.23585310679490862,90790117.67901981,0,False,3,0.9837916622162577,0,8.380947372921869e-08,1.000685858947586e-12,2.6481241999936174
501,33445.05213098205,10144.4175381671,43589.46966914915,258.63121285329055,0.23585310481722443,90790117.67901981,0,False,3,0.9838789958707959,0,8.288851475896032e-08,1.0025219797906949e-12,2.6531308999983594
502,33445.05162923712,10144.418039868306,43589.46966910543,258.6312109132891,0.23585310304808235,90790117.67901981,0,False,3,0.9839653921790542,0,8.195572965496078e-08,1.0030227400213661e-12,2.658496899995953
503,33445.051185815624,10144.418483246125,43589.46966906175,258.6312091987957,0.2358531014845874,90790117.67901981,0,False,3,0.9840508661644373,0,8.101284857749363e-08,1.0020212195630387e-12,2.663621100000455
504,33445.05079979834,10144.41886921985,43589.46966901819,258.63120770625625,0.23585310012349853,90790117.67901981,0,False,3,0.9841354325307938,0,8.006167021541993e-08,9.99350498339151e-13,2.6685590999986744
505,33445.05047017236,10144.419198802465,43589.46966897482,258.6312064317543,0.23585309896124423,90790117.67901981,0,False,3,0.9842191056708731,0,7.910403981044357e-08,9.948436562731406e-13,2.6736133999947924
506,33445.05019583563,10144.419473096064,43589.4696689317,258.6312053710288,0.2358530979939387,90790117.67901981,0,False,3,0.9843018996745135,0,7.814182788251925e-08,9.893352937477802e-13,2.6791840999940177
507,33445.04997560171,10144.419693287196,43589.46966888891,258.63120451949226,0.23585309721739847,90790117.67901981,0,False,3,0.9843838283365739,0,7.717690886039526e-08,9.816569702271727e-13,2.6841789999962202
508,33445.04980820435,10144.41986064214,43589.46966884649,258.63120387224876,0.23585309662715886,90790117.67901981,0,False,3,0.9844649051646158,0,7.621114057295843e-08,9.731440463237603e-13,2.6891867999947863
509,33445.049692302375,10144.419976502148,43589.46966880452,258.6312034241127,0.23585309621849093,90790117.67901981,0,False,3,0.9845451433863492,0,7.524634502579569e-08,9.62795001578201e-13,2.694441599996935
510,33445.04962648441,10144.420042278649,43589.469668763064,258.6312031696269,0.23585309598641813,90790117.67901981,0,False,3,0.9846245559568461,0,7.428428893872748e-08,9.51110596220158e-13,2.699440999997023
511,33445.04960927376,10144.420059448414,43589.46966872217,258.63120310308176,0.23585309592573375,90790117.67901981,0,False,3,0.9847031555655302,0,7.33266669227012e-08,9.380908302496264e-13,2.704560699996364
512,33445.04963913318,10144.420029548723,43589.46966868191,258.63120321853347,0.23585309603101742,90790117.67901981,0,False,3,0.9847809546429579,0,7.23750846161709e-08,9.237357036666019e-13,2.710447999997996
513,33445.049714469824,10144.419954172507,43589.46966864233,258.6312035098233,0.23585309629665285,90790117.67901981,0,False,3,0.9848579653673867,0,7.14310442016235e-08,9.0804521647108e-13,2.7155669999992824
514,33445.04983363993,10144.419834963534,43589.469668603466,258.63120397059566,0.23585309671684418,90790117.67901981,0,False,3,0.9849341996711478,0,7.04959313274113e-08,8.915201288927283e-13,2.720652899995912
515,33445.04999495381,10144.419673611577,43589.46966856539,258.63120459431735,0.2358530972856336,90790117.67901981,0,False,3,0.9850096692468265,0,6.957100376710989e-08,8.734927606253148e-13,2.7258511999971233
516,33445.0501966805,10144.419471847621,43589.46966852812,258.63120537429546,0.23585309799691767,90790117.67901981,0,False,3,0.9850843855532553,0,6.865738237568743e-08,8.549646321281808e-13,2.731013599994185
517,33445.0504370526,10144.41923143912,43589.46966849172,258.6312063036965,0.2358530988444647,90790117.67901981,0,False,3,0.9851583598213295,0,6.775604380692411e-08,8.351011430185369e-13,2.736936199995398
518,33445.050714270925,10144.418954185283,43589.46966845621,258.63120737556375,0.2358530998219307,90790117.67901981,0,False,3,0.9852316030596494,0,6.68678161904916e-08,8.14736893679169e-13,2.742950899999414
519,33445.0510265092,10144.418641912425,43589.469668421625,258.63120858283594,0.2358531009228763,90790117.67901981,0,False,3,0.9853041260599963,0,6.599337622874789e-08,7.933711238804027e-13,2.748460700000578
520,33445.051371918606,10144.418296469405,43589.46966838801,258.6312099183647,0.23585310214078267,90790117.67901981,0,False,3,0.9853759394026456,0,6.513324990377035e-08,7.711707536987941e-13,2.753763799999433
521,33445.05174863229,10144.41791972307,43589.46966835536,258.6312113749317,0.23585310346906724,90790117.67901981,0,False,3,0.9854470534615268,0,6.428781459407471e-08,7.489703835171336e-13,2.758801500000118
522,33445.05215476986,10144.417513553879,43589.46966832374,258.6312129452664,0.23585310490109979,90790117.67901981,0,False,3,0.9855174784092318,0,6.345730425486622e-08,7.254346527229553e-13,2.763850299998012
523,33445.052588441606,10144.417079851533,43589.46966829314,258.6312146220622,0.23585310643021723,90790117.67901981,0,False,3,0.9855872242218772,0,6.264181674105985e-08,7.020658420052839e-13,2.769569500000216
524,33445.053047752845,10144.416620510738,43589.469668263584,258.6312163979934,0.23585310804973902,90790117.67901981,0,False,3,0.9856563006838277,0,6.184132394988682e-08,6.780293509813279e-13,2.7750643999970634
525,33445.05353080802,10144.416137427066,43589.46966823509,258.6312182657307,0.2358531097529814,90790117.67901981,0,False,3,0.985724717392284,0,6.105568307310728e-08,6.536590198042049e-13,2.780610899993917
526,33445.05403571474,10144.415632492926,43589.46966820767,258.6312202179572,0.23585311153327188,90790117.67901981,0,False,3,0.9857924837617377,0,6.028465080037481e-08,6.291217685504746e-13,2.7862367999987327
527,33445.054560587676,10144.415107593648,43589.46966818132,258.6312222473833,0.2358531133839628,90790117.67901981,0,False,3,0.9858596090283016,0,5.952789891953423e-08,6.044175972201385e-13,2.792999499994039
528,33445.05510355239,10144.414564603685,43589.469668156074,258.6312243467613,0.2358531152984449,90790117.67901981,0,False,3,0.9859261022539157,0,5.878503138905341e-08,5.792126656600796e-13,2.7986244999992778
529,33445.05566274898,10144.414005382938,43589.46966813192,258.63122650890006,0.23585311727016028,90790117.67901981,0,False,3,0.9859919723304367,0,5.8055602477828636e-08,5.541746541765355e-13,2.8035779999991064
530,33445.056236335644,10144.413431773215,43589.46966810886,258.6312287266781,0.23585311929261468,90790117.67901981,0,False,3,0.98605722798361,0,5.733913626428593e-08,5.289697226163898e-13,2.8086025999946287
531,33445.05682249206,10144.412845594834,43589.469668086895,258.6312309930572,0.2358531213593898,90790117.67901981,0,False,3,0.9861218777769333,0,5.663514620854041e-08,5.039317111327629e-13,2.8139369999989867
532,33445.05741942271,10144.412248643324,43589.469668066035,258.631233301095,0.2358531234641546,90790117.67901981,0,False,3,0.9861859301154119,0,5.594315555689789e-08,4.785598594959785e-13,2.8189153999992413
533,33445.058025359955,10144.411642686317,43589.46966804627,258.6312356439568,0.23585312560067642,90790117.67901981,0,False,3,0.9862493932492103,0,5.526271703421221e-08,4.5335492793571665e-13,2.823913000000175
534,33445.058638567076,10144.41102946053,43589.46966802761,258.63123801492765,0.23585312776283168,90790117.67901981,0,False,3,0.9863122752772026,0,5.459343320737649e-08,4.281499963754199e-13,2.8291222999978345
535,33445.05925734108,10144.410410668946,43589.46966801003,258.63124040742287,0.2358531299446156,90790117.67901981,0,False,3,0.9863745841504266,0,5.393497471370824e-08,4.0327890496820947e-13,2.8341020999941975
536,33445.059880015455,10144.409787978078,43589.46966799353,258.63124281499887,0.23585313214015213,90790117.67901981,0,False,3,0.9864363276754428,0,5.328709912789712e-08,3.785747336375281e-13,2.839055099997495
537,33445.06050496269,10144.409163015436,43589.46966797813,258.6312452313629,0.23585313434370275,90790117.67901981,0,False,3,0.9864975135176035,0,5.264966746502896e-08,3.5336980207713864e-13,2.844380499998806
538,33445.061130596674,10144.408537367117,43589.46966796379,258.63124765038225,0.23585313654967477,90790117.67901981,0,False,3,0.9865581492042313,0,5.202265930183325e-08,3.2883255082296134e-13,2.849550299994007
539,33445.061755375,10144.407912575525,43589.46966795052,258.6312500660931,0.2358531387526297,90790117.67901981,0,False,3,0.9866182421277148,0,5.140618668894955e-08,3.0446221964531913e-13,2.854503599999589
540,33445.06237780103,10144.40729013728,43589.469667938305,258.6312524727088,0.23585314094729048,90790117.67901981,0,False,3,0.9866777995485188,0,5.080050519706236e-08,2.802588085442141e-13,2.8614538999972865
541,33445.0629964259,10144.406671501252,43589.46966792715,258.6312548646273,0.2358531431285485,90790117.67901981,0,False,3,0.9867368285981162,0,5.020602332891853e-08,2.5588847736652805e-13,2.8667058999999426
542,33445.06360985028,10144.406058066736,43589.469667917016,258.631257236438,0.23585314529146964,90790117.67901981,0,False,3,0.9867953362818408,0,4.962330878698638e-08,2.3251966664818315e-13,2.8716851999997743
543,33445.06421672613,10144.405451181792,43589.46966790792,258.63125958292875,0.23585314743130079,90790117.67901981,0,False,3,0.9868533294816652,0,4.905309249681088e-08,2.0865009570014108e-13,2.8771265999967
544,33445.0648157581,10144.40485214173,43589.46966789983,258.631261899091,0.23585314954347453,90790117.67901981,0,False,3,0.9869108149589054,0,4.849626909446291e-08,1.8561512513488424e-13,2.8822048000001814
545,33445.06540570503,10144.404262187723,43589.46966789275,258.63126418012587,0.23585315162361464,90790117.67901981,0,False,3,0.9869677993568551,0,4.7953894815186255e-08,1.6241323449305387e-13,2.8871695999987423
546,33445.06598538106,10144.403682505586,43589.469667886646,258.6312664214482,0.23585315366753973,90790117.67901981,0,False,3,0.9870242892033497,0,4.742718104752764e-08,1.4004594423401266e-13,2.8925466000000597
547,33445.06655365681,10144.403114224695,43589.46966788151,258.63126861869125,0.23585315567126772,90790117.67901981,0,False,3,0.9870802909132663,0,4.691748520681795e-08,1.1784557405152178e-13,2.8977333000002545
548,33445.067109460324,10144.402558417016,43589.46966787734,258.63127076771025,0.23585315763101883,90790117.67901981,0,False,3,0.9871358107909564,0,4.6426297138547724e-08,9.564520386902258e-14,2.902704399995855
549,33445.067651777776,10144.40201609632,43589.469667874095,258.63127286458524,0.23585315954321834,90790117.67901981,0,False,3,0.9871908550326172,0,4.595522206470574e-08,7.44463541458781e-14,2.907953899994027
550,33445.06817965426,10144.401488217502,43589.46966787177,258.63127490562414,0.23585316140449933,90790117.67901981,0,False,3,0.9872454297286025,0,4.550595934613557e-08,5.341442449928871e-14,2.9132159000000684
551,33445.06869219428,10144.400975676046,43589.46966787033,258.63127688736444,0.23585316321170424,90790117.67901981,0,False,3,0.9872995408656738,0,4.5080277696726954e-08,3.288325508237637e-14,2.918463599999086
552,33445.069188562135,10144.40047930763,43589.469667869766,258.63127880657487,0.23585316496188644,90790117.67901981,0,False,3,0.987353194329194,0,4.467998633829465e-08,1.3019765971702747e-14,2.9237785000004806
553,33445.0696679822,10144.39999988783,43589.46966787003,258.63128066025655,0.2358531666523111,90790117.67901981,0,False,3,0.9874063959052665,0,4.430690286731166e-08,6.009122756170577e-15,2.928896599994914
554,33445.06965734908,10144.400010519606,43589.46966786869,258.6312806191435,0.23585316661481895,90790117.67901981,0,True,4,0.0,0,4.4222356411817385e-08,3.0713294087093875e-14,2.9369356999959564
555,33445.06964675377,10144.400021113583,43589.46966786735,258.63128057817664,0.2358531665774601,90790117.67901981,0,False,4,0.28175352512532087,0,4.413801172797499e-08,3.071329408709482e-14,2.941996099994867
556,33445.06963322152,10144.400034644126,43589.46966786565,258.6312805258541,0.2358531665297457,90790117.67901981,0,False,4,0.434042782780302,0,4.403016421331951e-08,3.905929791511092e-14,2.9470868999997037
557,33445.069616859444,10144.400051004124,43589.46966786357,258.63128046259,0.23585316647205337,90790117.67901981,0,False,4,0.5310638054044795,0,4.3899589581779426e-08,4.773914189624854e-14,2.9520150999960606
558,33445.06959775004,10144.400070111116,43589.46966786116,258.6312803887033,0.23585316640467402,90790117.67901981,0,False,4,0.5987785940560388,0,4.374685653214718e-08,5.525054534146511e-14,2.95716249999532
559,33445.06957596571,10144.400091892705,43589.469667858415,258.63128030447405,0.235853166327863,90790117.67901981,0,False,4,0.6489233261224006,0,4.357244283568836e-08,6.292886886324319e-14,2.9630385999989812
560,33445.06955157485,10144.400116280498,43589.46966785535,258.6312802101666,0.23585316624186137,90790117.67901981,0,False,4,0.6876458540105597,0,4.337678371169996e-08,7.027335223190199e-14,2.9685633999979473
561,33445.069524644874,10144.400143207095,43589.46966785197,258.6312801060416,0.2358531661469068,90790117.67901981,0,False,4,0.718499853459134,0,4.3160296276807514e-08,7.761783560056229e-14,2.9747501999954693
562,33445.06949524385,10144.400172604432,43589.46966784828,258.6312799923623,0.23585316604323947,90790117.67901981,0,False,4,0.7436910466053832,0,4.292339273790789e-08,8.462847881610351e-14,2.982654499995988
563,33445.069463441454,10144.400204402837,43589.46966784429,258.63127986939804,0.2358531659311049,90790117.67901981,0,False,4,0.7646647176173088,0,4.2666488348824833e-08,9.147220195508609e-14,2.989532599996892
564,33445.06942930958,10144.400238530461,43589.46966784004,258.6312797374269,0.23585316581075666,90790117.67901981,0,False,4,0.782409243228014,0,4.2390006388890647e-08,9.748132471126855e-14,2.996278999999049
565,33445.06939292258,10144.400274912921,43589.4696678355,258.63127959673625,0.2358531656824569,90790117.67901981,0,False,4,0.7976243809601435,0,4.2094381093081435e-08,1.0415812777369435e-13,3.00160809999943
566,33445.06935435758,10144.40031347312,43589.4696678307,258.63127944762437,0.23585316554647756,90790117.67901981,0,False,4,0.8108199838000861,0,4.1780059685680956e-08,1.1016725052988051e-13,3.006607499999518
567,33445.06931369453,10144.400354131136,43589.46966782566,258.6312792904003,0.2358531654031005,90790117.67901981,0,False,4,0.8223766390185732,0,4.1447503635338945e-08,1.1567561305638727e-13,3.011880799997016
568,33445.0692710162,10144.400396804189,43589.46966782038,258.6312791253842,0.23585316525261765,90790117.67901981,0,False,4,0.8325843815233085,0,4.1097189035042704e-08,1.2101705550633546e-13,3.0175473999988753
569,33445.06922640823,10144.400441406657,43589.46966781489,258.6312789529071,0.23585316509533094,90790117.67901981,0,False,4,0.8416682316299193,0,4.0729607346164656e-08,1.260246578031646e-13,3.022933899999771
570,33445.06917995905,10144.400487850127,43589.46966780918,258.63127877331095,0.23585316493155212,90790117.67901981,0,False,4,0.8498055224352064,0,4.034526511445026e-08,1.310322600999956e-13,3.028610800000024
571,33445.06913175981,10144.40053604346,43589.46966780327,258.6312785869482,0.23585316476160267,90790117.67901981,0,False,4,0.8571379479988086,0,3.9944683954437955e-08,1.3553910216714697e-13,3.0339613999967696
572,33445.06908190426,10144.400585892923,43589.46966779718,258.6312783941813,0.23585316458581312,90790117.67901981,0,False,4,0.8637801230052086,0,3.9528400319377806e-08,1.3971210408117906e-13,3.039276699993934
573,33445.06903048865,10144.400637302264,43589.469667790916,258.63127819538244,0.23585316440452278,90790117.67901981,0,False,4,0.8698257810419169,0,3.9096964836877185e-08,1.437181859186523e-13,3.045218199993542
574,33445.06897761164,10144.400690172859,43589.4696677845,258.63127799093303,0.23585316421807961,90790117.67901981,0,False,4,0.8753523399411488,0,3.865094204343683e-08,1.4722350752644546e-13,3.0502150999964215
575,33445.06892337407,10144.400744403873,43589.46966777794,258.631277781223,0.2358531640268391,90790117.67901981,0,False,4,0.8804243161473297,0,3.8190909603852927e-08,1.5039498898111892e-13,3.055193499996676
576,33445.06886787887,10144.400799892377,43589.46966777125,258.63127756665034,0.23585316383116425,90790117.67901981,0,False,4,0.8850959137641199,0,3.771745775148662e-08,1.535664704357938e-13,3.061199299998407
577,33445.068811230914,10144.400856533532,43589.469667764446,258.63127734762054,0.23585316363142478,90790117.67901981,0,False,4,0.8894130125262103,0,3.72311885429043e-08,1.5607027158422745e-13,3.0663015999962226
578,33445.0687535368,10144.400914220754,43589.469667757556,258.63127712454576,0.2358531634279966,90790117.67901981,0,False,4,0.8934147117832398,0,3.673271507393324e-08,1.5807331250298017e-13,3.071288799998001
579,33445.06869490469,10144.400972845873,43589.469667750556,258.6312768978442,0.23585316322126104,90790117.67901981,0,False,4,0.8971345422701921,0,3.6222660647737176e-08,1.60577113651416e-13,3.077272399998037
580,33445.06863544417,10144.401032299325,43589.4696677435,258.63127666793963,0.23585316301160458,90790117.67901981,0,False,4,0.9006014263404838,0,3.570165805414615e-08,1.619124742639278e-13,3.0828584999981103
581,33445.068575266036,10144.401092470342,43589.469667736375,258.63127643526036,0.2358531627994178,90790117.67901981,0,False,4,0.9038404456605403,0,3.517034861933776e-08,1.63414754953001e-13,3.088233599999512
582,33445.0685144821,10144.401153247105,43589.46966772921,258.6312762002388,0.23585316258509498,90790117.67901981,0,False,4,0.906873460036305,0,3.462938135625809e-08,1.6441627541239254e-13,3.0938255000000936
583,33445.06845320502,10144.401214516984,43589.469667722005,258.63127596331043,0.2358531623690333,90790117.67901981,0,False,4,0.9097196100592845,0,3.407941209740916e-08,1.6525087579522372e-13,3.0989057999977376
584,33445.06839154809,10144.401276166684,43589.46966771477,258.6312757249134,0.23585316215163232,90790117.67901981,0,False,4,0.9123957282937485,0,3.352110250872724e-08,1.6591855610149449e-13,3.103914299994358
585,33445.06832962508,10144.401338082467,43589.46966770755,258.63127548548755,0.23585316193329314,90790117.67901981,0,False,4,0.914916677883027,0,3.2955119168909826e-08,1.657516360249611e-13,3.110757199996442
586,33445.06826754998,10144.401400150338,43589.469667700316,258.63127524547366,0.2358531617144177,90790117.67901981,0,False,4,0.917295633120554,0,3.238213277792907e-08,1.6591855610154952e-13,3.11633399999846
587,33445.06820543686,10144.401462256244,43589.469667693105,258.6312750053128,0.2358531614954082,90790117.67901981,0,False,4,0.9195443132877347,0,3.180281698773555e-08,1.654177958718942e-13,3.1218850999939605
588,33445.06814339965,10144.401524286275,43589.469667685924,258.63127476544537,0.23585316127666633,90790117.67901981,0,False,4,0.9216731786097809,0,3.1217847720614176e-08,1.6475011556567768e-13,3.127138699994248
589,33445.068081551915,10144.401586126856,43589.46966767877,258.63127452631056,0.23585316105859255,90790117.67901981,0,False,4,0.9236915953126076,0,3.0627901936895705e-08,1.6408243525946084e-13,3.1321203999978025
590,33445.06802000673,10144.401647664943,43589.46966767167,258.6312742883456,0.23585316084158559,90790117.67901981,0,False,4,0.9256079753284939,0,3.003365691674576e-08,1.629139947235606e-13,3.137241399999766
591,33445.06795887641,10144.401708788222,43589.469667664634,258.6312740519847,0.23585316062604142,90790117.67901981,0,False,4,0.9274298950868183,0,2.9435789107451968e-08,1.6141171403453767e-13,3.142456999994465
592,33445.06789827235,10144.401769385313,43589.46966765766,258.6312738176586,0.23585316041235285,90790117.67901981,0,False,4,0.9291641969594342,0,2.8834973455516248e-08,1.6007635342207507e-13,3.147551599999133
593,33445.067838304836,10144.40182934594,43589.469667650774,258.6312735857937,0.23585316020090866,90790117.67901981,0,False,4,0.9308170762496849,0,2.8231882054972613e-08,1.5790639242680631e-13,3.152726199994504
594,33445.06777908282,10144.401888561146,43589.46966764396,258.6312733568113,0.23585315999209314,90790117.67901981,0,False,4,0.9323941560762216,0,2.762718368917219e-08,1.5623719166121993e-13,3.1579731999954674
595,33445.067720713785,10144.401946923466,43589.469667637255,258.63127313112693,0.2358531597862852,90790117.67901981,0,False,4,0.9339005520751649,0,2.7021542447187142e-08,1.5390031058938814e-13,3.1629727999970783
596,33445.06766330352,10144.402004327123,43589.46966763064,258.63127290914963,0.23585315958385786,90790117.67901981,0,False,4,0.9353409285021578,0,2.6415617113393647e-08,1.5173034959411642e-13,3.1679622999945423
597,33445.067606955956,10144.402060668195,43589.46966762415,258.6312726912813,0.2358531593851776,90790117.67901981,0,False,4,0.936719547040866,0,2.5810060019498163e-08,1.4889270829259889e-13,3.173638899999787
598,33445.067551772954,10144.402115844809,43589.46966761776,258.6312724779158,0.23585315919060354,90790117.67901981,0,False,4,0.9380403094021824,0,2.5205516323617837e-08,1.4655582722076376e-13,3.1788977999967756
599,33445.067497854194,10144.402169757312,43589.469667611505,258.6312722694384,0.23585315900048712,90790117.67901981,0,False,4,0.9393067946178,0,2.4602622893997854e-08,1.4355126584268257e-13,3.1839974999966216
600,33445.06744529694,10144.402222308428,43589.46966760537,258.63127206622534,0.23585315881517138,90790117.67901981,0,False,4,0.9405222917844157,0,2.4002007657339228e-08,1.4071362454116137e-13,3.1889948999960325
601,33445.06739419594,10144.402273403435,43589.46966759938,258.6312718686429,0.2358531586349904,90790117.67901981,0,False,4,0.9416898288939467,0,2.3404288360992063e-08,1.3754214308651637e-13,3.1940720999991754
602,33445.06734464319,10144.402322950331,43589.46966759352,258.63127167704675,0.23585315846026847,90790117.67901981,0,False,4,0.9428121982856035,0,2.281007207841769e-08,1.3437066163187003e-13,3.1990626999977394
603,33445.06729672783,10144.402370859965,43589.46966758779,258.63127149178166,0.23585315829131998,90790117.67901981,0,False,4,0.9438919791733417,0,2.221995401452368e-08,1.3136610025378374e-13,3.205144100000325
604,33445.06725053601,10144.402417046207,43589.46966758222,258.6312713131806,0.23585315812844865,90790117.67901981,0,False,4,0.9449315576338684,0,2.1634516786978943e-08,1.2786077864601218e-13,3.2109130999961053
605,33445.0672061507,10144.40246142609,43589.46966757679,258.6312711415644,0.235853157971947,90790117.67901981,0,False,4,0.9459331443834135,0,2.1054329406618884e-08,1.2452237711480062e-13,3.2164555999988806
606,33445.06716365159,10144.402503919922,43589.46966757151,258.63127097724123,0.23585315782209604,90790117.67901981,0,False,4,0.9468987906238281,0,2.0479946567263032e-08,1.211839755835878e-13,3.2215203999949154
607,33445.067123114946,10144.40254445145,43589.469667566394,258.63127082050596,0.23585315767916473,90790117.67901981,0,False,4,0.9478304021985741,0,1.991190761742741e-08,1.1734481382268948e-13,3.2265848999959417
608,33445.06708461347,10144.402582947947,43589.46966756141,258.63127067163964,0.23585315754340933,90790117.67901981,0,False,4,0.9487297522654735,0,1.935073583197902e-08,1.1434025244459703e-13,3.2318669999949634
609,33445.067048216246,10144.402619340362,43589.46966755661,258.6312705309095,0.23585315741507354,90790117.67901981,0,False,4,0.9495984926646243,0,1.8796937435736068e-08,1.1016725053057324e-13,3.2371079999938956
610,33445.067013988526,10144.40265356341,43589.46966755194,258.6312703985677,0.23585315729438733,90790117.67901981,0,False,4,0.9504381641357491,0,1.8251000601555764e-08,1.071626891524785e-13,3.243255699999281
611,33445.06698199177,10144.402685555664,43589.46966754743,258.631270274852,0.23585315718156746,90790117.67901981,0,False,4,0.9512502055187321,0,1.771339478434663e-08,1.0332352739157524e-13,3.2495927999989362
612,33445.06695228342,10144.402715259668,43589.46966754309,258.6312701599844,0.23585315707681648,90790117.67901981,0,False,4,0.9520359620535963,0,1.7184569632723248e-08,9.965128570723229e-14,3.255085400000098
613,33445.06692491687,10144.402742622011,43589.469667538884,258.6312700541714,0.2358531569803226,90790117.67901981,0,False,4,0.9527966928812224,0,1.666495407644566e-08,9.647980425257287e-14,3.2607569999963744
614,33445.066899941434,10144.402767593408,43589.46966753484,258.63126995760365,0.23585315689225975,90790117.67901981,0,False,4,0.9535335778332711,0,1.615495538042995e-08,9.280756256822784e-14,3.266707299997506
615,33445.06687740219,10144.402790128766,43589.46966753095,258.63126987045547,0.23585315681278685,90790117.67901981,0,False,4,0.9542477235887569,0,1.565495829126895e-08,8.913532088388177e-14,3.273933099997521
616,33445.06685733996,10144.40281018725,43589.46966752721,258.6312697928847,0.2358531567420479,90790117.67901981,0,False,4,0.9549401692652046,0,1.5165323883016357e-08,8.57969193526579e-14,3.2805232999962755
617,33445.066839791296,10144.402827732332,43589.46966752363,258.63126972503267,0.2358531566801717,90790117.67901981,0,False,4,0.9556118915041254,0,1.4686388512320316e-08,8.229159774487154e-14,3.2866146999949706
618,33445.066824788344,10144.402842731834,43589.46966752018,258.6312696670236,0.2358531566272716,90790117.67901981,0,False,4,0.9562638091034213,0,1.4218462974126704e-08,7.912011629020755e-14,3.292077899997821
619,33445.066812358906,10144.40285515797,43589.469667516874,258.63126961896506,0.23585315658344566,90790117.67901981,0,False,4,0.9568967872431737,0,1.3761831186909632e-08,7.578171475898115e-14,3.2976920000000973
620,33445.066802526344,10144.402864987376,43589.469667513724,258.6312695809474,0.23585315654877625,90790117.67901981,0,False,4,0.9575116413458903,0,1.3316749350847205e-08,7.227639315119236e-14,3.302972799996496
621,33445.066795309576,10144.402872201112,43589.46966751069,258.6312695530437,0.2358531565233301,90790117.67901981,0,False,4,0.9581091406076137,0,1.288344463713054e-08,6.960567192621106e-14,3.308256699994672
622,33445.06679072311,10144.402876784703,43589.469667507816,258.6312695353101,0.23585315650715832,90790117.67901981,0,False,4,0.9586900112322029,0,1.2462114328064843e-08,6.593343024185919e-14,3.3148622999942745
623,33445.06678877695,10144.402878728104,43589.46966750506,258.63126952778526,0.23585315650029623,90790117.67901981,0,False,4,0.9592549393975224,0,1.2052924279140437e-08,6.326270901687666e-14,3.3205611999946996
624,33445.066789476696,10144.402878025732,43589.46966750243,258.63126953049084,0.2358531565027635,90790117.67901981,0,False,4,0.9598045739791348,0,1.1656008354121297e-08,6.025814763877023e-14,3.326268099997833
625,33445.0667928235,10144.402874676423,43589.46966749992,258.63126954343124,0.23585315651456423,90790117.67901981,0,False,4,0.9603395290543362,0,1.1271467180618386e-08,5.758742641378666e-14,3.331455299994559
626,33445.066798814114,10144.40286868344,43589.46966749756,258.631269566594,0.23585315653568703,90790117.67901981,0,False,4,0.9608603862069443,0,1.0899366938400972e-08,5.424902488255577e-14,3.3373499999943306
627,33445.06680744088,10144.402860054402,43589.46966749529,258.6312695999495,0.23585315656610484,90790117.67901981,0,False,4,0.9613676966511135,0,1.0539738843328207e-08,5.207906388725637e-14,3.3434695999967516
628,33445.06681869185,10144.402848801288,43589.46966749313,258.63126964345145,0.2358531566057755,90790117.67901981,0,False,4,0.9618619831905493,0,1.0192578164530062e-08,4.940834266227143e-14,3.3495326999982353
629,33445.06683255074,10144.402834940365,43589.46966749111,258.631269697037,0.23585315665464165,90790117.67901981,0,False,4,0.9623437420278342,0,9.857843561420727e-09,4.640378128416263e-14,3.3550892999992357
