iteration,data_term,regularization_term,objective,residual_norm,residual_relative,L,backtracks,restarted,restarts_total,momentum,extrapolated_negative_count,projected_gradient_relative,objective_relative_change,elapsed_s
1,220408.5536217809,3.2682613838981136,220411.8218831648,663.9405901461078,0.6054661688841377,90700325.25494167,0,False,0,0.0,0,0.24134784111915683,0.6334052824787941,0.008589800003392156
2,183888.03459967958,4.1759298835574015,183892.21052956313,606.4454379409241,0.5530347163539915,90700325.25494167,0,False,0,0.28175352512532087,27,0.19636886686843832,0.16568807898588978,0.013975599998957478
3,152778.529875831,5.281595940548753,152783.81147177157,552.7721589874639,0.5040885379432849,90700325.25494167,0,False,0,0.434042782780302,648,0.14688492882256007,0.169166485998549,0.019846499999403022
4,131725.4695020367,6.677917911743858,131732.14741994842,513.2747207919687,0.46806970893977146,90700325.25494167,0,False,0,0.5310638054044795,697,0.10982910448777611,0.13778726848762154,0.025047000002814457
5,117625.90658189144,8.027340265593319,117633.93392215703,485.0276416491981,0.44231039998266025,90700325.25494167,0,False,0,0.5987785940560388,552,0.08559234492219618,0.10702181490177758,0.030038800003239885
6,107661.0083200238,9.27806983154925,107670.28638985535,464.0280343255649,0.42316026519196537,90700325.25494167,0,False,0,0.6489233261224006,405,0.06991536029973149,0.08470045334788356,0.035371600002690684
7,100126.77950134038,10.444079686322976,100137.2235810267,447.49699328898373,0.4080851421574139,90700325.25494167,0,False,0,0.6876458540105597,296,0.058820950141610345,0.06996417546018907,0.041494800003420096
8,94149.09331180595,11.561709574941677,94160.6550213809,433.9333896159777,0.3957161090330036,90700325.25494167,0,False,0,0.718499853459134,210,0.05093725266499924,0.05968378536888259,0.04664040000352543
9,89149.14123222596,12.66231985676053,89161.80355208271,422.25381284773727,0.3850651732339157,90700325.25494167,0,False,0,0.7436910466053832,171,0.045044912039374205,0.05308853754429707,0.05217119999724673
10,84856.92419305211,13.780028141242509,84870.70422119336,411.96340661047094,0.375681061261837,90700325.25494167,0,False,0,0.7646647176173088,137,0.04027988293176851,0.04812710331036274,0.05730269999912707
11,81084.95354945504,14.93208611732598,81099.88563557237,402.70324942680816,0.36723646248828795,90700325.25494167,0,False,0,0.782409243228014,121,0.03686718339250081,0.04443015549621615,0.0625062999970396
12,77674.83917335306,16.129223560018634,77690.96839691307,394.1442354604544,0.35943125600965764,90700325.25494167,0,False,0,0.7976243809601435,104,0.03367953019042088,0.042033564066631245,0.07009410000318894
13,74562.68424970258,17.386972891226268,74580.0712225938,386.16753941703223,0.3521570816852633,90700325.25494167,0,False,0,0.8108199838000861,86,0.031213274764535653,0.0400419410197862,0.07770650000020396
14,71699.29044370519,18.713551797228,71718.00399550243,378.6800508178512,0.3453290294408416,90700325.25494167,0,False,0,0.8223766390185732,81,0.028923937278241604,0.038375764197773034,0.08363770000141812
15,69059.64943070865,20.111802632945263,69079.7612333416,371.644048602177,0.33891270037614757,90700325.25494167,0,False,0,0.8325843815233085,66,0.02706293417979568,0.0367863383694598,0.09075780000421219
16,66609.29699408203,21.578460846874137,66630.8754549289,364.9912245358292,0.3328458022839171,90700325.25494167,0,False,0,0.8416682316299193,51,0.025309341212676622,0.03545011932135543,0.09663670000009006
17,64314.16109214735,23.114484448277505,64337.275576595624,358.64790837853036,0.3270611531921431,90700325.25494167,0,False,0,0.8498055224352064,47,0.023786567622320162,0.03442247850825156,0.10310530000424478
18,62166.40705109165,24.727928190929916,62191.13497928258,352.60858483902985,0.3215537235510234,90700325.25494167,0,False,0,0.8571379479988086,38,0.02232465868982189,0.03335765430039069,0.10824400000274181
19,60139.792080915395,26.422897729133357,60166.21497864453,346.8134717132983,0.31626899628090016,90700325.25494167,0,False,0,0.8637801230052086,33,0.021067995940460098,0.032559624475620205,0.11362760000338312
20,58249.042571261416,28.209064026167795,58277.25163528758,341.31815823732967,0.3112576647755016,90700325.25494167,0,False,0,0.8698257810419169,43,0.0196354863554134,0.031395748328649525,0.11904730000242125
21,56497.04467937929,30.079274733938412,56527.12395411322,336.145934615843,0.30654096803005265,90700325.25494167,0,False,0,0.8753523399411488,35,0.018568725411074027,0.03003106069804149,0.12423510000371607
22,54863.53481157087,32.016214433416884,54895.55102600429,331.25076546800875,0.3020769250810792,90700325.25494167,0,False,0,0.8804243161473297,35,0.017480050884280302,0.028863540438275118,0.129472499997064
23,53344.238231560084,34.01215121387221,53378.25038277396,326.63201995995456,0.2978649606533629,90700325.25494167,0,False,0,0.8850959137641199,31,0.016657258626444252,0.027639774350959285,0.1345045999987633
24,51930.133764308,36.05592780159026,51966.18969210959,322.2735911126073,0.29389038633794595,90700325.25494167,0,False,0,0.8894130125262103,41,0.0155897043512316,0.026453858651014562,0.13999950000288663
25,50648.94355358137,38.13994989149551,50687.083503472866,318.2732899681699,0.2902423987856676,90700325.25494167,0,False,0,0.8934147117832398,38,0.01471908170606446,0.02461420004459054,0.14642340000136755
26,49480.67766742235,40.23641384514258,49520.914081267496,314.5812380528195,0.2868755124080527,90700325.25494167,0,False,0,0.8971345422701921,44,0.013892227945742262,0.023007230671014425,0.15197830000397516
27,48426.55780553305,42.32954548682877,48468.887351019875,311.2123320356475,0.2838033118982164,90700325.25494167,0,False,0,0.9006014263404838,49,0.013287219081588008,0.021244089487547958,0.1572121999997762
28,47477.32853103081,44.397927301080905,47521.72645833189,308.1471354110916,0.28100807255799465,90700325.25494167,0,False,0,0.9038404456605403,37,0.012625468063343628,0.019541626483572567,0.1626107999982196
29,46613.266803699895,46.419581489359516,46659.686385189256,305.3302042173355,0.2784392334732832,90700325.25494167,0,False,0,0.906873460036305,23,0.012358018139101246,0.01813991488500508,0.16772489999857498
30,45803.179893613094,48.38633019989842,45851.566223812995,302.66542549030305,0.2760091465186278,90700325.25494167,0,False,0,0.9097196100592845,19,0.011729798500249768,0.017319451200443012,0.17306269999971846
31,45043.51832226419,50.308953230675755,45093.82727549487,300.14502601996986,0.2737107230843497,90700325.25494167,0,False,0,0.9123957282937485,20,0.011112347243146749,0.01652591199653707,0.17856700000265846
32,44324.417167998065,52.20531608732353,44376.62248408539,297.7395411026156,0.27151709347526287,90700325.25494167,0,False,0,0.914916677883027,19,0.010490419027146298,0.015904722103710797,0.18352160000358708
33,43636.71994445933,54.09396086325167,43690.81390532258,295.42078445654204,0.2694025538253164,90700325.25494167,0,False,0,0.917295633120554,20,0.00985276181325043,0.015454276156522652,0.18851400000130525
34,42991.86772030401,55.995312595664245,43047.86303289968,293.22983381744774,0.26740456408142266,90700325.25494167,0,False,0,0.9195443132877347,19,0.009217574513695932,0.014715928016726075,0.19385309999779565
35,42402.92485860267,57.913168333644656,42460.83802693632,291.2144394036898,0.2655666690158115,90700325.25494167,0,False,0,0.9216731786097809,16,0.00866836956446694,0.013636565548322878,0.19878109999990556
36,41856.64063317081,59.83453313977836,41916.47516631059,289.3324753053857,0.2638504528219395,90700325.25494167,0,False,0,0.9236915953126076,15,0.00831448424840047,0.012820351314790186,0.2056735000005574
37,41350.20212068818,61.74838531631396,41411.95050600449,287.576779732607,0.26224938446137547,90700325.25494167,0,False,0,0.9256079753284939,18,0.008141774596061628,0.01203642859530332,0.21106300000246847
38,40874.3684299704,63.64188723885931,40938.01031720926,285.91736019336213,0.26073611293390797,90700325.25494167,0,False,0,0.9274298950868183,19,0.00774540714058381,0.011444527075017029,0.21602510000229813
39,40446.51700676392,65.50574647831203,40512.02275324223,284.4170072508461,0.2593678987268517,90700325.25494167,0,False,0,0.9291641969594342,11,0.007548184066287963,0.010405673374603509,0.2210717999987537
40,40040.26884696434,67.31978667921507,40107.58863364356,282.9850485342444,0.2580620551453495,90700325.25494167,0,False,0,0.9308170762496849,14,0.007591364438546328,0.00998306409092603,0.2268127999996068
41,39639.70617369454,69.08254673806611,39708.7887204326,281.56599998470887,0.25676798470968176,90700325.25494167,0,False,0,0.9323941560762216,17,0.00740615818089291,0.009943253304349193,0.2317486000029021
42,39270.13475202724,70.80398183189068,39340.93873385913,280.25036932010363,0.25556822396303164,90700325.25494167,0,False,0,0.9339005520751649,17,0.00703510912082143,0.009263691954022987,0.23700619999726769
43,38923.562602123005,72.47837901358636,38996.04098113659,279.01097685260703,0.25443798698072284,90700325.25494167,0,False,0,0.9353409285021578,10,0.006891546961901123,0.008766891788113435,0.24224669999966864
44,38579.93801905149,74.10403965633631,38654.042058707826,277.7766657552484,0.25331238384330296,90700325.25494167,0,False,0,0.936719547040866,10,0.006758696976685007,0.008770093420360227,0.24730350000027101
45,38238.719567851054,75.69455696998885,38314.41412482104,276.54554622286383,0.25218969118408885,90700325.25494167,0,False,0,0.9380403094021824,13,0.0064869067538679,0.008786349778658466,0.25258600000233855
46,37905.34051943642,77.26682855317111,37982.607347989586,275.3373949155342,0.2510879438977537,90700325.25494167,0,False,0,0.9393067946178,10,0.00622830558764957,0.008660103107684084,0.2577482999986387
47,37597.57998853583,78.83260441616936,37676.412592951994,274.2173590002494,0.2500665515251456,90700325.25494167,0,False,0,0.9405222917844157,8,0.005799316072298081,0.008061446446587836,0.2628915000022971
48,37308.16858360797,80.38768667294259,37388.55627028091,273.1599113472106,0.24910223515590535,90700325.25494167,0,False,0,0.9416898288939467,11,0.005528915830744193,0.007640226413831433,0.2681067000012263
49,37036.78225033008,81.92906115867379,37118.711311488754,272.1645908281607,0.24819457427415645,90700325.25494167,0,False,0,0.9428121982856035,8,0.005452458059463152,0.0072173142188602995,0.2733501000038814
50,36769.16561614482,83.44943889200033,36852.61505503682,271.1795184601699,0.24729625897068966,90700325.25494167,0,False,0,0.9438919791733417,5,0.005396357496223855,0.007168790269116251,0.2784802000023774
51,36501.54645907553,84.95195500285718,36586.498414078385,270.1908453633303,0.24639466006092794,90700325.25494167,0,False,0,0.9449315576338684,5,0.005301740718454432,0.007221106034429477,0.28382479999709176
52,36236.39388068157,86.44667488586236,36322.84055556743,269.20770375560045,0.24549810547225337,90700325.25494167,0,False,0,0.9459331443834135,10,0.0050631961875525116,0.007206425045844178,0.2894178999995347
53,35990.28287723228,87.94231883754632,36078.22519606983,268.29194127752805,0.24466299581419748,90700325.25494167,0,False,0,0.9468987906238281,5,0.004897881912286591,0.006734477693818802,0.2947035000033793
54,35751.65354432563,89.43230309075385,35841.08584741638,267.4010229760747,0.24385054226221478,90700325.25494167,0,False,0,0.9478304021985741,3,0.004769846203165053,0.0065729216823912995,0.3004330000039772
55,35515.38452327934,90.9172001706953,35606.30172345004,266.51598272253517,0.24304344906807684,90700325.25494167,0,False,0,0.9487297522654735,6,0.0046697211440983695,0.006550697848995866,0.3060248000037973
56,35285.53722255808,92.40307607825895,35377.94029863634,265.65216815436713,0.24225571217568423,90700325.25494167,0,False,0,0.9495984926646243,9,0.004516103999234223,0.006413511478595867,0.3114198000039323
57,35066.283363835246,93.89093682728905,35160.17430066253,264.8255401725266,0.2415018867812355,90700325.25494167,0,False,0,0.9504381641357491,8,0.0043629988815102935,0.0061554176454473525,0.31692979999934323
58,34853.79430807197,95.37559117766101,34949.16989924963,264.0219472243623,0.24076906768433365,90700325.25494167,0,False,0,0.9512502055187321,5,0.0043232098641637195,0.006001233088566505,0.32194760000129463
59,34643.32577774142,96.8555192286265,34740.18129697005,263.22357712690336,0.24004101145244439,90700325.25494167,0,False,0,0.9520359620535963,9,0.004244241609517663,0.005979787299156156,0.3268702999994275
60,34436.47600114546,98.33559417327315,34534.81159531873,262.4365675783215,0.23932331522581327,90700325.25494167,0,False,0,0.9527966928812224,10,0.004147834274174336,0.005911589807081108,0.333318999997573
61,34234.46329951159,99.81967358205594,34334.28297309364,261.6656771512519,0.23862031848117293,90700325.25494167,0,False,0,0.9535335778332711,7,0.003961524689136552,0.0058065648243544815,0.342643500000122
62,34041.81051512799,101.31076614039415,34143.12128126838,260.9283829525948,0.23794795908572888,90700325.25494167,0,False,0,0.9542477235887569,8,0.003895357992506147,0.005567662268499028,0.34964149999723304
63,33851.66562455541,102.80929373325368,33954.474918288666,260.1986380615987,0.237282484117077,90700325.25494167,0,False,0,0.9549401692652046,11,0.003688991427547562,0.0055251645397519575,0.356621200000518
64,33674.553822593254,104.32039643129808,33778.874219024554,259.5170661925464,0.2366609394871825,90700325.25494167,0,False,0,0.9556118915041254,8,0.0036346330142543125,0.00517165115015605,0.3626778000034392
65,33500.3782521134,105.83850316041553,33606.21675527381,258.8450434221733,0.23604810294996892,90700325.25494167,0,False,0,0.9562638091034213,6,0.003574538067151077,0.005111403732143968,0.3696667999975034
66,33335.87728763308,107.36615734077365,33443.24344497385,258.2087422518187,0.2354678419483237,90700325.25494167,0,False,0,0.9568967872431737,9,0.003391181877281455,0.004849498873579232,0.3772384000039892
67,33186.03260785161,108.8982129533257,33294.93082080493,257.62776483854225,0.23493803224268828,90700325.25494167,0,False,0,0.9575116413458903,8,0.0033029895621345365,0.004434755989291066,0.38286689999949886
68,33041.72582747994,110.42302633990369,33152.14885381984,257.0670178279584,0.23442667121242394,90700325.25494167,0,False,0,0.9581091406076137,5,0.003338483151377571,0.004288399569098198,0.38819080000394024
69,32900.38973645908,111.93899784958887,33012.32873430867,256.51662611401656,0.23392475346952377,90700325.25494167,0,False,0,0.9586900112322029,10,0.003239407052833676,0.004217528104367764,0.3937052000037511
70,32765.6740349804,113.44753668100937,32879.12157166141,255.9909140379025,0.23344534178512763,90700325.25494167,0,False,0,0.9592549393975224,13,0.0032176363863601555,0.004035073190968885,0.39897190000192495
71,32634.141061120303,114.94640947516146,32749.087470595463,255.47657842205535,0.23297630461603527,90700325.25494167,0,False,0,0.9598045739791348,15,0.003156330690330527,0.0039549140868174355,0.40415650000068126
72,32514.144769582534,116.43652445483394,32630.58129403737,255.00644999522083,0.2325475812306848,90700325.25494167,0,False,0,0.9603395290543362,16,0.002990260292478931,0.0036186100349970838,0.4095452999972622
73,32403.475765667128,117.90928901995095,32521.385054687078,254.57209495805753,0.23215148060934923,90700325.25494167,0,False,0,0.9608603862069443,12,0.002950868262153444,0.003346438678683436,0.41480269999738084
74,32299.03433348531,119.3571348201909,32418.3914683055,254.16150115029345,0.23177704852394265,90700325.25494167,0,False,0,0.9613676966511135,7,0.003001380623749033,0.0031669495689801027,0.4201450000036857
75,32196.212223433387,120.77575604813856,32316.987979481524,253.7566244393765,0.23140783002055917,90700325.25494167,0,False,0,0.9618619831905493,8,0.003004329992118145,0.0031279617597040816,0.42552409999916563
76,32094.977433537977,122.16616932268714,32217.143602860666,253.35736592227974,0.23104373490673621,90700325.25494167,0,False,0,0.9623437420278342,7,0.0029595553563395048,0.003089532251095024,0.4307243000002927
77,31994.976966653783,123.53165935117818,32118.50862600496,252.96235675156802,0.2306835148918516,90700325.25494167,0,False,0,0.9628134444370816,8,0.002862611113664702,0.003061568029480634,0.43591980000201147
78,31900.953789956195,124.87761785626694,32025.83140781246,252.59039486867349,0.230344312349411,90700325.25494167,0,False,0,0.9632715383118254,11,0.002585475452866774,0.002885477008651143,0.44163339999795426
79,31820.19552451461,126.20516092291811,31946.400685437526,252.2704720117462,0.23005256566394383,90700325.25494167,0,False,0,0.9637184495988772,8,0.002492631271716421,0.0024802079722295103,0.4466530999998213
80,31744.155542639593,127.50522417963043,31871.660766819223,251.96886927808995,0.22977752561611117,90700325.25494167,0,False,0,0.9641545836278388,5,0.002514000550774896,0.002339541138115519,0.4519058000005316
81,31667.941441577535,128.77483581602783,31796.716277393563,251.66621323323295,0.22950152502405688,90700325.25494167,0,False,0,0.9645803263450347,3,0.0024869730582179794,0.002351446006343109,0.457880900001328
82,31591.705581481605,130.0184630112193,31721.724044492825,251.3631062088532,0.22922511317104352,90700325.25494167,0,False,0,0.964996045459788,5,0.002403917422051401,0.002358489859346125,0.4630105000032927
83,31516.943206002445,131.2424683589705,31648.185674361415,251.0655022339885,0.228953719704248,90700325.25494167,0,False,0,0.9654020915102275,6,0.002200903266723107,0.00231823371353539,0.4681314999979804
84,31448.45009464142,132.4519414409553,31580.902036082374,250.79254412618178,0.2287048014994381,90700325.25494167,0,False,0,0.9657987988551446,3,0.002148322829003427,0.0021259872199735083,0.47364399999787565
85,31380.507557331763,133.64588387954024,31514.153441211303,250.52148633333533,0.22845761624549116,90700325.25494167,0,False,0,0.9661864865978228,5,0.0020781109688894003,0.002113574678608235,0.47890190000180155
86,31315.14796246118,134.82927702592755,31449.977239487107,250.2604561750065,0.22821957547456648,90700325.25494167,0,False,0,0.966565459447225,4,0.0018943424268865075,0.0020364247398844157,0.4842350000035367
87,31255.318450364386,136.0047516228253,31391.323201987212,250.0212728963853,0.2280014574900401,90700325.25494167,0,False,0,0.9669360085214439,6,0.0018702058834982954,0.001864994592945259,0.4901996999979019
88,31196.428367854627,137.1702526467908,31333.59862050142,249.7856215551833,0.22778656037896183,90700325.25494167,0,False,0,0.9672984120978823,8,0.0018260170262316981,0.001838870604923663,0.4989770000029239
89,31138.70429196229,138.32803218943002,31277.03232415172,249.55442008492773,0.2275757212308308,90700325.25494167,0,False,0,0.9676529363142448,5,0.0017949264898921688,0.0018052920456026681,0.5049034000039683
90,31082.417373272212,139.47845198656793,31221.89582525878,249.32876838933853,0.2273699430789023,90700325.25494167,0,False,0,0.9679998358240649,3,0.0017627299321900341,0.0017628430447464815,0.5100138999987394
91,31026.974984801596,140.6209261653734,31167.59591096697,249.10630254893832,0.22716707019826538,90700325.25494167,0,False,0,0.9683393544101703,3,0.0017476129646735526,0.0017391613435555609,0.5151084000026458
92,30974.63064464876,141.7565778896072,31116.387222538367,248.89608532336848,0.2269753671753018,90700325.25494167,0,False,0,0.9686717255592106,5,0.001646365943819572,0.0016430105348800672,0.5209520999997039
93,30925.912310178057,142.881997756983,31068.79430793504,248.70027064793499,0.22679679824442817,90700325.25494167,0,False,0,0.9689971730000947,7,0.0016568267748864412,0.0015295128660969377,0.52644539999892
94,30877.821328231563,143.99269110702267,31021.814019338584,248.50682617679362,0.2266203907697654,90700325.25494167,0,False,0,0.9693159112089641,6,0.0016661065519169875,0.0015121374885300105,0.5326137000010931
95,30830.089362334045,145.08712743886255,30975.176489772908,248.31467682090016,0.2264451643472616,90700325.25494167,0,False,0,0.969628145883101,3,0.0016790663735767382,0.0015033785431310695,0.5382833999974537
96,30783.968873947575,146.1646511423257,30930.1335250899,248.1288732652755,0.22627572483918099,90700325.25494167,0,False,0,0.9699340743859814,6,0.0016177714766264317,0.0014541632942069197,0.5435352999993484
97,30740.572980678087,147.22346028969713,30887.796440967784,247.9539190280246,0.2261161791308292,90700325.25494167,0,False,0,0.9702338861655042,4,0.0016336743587372518,0.0013687973279446696,0.549200399997062
98,30697.94008537122,148.26054943101965,30846.20063480224,247.78192058893734,0.22595932889827255,90700325.25494167,0,False,0,0.970527763147263,4,0.0016404228391309337,0.0013466744461697337,0.5546514000016032
99,30655.27703908906,149.27554446616625,30804.552583555225,247.60968090561022,0.22580225866828266,90700325.25494167,0,False,0,0.9708158801045849,1,0.0016369014528943404,0.00135018415201598,0.5598412000035751
100,30612.499075967266,150.27065870113867,30762.769734668404,247.43685689875414,0.22564465557716976,90700325.25494167,0,False,0,0.9710984050069197,2,0.0016063216270882782,0.0013563855139102781,0.565753399998357
101,30569.703503177298,151.24951173526733,30720.953014912564,247.26384087924097,0.22548687738429382,90700325.25494167,0,False,0,0.9713754993480485,2,0.0015633377694794592,0.0013593288288574947,0.5716691999987233
102,30527.07732306144,152.21672879679252,30679.294051858233,247.0913892593647,0.2253296138833812,90700325.25494167,0,False,0,0.9716473184554572,3,0.001509097205579008,0.0013560439688869404,0.5775256999986595
103,30484.993257601393,153.17739129106147,30638.170648892454,246.92101270487854,0.22517424269318226,90700325.25494167,0,False,0,0.9719140117821313,3,0.0014522081787260474,0.0013404285931829687,0.5833247999980813
104,30443.38006234976,154.13611301880414,30597.516175368564,246.75242678583632,0.2250205044339988,90700325.25494167,0,False,0,0.9721757231819224,2,0.0014105103422457543,0.0013269223541373248,0.5884742999987793
105,30402.175744583874,155.09770984946422,30557.27345443334,246.58538377034384,0.2248681731921224,90700325.25494167,0,False,0,0.972432591169558,2,0.0013763578547652958,0.0013152283572488298,0.5936107000015909
106,30361.371647706626,156.0667302645951,30517.438377971223,246.41985166664892,0.22471721979337114,90700325.25494167,0,False,0,0.9726847491662854,4,0.0013535699625544617,0.0013036201191679911,0.5988010000000941
107,30321.015754535125,157.0472430733671,30478.062997608493,246.25602837102335,0.22456782470494227,90700325.25494167,0,False,0,0.9729323257320669,4,0.0013371374726751162,0.0012902583721165943,0.6040818999972544
108,30281.172159849575,158.0419152092743,30439.214075058848,246.09417774441383,0.22442022854908258,90700325.25494167,0,False,0,0.9731754447851788,2,0.0013198224398771978,0.0012746519538559063,0.6100960000039777
109,30241.832149862028,159.05187725574766,30400.884027117776,245.9342682501242,0.22427440256658854,90700325.25494167,0,False,0,0.9734142258100047,1,0.0013072764707103386,0.00125923250996413,0.6188480999990134
110,30202.782313842756,160.07778443527573,30362.86009827803,245.77543536262021,0.22412955837221765,90700325.25494167,0,False,0,0.9736487840537572,2,0.0012949534867785204,0.0012507507612551168,0.6268688999989536
111,30164.1178332493,161.1202745190897,30325.23810776839,245.618068688968,0.22398605125965315,90700325.25494167,0,False,0,0.9738792307128099,4,0.0012752172331616162,0.0012390792694715249,0.6327063999997335
112,30125.957021071805,162.17895953586606,30288.135980607673,245.46265304959044,0.22384432335032634,90700325.25494167,0,False,0,0.9741056731092769,1,0.0012608685479045788,0.001223473564456943,0.6390128999992157
113,30088.11600461587,163.25286513492216,30251.368869750793,245.30844259672708,0.2237036944846073,90700325.25494167,0,False,0,0.9743282148584276,2,0.0012490827367868643,0.0012139113110301626,0.644651900001918
114,30050.61657539304,164.3413527219323,30214.95792811497,245.155528493212,0.22356424779645823,90700325.25494167,0,False,0,0.9745469560274896,6,0.0012365945334209,0.0012036130263259168,0.6499597000001813
115,30013.76859311816,165.44326488445483,30179.211858002614,245.0051778763794,0.22342713882418863,90700325.25494167,0,False,0,0.9747619932863513,4,0.0012320353521501047,0.0011830587418787941,0.655468099997961
116,29977.276309616056,166.55413367394254,30143.83044329,244.8561876270071,0.2232912704094127,90700325.25494167,0,False,0,0.9749734200506426,6,0.0012318543625887528,0.0011723770282368053,0.6606351000009454
117,29941.18669109474,167.67223818374487,30108.858929278485,244.70875215690484,0.2231568198417485,90700325.25494167,0,False,0,0.9751813266176402,6,0.0012248506536309556,0.001160154947039904,0.6656521000040811
118,29905.75605832263,168.79604643516797,30074.552104757797,244.56392235292037,0.2230247454545817,90700325.25494167,0,False,0,0.9753858002954143,2,0.0012365961747937372,0.00113942625993468,0.6712733000022126
119,29870.536187393023,169.9236457812485,30040.45983317427,244.41986902620263,0.22289337915895635,90700325.25494167,0,False,0,0.9755869255256047,3,0.001247381474074309,0.0011335919971400827,0.6766853000008268
120,29835.472089962655,171.0547932419485,30006.526883204602,244.2763684434606,0.2227625169261678,90700325.25494167,0,False,0,0.9757847840001912,10,0.00125040942791823,0.001129574918563526,0.6817492999980459
121,29800.567307975467,172.189683589082,29972.756991564547,244.13343608762594,0.2226321728755386,90700325.25494167,0,False,0,0.9759794547725988,7,0.0012428426959227884,0.001125418205562365,0.6870941000015591
122,29765.815350175224,173.32895053496534,29939.144300710188,243.9910463528333,0.22250232365635716,90700325.25494167,0,False,0,0.9761710143634545,1,0.0012368103088822298,0.0011214414097381535,0.6923008000012487
123,29731.14883609025,174.47406619722543,29905.622902287476,243.8489238692279,0.22237271815107856,90700325.25494167,0,False,0,0.9763595368612947,1,0.0012244860334530388,0.0011196511859531309,0.6974916000035591
124,29696.582932116467,175.6270715298972,29872.210003646363,243.70713133643204,0.22224341353725854,90700325.25494167,0,False,0,0.9765450940185029,2,0.0012073186636337475,0.0011172781369672344,0.7033830000000307
125,29662.148505015273,176.79040872316838,29838.938913738442,243.56579605936165,0.22211452590784403,90700325.25494167,0,False,0,0.9767277553427384,4,0.0011870420202324686,0.0011137806644992076,0.7086876000030315
126,29627.89808600136,177.96668335222492,29805.864769353586,243.42513463486617,0.2219862527836172,90700325.25494167,0,False,0,0.9769075881841018,4,0.0011696611905355207,0.0011084222693196536,0.7138548000002629
127,29593.83269445716,179.1583879102533,29772.991082367414,243.2851524218326,0.22185859905149832,90700325.25494167,0,False,0,0.9770846578182681,3,0.0011518950244911918,0.0011029267978150438,0.7193791000026977
128,29560.018311821485,180.3678616494781,29740.386173470964,243.14612195888085,0.22173181324714938,90700325.25494167,0,False,0,0.9772590275258022,6,0.0011408960365921336,0.0010951170074329486,0.7245111000011093
129,29526.43574740579,181.59692252407868,29708.032669929868,243.00796590813968,0.22160582484398214,90700325.25494167,0,False,0,0.9774307586678609,4,0.0011312576649347974,0.0010878642715795284,0.7295347999970545
130,29493.05503041612,182.84685811260672,29675.901888528726,242.87056235952565,0.2214805226687497,90700325.25494167,0,False,0,0.9775999107584725,3,0.0011262633001437989,0.001081551974785055,0.7347490000029211
131,29459.858909890347,184.11812234945737,29643.977032239804,242.7338415214918,0.22135584307656997,90700325.25494167,0,False,0,0.9777665415335723,5,0.0011188751415568642,0.0010757838602122845,0.7401047000021208
132,29426.88364037057,185.40988365894094,29612.293524029512,242.59795399125102,0.22123192340129313,90700325.25494167,0,False,0,0.9779307070169622,5,0.0011078586582991628,0.0010688008621729025,0.7457126000008429
133,29394.07974293409,186.72052188543603,29580.800264819525,242.46269710177725,0.22110857882513635,90700325.25494167,0,False,0,0.9780924615833548,1,0.001095895562625856,0.001063519756902006,0.7510842999981833
134,29361.436805171557,188.04852158669237,29549.48532675825,242.32802894082045,0.22098577112713547,90700325.25494167,0,False,0,0.9782518580186513,2,0.001085815180776406,0.0010586237620662648,0.7565498000039952
135,29328.948357773326,189.3924790865645,29518.34083685989,242.19392377916225,0.22086347684408988,90700325.25494167,0,False,0,0.9784089475775907,3,0.0010752712770908533,0.0010539774061701956,0.7618966000009095
136,29296.628559091747,190.75103889764256,29487.37959798939,242.06044104352014,0.22074175016890105,90700325.25494167,0,False,0,0.9785637800389086,1,0.0010660569093890715,0.0010488814070415983,0.7678134000016144
137,29264.469248638798,192.1229044116498,29456.592153050446,241.92754803303734,0.2206205612807344,90700325.25494167,0,False,0,0.9787164037581244,0,0.0010575313753811788,0.0010440888732291698,0.7733047000001534
138,29232.47348394212,193.5069969499146,29425.980480892038,241.7952583651802,0.220499922597742,90700325.25494167,0,False,0,0.9788668657180801,3,0.0010491481815448236,0.0010392129544163017,0.7784848000010243
139,29200.717507410234,194.9024495546145,29395.61995696485,241.6638885204417,0.22038012272742047,90700325.25494167,0,False,0,0.9790152115773374,5,0.0010385029151750535,0.0010317591268336503,0.7842069000034826
140,29169.14561672005,196.30827717372384,29365.453893893773,241.53320938007695,0.22026095272991766,90700325.25494167,0,False,0,0.9791614857165423,2,0.0010311854456838913,0.0010262094528109577,0.7895355000000563
141,29139.740246164107,197.72365118049035,29337.463897344598,241.41143405466158,0.22014990237264453,90700325.25494167,0,False,0,0.9793057312828535,5,0.0009568352544137708,0.000953160698632865,0.7947768000012729
142,29113.415801459385,199.14023864883544,29312.556040108222,241.30236551455266,0.22005043969163718,90700325.25494167,0,False,0,0.9794479902325275,3,0.000983093936798353,0.0008490119433476481,0.8003040999974473
143,29087.742330471625,200.54708788653627,29288.289418358163,241.19594660968755,0.2199533932878146,90700325.25494167,0,False,0,0.9795883033717538,3,0.0010336763305083946,0.0008278575814697031,0.80669399999897
144,29062.6327721481,201.93931744010092,29264.5720895882,241.09181973741084,0.21985843705321928,90700325.25494167,0,False,0,0.9797267103958175,3,0.0010702210226227523,0.0008097888009497831,0.8130148999989615
145,29038.2248523018,203.31327541093376,29241.53812771273,240.99055936821176,0.21976609486370913,90700325.25494167,0,False,0,0.9798632499266725,0,0.001120702896386257,0.0007870937529841671,0.8186541000031866
146,29013.86206651858,204.66618772847048,29218.528254247052,240.8894437974341,0.21967388471996746,90700325.25494167,0,False,0,0.9799979595489997,1,0.001146100692671801,0.0007868899838709807,0.824277699997765
147,28989.466956597156,205.99773751709537,29195.464694114253,240.78815152161104,0.2195815134339061,90700325.25494167,0,False,0,0.9801308758448195,4,0.001135431480934122,0.0007893470859350032,0.8308048999970197
148,28966.034361087393,207.30911428625373,29173.343475373647,240.69081561658058,0.2194927500740689,90700325.25494167,0,False,0,0.9802620344267278,3,0.0010857084279772187,0.0007576936682588578,0.8381099000034737
149,28944.029151798364,208.59931862277446,29152.62847042114,240.5993730324265,0.2194093609999223,90700325.25494167,0,False,0,0.9803914699698173,1,0.0010907909625433234,0.0007100661934753679,0.8451819000038086
150,28922.069095895018,209.86636315387616,29131.935459048895,240.50808342296946,0.2193261114277208,90700325.25494167,0,False,0,0.980519216242345,0,0.0010779019835029495,0.0007098163170171847,0.8524214999997639
151,28900.138788058153,211.11179892665572,29111.25058698481,240.41688288495112,0.21924294308227893,90700325.25494167,0,False,0,0.9806453061352034,2,0.0010417335904043417,0.0007100411194155499,0.8594666999997571
152,28880.26765484486,212.33825286337947,29092.605907708243,240.33421585302773,0.21916755668196763,90700325.25494167,0,False,0,0.980769771690249,3,0.0009905802206369202,0.0006404630134613001,0.8655523999987054
153,28860.84692850298,213.54317606153546,29074.390104564514,240.25339509985275,0.21909385395537215,90700325.25494167,0,False,0,0.98089264412754,3,0.000980490502258422,0.0006261317120066592,0.8721223000029568
154,28841.515945740648,214.72747102861513,29056.243416769263,240.1729208122375,0.21902046718050217,90700325.25494167,0,False,0,0.9810139538715308,4,0.0009550462210078856,0.0006241468085826746,0.8786087999978918
155,28823.02554374994,215.89337721042816,29038.91892096037,240.09592059737267,0.2189502485106552,90700325.25494167,0,False,0,0.9811337305762713,3,0.0009187772425032639,0.0005962400424721085,0.8848225999972783
156,28804.79433527858,217.04151519079971,29021.83585046938,240.0199755656957,0.21888099209214776,90700325.25494167,0,False,0,0.9812520031496537,1,0.0008980475477218156,0.0005882819032446445,0.8907852999982424
157,28786.669625677707,218.17391558233277,29004.84354126004,239.94445034498176,0.21881211851110985,90700325.25494167,0,False,0,0.9813687997767477,0,0.000876403945011862,0.0005855008379513962,0.8961419999977807
158,28768.63982162344,219.29307288391993,28987.93289450736,239.86929699994303,0.21874358405399913,90700325.25494167,0,False,0,0.9814841479422676,0,0.0008532996992522231,0.0005830283734723175,0.9016792000038549
159,28750.732968287182,220.40211536476534,28971.13508365195,239.7946328352125,0.21867549569422226,90700325.25494167,0,False,0,0.9815980744522028,0,0.0008334238712292228,0.000579475981145085,0.9081635000038659
160,28732.962896179088,221.5043415130386,28954.467237692126,239.72051600219405,0.2186079064616862,90700325.25494167,0,False,0,0.9817106054546547,2,0.0008203179219893523,0.0005753259550133368,0.9134973000036553
161,28715.330334001985,222.60300313630344,28937.93333713829,239.6469500494508,0.21854081959242588,90700325.25494167,0,False,0,0.9818217664599063,3,0.0008155004683755508,0.0005710310750361099,0.9193629000001238
162,28697.7910049769,223.700728556113,28921.491733533014,239.57375066971298,0.21847406701143848,90700325.25494167,0,False,0,0.9819315823597653,5,0.0008168006721297461,0.0005681678582130992,0.9255935000037425
163,28681.692539560965,224.79959116309527,28906.492130724062,239.5065449609299,0.21841278022821126,90700325.25494167,0,False,0,0.9820400774462043,4,0.0007836935739604104,0.0005186317132999217,0.9313188000014634
164,28665.713811040725,225.89381920556244,28891.607630246286,239.43982046034333,0.21835193227232416,90700325.25494167,0,False,0,0.9821472754293311,7,0.000775207475380264,0.0005149189465973103,0.9379457000031834
165,28649.816270379,226.98050810912903,28876.79677848813,239.37341652898303,0.218291376652565,90700325.25494167,0,False,0,0.9822531994547181,16,0.0007707025640215819,0.0005126350858597248,0.9444386000031955
166,28633.989669299313,228.05810209263208,28862.047771391946,239.30729060895456,0.2182310745591883,90700325.25494167,0,False,0,0.9823578721201132,9,0.0007685643115316132,0.0005107563421705545,0.9510434999974677
167,28618.228062560273,229.12549436637363,28847.353556926646,239.2414180803996,0.21817100354065017,90700325.25494167,0,False,0,0.9824613154915618,8,0.0007666310981056335,0.0005091189156670034,0.9575105999974767
168,28602.522131190006,230.1821340774494,28832.704265267454,239.17576018982362,0.21811112825654486,90700325.25494167,0,False,0,0.9825635511189639,6,0.0007639224866573093,0.0005078209905904831,0.9634031000023242
169,28588.08603375595,231.22780684783595,28819.313840603787,239.1153948776864,0.21805607942414076,90700325.25494167,0,False,0,0.9826646000510836,8,0.0007520898710742846,0.0004644179241902416,0.9694398999999976
170,28574.036576289283,232.25753352724027,28806.294109816525,239.05663168500172,0.21800249160969737,90700325.25494167,0,False,0,0.9827644828500429,10,0.0007755871259329088,0.0004517710192294245,0.9751535000032163
171,28560.00836132971,233.26907528351506,28793.277436613225,238.9979429255813,0.21794897167304908,90700325.25494167,0,False,0,0.9828632196053112,6,0.0007954048683855061,0.0004518690656172829,0.9805245000025025
172,28545.9418598005,234.26174645274074,28780.20360625324,238.93907951526262,0.21789529246731582,90700325.25494167,0,False,0,0.9829608299472161,5,0.0008084244775303618,0.0004540584304363322,0.986092600003758
173,28531.815210066445,235.2355496605081,28767.050759726953,238.87994980770756,0.21784137041761448,90700325.25494167,0,False,0,0.9830573330599938,3,0.0008096574435463087,0.00045701019722555527,0.9911528000011458
174,28517.623929238598,236.19160859285415,28753.81553783145,238.8205348341662,0.21778718822580645,90700325.25494167,0,False,0,0.9831527476943955,4,0.0007975904581403271,0.0004600826829989457,0.9962950999979512
175,28503.391668560587,237.1319076172769,28740.523576177864,238.76093343996035,0.21773283603173132,90700325.25494167,0,False,0,0.9832470921798697,6,0.0007723132195375765,0.00046226775142586173,1.0016917000029935
176,28489.172351041463,238.0591701005314,28727.231521141995,238.70137138710143,0.21767851971414118,90700325.25494167,0,False,0,0.9833403844363346,9,0.0007357175671391929,0.00046248479087854607,1.0073093000028166
177,28475.04847639881,238.9765701456917,28714.025046544502,238.64219440995262,0.21762455455796276,90700325.25494167,0,False,0,0.9834326419855582,9,0.0006988941149468535,0.00045971971186202466,1.0129796999972314
178,28462.42232561436,239.88713693418237,28702.309462548543,238.5892802521285,0.2175763006435418,90700325.25494167,0,False,0,0.9835238819621621,6,0.0006382161145112469,0.0004080091166936375,1.0187880000012228
179,28450.375649489506,240.7889531573939,28691.1646026469,238.53878363691513,0.21753025135448098,90700325.25494167,0,False,0,0.9836141211242594,3,0.0006334980411211218,0.00038829139920555937,1.0242278000005172
180,28438.366057967545,241.6816697726129,28680.04772774016,238.4884318283281,0.21748433411867096,90700325.25494167,0,False,0,0.9837033758637466,2,0.0006273831443238471,0.00038746684077489615,1.029849500002456
181,28426.39141694669,242.56637161564237,28668.957788562333,238.43821596777096,0.21743854085770756,90700325.25494167,0,False,0,0.9837916622162577,3,0.0006172667078911201,0.00038667784946184807,1.0349736999996821
182,28414.454360168063,243.44449206888632,28657.89885223695,238.38814718927642,0.21739288172502957,90700325.25494167,0,False,0,0.9838789958707959,3,0.0006067957178335987,0.00038574601863602194,1.040479499999492
183,28402.57187545269,244.31732886632798,28646.889204319017,238.3382968616361,0.21734742180385294,90700325.25494167,0,False,0,0.9839653921790542,3,0.0005932044328699342,0.00038417498696260424,1.0457506000020658
184,28390.7666419295,245.1865807637222,28635.95322269322,238.28876029695357,0.21730224801197584,90700325.25494167,0,False,0,0.9840508661644373,1,0.0005795439351010918,0.00038175110560164304,1.0510331999976188
185,28379.05026669108,246.05400200974265,28625.104268700823,238.2395864112053,0.21725740495725826,90700325.25494167,0,False,0,0.9841354325307938,2,0.0005701021199031876,0.00037885779139351574,1.0569561000011163
186,28367.424948316388,246.92133975597739,28614.346288072364,238.19078465934146,0.21721290126193615,90700325.25494167,0,False,0,0.9842191056708731,4,0.0005609933672543112,0.00037582328181149353,1.0626074000028893
187,28355.885738585686,247.79025846866483,28603.67599705435,238.14233449173074,0.2171687181862206,90700325.25494167,0,False,0,0.9843018996745135,2,0.0005563688253709287,0.00037290004498413546,1.0676955000017188
188,28344.42173181136,248.6622682320222,28593.084000043382,238.0941903189213,0.21712481415580334,90700325.25494167,0,False,0,0.9843838283365739,1,0.0005541017199399711,0.0003703019504226947,1.0729771999976947
189,28333.02632882246,249.53871347598013,28582.56504229844,238.04632460436125,0.2170811640593253,90700325.25494167,0,False,0,0.9844649051646158,0,0.0005532223862401257,0.0003678846865530809,1.0803095000010217
190,28321.692019078706,250.42070677801038,28572.112725856718,237.99870595899762,0.21703773927222283,90700325.25494167,0,False,0,0.9845451433863492,1,0.0005527717787276172,0.0003656885386687411,1.0895705000002636
191,28310.45781332849,251.30909752044505,28561.766910848935,237.9514984753342,0.21699468943508296,90700325.25494167,0,False,0,0.9846245559568461,1,0.0005488036318052597,0.0003620948547644374,1.0958393000037177
192,28299.325157189112,252.2038806144198,28551.52903780353,237.90470847458698,0.21695202031240096,90700325.25494167,0,False,0,0.9847031555655302,0,0.0005432540169588937,0.0003584467682745168,1.1044433999995817
193,28288.248940524005,253.10462713477827,28541.35356765878,237.85814655177992,0.2169095591804318,90700325.25494167,0,False,0,0.9847809546429579,2,0.0005374193503093729,0.0003563896746572509,1.1123616000040784
194,28277.235822392788,254.01110755833133,28531.246929951118,237.81184084226246,0.21686733169659497,90700325.25494167,0,False,0,0.9848579653673867,4,0.0005309321229616691,0.00035410505965338093,1.1182995999988634
195,28266.42857523606,254.92297380871153,28521.35154904477,237.76639197008504,0.21682588558691926,90700325.25494167,0,False,0,0.9849341996711478,3,0.0005179668191628052,0.00034682609318270396,1.125186199999007
196,28255.836376541505,255.83905933398498,28511.67543587549,237.72183903268754,0.21678525650546385,90700325.25494167,0,False,0,0.9850096692468265,3,0.0005120872167099502,0.00033925857800396603,1.131195599999046
197,28245.33941219712,256.758062390927,28502.09747458805,237.6776784310934,0.21674498520610413,90700325.25494167,0,False,0,0.9850843855532553,5,0.0005114981571991413,0.00033593119804497124,1.1373643999977503
198,28235.242839000115,257.67915035942366,28492.92198935954,237.63519452724216,0.21670624293475366,90700325.25494167,0,False,0,0.9851583598213295,7,0.000506836576248873,0.00032192315799527295,1.1436001000038232
199,28225.694220386,258.5982628568092,28484.29248324281,237.59500929264487,0.2166695968847931,90700325.25494167,0,False,0,0.9852316030596494,3,0.0005328324691262498,0.00030286490518423976,1.149671400002262
200,28216.299642197228,259.50980404001024,28475.80944623724,237.55546570094836,0.216633535967109,90700325.25494167,0,False,0,0.9853041260599963,2,0.0005738308699046906,0.00029781455904379816,1.1565503000019817
201,28206.9607226718,260.4112790125808,28467.37200168438,237.51614986215907,0.216597682743731,90700325.25494167,0,False,0,0.9853759394026456,3,0.0006145779199010771,0.00029630218479967206,1.1622268999999505
202,28197.693947022402,261.30112661099946,28458.995073633403,237.47713130751097,0.21656210062215445,90700325.25494167,0,False,0,0.9854470534615268,5,0.0006360022215985581,0.00029426418604714213,1.1704785999972955
203,28188.66284420398,262.1782854211505,28450.84112962513,237.43909890413576,0.21652741779976523,90700325.25494167,0,False,0,0.9855174784092318,4,0.0006503067476492743,0.00028651552829525963,1.1798531000022194
204,28179.61909750102,263.04172876301936,28442.66082626404,237.40100714824703,0.2164926808521432,90700325.25494167,0,False,0,0.9855872242218772,2,0.0006599292425030765,0.00028752413061597154,1.1859658000030322
205,28170.518464451576,263.8917945145168,28434.410258966094,237.36266961951526,0.21645771977732686,90700325.25494167,0,False,0,0.9856563006838277,4,0.0006521524224210145,0.0002900771959537402,1.1912117000028957
206,28161.358223489005,264.7297061367203,28426.087929625726,237.3240747311111,0.21642252400895934,90700325.25494167,0,False,0,0.985724717392284,4,0.0006315080899872574,0.0002926851397504814,1.196748000002117
207,28152.810794315872,265.5573494370329,28418.368143752905,237.2880561440709,0.21638967764254116,90700325.25494167,0,False,0,0.9857924837617377,3,0.0005921040677208415,0.0002715739813347935,1.2024204999979702
208,28144.928412102738,266.37371642809893,28411.302128530835,237.25483519668356,0.2163593825227069,90700325.25494167,0,False,0,0.9858596090283016,5,0.0005932734290622334,0.00024864253944233356,1.2080156000010902
209,28138.360258433957,267.1770982087107,28405.537356642668,237.22714962008018,0.2163341352637681,90700325.25494167,0,False,0,0.9859261022539157,4,0.0005662145867029904,0.00020290417743219644,1.2138689999992494
210,28132.510846808447,267.96287038436856,28400.473717192817,237.20249090938503,0.21631164828930713,90700325.25494167,0,False,0,0.9859919723304367,1,0.0006095281331791157,0.00017826240659610194,1.2195986000006087
211,28126.673996107187,268.7279827889969,28395.401978896185,237.17788259492994,0.2162892072726003,90700325.25494167,0,False,0,0.98605722798361,3,0.0006311283304978083,0.00017857935565215467,1.2248726000034367
212,28120.815842245334,269.4717233642398,28390.287565609575,237.15318189830526,0.2162666820099848,90700325.25494167,0,False,0,0.9861218777769333,5,0.0006360871667891422,0.00018011413574674204,1.2302580000032322
213,28114.976746056374,270.19431455432806,28385.1710606107,237.128558997251,0.21624422769134635,90700325.25494167,0,False,0,0.9861859301154119,3,0.0006141751586706078,0.00018022025972966394,1.2363564999977825
214,28109.140074083185,270.8965385938222,28380.036612677006,237.1039437634186,0.216221780364664,90700325.25494167,0,False,0,0.9862493932492103,1,0.0005858565930371871,0.00018088486846640247,1.2419425999978557
215,28103.34606787705,271.57997217029686,28374.926040047347,237.07950593789016,0.2161994948216227,90700325.25494167,0,False,0,0.9863122752772026,2,0.0005507660190727001,0.00018007632264210389,1.247382599998673
216,28097.61386165593,272.2466957481929,28369.86055740412,237.05532629180018,0.2161774447197004,90700325.25494167,0,False,0,0.9863745841504266,3,0.0005068536643597633,0.00017851967741083487,1.2526336000009906
217,28091.987612517143,272.8993728327815,28364.886985349924,237.0315911962671,0.21615580001598172,90700325.25494167,0,False,0,0.9864363276754428,3,0.00046230570018312577,0.00017531182587711186,1.2579305000035674
218,28086.503733314257,273.540687654234,28360.04442096849,237.0084544201504,0.21613470093663092,90700325.25494167,0,False,0,0.9864975135176035,3,0.0004203788588026516,0.00017072390889251893,1.263818799998262
219,28081.17545733643,274.1735630813965,28355.349020417827,236.98597197866556,0.21611419856350444,90700325.25494167,0,False,0,0.9865581492042313,3,0.00038912072372079246,0.00016556393498423275,1.2698916000008467
220,28076.006782201657,274.8010022199649,28350.80778442162,236.96416092819462,0.21609430845079863,90700325.25494167,0,False,0,0.9866182421277148,2,0.0003744747398763306,0.00016015447360342901,1.2760177000018302
221,28070.975718872938,275.4258845108501,28346.401603383787,236.94292865106965,0.21607494613784722,90700325.25494167,0,False,0,0.9866777995485188,1,0.0003775935575557817,0.00015541641957216417,1.2816262999986066
222,28066.04841264856,276.05079345005817,28342.099206098617,236.92213240914646,0.21605598145770671,90700325.25494167,0,False,0,0.9867368285981162,1,0.0003914300561552233,0.00015177931031133522,1.2870179000019561
223,28061.183721617275,276.67726053934575,28337.86098215662,236.9015986506519,0.21603725614361535,90700325.25494167,0,False,0,0.9867953362818408,0,0.00040875914286070457,0.00014953810976304528,1.2924799000029452
224,28056.35175021501,277.30669808178016,28333.65844829679,236.88120123899662,0.21601865516805616,90700325.25494167,0,False,0,0.9868533294816652,2,0.0004228642155363568,0.00014830102605410198,1.2979898999983561
225,28052.33474684086,277.9397130756639,28330.274459916523,236.8642427503183,0.2160031902434492,90700325.25494167,0,False,0,0.9869108149589054,2,0.0003794412356506125,0.00011943351355208429,1.3035500999976648
226,28048.510602299502,278.57000610345506,28327.080608402957,236.84809732104458,0.21598846677066796,90700325.25494167,0,False,0,0.9869677993568551,10,0.0003540365807095581,0.00011273634210939439,1.308968299999833
227,28045.537704368446,279.19394236903474,28324.73164673748,236.83554507028055,0.2159770200188143,90700325.25494167,0,False,0,0.9870242892033497,12,0.00032941977950885515,8.292282914534322e-05,1.3142396999974153
228,28042.987914383782,279.80269738082126,28322.790611764605,236.82477874742662,0.21596720190504318,90700325.25494167,0,False,0,0.9870802909132663,7,0.0003828725830805397,6.852792100851669e-05,1.319515199997113
229,28040.672588314294,280.39092930416035,28321.063517618455,236.81500200922363,0.2159582862214537,90700325.25494167,0,False,0,0.9871358107909564,6,0.0004558619500856338,6.097895401001906e-05,1.3249686999988626
230,28038.47957849653,280.9547170182441,28319.434295514777,236.8057413936433,0.2159498412046553,90700325.25494167,0,False,0,0.9871908550326172,10,0.0005226143447025972,5.752686874434626e-05,1.330448200002138
231,28036.311746015905,281.4911844856501,28317.802930501555,236.79658674067034,0.21594149281815012,90700325.25494167,0,False,0,0.9872454297286025,9,0.0005723092937960822,5.76058474967449e-05,1.336598399997456
232,28034.082854252913,281.99840910059595,28316.08126335351,236.78717386823516,0.21593290895402717,90700325.25494167,0,False,0,0.9872995408656738,7,0.0006059834705251904,6.079804821973286e-05,1.342630500002997
233,28031.744761055732,282.4754695335258,28314.220230589257,236.77729942313192,0.21592390416875687,90700325.25494167,0,False,0,0.987353194329194,8,0.000614696046960017,6.572352815858307e-05,1.348033200003556
234,28029.28365968235,282.9223405275678,28312.206000209917,236.76690503396944,0.21591442523181958,90700325.25494167,0,False,0,0.9874063959052665,5,0.0006169783245320826,7.113847257442509e-05,1.3538006000017049
235,28026.675416112943,283.33968577791757,28310.015101890862,236.75588869598553,0.21590437912219285,90700325.25494167,0,False,0,0.9874591512828198,3,0.0006049821482737309,7.738352564398827e-05,1.3593411000038031
236,28023.9451039453,283.72911119644243,28307.674215141746,236.74435623239384,0.21589386234305283,90700325.25494167,0,False,0,0.9875114660556398,7,0.0005754552141644899,8.268758390594533e-05,1.3646208999998635
237,28021.14873380232,284.09291005110896,28305.24164385343,236.73254416662834,0.21588309058679664,90700325.25494167,0,False,0,0.9875633457243508,4,0.0005412919756209695,8.593327978225312e-05,1.3702220999985002
238,28018.311410460927,284.433691269241,28302.74510173017,236.72055850923016,0.21587216052742966,90700325.25494167,0,False,0,0.9876147956983485,5,0.0005030213924034671,8.820069988008394e-05,1.3755585000035353
239,28015.47526181767,284.7545503240187,28300.22981214169,236.70857720757678,0.21586123444018937,90700325.25494167,0,False,0,0.987665821297684,4,0.00046673035110331135,8.887087027910659e-05,1.380622399999993
240,28012.668264659842,285.05877998628773,28297.72704464613,236.69671845912796,0.2158504201126763,90700325.25494167,0,False,0,0.9877164277549009,2,0.0004387026054531205,8.843629582421974e-05,1.38609610000276
241,28009.902047778174,285.3497028257821,28295.251750603955,236.68503141423275,0.21583976236648136,90700325.25494167,0,False,0,0.987766620216829,3,0.00042221503640884077,8.747324611159036e-05,1.3913967999978922
242,28007.172221260564,285.6305525801598,28292.80277384072,236.6734975499393,0.21582924431000186,90700325.25494167,0,False,0,0.9878164037463318,2,0.00041942237953987183,8.655080311065986e-05,1.3964535999984946
243,28004.460794019986,285.90434383404414,28290.36513785403,236.6620408684924,0.2158187966387392,90700325.25494167,0,False,0,0.9878657833240136,0,0.0004274458649160484,8.615745870694852e-05,1.4018470000009984
244,28001.74195126276,286.1737029718271,28287.915654234588,236.65055229710646,0.21580831988614083,90700325.25494167,0,False,0,0.9879147638498831,1,0.00043995306170495395,8.658366929895423e-05,1.4072659000012209
245,27998.990057684092,286.4408065304685,28285.43086421456,236.63892350027328,0.21579771525799815,90700325.25494167,0,False,0,0.9879633501449782,3,0.0004499967993877289,8.783927562571615e-05,1.4125609000038821
246,27996.1852372747,286.70729978093766,28282.89253705564,236.62707046014285,0.21578690613606177,90700325.25494167,0,False,0,0.9880115469529512,2,0.0004522591450122389,8.973973813958167e-05,1.4187072999993688
247,27993.315573725973,286.97425326794325,28280.289826993918,236.61494278141427,0.215775846563434,90700325.25494167,0,False,0,0.9880593589416159,2,0.0004434030518351609,9.202418240323685e-05,1.4243859999987762
248,27990.400881887657,287.2421035086062,28277.64298539626,236.6026241692499,0.2157646128732156,90700325.25494167,0,False,0,0.9881067907044573,1,0.00042586561759692395,9.359315671261527e-05,1.429886500001885
249,27987.461345347383,287.51096263169035,28274.972307979075,236.59019990416925,0.21575328283511996,90700325.25494167,0,False,0,0.9881538467621062,8,0.00040149928360499305,9.444483822666391e-05,1.4352674999972805
250,27984.525747310938,287.7806205711593,28272.306367882098,236.57779163442598,0.21574196738362408,90700325.25494167,0,False,0,0.9882005315637787,5,0.0003755386996296309,9.428621425118916e-05,1.4406796999974176
251,27981.62819760201,288.0505862193111,28269.67878382132,236.56554355020518,0.2157307980098286,90700325.25494167,0,False,0,0.9882468494886808,2,0.0003506065754640983,9.293844041541384e-05,1.4462211999998544
252,27978.79111165629,288.31955866348625,28267.110670319777,236.55355043480657,0.2157198611493005,90700325.25494167,0,False,0,0.9882928048473806,7,0.0003339761328038999,9.084339164877865e-05,1.4536058000012417
253,27976.018770325798,288.58630015661913,28264.605070482416,236.54183042466633,0.21570917334116796,90700325.25494167,0,False,0,0.9883384018831489,7,0.0003266990840819236,8.864011135003589e-05,1.4594559000033769
254,27973.303499843892,288.8499294886382,28262.15342933253,236.53035111733078,0.21569870503671865,90700325.25494167,0,False,0,0.9883836447732678,3,0.00033633901857519103,8.673891405065851e-05,1.4648022999972454
255,27970.62631166001,289.10981226556635,28259.736123925577,236.51903226446709,0.21568838305523227,90700325.25494167,0,False,0,0.9884285376303082,8,0.0003417342763326472,8.553153647681353e-05,1.4699563000031048
256,27967.992463695475,289.36564425409864,28257.358107949574,236.50789612059668,0.2156782276912352,90700325.25494167,0,False,0,0.9884730845033793,6,0.00034622610956886927,8.414855558362206e-05,1.4751020999974571
257,27965.386908445907,289.6173719437251,28255.004280389632,236.49687908488733,0.21566818094533294,90700325.25494167,0,False,0,0.9885172893793485,2,0.00035957509824932144,8.32996330000132e-05,1.4809911999982432
258,27962.778599007004,289.8652850886333,28252.643884095636,236.48584988961605,0.21565812311078283,90700325.25494167,0,False,0,0.9885611561840327,1,0.00037221433199794823,8.353905278415583e-05,1.4861748999974225
259,27960.14658725953,290.1100656670964,28250.256652926626,236.47471994807196,0.21564797340286226,90700325.25494167,0,False,0,0.9886046887833632,4,0.0003789533632153465,8.44958503283314e-05,1.4911965999999666
260,27957.50627351411,290.35273924380436,28247.859012757915,236.4635543736671,0.21563779120032994,90700325.25494167,0,False,0,0.9886478909845237,6,0.00036658971517676764,8.487144729929767e-05,1.4969906999976956
261,27954.85391992105,290.59449806278593,28245.448417983836,236.452337353307,0.21562756208277858,90700325.25494167,0,False,0,0.9886907665370621,3,0.0003629922177620123,8.533725593116091e-05,1.5024603999991086
262,27952.190166052867,290.8366298309864,28243.026795883852,236.44107158466724,0.2156172885102947,90700325.25494167,0,False,0,0.9887333191339783,3,0.0003485303134824696,8.573494972175376e-05,1.5081430999998702
263,27949.53338143366,291.0805358600521,28240.61391729371,236.42983475624922,0.2156070413292161,90700325.25494167,0,False,0,0.9887755524127849,3,0.0003377616654316697,8.543271964366241e-05,1.5138776000021608
264,27946.893037480884,291.32761850455074,28238.220655985435,236.41866693423717,0.2155968570770273,90700325.25494167,0,False,0,0.9888174699565481,6,0.000320729888754968,8.474537116243644e-05,1.5192715000011958
265,27944.27520481236,291.57919692762096,28235.85440173998,236.40759380701948,0.21558675917969497,90700325.25494167,0,False,0,0.9888590752949011,4,0.00031575000538260317,8.37961525367341e-05,1.5249210000038147
266,27941.651650243795,291.8363486068158,28233.48799885061,236.3964959564494,0.2155766387364396,90700325.25494167,0,False,0,0.9889003719050378,1,0.000315464282296526,8.380843928785915e-05,1.530533999997715
267,27939.009846625122,292.09999155207436,28231.109838177195,236.38532038443134,0.21556644741680153,90700325.25494167,0,False,0,0.9889413632126827,4,0.0003161424346530031,8.423191188819339e-05,1.5360381999998935
268,27936.360522442297,292.37098156921184,28228.73150401151,236.37411246768247,0.21555622660109028,90700325.25494167,0,False,0,0.9889820525930406,6,0.0003099046185660379,8.424515292945125e-05,1.541923400000087
269,27933.71531771354,292.64994180388817,28226.365259517428,236.3629214479866,0.21554602119427868,90700325.25494167,0,False,0,0.989022443371725,2,0.0003102266016031709,8.382397536161519e-05,1.5472816999972565
270,27931.062744901687,292.93709444678416,28223.99983934847,236.3516987241754,0.21553578687558925,90700325.25494167,0,False,0,0.989062538825665,2,0.0003050376645813567,8.380179832610006e-05,1.552626099997724
271,27928.401647001912,293.23254409640583,28221.634191098317,236.3404393962316,0.21552551917655785,90700325.25494167,0,False,0,0.9891023421839937,2,0.0003033224458994248,8.381690276428101e-05,1.5582675999976345
272,27925.720949448267,293.53620474645965,28219.257154194725,236.32909659814752,0.21551517535874898,90700325.25494167,0,False,0,0.9891418566289175,3,0.0002999783646030986,8.422747199882951e-05,1.5633508000028087
273,27923.04357526014,293.8478636166516,28216.89143887679,236.317767318753,0.21550484386901478,90700325.25494167,0,False,0,0.9891810852965646,3,0.0002911694765421615,8.383336616577567e-05,1.5684810000020661
274,27920.395666391225,294.1669758747621,28214.562642265988,236.3065621873046,0.21549462559329763,90700325.25494167,0,False,0,0.9892200312778167,4,0.00028511003818420535,8.253200448562215e-05,1.574218000001565
275,27917.749022854263,294.49216880918044,28212.241191663445,236.2953618793829,0.2154844117162907,90700325.25494167,0,False,0,0.9892586976191228,5,0.0002779401539927218,8.22784542853681e-05,1.579545300002792
276,27915.116177918153,294.82249050235816,28209.938668420513,236.2842194388705,0.21547425061020803,90700325.25494167,0,False,0,0.9892970873232942,3,0.00027355561215923924,8.161433284542336e-05,1.5848594999988563
277,27912.492924419646,295.1569198083384,28207.649844227984,236.2731170675989,0.2154641260443973,90700325.25494167,0,False,0,0.9893352033502844,3,0.00027062746734859364,8.113538350548146e-05,1.5906088999981876
278,27909.88393253487,295.49459296976454,28205.378525504635,236.2620745381487,0.215454056050033,90700325.25494167,0,False,0,0.9893730486179503,3,0.000264555846752623,8.05213740206069e-05,1.596163100002741
279,27907.326451006837,295.8347351095383,28203.161186116376,236.2512495247669,0.2154441844147125,90700325.25494167,0,False,0,0.9894106260027984,2,0.00025973301459955155,7.861406242974291e-05,1.6017265999980737
280,27904.801692243105,296.176503373497,28200.9781956166,236.2405625299902,0.2154344386424546,90700325.25494167,0,False,0,0.9894479383407154,2,0.00026364980246291987,7.740233392171634e-05,1.607664900002419
281,27902.296680944546,296.51927253075337,28198.8159534753,236.22995864599625,0.21542476866126595,90700325.25494167,0,False,0,0.9894849884276828,5,0.0002617259185097941,7.667259363497312e-05,1.6132981999980984
282,27899.830294674444,296.86260335960844,28196.692898034053,236.21951779933192,0.2154152473584211,90700325.25494167,0,False,0,0.9895217790204763,4,0.0002548361318577881,7.528881513144464e-05,1.619393900000432
283,27897.55538062812,297.2060193322089,28194.76139996033,236.2098870946266,0.21540646484690104,90700325.25494167,0,False,0,0.9895583128373504,1,0.0002651440518068278,6.850087280471144e-05,1.6250137000024552
284,27895.28694442651,297.5482403512635,28192.835184777774,236.20028342246547,0.21539770698712127,90700325.25494167,0,False,0,0.9895945925587106,1,0.0002746684316330502,6.831819412238851e-05,1.6304137000042829
285,27893.010976832244,297.88888150425817,28190.899858336503,236.19064747289315,0.21538891969265891,90700325.25494167,0,False,0,0.9896306208277688,2,0.0002791132963758347,6.864603820747045e-05,1.6360244000024977
286,27890.728715986214,298.2278884696962,28188.95660445591,236.18098448429845,0.2153801077405487,90700325.25494167,0,False,0,0.9896664002511865,2,0.00027720471569254746,6.893195642414325e-05,1.6414073999985703
287,27888.45736594648,298.5654285055776,28187.02279445206,236.1713672990292,0.2153713375577841,90700325.25494167,0,False,0,0.9897019333997055,1,0.0002719198165912217,6.860168792290689e-05,1.6507385000004433
288,27886.182431175293,298.90169353540495,28185.0841247107,236.16173454298345,0.21536255317558878,90700325.25494167,0,False,0,0.9897372228087635,1,0.00026650993517514116,6.877880489537414e-05,1.659722199998214
289,27883.902891773352,299.237169643653,28183.140061417005,236.15208189543176,0.21535375065376763,90700325.25494167,0,False,0,0.9897722709790996,2,0.0002583657287943307,6.897489768315491e-05,1.6676980999982334
290,27881.630370630468,299.57253815420063,28181.202908784668,236.14245857376207,0.21534497487504622,90700325.25494167,0,False,0,0.9898070803773446,3,0.0002457461831614244,6.873445003346203e-05,1.6741700999991735
291,27879.37821024986,299.9085989421242,28179.286809191985,236.1329210857726,0.2153362773704811,90700325.25494167,0,False,0,0.9898416534366021,2,0.00023591978072558806,6.799211513025511e-05,1.6794986000022618
292,27877.13220098395,300.2461155973895,28177.37831658134,236.12340926296972,0.21532760327072423,90700325.25494167,0,False,0,0.9898759925570155,1,0.00022590536021095193,6.772678895555911e-05,1.6853712000011
293,27874.894444361475,300.5859281256828,28175.480372487156,236.11393200894128,0.21531896069520873,90700325.25494167,0,False,0,0.9899101001063246,2,0.00021862718588161502,6.735701500898838e-05,1.69044749999739
294,27872.664866622148,300.9288479411629,28173.59371456331,236.1044890154448,0.2153103493628396,90700325.25494167,0,False,0,0.9899439784204114,2,0.00021290910307306728,6.696098518653544e-05,1.6955548000041745
295,27870.445978225187,301.2756353614387,28171.721613586626,236.09509091984606,0.21530177897413097,90700325.25494167,0,False,0,0.989977629803833,0,0.00021040322606651535,6.644878163758423e-05,1.7008451000001514
296,27868.231554931634,301.6268032207484,28169.85835815238,236.0857113631896,0.21529322549160723,90700325.25494167,0,False,0,0.9900110565303464,0,0.00020963913420324394,6.613921079446214e-05,1.706256099998427
297,27866.020135281928,301.9828950334585,28168.003030315387,236.07634415706258,0.21528468327187997,90700325.25494167,0,False,0,0.9900442608434212,0,0.00021031396129300465,6.58621642113303e-05,1.712346799999068
298,27863.809704321662,302.3443446981887,28166.15404901985,236.06698076741552,0.21527614453250854,90700325.25494167,0,False,0,0.9900772449567418,2,0.00021184682040356492,6.564119201306997e-05,1.7195251000011922
299,27861.597612226553,302.71145548801917,28164.309067714574,236.05760996937403,0.21526759903721307,90700325.25494167,0,False,0,0.9901100110547005,4,0.00021302301146816283,6.550348698884316e-05,1.7249857999995584
300,27859.42695939167,303.08427959651056,28162.51123898818,236.04841435346125,0.2152592132954466,90700325.25494167,0,False,0,0.9901425612928814,3,0.00020724887261935063,6.383358178862507e-05,1.730509200002416
301,27857.27005085467,303.4618294011706,28160.73188025584,236.03927660817243,0.21525088032753595,90700325.25494167,0,False,0,0.9901748977985322,4,0.00020206514829478509,6.318182058552067e-05,1.7358242999980575
302,27855.121820713903,303.84320597643926,28158.96502669034,236.0301752772891,0.21524258056694973,90700325.25494167,0,False,0,0.99020702267103,1,0.00019782482784386665,6.274174879446635e-05,1.741289899997355
303,27852.97835383783,304.2274918800463,28157.205845717875,236.02109377696658,0.21523429889041182,90700325.25494167,0,False,0,0.9902389379823359,2,0.00019551832614834804,6.247321131291473e-05,1.746592800001963
304,27850.838360025307,304.6138968496767,28155.452256874985,236.0120266428188,0.2152260303147942,90700325.25494167,0,False,0,0.9902706457774411,4,0.00019505487170112546,6.227851060572658e-05,1.7518100000015693
305,27848.711170444338,305.0016059112497,28153.712776355587,236.00301341484746,0.2152178108977408,90700325.25494167,0,False,0,0.9903021480748041,3,0.00019422411906430334,6.178130273056835e-05,1.7571132000011858
306,27846.602589165283,305.38975598615366,28151.992345151437,235.99407869336588,0.21520966307297187,90700325.25494167,0,False,0,0.9903334468667806,1,0.00019808078594470816,6.110850166785985e-05,1.7643084000010276
307,27844.50356318806,305.77749172014603,28150.281054908206,235.98518412471603,0.2152015518647038,90700325.25494167,0,False,0,0.9903645441200436,4,0.00020215763141974278,6.078753582517359e-05,1.7696441000007326
308,27842.414670098613,306.16422610557447,28148.578896204188,235.97633216108184,0.21519347950915235,90700325.25494167,0,False,0,0.9903954417759961,2,0.00020734843318614523,6.0466845808677674e-05,1.775764199999685
309,27840.328447905344,306.549503381519,28146.877951286864,235.96749118429574,0.2151854171728179,90700325.25494167,0,False,0,0.9904261417511763,1,0.00021189311093367042,6.042738155968387e-05,1.7809084999971674
310,27838.24112991772,306.9330230665286,28145.174152984247,235.95864523224284,0.21517735029939714,90700325.25494167,0,False,0,0.9904566459376537,1,0.00021450358415747294,6.0532408090352203e-05,1.78617690000101
311,27836.15149047985,307.31472037915586,28143.466210859006,235.9497891098013,0.21516927415131185,90700325.25494167,0,False,0,0.9904869562034191,1,0.00021482665856958699,6.068330279139085e-05,1.7921234000023105
312,27834.058935796245,307.69470234054876,28141.753638136794,235.9409202991132,0.21516118643245633,90700325.25494167,0,False,0,0.9905170743927663,1,0.0002130638696213967,6.085152089585645e-05,1.7976931000011973
313,27831.97002210377,308.0732529324505,28140.043275036223,235.93206658741312,0.21515311248279423,90700325.25494167,0,False,0,0.9905470023266669,1,0.0002091270714346744,6.077670647547776e-05,1.803277099999832
314,27829.881404196665,308.4506423694457,28138.332046566113,235.92321379718726,0.2151450393734505,90700325.25494167,0,False,0,0.9905767418031377,1,0.00020382020356457786,6.0811152754293404e-05,1.8089620000027935
315,27827.798556455862,308.8273176138818,28136.625874069745,235.91438513348805,0.2151369882657676,90700325.25494167,0,False,0,0.990606294597602,0,0.00019939273852696599,6.06351681949113e-05,1.8143586000005598
316,27825.717445386384,309.20369551751065,28134.921140903894,235.90556350110265,0.21512894357013826,90700325.25494167,0,False,0,0.9906356624632424,1,0.00019419161128607094,6.0587689990985694e-05,1.8196448000016971
317,27823.642675516436,309.58036151644137,28133.223037032876,235.89676842007157,0.21512092308743852,90700325.25494167,0,False,0,0.9906648471313493,1,0.00018866332648742314,6.03557359380497e-05,1.8251801000005798
318,27821.57461193701,309.9579254559804,28131.532537392988,235.88800144109496,0.21511292823179565,90700325.25494167,0,False,0,0.9906938503116604,0,0.00018413751657689957,6.008908533738674e-05,1.8305852999983472
319,27819.5117305568,310.337020561639,28129.848751118436,235.87925610598657,0.21510495311380728,90700325.25494167,0,False,0,0.9907226736926963,0,0.0001805553896395219,5.985405424728573e-05,1.8360074000011082
320,27817.45430834132,310.71829846825057,28128.17260680957,235.87053359138068,0.21509699880647942,90700325.25494167,0,False,0,0.990751318942088,0,0.00017828095298069664,5.958596946948352e-05,1.8432405999992625
321,27815.401913892118,311.1023873475874,28126.504301239704,235.86183207077875,0.2150890636441765,90700325.25494167,0,False,0,0.9907797877068997,2,0.00017744965181033294,5.9310840884946336e-05,1.8487048000024515
322,27813.35586647036,311.4898644565513,28124.84573092691,235.8531571400746,0.215081152729952,90700325.25494167,0,False,0,0.9908080816139436,2,0.00017755354111702597,5.8968234908591685e-05,1.854335700001684
323,27811.31465741491,311.88098808271195,28123.19564549762,235.84450240535568,0.2150732602330167,90700325.25494167,0,False,0,0.9908362022700918,0,0.00017755607419669408,5.867002596481514e-05,1.859841299999971
324,27809.271966789278,312.2756331058944,28121.547599895173,235.83584107081467,0.21506536171751728,90700325.25494167,0,False,0,0.9908641512625809,0,0.00017750567714253698,5.860093650883612e-05,1.865071899999748
325,27807.22751250574,312.673862430575,28119.901374936315,235.82717193956145,0.21505745609197585,90700325.25494167,0,False,0,0.9908919301593098,1,0.00017732110285752285,5.85396288383733e-05,1.870673400000669
326,27805.185033751823,313.0756841711399,28118.260717922964,235.8185108669454,0.2150495578153332,90700325.25494167,0,False,0,0.9909195405091346,2,0.00017502453356086278,5.834504863568417e-05,1.8758683999985806
327,27803.144157191564,313.48096090535984,28116.625118096923,235.80985627064686,0.2150416654446273,90700325.25494167,0,False,0,0.9909469838421562,0,0.00017411818604618748,5.8168598778160114e-05,1.8809596999999485
328,27801.102721011695,313.8894875734971,28114.992208585194,235.8011989834305,0.2150337706199975,90700325.25494167,0,False,0,0.9909742616700042,1,0.00017307931879839586,5.8076298448704556e-05,1.8871998000031454
329,27799.06095197188,314.3010548598704,28113.362006831747,235.79253996669138,0.21502587421816705,90700325.25494167,0,False,0,0.9910013754861141,1,0.00017197562745376925,5.798336138074344e-05,1.8924759000001359
330,27797.017969291323,314.7154207330081,28111.733390024332,235.78387548469604,0.21501797283241517,90700325.25494167,0,False,0,0.9910283267660007,0,0.00017083364967305654,5.793034668066507e-05,1.8977462999973795
331,27794.976306863908,315.13229440644943,28110.108601270356,235.77521628391696,0.21501007626275348,90700325.25494167,0,False,0,0.9910551169675261,0,0.00016986096140133723,5.779753000049099e-05,1.9032125000012456
332,27792.936369069528,315.55139777537624,28108.487766844904,235.7665640801067,0.21500218607382518,90700325.25494167,0,False,0,0.9910817475311627,0,0.0001691077305243939,5.7660197918219865e-05,1.908514800001285
333,27790.89844449738,315.9724580722523,28106.870902569633,235.75792009812685,0.2149943033826162,90700325.25494167,0,False,0,0.9911082198802526,1,0.0001685848622910635,5.752227898855818e-05,1.9138307000030181
334,27788.862707766402,316.3952175987292,28105.25792536513,235.7492850795794,0.21498642886541428,90700325.25494167,0,False,0,0.9911345354212603,1,0.00016826881006152728,5.738729188651595e-05,1.9194064999974216
335,27786.829219218125,316.81944161791307,28103.64866083604,235.7406592814151,0.21497856275654004,90700325.25494167,0,False,0,0.9911606955440235,0,0.00016812458796440597,5.725848641437014e-05,1.9253443999987212
336,27784.797949536824,317.2449261611914,28102.042875698015,235.73204258028574,0.2149707049435088,90700325.25494167,0,False,0,0.9911867016219974,0,0.00016807688405740556,5.7137959465825744e-05,1.9325231000038912
337,27782.768813976785,317.67150393318013,28100.440317909965,235.72343461767557,0.21496285509937993,90700325.25494167,0,False,0,0.9912125550124953,0,0.00016805013283806045,5.7026380435704524e-05,1.9384619999982533
338,27780.741702072584,318.0990481532736,28098.84075022586,235.71483492590187,0.21495501279766036,90700325.25494167,0,False,0,0.9912382570569258,0,0.00016797362068101827,5.692322490353818e-05,1.9442074000035063
339,27778.71650555299,318.5274747264488,28097.24398027944,235.70624304652176,0.21494717762028304,90700325.25494167,0,False,0,0.9912638090810245,0,0.00016779134011288342,5.682689761523771e-05,1.9501889000021038
340,27776.693138723924,318.9567426136345,28095.64988133756,235.69765861681327,0.2149393492364716,90700325.25494167,0,False,0,0.9912892123950827,0,0.00016746853043384405,5.6735064229083516e-05,1.9560419999979786
341,27774.671549120732,319.38685247676284,28094.058401597496,235.68908141498932,0.21493152744397215,90700325.25494167,0,False,0,0.9913144682941718,0,0.00016699440853871857,5.6645058818128594e-05,1.9617555000004359
342,27772.65171809295,319.8178437387325,28092.469561831684,235.68051136270455,0.21492371217133932,90700325.25494167,0,False,0,0.9913395780583627,3,0.00016638118721606235,5.655429853176324e-05,1.967070300001069
343,27770.637508740503,320.2497896697532,28090.887298410256,235.67196485259126,0.2149159183674773,90700325.25494167,0,False,0,0.991364542952944,3,0.0001654146201678116,5.632340075851186e-05,1.9730447999972966
344,27768.63069421104,320.6825675736802,28089.31326178472,235.6634494112782,0.21490815289613138,90700325.25494167,0,False,0,0.9913893642286339,0,0.00016583617242444198,5.6033709751374796e-05,1.9789976000029128
345,27766.625146528695,321.1158917208753,28087.74103824957,235.65493903811435,0.2149003920465738,90700325.25494167,0,False,0,0.991414043121789,0,0.0001661460650461162,5.597230236627145e-05,1.9844174000027124
346,27764.62060803975,321.54969485723933,28086.17030289699,235.64643264025767,0.21489263482221108,90700325.25494167,0,False,0,0.9914385808546111,0,0.00016626457107828184,5.5922452091839446e-05,1.9906066999974428
347,27762.616879376692,321.9839622781726,28084.600841654865,235.63792937206307,0.21488488045187554,90700325.25494167,0,False,0,0.9914629786353482,0,0.00016614342562152663,5.588021525180783e-05,1.9960198999979184
348,27760.61383390738,322.4187299383932,28083.032563845773,235.6294286964486,0.21487712844578705,90700325.25494167,0,False,0,0.9914872376584933,0,0.00016576861784771456,5.584119987798415e-05,2.001091500002076
349,27758.611417510678,322.85408072628377,28081.46549823696,235.6209303839991,0.2148693785947354,90700325.25494167,0,False,0,0.9915113591049804,0,0.00016515841321451728,5.580115342774048e-05,2.006860000001325
350,27756.60963575048,323.29013912952354,28079.899774880003,235.6124344585849,0.2148616309204886,90700325.25494167,0,False,0,0.9915353441423755,0,0.00016435741587172157,5.575646887291151e-05,2.0123443999982555
351,27754.608532279897,323.72706456977966,28078.335596849676,235.60394110574592,0.2148538855922458,90700325.25494167,0,False,0,0.9915591939250656,1,0.0001634277491837285,5.570454463395299e-05,2.017438200004108
352,27752.623173623797,324.1650358024298,28076.788209426228,235.59551427658295,0.2148462009288213,90700325.25494167,0,False,0,0.9915829095944441,1,0.00016240591819639415,5.510965627257977e-05,2.022918700000446
353,27750.646893743084,324.6037596868072,28075.250653429892,235.58712568280586,0.21483855113332467,90700325.25494167,0,False,0,0.9916064922790935,0,0.00016219262153684252,5.4762531414460866e-05,2.0283777000004193
354,27748.67225281069,325.0430143460414,28073.71526715673,235.5787437474387,0.21483090740982,90700325.25494167,0,False,0,0.9916299430949642,1,0.0001618140424615269,5.4688248098446235e-05,2.033622100003413
355,27746.699732987927,325.48275753214136,28072.182490520066,235.57037051797462,0.21482327162547418,90700325.25494167,0,False,0,0.9916532631455512,1,0.00016097663576357746,5.4598282488733504e-05,2.0392904999971506
356,27744.72943589169,325.92298575696907,28070.65242164866,235.56200642672277,0.21481564417452206,90700325.25494167,0,False,0,0.9916764535220672,0,0.00016025384056827556,5.450480638339374e-05,2.04477919999772
357,27742.761101587686,326.3637395154075,28069.124841103094,235.55365037115297,0.2148080240515353,90700325.25494167,0,False,0,0.9916995153036131,0,0.00015929117780881627,5.441913221758661e-05,2.0503724000009242
358,27740.794897943895,326.8051109135534,28067.600008857447,235.54530306479853,0.214800411907205,90700325.25494167,0,False,0,0.9917224495573455,0,0.00015811379155819354,5.432418197141301e-05,2.057703099999344
359,27738.831032220663,327.24723276345725,28066.07826498412,235.53696538853796,0.2147928085448292,90700325.25494167,0,False,0,0.9917452573386418,0,0.00015677298617422652,5.421709988908361e-05,2.063620599998103
360,27736.869726439814,327.6902720653395,28064.559998505152,235.52863828604714,0.21478521482497256,90700325.25494167,0,False,0,0.9917679396912622,1,0.0001553437480684891,5.409613928364077e-05,2.0696565000034752
361,27734.91171822173,328.1344220335335,28063.046140255265,235.52032489032334,0.21477763360470373,90700325.25494167,0,False,0,0.9917904976475093,1,0.0001536870296465266,5.394199125046668e-05,2.075739699997939
362,27732.956796896797,328.5798793895924,28061.53667628639,235.51202430830065,0.21477006406961072,90700325.25494167,0,False,0,0.9918129322283843,0,0.00015243358244707668,5.3788315114896654e-05,2.081186900002649
363,27731.004858819302,329.02685229854853,28060.031711117852,235.50373610123174,0.21476250581958745,90700325.25494167,0,False,0,0.9918352444437422,0,0.00015130773778243665,5.363088935213267e-05,2.086965299997246
364,27729.055901551834,329.4755523740061,28058.53145392584,235.4954602600731,0.21475495884638685,90700325.25494167,0,False,0,0.9918574352924432,1,0.00015035397621530295,5.346598348346794e-05,2.092774400000053
365,27727.111280572033,329.9261830323435,28057.037463604378,235.487202542185,0.21474742840030833,90700325.25494167,0,False,0,0.9918795057625014,2,0.00014958085859993224,5.324549233501379e-05,2.0982250000015483
366,27725.17119761045,330.3787458938498,28055.5499435043,235.47896380615595,0.21473991526432298,90700325.25494167,0,False,0,0.9919014568312324,2,0.00014865809907312318,5.3017717997104186e-05,2.1041286999970907
367,27723.23859546271,330.83310012084905,28054.07169558356,235.470756551478,0.2147324308370705,90700325.25494167,0,False,0,0.9919232894653975,1,0.00014781438409906282,5.269003543739316e-05,2.109535700001288
368,27721.311095962956,331.2888599281198,28052.599955891077,235.46257068146926,0.21472496591110163,90700325.25494167,0,False,0,0.9919450046213456,0,0.00014741110379413387,5.246082310091926e-05,2.1149695999993128
369,27719.387707324204,331.7457707998343,28051.133478124037,235.4544019861349,0.21471751664720323,90700325.25494167,0,False,0,0.9919666032451533,0,0.0001472632708665609,5.227600184461781e-05,2.1207072000033804
370,27717.46836979306,332.20366227536636,28049.672032068425,235.44625021347466,0.21471008281556908,90700325.25494167,0,False,0,0.9919880862727625,0,0.00014726884439592873,5.2099358364646054e-05,2.1261945000005653
371,27715.55294683761,332.6624067827479,28048.21535362036,235.43811478534062,0.21470266388896983,90700325.25494167,0,False,0,0.9920094546301157,0,0.0001473186532763984,5.193210267846582e-05,2.1316184000024805
372,27713.641265700597,333.12192354747276,28046.76318924807,235.42999496963253,0.2146952591997826,90700325.25494167,0,False,0,0.9920307092332891,0,0.00014731304893792768,5.1773859904421e-05,2.137532499997178
373,27711.733152363227,333.5821805333646,28045.315332896593,235.42189002878737,0.21468786807540283,90700325.25494167,0,False,0,0.9920518509886238,0,0.00014717498515920562,5.1622939221506864e-05,2.1429886000041733
374,27709.828456466294,334.04319442572097,28043.871650892015,235.41379932563976,0.21468048993478142,90700325.25494167,0,False,0,0.9920728807928552,0,0.00014685824701816009,5.1476761357151064e-05,2.1481219999986934
375,27707.927063736894,334.5050287388287,28042.432092475723,235.4057223762281,0.21467312433658012,90700325.25494167,0,False,0,0.9920937995332392,0,0.0001463511792111079,5.133237073014276e-05,2.153318099997705
376,27706.028894871066,334.9677901115813,28040.99668498265,235.3976588450746,0.21466577097486728,90700325.25494167,0,False,0,0.9921146080876776,0,0.00014567810502843178,5.1186982938596586e-05,2.158472000002803
377,27704.13389324648,335.4316228759291,28039.56551612241,235.3896084930109,0.2146584296315385,90700325.25494167,0,False,0,0.9921353073248413,0,0.00014488802179973416,5.103844475705566e-05,2.164068500002031
378,27702.242005958346,335.8967024692381,28038.138708427585,235.38157109662745,0.2146511001028603,90700325.25494167,0,False,0,0.9921558981042907,0,0.00014404594323226568,5.0885513686161693e-05,2.169558200002939
379,27700.35316219084,336.3632278844242,28036.716390075264,235.37354635638576,0.21464378211567509,90700325.25494167,0,False,0,0.9921763812765954,0,0.0001432221725431548,5.0727987585472545e-05,2.175269899998966
380,27698.467253486968,336.8314134815197,28035.298666968487,235.36553381277798,0.2146364752509447,90700325.25494167,0,False,0,0.9921967576834512,0,0.00014248092764855216,5.0566660055770156e-05,2.18185000000085
381,27696.58411986399,337.30148049392784,28033.885600357917,235.35753278730635,0.21462917888992783,90700325.25494167,0,False,0,0.9922170281577958,0,0.00014187043033356592,5.04031231254594e-05,2.1882218000027933
382,27694.70354444602,337.7736485534601,28032.47719299948,235.3495423596401,0.2146218921933489,90700325.25494167,0,False,0,0.9922371935239224,0,0.0001414163440837972,5.02394630025937e-05,2.1939494000034756
383,27692.825257983273,338.24812752427925,28031.073385507552,235.3415613867779,0.21461461411887273,90700325.25494167,0,False,0,0.9922572545975911,0,0.0001411179710564554,5.007789651486255e-05,2.199252400001569
384,27690.94895192777,338.7251099866954,28029.674061914466,235.33358855857261,0.21460734347173913,90700325.25494167,0,False,0,0.9922772121861395,0,0.00014095440302953395,4.992044271162522e-05,2.205239100003382
385,27689.074296663097,339.2047638414791,28028.279060504578,235.32562247516992,0.21460007897538144,90700325.25494167,0,False,0,0.9922970670885916,0,0.0001408882822965943,4.976873462055979e-05,2.211152399999264
386,27687.2009710398,339.6872263997057,28026.888197439508,235.31766177250614,0.21459281938587146,90700325.25494167,0,False,0,0.9923168200957635,0,0.00014085454098342433,4.9623562761986645e-05,2.2166598999974667
387,27685.32869419865,340.17259993833574,28025.501294136986,235.30970525755478,0.2145855636152547,90700325.25494167,0,False,0,0.9923364719903692,0,0.00014078472388736634,4.948474096559958e-05,2.2226413000025786
388,27683.457254470308,340.6609487505201,28024.118203220827,235.3017520311751,0.21457831084357928,90700325.25494167,0,False,0,0.9923560235471243,0,0.00014061762343825425,4.935115706380538e-05,2.2283901999981026
389,27681.586531329987,341.1522976948271,28022.738829024813,235.29380158146958,0.21457106060403142,90700325.25494167,0,False,0,0.9923754755328474,0,0.0001403082970314537,4.9220966954666354e-05,2.2337274000019534
390,27679.71650871214,341.6466322550404,28021.36314096718,235.2858538404387,0.21456381283460044,90700325.25494167,0,False,0,0.9923948287065608,1,0.00013983024297017967,4.909184880273232e-05,2.2393656999993254
391,27677.84752671959,342.1439000834985,28019.991426803088,235.27791025389354,0.21455656885376226,90700325.25494167,0,False,0,0.9924140838195894,1,0.0001391049752557497,4.8952442363033494e-05,2.245477900003607
392,27675.979577596074,342.64400799752775,28018.623585593603,235.2699707892874,0.21454932863183668,90700325.25494167,0,False,0,0.9924332416156577,0,0.00013829455709886548,4.8816617701624776e-05,2.2509206000031554
393,27674.11290742222,343.1468346241508,28017.259742046368,235.2620364930229,0.2145420931230677,90700325.25494167,0,False,0,0.9924523028309865,0,0.00013736403794776096,4.867632212797616e-05,2.257138200002373
394,27672.247855552014,343.6522338485172,28015.90008940053,235.25410880812268,0.21453486364338853,90700325.25494167,0,False,0,0.9924712681943859,0,0.00013635861652504494,4.852910878354666e-05,2.2624371999991126
395,27670.38479584216,344.1600402925232,28014.544836134683,235.24618932446987,0.21452764164265836,90700325.25494167,0,False,0,0.9924901384273501,0,0.00013532665665317821,4.8374432430232154e-05,2.2676986000005854
396,27668.52411169199,344.6700756561534,28013.194187348145,235.2382796727267,0.2145204286079242,90700325.25494167,0,False,0,0.9925089142441474,0,0.00013431269279636025,4.8212412317896777e-05,2.27319179999904
397,27666.66617435786,345.1821552318087,28011.848329589666,235.230381432152,0.21451322597935674,90700325.25494167,0,False,0,0.9925275963519118,0,0.0001333515452543095,4.8043709313472596e-05,2.2784861999971326
398,27664.811326505915,345.6960943324818,28010.507420838396,235.2224960606698,0.21450603508647806,90700325.25494167,0,False,0,0.9925461854507305,0,0.00013246438514425804,4.786934212597451e-05,2.283815599999798
399,27662.95987198832,346.2117143898383,28009.17158637816,235.21462485138258,0.2144988571085048,90700325.25494167,0,False,0,0.9925646822337327,0,0.00013165726846513142,4.7690477011529295e-05,2.2895046999983606
400,27661.112071823434,346.72884850228905,28007.84092032572,235.20676891545207,0.21449169305873672,90700325.25494167,0,False,0,0.9925830873871752,0,0.00013092222430314147,4.750822595148199e-05,2.294897599997057
401,27659.268145481943,347.24734624468687,28006.51549172663,235.19892918753666,0.21448454378951523,90700325.25494167,0,False,0,0.9926014015905278,0,0.00013024052875564178,4.732348355098139e-05,2.3002877999970224
402,27657.42827594727,347.76707758878024,28005.19535353605,235.19110644727735,0.21447741001181692,90700325.25494167,0,False,0,0.9926196255165561,0,0.00012958743491382104,4.71368239639905e-05,2.306183400003647
403,27655.59261669809,348.28793582527686,28003.880552523366,235.18330134896095,0.21447029232230444,90700325.25494167,0,False,0,0.9926377598314053,0,0.00012893744208891788,4.6948467814207306e-05,2.3112088999987463
404,27653.761298769663,348.80983942249514,28002.571138192157,235.17551445152475,0.21446319123068847,90700325.25494167,0,False,0,0.9926558051946807,0,0.00012826919620127886,4.6758317253651364e-05,2.316176699998323
405,27651.93443635093,349.3327328012577,28001.267169152186,235.1677462423405,0.21445610718141708,90700325.25494167,0,False,0,0.9926737622595274,2,0.00012756928128606148,4.656604686533666e-05,2.321760099999665
406,27650.112481523363,349.85658604027344,27999.969067563638,235.15999864570233,0.2144490419293084,90700325.25494167,0,False,0,0.9926916316727105,2,0.0001263674630423684,4.635867300958981e-05,2.326581100001931
407,27648.295785198832,350.38136323102503,27998.67714842986,235.15227315592267,0.2144419968370681,90700325.25494167,0,False,0,0.9927094140746913,0,0.00012577359258104584,4.614002003578404e-05,2.331295500000124
408,27646.483856384242,350.906955938485,27997.390812322727,235.1445676871326,0.21443497000253348,90700325.25494167,0,False,0,0.9927271100997054,0,0.0001251464773293494,4.594274580591624e-05,2.3367155000014463
409,27644.67676459661,351.4333388388582,27996.11010343547,235.1368825369453,0.21442796169710637,90700325.25494167,0,False,0,0.9927447203758367,0,0.00012448158948943536,4.5743865771023875e-05,2.341491799998039
410,27642.874566552306,351.96051181117906,27994.835078363485,235.12921794856678,0.2144209721425732,90700325.25494167,0,False,0,0.992762245525093,0,0.00012378506288411521,4.554293676060482e-05,2.346161599998595
411,27641.07730412959,352.48849776173876,27993.56580189133,235.121574102121,0.21441400150319406,90700325.25494167,0,False,0,0.992779686163479,0,0.00012307239294334678,4.5339665999145434e-05,2.351116199999524
412,27639.285000037045,353.01733969806367,27992.30233973511,235.1139510962165,0.21440704986889295,90700325.25494167,0,False,0,0.9927970429010681,0,0.00012236844366580866,4.5134019908807166e-05,2.3564191999976174
413,27637.49765193466,353.5470969088024,27991.044748843462,235.10634892292748,0.214400117232442,90700325.25494167,0,False,0,0.9928143163420743,0,0.00012170159912558236,4.492631139749799e-05,2.3610909999988507
414,27635.71522774231,354.0778408217736,27989.793068564082,235.098767447821,0.2143932034712481,90700325.25494167,0,False,0,0.9928315070849221,0,0.00012109699699664026,4.471716903069561e-05,2.365837299999839
415,27633.93766268114,354.609650632084,27988.547313313222,235.09120639735184,0.2143863083358576,90700325.25494167,0,False,0,0.9928486157223152,1,0.00012057460529396082,4.450748341757187e-05,2.371145900004194
416,27632.16493344903,355.1426088649851,27987.307542314014,235.08366567436806,0.21437943173767493,90700325.25494167,0,False,0,0.9928656428413056,1,0.00012003005516974113,4.4295653694669475e-05,2.3761596999975154
417,27630.396955993754,355.676794435198,27986.073750428954,235.0761449232727,0.21437257335242116,90700325.25494167,0,False,0,0.9928825890233606,1,0.00011963892244403475,4.408397925364603e-05,2.381165400001919
418,27628.63525331628,356.2122771080293,27984.847530424307,235.0686506249452,0.2143657390901932,90700325.25494167,0,False,0,0.9928994548444284,1,0.00011936844451822324,4.381536386923053e-05,2.386326599997119
419,27626.878061369272,356.7489593209283,27983.6270206902,235.0611752772851,0.2143589221096139,90700325.25494167,0,False,0,0.9929162408750043,0,0.00011915349307005126,4.3613235083010435e-05,2.39147629999934
420,27625.125290896096,357.28682700356336,27982.41211789966,235.05371850237168,0.21435212206604667,90700325.25494167,0,False,0,0.9929329476801945,0,0.00011898522602846317,4.341477213234443e-05,2.3966023000029963
421,27623.376844320574,357.8258643680981,27981.20270868867,235.04627988683663,0.21434533858252924,90700325.25494167,0,False,0,0.9929495758197797,0,0.00011885580084781982,4.322033446921356e-05,2.401605799997924
422,27621.632616958217,358.36605383598436,27979.9986707942,235.03885898701185,0.21433857125446815,90700325.25494167,0,False,0,0.9929661258482784,0,0.00011875682746522451,4.303024094441409e-05,2.4072755000015604
423,27619.892499819816,358.9073761688681,27978.799875988683,235.03145534085354,0.21433181966051265,90700325.25494167,0,False,0,0.9929825983150071,0,0.00011867964668303761,4.284470559210035e-05,2.4124671000026865
424,27618.156382289457,359.44981071188664,27977.606193001342,235.0240684793345,0.21432508337294356,90700325.25494167,0,False,0,0.9929989937641431,1,0.00011861557784079629,4.266383807139553e-05,2.417479900002945
425,27616.423713387216,359.9933355738883,27976.417048961102,235.01669605960856,0.21431836025525336,90700325.25494167,0,False,0,0.9930153127347828,1,0.00011852721659737813,4.250342334638667e-05,2.4225282999977935
426,27614.694750506424,360.53790625149423,27975.23265675792,235.00933917828212,0.21431165130746832,90700325.25494167,0,False,0,0.9930315557610018,0,0.00011842730271242054,4.2335378440747944e-05,2.4276805999979842
427,27612.969561538186,361.08348463635406,27974.05304617454,235.00199812571034,0.21430495679437153,90700325.25494167,0,False,0,0.9930477233719127,0,0.00011831803214597799,4.216624747509576e-05,2.4324610000039684
428,27611.248071949354,361.6300388333224,27972.878110782676,234.99467258620717,0.21429827642808,90700325.25494167,0,False,0,0.9930638160917233,0,0.00011819273338761338,4.2000899545182474e-05,2.4372237999996287
429,27609.530212176876,362.17754043132254,27971.7077526082,234.9873622651945,0.2142916099399596,90700325.25494167,0,False,0,0.9930798344397928,0,0.00011804521302765507,4.183903314638629e-05,2.4423144000029424
430,27607.81591863941,362.7259652476529,27970.541883887065,234.98006689351084,0.2142849570845544,90700325.25494167,0,False,0,0.9930957789306873,0,0.00011786996980358749,4.1680283929966575e-05,2.447768099998939
431,27606.1051345953,363.2752939304993,27969.380428525797,234.97278623106675,0.21427831764292005,90700325.25494167,0,False,0,0.9931116500742366,0,0.00011766240861882449,4.152423525038039e-05,2.4535488999972586
432,27604.397810798666,363.8255124026336,27968.2233232013,234.965520069642,0.2142716914251746,90700325.25494167,0,False,0,0.9931274483755865,0,0.00011741903163439753,4.137043104890228e-05,2.4593240000031074
433,27602.69390591172,364.37661213609937,27967.07051804782,234.95826823464512,0.21426507827210323,90700325.25494167,0,False,0,0.9931431743352542,1,0.00011713758532630122,4.121839060547787e-05,2.4649475999976858
434,27600.99519779776,364.9285894959432,27965.923787293705,234.9510382943551,0.21425848508543316,90700325.25494167,0,False,0,0.9931588284491802,1,0.00011674994562410368,4.100289136028755e-05,2.470229799997469
435,27599.300044124928,365.4814012888018,27964.78144541373,234.94382326047617,0.21425190549234022,90700325.25494167,0,False,0,0.9931744112087808,1,0.00011646065961352852,4.084763616834337e-05,2.475239400002465
436,27597.60852201607,366.035032948005,27963.643554964077,234.93662346265245,0.21424533979343618,90700325.25494167,0,False,0,0.9931899231009995,1,0.00011521817438290119,4.069012489417999e-05,2.479903600004036
437,27595.922046098145,366.5894712488473,27962.511517346993,234.92944492378194,0.21423879348117178,90700325.25494167,0,False,0,0.9932053646083581,0,0.00011487421278365366,4.048247914686786e-05,2.4845788000020548
438,27594.239189577827,367.1446582124463,27961.383847790275,234.92228157234396,0.2142322610187559,90700325.25494167,0,False,0,0.9932207362090064,0,0.00011450825597398819,4.032790674106738e-05,2.489527600002475
439,27592.559958435446,367.7005759617472,27960.26053439719,234.91513343518525,0.21422574243067077,90700325.25494167,0,False,0,0.993236038376772,0,0.00011411637937181808,4.017374101362426e-05,2.4948546000014176
440,27590.884355768896,368.2572186323716,27959.141574401267,234.90800052688243,0.21421923773020932,90700325.25494167,0,False,0,0.9932512715812086,0,0.00011369609229195474,4.0019655558956184e-05,2.5001668999975664
441,27589.21238176931,368.8145926817318,27958.02697445104,234.90088284963645,0.21421274691937858,90700325.25494167,0,False,0,0.9932664362876443,1,0.00011324702079964003,3.986531372073552e-05,2.507572100003017
442,27587.54418141109,369.3727167532007,27956.91689816429,234.89378102202318,0.2142062705622754,90700325.25494167,0,False,0,0.9932815329572293,2,0.00011255224889427286,3.970510107041518e-05,2.514544099998602
443,27585.88181842614,369.93161522079737,27955.813433646937,234.88670383155426,0.21419981667247973,90700325.25494167,0,False,0,0.9932965620469821,1,0.00011212473083211317,3.9470179110686826e-05,2.5199519000016153
444,27584.223743682458,370.4912425300937,27954.71498621255,234.8796446850278,0.21419337923746462,90700325.25494167,0,False,0,0.9933115240098361,0,0.00011172343762487022,3.929227232085562e-05,2.5246572000032756
445,27582.569687872397,371.0515859467315,27953.621273819128,234.87260243745925,0.2141869572130863,90700325.25494167,0,False,0,0.9933264192946853,0,0.00011131795757004248,3.912443371227558e-05,2.5294463000027463
446,27580.919619473298,371.6126663219495,27952.53228579525,234.86557695615292,0.21418055047833587,90700325.25494167,0,False,0,0.9933412483464289,0,0.00011089740314408077,3.895695706871214e-05,2.5342110999990837
447,27579.273494832345,372.17452310424716,27951.448017936593,234.85856805674493,0.21417415886508667,90700325.25494167,0,False,0,0.9933560116060157,0,0.00011045613851219449,3.878961117261442e-05,2.5407379000025685
448,27577.63125958147,372.7372136099863,27950.368473191458,234.85157550922017,0.21416778216358148,90700325.25494167,0,False,0,0.9933707095104878,0,0.00010999459703067535,3.862214023552113e-05,2.5458999000038602
449,27575.9928487956,373.30081163478354,27949.293660430383,234.84459903857956,0.2141614201230408,90700325.25494167,0,False,0,0.993385342493024,0,0.00010951912147824898,3.845433243951376e-05,2.551246100003482
450,27574.358188894308,373.86540548001057,27948.223594374318,234.83763833293125,0.2141550724590417,90700325.25494167,0,False,0,0.9933999109829825,1,0.00010900017498763526,3.8285978496124835e-05,2.5562366000012844
451,27572.727221419038,374.4310953875433,27947.15831680658,234.83069314473795,0.21414873894584793,90700325.25494167,0,False,0,0.9934144154059427,0,0.00010852677458801277,3.811611010410125e-05,2.560864799997944
452,27571.099823562952,374.99798978176216,27946.097813344713,234.82376295240203,0.21414241910779985,90700325.25494167,0,False,0,0.9934288561837462,0,0.00010807998032809236,3.7946736832622036e-05,2.5657410999992862
453,27569.475877660705,375.56620358349835,27945.042081244203,234.8168472561571,0.21413611248914644,90700325.25494167,0,False,0,0.9934432337345391,1,0.00010767392836133968,3.777744240223284e-05,2.571210699999938
454,27567.85878903545,376.1358537989906,27943.99464283444,234.80996055974904,0.21412983231626298,90700325.25494167,0,False,0,0.9934575484728109,1,0.00010687138223462744,3.7482083824254895e-05,2.5763262000036775
455,27566.24542866197,376.70684990098783,27942.952278562956,234.8030895395628,0.2141235664389688,90700325.25494167,0,False,0,0.9934718008094354,2,0.00010651176383390258,3.730190635977215e-05,2.5814540999999736
456,27564.63568868309,377.2791924764163,27941.914881159508,234.79623373760955,0.2141173144396109,90700325.25494167,0,False,0,0.9934859911517097,3,0.00010575232492579841,3.712554754796361e-05,2.587948200001847
457,27563.22667799769,377.85278741370837,27941.079465411396,234.79023266736496,0.2141118418942294,90700325.25494167,0,False,0,0.9935001199033928,2,0.0001006531429982674,2.9898299800311774e-05,2.59399200000189
458,27562.00340983685,378.4232637652887,27940.426673602138,234.78502256250013,0.21410709065250869,90700325.25494167,0,False,0,0.9935141874647448,1,0.00013547845525197484,2.33631563900745e-05,2.5997690000003786
459,27560.861428527343,378.98666119068184,27939.848089718027,234.7801585676581,0.2141026550382893,90700325.25494167,0,False,0,0.9935281942325633,1,0.00017959748759466127,2.0707768384144997e-05,2.605110500000592
460,27559.77841734125,379.54055430084446,27939.318971642097,234.77554564878025,0.21409844838733016,90700325.25494167,0,False,0,0.9935421406002222,0,0.00022325710035988062,1.8937757794222682e-05,2.610324599998421
461,27558.72526777727,380.0829123199927,27938.80818009726,234.77105983394662,0.21409435764613743,90700325.25494167,0,False,0,0.9935560269577076,0,0.0002605482585724572,1.8282175931119613e-05,2.615763000001607
462,27557.675816909086,380.61219180607594,27938.28800871516,234.7665896881798,0.21409028119400908,90700325.25494167,0,False,0,0.9935698536916551,0,0.0002892121725124298,1.861823807041363e-05,2.620791300003475
463,27556.608745450707,381.12734771363813,27937.736093164345,234.76204440007209,0.21408613621745862,90700325.25494167,0,False,0,0.9935836211853843,1,0.00030810342370721775,1.9754809265453167e-05,2.6257946000041557
464,27555.517840959918,381.6278422773074,27937.145683237224,234.7573975020166,0.2140818985799281,90700325.25494167,0,False,0,0.9935973298189359,1,0.00031313220630458744,2.1133062648749513e-05,2.6311000999994576
465,27554.404772433485,382.1135524367604,27936.518324870245,234.7526560975764,0.21407757475935718,90700325.25494167,0,False,0,0.9936109799691056,0,0.0003142449197405588,2.2456065272102945e-05,2.6362912000040524
466,27553.257518063867,382.58471826646837,27935.842236330336,234.74776896943607,0.21407311804922996,90700325.25494167,0,False,0,0.9936245720094791,0,0.0003058486831606127,2.4200887599765007e-05,2.641555399997742
467,27552.084302142885,383.04208952648827,27935.12639166937,234.7427711438326,0.21406856039096087,90700325.25494167,0,False,0,0.9936381063104658,0,0.0002887895855231757,2.562459563269221e-05,2.646881400003622
468,27550.898880569657,383.48680454447003,27934.385685114128,234.73772121484717,0.2140639552181467,90700325.25494167,0,False,0,0.9936515832393333,0,0.0002643331728119416,2.651523908852857e-05,2.652122600004077
469,27549.718059176215,383.920330231768,27933.638389407985,234.7326907747458,0.21405936781779616,90700325.25494167,0,False,0,0.99366500316024,0,0.0002342020528218285,2.6751821735670244e-05,2.6573873000015737
470,27548.55897390613,384.34439369682065,27932.90336760295,234.72775282827607,0.21405486476499963,90700325.25494167,0,False,0,0.9936783664342679,0,0.00020070776523072986,2.6313142412300394e-05,2.662694400001783
471,27547.436508243765,384.76090819336486,27932.19741643713,234.72297079000924,0.21405050388929503,90700325.25494167,0,False,0,0.9936916734194553,0,0.00016713541858654174,2.5273103784755926e-05,2.667875600003754
472,27546.361071418,385.1718952869295,27931.53296670493,234.71838901721355,0.21404632564132756,90700325.25494167,0,False,0,0.9937049244708291,0,0.000138806984544311,2.378795059676593e-05,2.673081100001582
473,27545.336914417137,385.5794032246431,27930.91631764178,234.71402563296954,0.214042346548046,90700325.25494167,0,False,0,0.9937181199404355,0,0.00012366710314867742,2.2077165040899555e-05,2.678460900002392
474,27544.361187368926,385.9854216204212,27930.346608989348,234.7098685073507,0.21403855554782797,90700325.25494167,0,False,0,0.9937312601773719,1,0.00012802993688899546,2.0397062736918614e-05,2.6836684000008972
475,27543.42276474114,386.3917956233775,27929.814560364517,234.7058702493022,0.21403490942343256,90700325.25494167,0,False,0,0.9937443455278178,1,0.00014650348299604065,1.9049123603064704e-05,2.688901800000167
476,27542.504675407603,386.7999026532296,27929.304578060834,234.7019585576891,0.21403134224141357,90700325.25494167,0,False,0,0.993757376335065,0,0.00017031568308581232,1.825942319027143e-05,2.6943049999972573
477,27541.59171100342,387.2109751760631,27928.802686179482,234.69806863714675,0.21402779491304866,90700325.25494167,0,False,0,0.9937703529395472,0,0.00019323038930324108,1.7970081566063524e-05,2.6993957000013324
478,27540.669415235025,387.62593650798755,27928.29535174301,234.69413889245305,0.21402421126791582,90700325.25494167,0,False,0,0.9937832756788707,0,0.0002111075381663882,1.8165276978483528e-05,2.7055602000036743
479,27539.726718523503,388.04536807865964,27927.772086602163,234.6901221548257,0.2140205482914707,90700325.25494167,0,False,0,0.9937961448878428,0,0.0002215469505087995,1.8736021452707125e-05,2.7107247000021744
480,27538.757770249278,388.46950282748816,27927.227273076765,234.68599349023486,0.21401678324566764,90700325.25494167,0,False,0,0.9938089608985013,1,0.0002235684369880243,1.9507947991980886e-05,2.715840600001684
481,27537.76257980879,388.8982399233165,27926.660819732107,234.68175293281234,0.21401291616163234,90700325.25494167,0,False,0,0.9938217240401428,0,0.00021729468472513855,2.028319314048119e-05,2.72134090000327
482,27536.74638810545,389.33117766366183,27926.077565769112,234.67742280886523,0.21400896739935454,90700325.25494167,0,False,0,0.9938344346393507,2,0.0002038083095076031,2.088520237920477e-05,2.726631899997301
483,27535.717360606,389.76766141814846,27925.485022024146,234.67303790851645,0.21400496868492963,90700325.25494167,0,False,0,0.9938470930200242,3,0.00018482995894291673,2.1218294748714452e-05,2.7318190000005416
484,27534.68630535953,390.20682517182803,27924.893130531356,234.66864428533918,0.21400096201591112,90700325.25494167,0,False,0,0.993859699503404,1,0.00016333301741877277,2.1195388095244085e-05,2.737398500001291
485,27533.663265454685,390.6476754124823,27924.310940867166,234.66428473653457,0.21399698642027506,90700325.25494167,0,False,0,0.9938722544081016,1,0.00014294478105929156,2.0848411539793926e-05,2.743297499997425
486,27532.65538670388,391.0891673461157,27923.744554049994,234.65998971577528,0.2139930696695853,90700325.25494167,0,False,0,0.9938847580501241,0,0.00012835743578616858,2.028292903526616e-05,2.7485174000030383
487,27531.666066665402,391.5302602481965,27923.1963269136,234.65577370550847,0.2139892249707943,90700325.25494167,0,False,0,0.9938972107429027,2,0.00012298907012209525,1.9633009295485154e-05,2.757840700003726
488,27530.695049612288,391.96998813498925,27922.665037747276,234.65163562017756,0.21398545133395241,90700325.25494167,0,False,0,0.9939096127973173,1,0.0001274991735951471,1.902680338250977e-05,2.7654382000037003
489,27529.738831510324,392.4075091706287,27922.146340680953,234.64756053072583,0.21398173514483124,90700325.25494167,0,False,0,0.9939219645217233,3,0.00013463726547371027,1.8576202007305194e-05,2.774752899997111
490,27528.79634521484,392.84215452756325,27921.638499742403,234.64354389249596,0.2139780722590295,90700325.25494167,0,False,0,0.9939342662219772,4,0.0001444672230274133,1.8187747186531265e-05,2.783755900003598
491,27527.86111907542,393.27338198094765,27921.134501056367,234.6395581272494,0.2139744375271729,90700325.25494167,0,False,0,0.9939465182014613,1,0.00015593491369265893,1.805046956826259e-05,2.792389300004288
492,27526.92750712035,393.7008514692796,27920.628358589627,234.63557917383437,0.21397080900721777,90700325.25494167,0,False,0,0.9939587207611089,5,0.0001603071325299663,1.8127575250245666e-05,2.8012356999970507
493,27526.00268569842,394.1244454604786,27920.127131158897,234.63163761819683,0.21396721459135176,90700325.25494167,0,False,0,0.9939708741994294,5,0.00015490157910898902,1.795186785529018e-05,2.8096514999997453
494,27525.08408585367,394.5441233138668,27919.628209167535,234.6277225131492,0.21396364429652548,90700325.25494167,0,False,0,0.9939829788125322,4,0.00015456908661505938,1.7869617463363806e-05,2.8187144000039552
495,27524.16763868023,394.9599863904889,27919.127625070716,234.623816517762,0.21396008230905572,90700325.25494167,0,False,0,0.9939950348941511,1,0.00015495497167756768,1.792946858276626e-05,2.8288730999993277
496,27523.24983785407,395.3722688103294,27918.6221066644,234.619904687791,0.21395651500086427,90700325.25494167,0,False,0,0.9940070427356672,1,0.00015280166498361843,1.810652585945245e-05,2.8390202000009594
497,27522.33335185334,395.78138360482814,27918.11473545817,234.61599839675614,0.21395295274378504,90700325.25494167,0,False,0,0.9940190026261339,1,0.00014428692064902322,1.8173218015237316e-05,2.8491413000010652
498,27521.41984377891,396.1878789396357,27917.607722718545,234.61210473365995,0.21394940200247964,90700325.25494167,0,False,0,0.994030914852299,2,0.00013707195497376324,1.8160708358319927e-05,2.859117599997262
499,27520.514460589402,396.5924052269273,27917.106865816328,234.60824563765615,0.21394588278388169,90700325.25494167,0,False,0,0.9940427796986278,3,0.00012075971029416856,1.7940537999962998e-05,2.8657646999999997
500,27519.621424108464,396.9956302677942,27916.617054376256,234.60443910594898,0.21394241150014984,90700325.25494167,0,False,0,0.9940545974473258,1,0.00011405310203066194,1.754520776187475e-05,2.871336299998802
501,27518.734174497215,397.39819017029606,27916.132364667512,234.60065717937456,0.21393896265453324,90700325.25494167,0,False,0,0.9940663683783618,1,0.00010817761777339382,1.736205027279884e-05,2.8768607000019983
502,27517.85336856786,397.8007888882808,27915.65415745614,234.59690265887085,0.21393553880128624,90700325.25494167,0,False,0,0.9940780927694888,4,0.00010373698453274156,1.7130138413284225e-05,2.8818929999979446
503,27516.980470938535,398.2040972463358,27915.18456818487,234.59318178897925,0.2139321456349825,90700325.25494167,0,False,0,0.994089770896267,4,0.00010001239702297933,1.682171833126725e-05,2.8870533000008436
504,27516.11434086483,398.60868120718743,27914.72302207202,234.5894897085751,0.2139287787226251,90700325.25494167,0,False,0,0.9941014030320847,2,0.0001002136645906833,1.65338728721286e-05,2.89247769999929
505,27515.252033249984,399.01497490819276,27914.26700815818,234.58581386456422,0.2139254266166932,90700325.25494167,0,False,0,0.9941129894481797,1,0.00010031309139416684,1.6335964124759316e-05,2.8975399999981164
506,27514.394622626653,399.42335037036423,27913.817972997018,234.58215883833387,0.21392209349508307,90700325.25494167,0,False,0,0.9941245304136608,0,0.00010235773852537487,1.6086224332132655e-05,2.902566900003876
507,27513.53772268164,399.83403246539706,27913.37175514704,234.57850593215755,0.21391876230681006,90700325.25494167,0,False,0,0.9941360261955283,0,0.00010432885120474727,1.5985554194329184e-05,2.9099303999973927
508,27512.680416384417,400.24721188872974,27912.927628273148,234.57485123680422,0.213915429486936,90700325.25494167,0,False,0,0.9941474770586953,0,0.00010590099676216593,1.59109002591223e-05,2.9152852000042913
509,27511.822033771394,400.6629942130783,27912.485027984472,234.57119189606976,0.21391209243080778,90700325.25494167,0,False,0,0.9941588832660063,0,0.00010685029802980379,1.5856462445287774e-05,2.9207643999980064
510,27510.96220453085,401.0814002996851,27912.043604830535,234.56752633103693,0.21390874969856613,90700325.25494167,0,False,0,0.9941702450782601,0,0.0001070742237170758,1.5814541539210398e-05,2.9267308999988018
511,27510.10086819707,401.5023697117693,27911.60323790884,234.56385428363456,0.21390540105486866,90700325.25494167,0,False,0,0.9941815627542269,1,0.00010658929317750797,1.5776950191464115e-05,2.932252400001744
512,27509.200209103637,401.9257425274111,27911.12595163105,234.5600145340362,0.21390189947880406,90700325.25494167,0,False,0,0.9941928365506698,2,9.842646236341964e-05,1.7099923416141627e-05,2.9377530999990995
513,27508.291489435756,402.34934776869306,27910.64083720445,234.556140356358,0.21389836650680139,90700325.25494167,0,False,0,0.9942040667223634,2,9.58393562931103e-05,1.7380682794386426e-05,2.943205700001272
514,27507.419858942492,402.7704893710011,27910.190348313492,234.55242424218298,0.21389497767736987,90700325.25494167,0,False,0,0.9942152535221137,2,0.00010870933634719007,1.614039941201533e-05,2.948479500002577
515,27506.578584793602,403.18745359409604,27909.766038387697,234.54883749357447,0.21389170682005074,90700325.25494167,0,False,0,0.9942263972007759,0,0.00013137992724450898,1.5202688355018657e-05,2.954228200003854
516,27505.757287810768,403.598738819211,27909.35602662998,234.5453358641385,0.2138885135853082,90700325.25494167,0,False,0,0.9942374980072748,0,0.00015467647592568444,1.4690619661742318e-05,2.959576000001107
517,27504.946059502072,404.00314311749133,27908.949202619562,234.54187711153875,0.21388535945116308,90700325.25494167,0,False,0,0.9942485561886216,1,0.0001747696900623481,1.4576617605539338e-05,2.964971200002765
518,27504.13642609813,404.39976137816416,27908.536187476297,234.53842510811796,0.21388221147178485,90700325.25494167,0,False,0,0.9942595719899339,3,0.00018821395948906717,1.4798663334366781e-05,2.9706262000036077
519,27503.324295540486,404.78798317585216,27908.112278716337,234.53496240663347,0.21387905373654026,90700325.25494167,0,False,0,0.9942705456544525,3,0.0001959332887769615,1.5189215124443227e-05,2.9762228000035975
520,27502.51068979489,405.1674571349468,27907.678146929837,234.53149336408913,0.2138758902187042,90700325.25494167,0,False,0,0.9942814774235601,2,0.00019865039790304637,1.5555756052735896e-05,2.981784100004006
521,27501.690152309653,405.53801678546574,27907.22816909512,234.5279947141051,0.21387269970100797,90700325.25494167,0,False,0,0.9942923675367986,2,0.00019771618113218536,1.6123800494874466e-05,2.987330700001621
522,27500.8686345689,405.8997745694022,27906.7684091383,234.52449183217047,0.21386950532407653,90700325.25494167,0,False,0,0.9943032162318873,2,0.00019333982540870395,1.647458336001597e-05,2.9927100999993854
523,27500.043803181063,406.25298196563637,27906.2967851467,234.5209747684887,0.2138662980144095,90700325.25494167,0,False,0,0.994314023744739,2,0.00018561829287987012,1.6899985863181535e-05,2.9982662000038545
524,27499.21532020159,406.5981158774847,27905.813436079075,234.51744208140082,0.2138630764573173,90700325.25494167,0,False,0,0.9943247903094784,1,0.0001740796824935863,1.7320430272279046e-05,3.0067323000039323
525,27498.387086487815,406.93586992986144,27905.322956417676,234.51391040400063,0.21385985582098785,90700325.25494167,0,False,0,0.994335516158458,3,0.00015928130738864836,1.757625386991996e-05,3.0150837000037427
526,27497.56591088842,407.2671275741999,27904.83303846262,234.5104087706489,0.2138566625826744,90700325.25494167,0,False,0,0.9943462015222756,3,0.0001406541805899615,1.755643379655081e-05,3.0207136000026367
527,27496.763899560516,407.5928133919831,27904.3567129525,234.50698880656208,0.21385354382086935,90700325.25494167,0,False,0,0.9943568466297904,1,0.00012837318059533996,1.7069642003022073e-05,3.026200300002529
528,27495.969634313966,407.91358223596006,27903.883216549926,234.50360182442387,0.2138504551362344,90700325.25494167,0,False,0,0.9943674517081394,1,0.00011603365771873805,1.6968547508354342e-05,3.0317322999981116
529,27495.185051393026,408.2303456185766,27903.415397011602,234.50025608255964,0.21384740405976962,90700325.25494167,0,False,0,0.9943780169827539,0,0.00010497532112903964,1.6765391923891774e-05,3.0374918000015896
530,27494.411331952895,408.54404973531314,27902.955381688207,234.49695661970924,0.21384439518644413,90700325.25494167,0,False,0,0.9943885426773751,0,9.655431116817556e-05,1.6485986279812963e-05,3.0427341000031447
531,27493.64877803035,408.85566050745484,27902.504438537806,234.493704725864,0.21384142969263745,90700325.25494167,0,False,0,0.99439902901407,0,9.213566817757841e-05,1.616112502179908e-05,3.0483482999989064
532,27492.8964866337,409.1661198787958,27902.062606512496,234.4904965521362,0.21383850406844016,90700325.25494167,0,False,0,0.994409476213247,0,9.22550821134488e-05,1.5834851895932667e-05,3.0538757000031183
533,27492.15246494665,409.4763148430841,27901.62877978973,234.4873236017105,0.2138356105653665,90700325.25494167,0,False,0,0.9944198844936719,0,9.634671815825559e-05,1.55481954464426e-05,3.0590955000006943
534,27491.413899241466,409.78704828939016,27901.200947530855,234.48417387636832,0.21383273824190221,90700325.25494167,0,False,0,0.9944302540724818,0,0.00010289557587658502,1.5333594402418803e-05,3.0644603000037023
535,27490.677538820026,410.09901296639003,27900.776551786417,234.4810335136726,0.21382987445649956,90700325.25494167,0,False,0,0.9944405851652022,0,0.00011021944033300984,1.5210662266326057e-05,3.0695763000039733
536,27489.94016851868,410.4127704589013,27900.35293897758,234.4778888019878,0.213827006705131,90700325.25494167,0,False,0,0.9944508779857604,0,0.00011679828260225948,1.5182832207251426e-05,3.0750857000020915
537,27489.199068557053,410.7287379709546,27899.92780652801,234.47472814167864,0.21382412440976162,90700325.25494167,0,False,0,0.9944611327465004,0,0.00012156476844797312,1.5237529449919194e-05,3.080515000001469
538,27488.45236903506,411.0471801621857,27899.499549197248,234.47154355714494,0.21382122029721642,90700325.25494167,0,False,0,0.9944713496581985,0,0.00012391478475718654,1.5349764835619664e-05,3.085689999999886
539,27487.699266170963,411.3682089699256,27899.067475140888,234.4683316193083,0.213818291240422,90700325.25494167,0,False,0,0.9944815289300767,1,0.00012360364054736037,1.5486803109064515e-05,3.09110789999977
540,27486.940053067512,411.6917911108895,27898.631844178402,234.46509357713575,0.2138153383783467,90700325.25494167,0,False,0,0.9944916707698178,1,0.00012073449861325173,1.5614534889870816e-05,3.0963802999976906
541,27486.175970664015,412.01776160946025,27898.193732273474,234.46183472225928,0.21381236653657912,90700325.25494167,0,False,0,0.994501775383579,0,0.00011573192814337542,1.5703705736377878e-05,3.1016525000013644
542,27485.408915431282,412.34584239509337,27897.754757826377,234.45856314253606,0.2138093830906645,90700325.25494167,0,False,0,0.9945118429760057,1,0.00010929111965130368,1.573486983816666e-05,3.1070502000002307
543,27484.641077781394,412.67566533066196,27897.316743112056,234.45528817999136,0.21380639655985947,90700325.25494167,0,False,0,0.9945218737502465,0,0.00010235775044745004,1.5700715635450248e-05,3.1124334999985876
544,27483.874561664612,413.00679744036495,27896.881359104977,234.45201880838908,0.21380341512759268,90700325.25494167,0,False,0,0.9945318679079651,0,9.603235821989674e-05,1.5606662500519687e-05,3.1175814000016544
545,27483.111066689824,413.33876885062824,27896.449835540454,234.44876227734633,0.21380044540499465,90700325.25494167,0,False,0,0.9945418256493554,1,9.140286128741144e-05,1.5468523487189325e-05,3.1228842999989865
546,27482.351815409034,413.67110011451945,27896.022915523554,234.445523802051,0.21379749214794247,90700325.25494167,0,False,0,0.9945517471731544,1,8.84832972361855e-05,1.5303740060723087e-05,3.1283773000031943
547,27481.597347796123,414.00332611099145,27895.600673907116,234.44230568647853,0.21379455745749634,90700325.25494167,0,False,0,0.9945616326766545,4,8.695201397874528e-05,1.5136265757889206e-05,3.133547199999157
548,27480.849158697278,414.33502023149623,27895.184178928776,234.43911430773355,0.21379164714911805,90700325.25494167,0,False,0,0.9945714823557184,5,8.586004782323129e-05,1.4930489692962903e-05,3.1391714999990654
549,27480.10644202581,414.66576349318444,27894.772205518995,234.4359462284989,0.21378875808822104,90700325.25494167,0,False,0,0.9945812964047901,1,8.915889594088914e-05,1.4768621247947278e-05,3.145053599997482
550,27479.36797353654,414.99521198969245,27894.363185526232,234.43279622756089,0.21378588551343314,90700325.25494167,0,False,0,0.9945910750169095,3,9.012157397838366e-05,1.46629622837458e-05,3.1501448999988497
551,27478.63463253644,415.3231099752316,27893.95774251167,234.42966805648317,0.21378303284591116,90700325.25494167,0,False,0,0.9946008183837234,3,9.428732966694786e-05,1.453494427766161e-05,3.155463499999314
552,27477.904257143535,415.64923329146285,27893.553490435,234.4265524941385,0.2137801916766488,90700325.25494167,0,False,0,0.9946105266954994,1,9.743427142942759e-05,1.4492460352966489e-05,3.160820600001898
553,27477.175933775652,415.9734653406901,27893.14939911634,234.42344564388458,0.21377735845218798,90700325.25494167,0,False,0,0.9946202001411376,1,0.00010037808519576263,1.4486907119838353e-05,3.1662770000039018
554,27476.45006614975,416.2957788218488,27892.7458449716,234.42034922826028,0.2137745347433605,90700325.25494167,0,False,0,0.9946298389081831,2,9.948494843908634e-05,1.4467858719239849e-05,3.175223400001414
555,27475.729111338544,416.6162340643198,27892.345345402864,234.41727372929898,0.21377173010902856,90700325.25494167,0,False,0,0.9946394431828375,3,9.575848051627155e-05,1.4358556556659012e-05,3.1839228000026196
556,27475.01162308197,416.9349224381162,27891.946545520084,234.41421297814674,0.21376893892364005,90700325.25494167,0,False,0,0.9946490131499722,3,8.953156164328634e-05,1.4297825365389785e-05,3.190493599999172
557,27474.300940342066,417.25200102891597,27891.55294137098,234.4111812194208,0.2137661741772636,90700325.25494167,0,False,0,0.9946585489931392,1,8.819154649503585e-05,1.4111749011886686e-05,3.19598660000338
558,27473.59276719494,417.56760586049927,27891.160373055438,234.4081601275644,0.21376341915830666,90700325.25494167,0,False,0,0.994668050894583,0,8.704457854147393e-05,1.4074810261308252e-05,3.2017854000005173
559,27472.886884244414,417.8819873877049,27890.768871632117,234.4051487670201,0.21376067301360796,90700325.25494167,0,False,0,0.9946775190352524,0,8.509137363573998e-05,1.4036756380309916e-05,3.2101734000025317
560,27472.18340533248,418.1954552909359,27890.378860623416,234.4021476238325,0.21375793618640526,90700325.25494167,0,False,0,0.994686953594812,0,8.25565012348698e-05,1.3983515854173239e-05,3.2184984999985318
561,27471.48248395149,418.508365279538,27889.990849231028,234.39915735322722,0.21375520927421737,90700325.25494167,0,False,0,0.9946963547516539,2,7.9731763994906e-05,1.3912015836244527e-05,3.2238033000030555
562,27470.78497864023,418.82110690761357,27889.606085547843,234.39618161838828,0.2137524956176052,90700325.25494167,0,False,0,0.994705722682908,2,7.594092879599299e-05,1.379576225984185e-05,3.22887069999706
563,27470.09088242158,419.1340263245408,27889.22490874612,234.3932203901025,0.2137497951899284,90700325.25494167,0,False,0,0.9947150575644544,0,7.388138692894055e-05,1.3667342613336486e-05,3.234116899999208
564,27469.399272877054,419.4474743700128,27888.846747247066,234.39026973352392,0.21374710440288985,90700325.25494167,0,False,0,0.9947243595709333,1,7.222504703782258e-05,1.3559412292460243e-05,3.2399360999988858
565,27468.710005885372,419.7618185809559,27888.471824466327,234.38732903416675,0.21374442269612265,90700325.25494167,0,False,0,0.9947336288757563,1,7.111109853013589e-05,1.3443466635113726e-05,3.2449844000002486
566,27468.022695590465,420.07739812236935,27888.100093712834,234.38439664615248,0.21374174856870365,90700325.25494167,0,False,0,0.9947428656511177,0,7.061211141345632e-05,1.3329190492515615e-05,3.250765800003137
567,27467.336894962005,420.39452445179114,27887.731419413798,234.38147066251634,0.2137390802816179,90700325.25494167,0,False,0,0.994752070068004,0,7.060909472352612e-05,1.3219771077875944e-05,3.2563062999979593
568,27466.65216795192,420.71348802273053,27887.365655974652,234.37854922305462,0.21373641613849312,90700325.25494167,0,False,0,0.994761242296206,0,7.100421832030522e-05,1.3115568048358491e-05,3.261697499998263
569,27465.968051938376,421.0345427411323,27887.00259467951,234.3756303540894,0.21373375433947664,90700325.25494167,0,False,0,0.9947703825043277,0,7.164472208173369e-05,1.3018845150910756e-05,3.267133699999249
570,27465.284096901698,421.35789932626005,27886.641996227958,234.37271213561402,0.2137310931336602,90700325.25494167,0,False,0,0.994779490859798,0,7.235716932769615e-05,1.2930699537472084e-05,3.2725742000038736
571,27464.599907329793,421.6837204113554,27886.283627741148,234.36979288009704,0.21372843098213629,90700325.25494167,0,False,0,0.9947885675288797,0,7.296431437984498e-05,1.285090140499515e-05,3.2780375000002095
572,27463.915179039235,422.0121175187905,27885.927296558024,234.36687128960543,0.21372576670128304,90700325.25494167,0,False,0,0.9947976126766807,0,7.332204573445725e-05,1.2778008998284294e-05,3.2833016000004136
573,27463.229725760328,422.3431498281526,27885.57287558848,234.36394656926362,0.21372309956623106,90700325.25494167,0,False,0,0.9948066264671631,0,7.333499139726899e-05,1.2709671289524947e-05,3.288558300002478
574,27462.54349253467,422.6768247100958,27885.220317244766,234.36101848445134,0.2137204293630235,90700325.25494167,0,False,0,0.9948156090631542,0,7.296236553440008e-05,1.2643037505015856e-05,3.293969600003038
575,27461.856554871523,423.0130999377398,27884.869654809263,234.35808735723853,0.21371775638536494,90700325.25494167,0,False,0,0.9948245606263549,1,7.221757992513256e-05,1.2575207637370728e-05,3.303190300001006
576,27461.169397145168,423.35188741906603,27884.521284564235,234.35515525434965,0.21371508251795987,90700325.25494167,0,False,0,0.9948334813173508,1,7.080946629753683e-05,1.249316383189218e-05,3.3119167999975616
577,27460.482440771084,423.6930497163451,27884.17549048743,234.35222397396225,0.21371240940061711,90700325.25494167,0,False,0,0.9948423712956209,0,6.948527325035171e-05,1.2400932878742931e-05,3.3177259000003687
578,27459.79566427806,424.03640786233456,27883.832072140394,234.3492934244866,0.2137097369498134,90700325.25494167,0,False,0,0.9948512307195476,0,6.811213037969324e-05,1.2315886734811778e-05,3.323055900000327
579,27459.109442239595,424.3817624536961,27883.49120469329,234.34636520432568,0.21370706662317757,90700325.25494167,0,False,0,0.9948600597464253,0,6.683936873238888e-05,1.222455529860648e-05,3.3281970000025467
580,27458.424130396015,424.7288956931467,27883.153026089163,234.34344083159664,0.21370439980512348,90700325.25494167,0,False,0,0.9948688585324715,0,6.580164261485815e-05,1.2128273380317129e-05,3.3331883999999263
581,27457.74003753326,425.0775795718575,27882.81761710512,234.340521624124,0.21370173769741252,90700325.25494167,0,False,0,0.9948776272328337,1,6.509803979197743e-05,1.202909096146124e-05,3.3410581999996793
582,27457.057674994583,425.42758392323,27882.48525891781,234.33760976418012,0.2136990822901205,90700325.25494167,0,False,0,0.9948863660016005,1,6.470894187201929e-05,1.1919820725161688e-05,3.347168000000238
583,27456.37713219767,425.7786469555496,27882.15577915322,234.33470563362002,0.21369643393147175,90700325.25494167,0,False,0,0.9948950749918092,0,6.486942700138396e-05,1.1816728728834551e-05,3.3526029999993625
584,27455.698362583254,426.13052107010367,27881.828883653357,234.33180903404153,0.21369379244053777,90700325.25494167,0,False,0,0.994903754355456,0,6.542682139187675e-05,1.1724183110271054e-05,3.359849899999972
585,27455.021368765363,426.4829924861587,27881.504361251522,234.32891997687935,0.21369115782774614,90700325.25494167,0,False,0,0.9949124042435034,0,6.623638631035356e-05,1.1639207857911633e-05,3.3682934000025853
586,27454.346093996388,426.8358768417619,27881.181970838148,234.32603822023873,0.21368852987250625,90700325.25494167,0,False,0,0.994921024805891,0,6.713119565595015e-05,1.1562877282254537e-05,3.3770664999974542
587,27453.672448191428,427.1890239560221,27880.86147214745,234.32316337994172,0.21368590822447536,90700325.25494167,0,False,0,0.9949296161915413,0,6.795013336463131e-05,1.1495161540565795e-05,3.3824408000000403
588,27453.000333380536,427.54232111509174,27880.542654495628,234.32029503814022,0.213683292502606,90700325.25494167,0,False,0,0.9949381785483716,0,6.85588040921632e-05,1.1435000031897563e-05,3.3881099999998696
589,27452.329664940822,427.89569482997223,27880.225359770793,234.31743283392646,0.21368068237777618,90700325.25494167,0,False,0,0.9949467120232998,0,6.88622055988861e-05,1.138050750184286e-05,3.3970570000019507
590,27451.660385969117,428.2491110703636,27879.90949703948,234.31457652467597,0.21367807762872978,90700325.25494167,0,False,0,0.994955216762254,1,6.781727115052992e-05,1.1329274682586079e-05,3.405994599997939
591,27450.993055655046,428.6025740163626,27879.59562967141,234.3117284971243,0.21367548043199838,90700325.25494167,0,False,0,0.9949636929101806,1,6.746586065662636e-05,1.1257833103904156e-05,3.4113935999994283
592,27450.32726996113,428.95607647046717,27879.283346431595,234.30888702719378,0.2136728892153468,90700325.25494167,0,False,0,0.9949721406110532,0,6.681312950066473e-05,1.120113949868436e-05,3.416325999998662
593,27449.663066082372,429.309660992093,27878.972727074466,234.30605227386837,0.2136703041237571,90700325.25494167,0,False,0,0.9949805600078796,0,6.5898825108783e-05,1.1141583277788372e-05,3.4217780999970273
594,27449.00050164131,429.6633967123068,27878.663898353614,234.30322448332336,0.21366772538172338,90700325.25494167,0,False,0,0.9949889512427104,0,6.479463543923594e-05,1.1077478495185634e-05,3.4268997000035597
595,27448.339635695054,430.01737438133125,27878.357010076386,234.30040390786806,0.21366515321933366,90700325.25494167,0,False,0,0.9949973144566472,0,6.3590053322216e-05,1.1007998028407047e-05,3.431876299997384
596,27447.680515135275,430.37170099439186,27878.052216129665,234.29759074790024,0.21366258781933636,90700325.25494167,0,False,0,0.9950056497898503,0,6.2385545502997e-05,1.09329953200366e-05,3.4371028000023216
597,27447.023163410107,430.72649396379535,27877.749657373904,234.29478510376669,0.21366002927324051,90700325.25494167,0,False,0,0.9950139573815467,0,6.126931420243073e-05,1.085293740806422e-05,3.442406200003461
598,27446.367573303643,431.08187518776975,27877.449448491414,234.29198694493863,0.21365747755320608,90700325.25494167,0,False,0,0.9950222373700379,1,6.031169928165187e-05,1.076876312400429e-05,3.44768479999766
599,27445.713533866085,431.43796494744146,27877.151498813528,234.2891953713021,0.2136549318383937,90700325.25494167,0,False,0,0.995030489892707,1,5.9506616750929776e-05,1.068783851394741e-05,3.4533576000030735
600,27445.06082694723,431.79484013421836,27876.855667081447,234.28640945196642,0.2136523912798979,90700325.25494167,0,False,0,0.9950387150860271,0,5.873779362831763e-05,1.061197849046495e-05,3.4586048999990453
601,27444.409656699376,432.152537838459,27876.562194537833,234.28363005852276,0.2136498566725473,90700325.25494167,0,False,0,0.995046913085568,0,5.8029930511851866e-05,1.052746217572917e-05,3.4639133000018774
602,27443.760023871673,432.5111102838794,27876.27113415555,234.28085719440108,0.21364732801946976,90700325.25494167,0,False,0,0.9950550840260046,0,5.737133577145977e-05,1.0441042918091345e-05,3.470039200001338
603,27443.111934806406,432.8705963361455,27875.982531142552,234.27809088690478,0.213644805345564,90700325.25494167,0,False,0,0.9950632280411236,0,5.674127761182581e-05,1.0352999208913627e-05,3.475570800001151
604,27442.465407362768,433.23101941692596,27875.696426779694,234.27533121249778,0.21364228872055963,90700325.25494167,0,False,0,0.9950713452638311,0,5.6117146715564195e-05,1.0263471880804115e-05,3.4809576999978162
605,27441.820476072782,433.59238596344176,27875.412862036224,234.27257831881553,0.2136397782790896,90700325.25494167,0,False,0,0.9950794358261598,0,5.547776192656705e-05,1.0172472074887914e-05,3.4896740000040154
606,27441.177196094417,433.9546845871292,27875.131880681547,234.26983244154343,0.21363727423608206,90700325.25494167,0,False,0,0.9950874998592755,0,5.480659097560511e-05,1.0079899302945293e-05,3.4986000999997486
607,27440.535645151074,434.3178858941171,27874.85353104519,234.26709391270074,0.2136347768943148,90700325.25494167,0,False,0,0.9950955374934856,0,5.409615190793797e-05,9.985589935390445e-06,3.504889000003459
608,27439.895923177937,434.68194294905857,27874.577866126994,234.26436315913668,0.21363228664304362,90700325.25494167,0,False,0,0.9951035488582447,1,5.334971141279565e-05,9.889376383284589e-06,3.5107543999984046
609,27439.258196950577,435.0467923333999,27874.304989283977,234.26164089304325,0.21362980413173652,90700325.25494167,0,False,0,0.9951115340821629,2,5.255502958312537e-05,9.789452035024367e-06,3.5188089000002947
610,27438.622684282884,435.4123512424832,27874.03503552537,234.2589280445161,0.213627330208574,90700325.25494167,0,False,0,0.9951194932930115,1,5.145886573446741e-05,9.684681240030533e-06,3.528990700004215
611,27437.989594258903,435.7785126404522,27873.768106899355,234.25622550642663,0.2136248656877907,90700325.25494167,0,False,0,0.9951274266177301,0,5.0605499475003764e-05,9.576246340840002e-06,3.5355741000021226
612,27437.35899821762,436.1451523887803,27873.5041506064,234.25353358366922,0.21362241084742842,90700325.25494167,0,False,0,0.9951353341824339,0,4.983331863198258e-05,9.46970255123329e-06,3.5417121999998926
613,27436.73106172721,436.5121462970883,27873.243208024298,234.2508529834084,0.2136199663323704,90700325.25494167,0,False,0,0.9951432161124202,1,4.918372921139399e-05,9.361671237779907e-06,3.5473654000015813
614,27436.105268708736,436.8793665007235,27872.98463520946,234.24818150290403,0.2136175301338758,90700325.25494167,0,False,0,0.9951510725321739,1,4.858454402942999e-05,9.27673944891039e-06,3.5526338999989093
615,27435.48192143354,437.2466456381093,27872.72856707165,234.24552043287207,0.21361510342898488,90700325.25494167,0,False,0,0.9951589035653763,0,4.811771615381161e-05,9.186965126412118e-06,3.5577885000020615
616,27434.861647920166,437.61381465946084,27872.475462579627,234.2428724547245,0.21361268866295297,90700325.25494167,0,False,0,0.9951667093349094,0,4.7863548223323616e-05,9.080721731726476e-06,3.5631285999988904
617,27434.24455504036,437.980730157163,27872.225285197524,234.24023802515381,0.21361028625225081,90700325.25494167,0,False,0,0.9951744899628637,0,4.779114852104133e-05,8.975786253292878e-06,3.568258600003901
618,27433.630714867097,438.3472630665798,27871.977977933675,234.23761745230888,0.21360789647788808,90700325.25494167,0,False,0,0.9951822455705438,0,4.785127635905987e-05,8.872892685064785e-06,3.573723499997868
619,27433.020169372525,438.71330156103915,27871.733470933563,234.2350109158429,0.2136055195036956,90700325.25494167,0,False,0,0.9951899762784754,0,4.7985561596745374e-05,8.772502629909671e-06,3.5790468999985023
620,27432.41293626463,439.07875325232305,27871.491689516955,234.2324184918246,0.2136031553990426,90700325.25494167,0,False,0,0.9951976822064108,0,4.813597281309978e-05,8.674789347406566e-06,3.5844637999980478
621,27431.809014926544,439.44354664890807,27871.252561575453,234.22984017808895,0.2136008041619547,90700325.25494167,0,False,0,0.9952053634733358,0,4.8252811463706035e-05,8.579660685772178e-06,3.5897779000006267
622,27431.20839157331,439.80763185204546,27871.016023425356,234.22727591624897,0.2135984657391872,90700325.25494167,0,False,0,0.995213020197475,0,4.830029709439377e-05,8.486814490097612e-06,3.595725699997274
623,27430.611043000044,440.1709804972074,27870.782023497253,234.22472560769515,0.21359614004081529,90700325.25494167,0,False,0,0.9952206524962992,0,4.825950636573843e-05,8.395816209438802e-06,3.601153000003251
624,27430.01695139082,440.53358497451444,27870.550536365332,234.2221891768191,0.21359382699788954,90700325.25494167,0,False,0,0.9952282604865293,1,4.751266868021995e-05,8.305727902652705e-06,3.607103800000914
625,27429.426360545236,440.89545618086436,27870.3218167261,234.21966766497314,0.2135915275600485,90700325.25494167,0,False,0,0.995235844284145,0,4.735519535633485e-05,8.206498789224874e-06,3.6121085999984643
626,27428.83899476574,441.25660493623144,27870.095599701974,234.21715989553687,0.21358924065429888,90700325.25494167,0,False,0,0.9952434040043884,0,4.715415519587132e-05,8.116771152271544e-06,3.617165700001351
627,27428.254801396284,441.61706484910394,27869.871866245387,234.21466564413205,0.21358696607602376,90700325.25494167,0,False,0,0.9952509397617704,0,4.693414096712286e-05,8.027724762790628e-06,3.6225187000018195
628,27427.67371656269,441.9768818677146,27869.650598430406,234.2121846384713,0.21358470357691664,90700325.25494167,0,False,0,0.9952584516700772,0,4.672338280300852e-05,7.939319421443358e-06,3.627753400003712
629,27427.09566411564,442.33611156277584,27869.431775678415,234.20971655384258,0.21358245286086341,90700325.25494167,0,False,0,0.9952659398423759,1,4.6549601898566013e-05,7.851650354141143e-06,3.633106300003419
630,27426.520589773216,442.6948160406239,27869.21540581384,234.2072611588856,0.21358021371688007,90700325.25494167,0,False,0,0.9952734043910191,2,4.6587907556514376e-05,7.763698460595906e-06,3.6386591999980737
631,27425.94858249763,443.0529830936544,27869.001565591283,234.20481883384736,0.2135779864917247,90700325.25494167,0,False,0,0.9952808454276518,1,4.681448469988911e-05,7.672990410513232e-06,3.6440845000033733
632,27425.379621590015,443.41055024199346,27868.79017183201,234.20238949075653,0.21357577110517362,90700325.25494167,0,False,0,0.9952882630632165,0,4.707224978527689e-05,7.585264896394783e-06,3.6493828000020585
633,27424.813628512355,443.76751482039884,27868.581143332754,234.19997279467117,0.21357356725178392,90700325.25494167,0,False,0,0.9952956574079583,0,4.732450336502002e-05,7.500451148639472e-06,3.654999400001543
634,27424.250519935034,444.12388358404417,27868.37440351908,234.19756839017367,0.2135713746074402,90700325.25494167,0,False,0,0.995303028571431,1,4.756437172097565e-05,7.418383182544817e-06,3.6599679999999353
635,27423.69047966926,444.4796716963851,27868.170151365648,234.19517706250596,0.21356919388822676,90700325.25494167,0,False,0,0.9953103766625025,1,4.7194619971115335e-05,7.329173581273053e-06,3.6650044999987585
636,27423.13334135634,444.8348847923935,27867.968226148732,234.19279810171935,0.21356702444672132,90700325.25494167,0,False,0,0.9953177017893594,0,4.740031140056608e-05,7.245729296862427e-06,3.6702798000042094
637,27422.578922478955,445.18953552642995,27867.768458005386,234.1904307288364,0.21356486557255241,90700325.25494167,0,False,0,0.9953250040595131,0,4.759031226526527e-05,7.168378466802606e-06,3.6755469999989145
638,27422.027136287157,445.5436457189346,27867.570782006092,234.18807457377994,0.2135627169282362,90700325.25494167,0,False,0,0.9953322835798047,1,4.776055941667436e-05,7.093355881433017e-06,3.680653199997323
639,27421.478797428557,445.8972274965479,27867.376024925106,234.1857331155276,0.21356058168635056,90700325.25494167,0,False,0,0.9953395404564105,1,4.843179113314943e-05,6.988663723496053e-06,3.6859350000013364
640,27420.935237595924,446.2496475894394,27867.184885185365,234.18341204105778,0.2135584650330117,90700325.25494167,0,False,0,0.9953467747948471,1,5.034622492028297e-05,6.858906973181489e-06,3.6912262000041665
641,27420.396645431818,446.6005404854122,27866.99718591723,234.18111215651794,0.21355636770336825,90700325.25494167,0,False,0,0.995353986699976,1,5.109276666208463e-05,6.735494414265679e-06,3.6964693999980227
642,27419.863678707297,446.9496516595024,27866.8133303668,234.17883627137314,0.2135542922594507,90700325.25494167,0,False,0,0.9953611762760091,0,5.4044342716505585e-05,6.597608963841145e-06,3.701905200003239
643,27419.335161374147,447.296757668004,27866.631919042153,234.17657936426582,0.2135522341221413,90700325.25494167,0,False,0,0.9953683436265139,0,5.682810257165006e-05,6.509941502699789e-06,3.708076200004143
644,27418.810730645324,447.6417143280331,27866.452444973358,234.17433988652695,0.21355019187916507,90700325.25494167,0,False,0,0.9953754888544187,0,5.905834084884967e-05,6.440465044935019e-06,3.714183399999456
645,27418.290062765784,447.98444473858336,27866.274507504368,234.17211645610493,0.21354816427019013,90700325.25494167,0,False,0,0.9953826120620162,0,6.0480856624778195e-05,6.385364959597452e-06,3.720860100002028
646,27417.77291524605,448.3249401480847,27866.097855394135,234.16990803792893,0.2135461503513062,90700325.25494167,0,False,0,0.9953897133509696,0,6.095707092166156e-05,6.33927976935375e-06,3.7270687999989605
647,27417.25914894933,448.663258567297,27865.922407516628,234.16771403824794,0.21354414958105492,90700325.25494167,0,False,0,0.9953967928223176,0,6.044812793817213e-05,6.296104980964633e-06,3.732500899997831
648,27416.74872887902,448.9995212506983,27865.74825012972,234.16553430801477,0.21354216182351596,90700325.25494167,0,False,0,0.9954038505764784,0,5.90028487407691e-05,6.249833914007867e-06,3.7380546999993385
649,27416.241705498232,449.3339072350989,27865.57561273333,234.1633690631318,0.2135401872755768,90700325.25494167,0,False,0,0.9954108867132545,0,5.674953740295712e-05,6.195326062683314e-06,3.743747300002724
650,27415.738180928627,449.6666461811384,27865.404827109767,234.1612187401177,0.21353822633531117,90700325.25494167,0,False,0,0.9954179013318379,0,5.389053158346154e-05,6.1289106651186455e-06,3.749670299999707
651,27415.238266132903,449.9980098100113,27865.236275942912,234.15908381326105,0.21353627943523618,90700325.25494167,0,False,0,0.995424894530815,0,5.069740244391244e-05,6.048760744748273e-06,3.755225499997323
652,27414.742036011143,450.32830226301985,27865.070338274163,234.15696460285415,0.21353434686743544,90700325.25494167,0,False,0,0.9954318664081699,0,4.750225885447071e-05,5.955006701043239e-06,3.760503899997275
653,27414.249489197144,450.6578497346529,27864.907338931796,234.15486110348914,0.21353242862697736,90700325.25494167,0,False,0,0.9954388170612908,0,4.4675950661343444e-05,5.849593788492483e-06,3.7656284000040614
654,27413.760518312447,450.9869897405262,27864.747508052973,234.15277285700654,0.21353052429605338,90700325.25494167,0,False,0,0.9954457465869727,0,4.257985671551557e-05,5.7359199827700074e-06,3.7710477000000537
655,27413.274894718277,451.3160603798675,27864.590955098145,234.1506988873545,0.21352863298457425,90700325.25494167,0,False,0,0.9954526550814233,0,4.148551651245261e-05,5.6183159306462735e-06,3.7765620999998646
656,27412.792269654426,451.6453899388279,27864.437659593255,234.1486377054303,0.21352675333458515,90700325.25494167,0,False,0,0.9954595426402668,1,4.148769655439221e-05,5.501444651985341e-06,3.782488299999386
657,27412.312189294636,451.9752870914225,27864.28747638606,234.14658737335736,0.21352488357888175,90700325.25494167,0,False,0,0.9954664093585487,1,4.247653474882432e-05,5.389780659853476e-06,3.7881112000031862
658,27411.834124305682,452.30603095905445,27864.140155264737,234.14454563070942,0.2135230216561175,90700325.25494167,0,False,0,0.9954732553307397,0,4.41682067677895e-05,5.287094509349252e-06,3.7941079000011086
659,27411.357521354854,452.637862761409,27863.995384116264,234.14251011448073,0.2135211654114008,90700325.25494167,0,False,0,0.9954800806507402,1,4.6200016571275566e-05,5.195607962987761e-06,3.79960900000151
660,27410.882006857497,452.97098125996934,27863.852988117465,234.14047922927594,0.21351931338984548,90700325.25494167,0,False,0,0.9954868854118847,1,4.67462206709747e-05,5.110394142539927e-06,3.805273899997701
661,27410.408080323723,453.30553314565833,27863.713613469383,234.13845510861185,0.21351746753706582,90700325.25494167,0,False,0,0.9954936697069463,1,4.8232726683301805e-05,5.001987634015662e-06,3.811457600000722
662,27409.931282324334,453.6415879626144,27863.57287028695,234.13641870637866,0.2135156104843766,90700325.25494167,0,False,0,0.9955004336281402,1,4.6471814072650256e-05,5.051127943176143e-06,3.8169533999971463
663,27409.455546129306,453.9787925686338,27863.434338697938,234.13438682145477,0.2135137575511492,90700325.25494167,0,False,0,0.9955071772671289,0,4.43542073066696e-05,4.9717812448537615e-06,3.82271480000054
664,27408.981646246186,454.31693015916113,27863.29857640535,234.13236276194792,0.21351191175414055,90700325.25494167,0,False,0,0.9955139007150252,2,4.243849219753447e-05,4.8724177694504815e-06,3.8278968000013265
665,27408.50993109302,454.65578718816283,27863.165718281183,234.1303480161981,0.2135100744506099,90700325.25494167,0,False,0,0.9955206040623972,0,4.1019120152632426e-05,4.768212342151495e-06,3.832925599999726
666,27408.04067906285,454.99514045396734,27863.03581951682,234.12834377350748,0.21350824672511548,90700325.25494167,0,False,0,0.9955272873992719,1,4.029899962341575e-05,4.662024612616638e-06,3.8382932000022265
667,27407.57410114522,455.3347664886604,27862.90886763388,234.1263509353239,0.21350642939971298,90700325.25494167,0,False,0,0.9955339508151392,1,4.006099960659483e-05,4.556283233521217e-06,3.843487500002084
668,27407.110328964598,455.67444710481664,27862.784776069413,234.12437006413748,0.21350462298735307,90700325.25494167,0,False,0,0.9955405943989568,1,4.076305311912433e-05,4.4536471427360624e-06,3.848583699997107
669,27406.650688070367,456.0139758040446,27862.664663874413,234.1224068220313,0.21350283265144912,90700325.25494167,0,False,0,0.9955472182391527,3,4.1549375698559467e-05,4.310846742891999e-06,3.8539766000030795
670,27406.195280773485,456.3530414153706,27862.548322188857,234.12046164645022,0.2135010587909195,90700325.25494167,0,False,0,0.9955538224236301,2,4.345443998856572e-05,4.175540529221241e-06,3.8593121000012616
671,27405.743296645698,456.6913494801047,27862.434646125803,234.1185310762294,0.2134992982494302,90700325.25494167,0,False,0,0.9955604070397711,1,4.60333609094683e-05,4.0798875156645814e-06,3.8642904000007547
672,27405.294459272744,457.02867979809844,27862.323139070842,234.11661393106104,0.2134975499506253,90700325.25494167,0,False,0,0.9955669721744406,3,4.870094575646482e-05,4.0020571201551126e-06,3.869290800001181
673,27404.85135700659,457.36485205373714,27862.216209060327,234.11472126718812,0.21349582397700487,90700325.25494167,0,False,0,0.9955735179139898,3,5.123701158348762e-05,3.837799525250353e-06,3.8755718000029447
674,27404.411641513427,457.69953597320267,27862.11117748663,234.11284305442717,0.21349411118176145,90700325.25494167,0,False,0,0.9955800443442603,1,5.363393921034074e-05,3.7696776490928795e-06,3.88138230000186
675,27403.97502087062,458.0325408187986,27862.00756168942,234.11097804618484,0.21349241042809133,90700325.25494167,0,False,0,0.9955865515505881,0,5.674793414687148e-05,3.7188781764750497e-06,3.886983999997028
676,27403.540884439462,458.3637264494981,27861.90461088896,234.10912363442594,0.21349071933765365,90700325.25494167,0,False,0,0.9955930396178063,1,5.9139681114299365e-05,3.695024496469399e-06,3.8923874000029173
677,27403.113742476286,458.6930188403193,27861.806761316606,234.10729908516856,0.2134890554796742,90700325.25494167,0,False,0,0.9955995086302503,1,6.164634672998358e-05,3.5119484371372965e-06,3.89767849999771
678,27402.689344337687,459.02013525225317,27861.70947958994,234.10548624215403,0.21348740229694807,90700325.25494167,0,False,0,0.9956059586717599,0,6.455445777816714e-05,3.4915799789989828e-06,3.9032253000041237
679,27402.266864702313,459.3449770009135,27861.611841703227,234.10368158020202,0.21348575657476385,90700325.25494167,0,False,0,0.9956123898256845,0,6.642337126609297e-05,3.5043753070551234e-06,3.9085596000004443
680,27401.84600168093,459.66752796990454,27861.513529650834,234.10188380993833,0.21348411713730475,90700325.25494167,0,False,0,0.9956188021748851,0,6.718764459994527e-05,3.5285845252239336e-06,3.9138729000042076
681,27401.42659459792,459.98784068921697,27861.414435287137,234.1000922451673,0.21348248335880962,90700325.25494167,0,False,0,0.9956251958017389,0,6.68583742778968e-05,3.5566755406743614e-06,3.9192994000040926
682,27401.008619345066,460.3060325758869,27861.31465192095,234.09830678304817,0.21348085514549506,90700325.25494167,0,False,0,0.9956315707881428,1,6.55148978126835e-05,3.5814178213255722e-06,3.924567100002605
683,27400.592257799108,460.62228036686764,27861.214538165976,234.09652820065105,0.21347923320599324,90700325.25494167,0,False,0,0.9956379272155162,1,6.320805850477405e-05,3.593288982460379e-06,3.9298189999972237
684,27400.17827551519,460.9368102170506,27861.115085732243,234.0947597684117,0.21347762052270683,90700325.25494167,0,False,0,0.9956442651648055,0,6.054529321801493e-05,3.5695656266783875e-06,3.935199500003364
685,27399.766088493558,461.2498747376182,27861.015963231177,234.09299899182614,0.21347601482082726,90700325.25494167,0,False,0,0.9956505847164865,0,5.744058010842264e-05,3.5577363203414156e-06,3.9405267000038293
686,27399.355850107484,461.56177170459546,27860.91762181208,234.09124652625303,0.21347441669799458,90700325.25494167,0,False,0,0.9956568859505683,0,5.418889285002579e-05,3.529714035760315e-06,3.945905300002778
687,27398.947654908457,461.8728242203729,27860.82047912883,234.0895027757907,0.21347282652271748,90700325.25494167,0,False,0,0.995663168946597,0,5.112163724956757e-05,3.4867007817107045e-06,3.9513168999983463
688,27398.541502510307,462.18337029550906,27860.724872805815,234.0877677389842,0.21347124429366915,90700325.25494167,0,False,0,0.9956694337836582,1,4.857661801877548e-05,3.431568825717504e-06,3.956555800003116
689,27398.13800095211,462.4937522499785,27860.631753202088,234.08604401352983,0.21346967237976214,90700325.25494167,0,False,0,0.9956756805403812,1,4.567396812072335e-05,3.3423252321097185e-06,3.961788599997817
690,27397.745072489986,462.8042565476737,27860.54932903766,234.0843654432734,0.213468141644155,90700325.25494167,0,False,0,0.9956819092949419,0,4.5799803251713096e-05,2.9584456359798316e-06,3.9677487000008114
691,27397.352945918377,463.11462119538754,27860.467567113767,234.08269028665225,0.21346661402153824,90700325.25494167,0,False,0,0.995688120125066,0,4.585652940349437e-05,2.9346845580637813e-06,3.9729277000005823
692,27396.961563473393,463.42487905754393,27860.386442530937,234.08101829697083,0.21346508928694324,90700325.25494167,0,False,0,0.9956943131080321,0,4.584945027267684e-05,2.9118169906703967e-06,3.978063499998825
693,27396.570874307225,463.7350641172431,27860.305938424466,234.07934925707232,0.21346356724233856,90700325.25494167,0,False,0,0.9957004883206757,0,4.578401548679497e-05,2.8895545521786284e-06,3.9831535999983316
694,27396.180834988256,464.04521020730346,27860.22604519556,234.07768298147627,0.21346204771857932,90700325.25494167,0,False,0,0.995706645839391,0,4.5665224522267807e-05,2.867636453230035e-06,3.988145800001803
695,27395.791410093687,464.3553497244015,27860.14675981809,234.0760193189114,0.213460530577717,90700325.25494167,0,False,0,0.9957127857401356,0,4.5497172293006246e-05,2.8458267833357166e-06,3.9930932999996003
696,27395.402572909505,464.66551236365603,27860.06808527316,234.07435815530715,0.21345901571572742,90700325.25494167,0,False,0,0.9957189080984321,0,4.528277216225892e-05,2.8239099243725753e-06,3.99924650000321
697,27395.014306226556,464.9757239094521,27859.990030136007,234.07269941719628,0.2134575030656137,90700325.25494167,0,False,0,0.995725012989373,0,4.502367395739727e-05,2.8016850825583354e-06,4.004860400003963
698,27394.626603195684,465.2860051158141,27859.912608311497,234.07104307536926,0.21345599260073891,90700325.25494167,0,False,0,0.995731100487622,1,4.472037442253472e-05,2.7789609553309065e-06,4.010010500001954
699,27394.239678035392,465.5963706901265,27859.83604872552,234.0693900450693,0.21345448515573914,90700325.25494167,0,False,0,0.995737170667418,1,4.417195667616249e-05,2.7480196027133326e-06,4.015672000001359
700,27393.85380015331,465.90682127950396,27859.76062143281,234.067741477348,0.21345298178029082,90700325.25494167,0,False,0,0.9957432236025777,0,4.3827375670490795e-05,2.7073846585450587e-06,4.022992099999101
701,27393.468524206197,466.21733803617053,27859.685862242368,234.06609546966087,0.21345148073940995,90700325.25494167,0,False,0,0.9957492593664994,0,4.343071399791511e-05,2.683411083805779e-06,4.029257300004247
702,27393.083897982007,466.5279032738007,27859.611801255807,234.06445222622767,0.2134499822193303,90700325.25494167,0,False,0,0.9957552780321647,1,4.29836162658251e-05,2.65835684317698e-06,4.034347300002992
703,27392.700334391513,466.8384921779559,27859.538826569467,234.06281351120904,0.2134484878288397,90700325.25494167,0,False,0,0.9957612796721423,1,4.2366452752804676e-05,2.6193719733232783e-06,4.039474600001995
704,27392.31786248633,467.1490586101785,27859.466921096508,234.06117944881987,0.21344699768121328,90700325.25494167,0,False,0,0.9957672643585914,0,4.187730274517721e-05,2.5810001165989983e-06,4.044725699997798
705,27391.936172435777,467.45954289553566,27859.395715331313,234.05954871543173,0.2134455105693969,90700325.25494167,0,False,0,0.9957732321632631,0,4.134671695618101e-05,2.5558911588700547e-06,4.050294100001338
706,27391.555363821404,467.7698885301865,27859.32525235159,234.05792173657102,0.21344402688144007,90700325.25494167,0,False,0,0.9957791831575041,1,4.078269235595799e-05,2.529235753780099e-06,4.057291400000395
707,27391.175793695555,468.08003516325243,27859.255828858808,234.0563000378138,0.2134425480085587,90700325.25494167,0,False,0,0.9957851174122604,1,4.0060575305394516e-05,2.4919301581930453e-06,4.062759599997662
708,27390.797480333204,468.3898918623758,27859.187372195578,234.05468369734967,0.21344107402205606,90700325.25494167,0,False,0,0.9957910349980785,0,3.944700293882772e-05,2.457232298321777e-06,4.067715999997745
709,27390.4204389925,468.6993673249589,27859.11980631746,234.0530727804807,0.21343960498148296,90700325.25494167,0,False,0,0.9957969359851093,0,3.884075298992766e-05,2.4252637815905286e-06,4.0733777999994345
710,27390.0447963216,469.00837810425566,27859.053174425855,234.05146782843127,0.2134381413803972,90700325.25494167,0,False,0,0.9958028204431102,0,3.824820949403942e-05,2.3917443217111113e-06,4.079087999998592
711,27389.670673762244,469.31684300859246,27858.987516770838,234.04986936019532,0.21343668369208402,90700325.25494167,0,False,0,0.9958086884414489,0,3.767361324056124e-05,2.35677984482073e-06,4.086884800002736
712,27389.29818609266,469.62468433394287,27858.922870426602,234.04827786630972,0.21343523236387782,90700325.25494167,0,False,0,0.9958145400491045,0,3.7119353535254675e-05,2.3204843390828243e-06,4.094017800001893
713,27388.92744030826,469.9318289453398,27858.8592692536,234.0466938040709,0.21343378781280015,90700325.25494167,0,False,0,0.9958203753346718,0,3.6586469213348255e-05,2.282973153625171e-06,4.100049000000581
714,27388.55853478731,470.23820918554753,27858.796743972856,234.04511759396866,0.2134323504223075,90700325.25494167,0,False,0,0.9958261943663633,0,3.607528941307669e-05,2.2443589717622767e-06,4.105513399998017
715,27388.19155868033,470.5437635948558,27858.735322275184,234.04354961707588,0.213430920539911,90700325.25494167,0,False,0,0.9958319972120115,0,3.558612770492438e-05,2.204750558194581e-06,4.110999900003662
716,27387.826591462417,470.8484374315771,27858.675028893995,234.04199021313426,0.2134294984754307,90700325.25494167,0,False,0,0.9958377839390721,0,3.511993807300657e-05,2.164254065814878e-06,4.1185049999985495
717,27387.463702596237,471.1521829886273,27858.615885584863,234.04043967911286,0.21342808449968106,90700325.25494167,0,False,0,0.9958435546146265,0,3.467884743498376e-05,2.1229763824322133e-06,4.125911600000109
718,27387.10295126761,471.4549597073077,27858.55791097492,234.03889826807685,0.21342667884343938,90700325.25494167,0,False,0,0.9958493093053841,0,3.426649483246863e-05,2.081029803526649e-06,4.132352400003583
719,27386.744386173246,471.7567340949315,27858.501120268178,234.03736618827878,0.213425281696617,90700325.25494167,0,False,0,0.9958550480776853,0,3.3888129368262865e-05,2.038537203651223e-06,4.137555100001919
720,27386.388045358843,472.05747945807735,27858.44552481692,234.0358436024655,0.21342389320762742,90700325.25494167,0,False,0,0.9958607709975038,0,3.355044533785218e-05,1.9956368440825512e-06,4.142558300001838
721,27386.03395611113,472.3571754679147,27858.391131579043,234.03433062741513,0.21342251348296387,90700325.25494167,0,False,0,0.9958664781304494,0,3.326143407153309e-05,1.952486466993651e-06,4.147499500002596
722,27385.682134815794,472.6558075633731,27858.337942379167,234.03282733332858,0.21342114258664452,90700325.25494167,0,False,0,0.9958721695417696,0,3.3031478547668875e-05,1.9092703388718636e-06,4.15266949999932
723,27385.33258694763,472.95336620697805,27858.285953154606,234.0313337437858,0.21341978054017263,90700325.25494167,0,False,0,0.9958778452963533,0,3.2869739885583695e-05,1.866199795143693e-06,4.157638999997289
724,27384.98530733328,473.2498460514985,27858.23515338478,234.0298498368671,0.213418427323559,90700325.25494167,0,False,0,0.9958835054587327,0,3.278328205054268e-05,1.8235066547667126e-06,4.162609999999404
725,27384.64028059596,473.54524502506484,27858.185525621022,234.0283755470518,0.2134170828770535,90700325.25494167,0,False,0,0.9958891500930859,0,3.27772430896661e-05,1.7814396168440988e-06,4.16768299999967
726,27384.29748193186,473.8395633875952,27858.137045319454,234.02691076853472,0.21341574710416936,90700325.25494167,0,False,0,0.9958947792632387,0,3.28526098243204e-05,1.7402533816611713e-06,4.172771099998499
727,27383.95687813273,474.13280278710215,27858.08968091983,234.02545535959428,0.21341441987566667,90700325.25494167,0,False,0,0.995900393032668,0,3.30072903501557e-05,1.7001998211811807e-06,4.17783220000274
728,27383.6184287986,474.4249653088489,27858.043394107448,234.02400914777354,0.2134131010342771,90700325.25494167,0,False,0,0.9959059914645038,0,3.3236644113805605e-05,1.6615214077255584e-06,4.183283999998821
729,27383.28208774745,474.7160525272623,27857.998140274714,234.02257193590302,0.21341179040019623,90700325.25494167,0,False,0,0.9959115746215307,0,3.353347308631385e-05,1.6244440463162918e-06,4.188300599998911
730,27382.947804501317,475.0060645973019,27857.95386909862,234.02114350845017,0.21341048777687383,90700325.25494167,0,False,0,0.9959171425661918,0,3.3889774363960134e-05,1.5891729144458673e-06,4.193233099998906
731,27382.615525930712,475.29499942134834,27857.91052535206,234.01972363854597,0.21340919295742167,90700325.25494167,0,False,0,0.9959226953605903,0,3.429377187880153e-05,1.5558840667825452e-06,4.198361800001294
732,27382.28519809543,475.58285198372175,27857.868050079152,234.01831209585043,0.21340790573178617,90700325.25494167,0,False,0,0.9959282330664909,0,3.47312830655146e-05,1.5247113695040984e-06,4.203464600002917
733,27381.95676803048,475.8696138551425,27857.82638188562,234.01690865418456,0.21340662589370832,90700325.25494167,0,False,0,0.9959337557453242,0,3.518805596774128e-05,1.495742368235686e-06,4.20865159999812
734,27381.630185323287,476.1552728610986,27857.785458184386,234.01551309827,0.21340535324686974,90700325.25494167,0,False,0,0.9959392634581864,0,3.56512325766545e-05,1.4690198967588083e-06,4.213928199998918
735,27381.305403457704,476.4398129264416,27857.745216384144,234.01412522947285,0.21340408761013058,90700325.25494167,0,False,0,0.995944756265844,0,3.610921229651742e-05,1.4445441222078272e-06,4.219324700003199
736,27380.982380856698,476.72321408548277,27857.70559494218,234.01274487026,0.21340282882159334,90700325.25494167,0,False,0,0.9959502342287342,0,3.655249763647596e-05,1.4222774189236206e-06,4.224587600001541
737,27380.661081604638,477.00545265421493,27857.666534258853,234.01137186728613,0.21340157674141808,90700325.25494167,0,False,0,0.9959556974069682,0,3.6973628128500615e-05,1.4021500512619666e-06,4.23000250000041
738,27380.341475794106,477.2865015947384,27857.627977388845,234.01000609287675,0.2134003312531749,90700325.25494167,0,False,0,0.995961145860333,0,3.7367210401077e-05,1.3840667508953023e-06,4.235142700003053
739,27380.023539511432,477.5663310380976,27857.58987054953,234.008647444967,0.21339909226378792,90700325.25494167,0,False,0,0.9959665796482935,0,3.772980724441787e-05,1.367913999905282e-06,4.240409300000465
740,27379.707254504705,477.8449089459414,27857.552163450648,234.00729584568387,0.21339785970224254,90700325.25494167,0,False,0,0.9959719988299949,0,3.805952760274877e-05,1.3535664448583627e-06,4.245694899997034
741,27379.392607595837,478.12220188766514,27857.514809483502,234.00595123883426,0.2133966335172947,90700325.25494167,0,False,0,0.9959774034642646,0,3.8355547587887e-05,1.3408919393309947e-06,4.250921799997741
742,27379.07958990988,478.39817590677086,27857.477765816653,234.00461358661235,0.21339541367446824,90700325.25494167,0,False,0,0.9959827936096145,0,3.861762257933987e-05,1.3297549010526818e-06,4.256141700003354
743,27378.768195997898,478.6727974481274,27857.440993446027,234.00328286585167,0.21339420015263694,90700325.25494167,0,False,0,0.9959881693242431,0,3.884564439244784e-05,1.3200179476033863e-06,4.26154939999833
744,27378.45842292586,478.9460343166777,27857.40445724254,234.00195906413202,0.2133929929404745,90700325.25494167,0,False,0,0.9959935306660377,0,3.903928758230567e-05,1.3115419860322719e-06,4.266495100004249
745,27378.150269392077,479.21785663792133,27857.36812603,234.00064217600806,0.21339179203301517,90700325.25494167,0,False,0,0.995998877692576,0,3.919777566441046e-05,1.3041851259594443e-06,4.271630700000969
746,27377.84373492089,479.4882377911711,27857.33197271206,233.99933219956372,0.2133905974285116,90700325.25494167,0,False,0,0.9960042104611292,0,3.931978260412221e-05,1.2978009184098257e-06,4.276719499997853
747,27377.53881916344,479.75715528810446,27857.295974451546,233.9980291334243,0.2133894091257102,90700325.25494167,0,False,0,0.9960095290286626,0,3.9403468876753526e-05,1.2922364765694713e-06,4.282441199997265
748,27377.23552131896,480.0245915714168,27857.260112890377,233.99673297428302,0.21338822712159541,90700325.25494167,0,False,0,0.9960148334518387,0,3.944663662665584e-05,1.2873310174228578e-06,4.287452500000654
749,27376.933839674282,480.29053471135916,27857.22437438564,233.9954437149334,0.21338705140959544,90700325.25494167,0,False,0,0.996020123787019,0,3.944697665879378e-05,1.282915282790275e-06,4.292598500003805
750,27376.633771246834,480.55497898147655,27857.18875022831,233.99416134274304,0.21338588197819042,90700325.25494167,0,False,0,0.9960254000902657,0,3.9402372308561964e-05,1.2788121620804205e-06,4.29751430000033
751,27376.335311508123,480.81792529885365,27857.153236806975,233.99288583847212,0.21338471880983503,90700325.25494167,0,False,0,0.9960306624173441,1,3.9311222204511955e-05,1.274838665648299e-06,4.302549200001522
752,27376.038455379192,481.07938151845826,27857.11783689765,233.9916171805272,0.2133835618848376,90700325.25494167,0,False,0,0.9960359108237242,1,3.915743403283917e-05,1.2707655022433794e-06,4.308377599998494
753,27375.74319745104,481.3393618732097,27857.082559324248,233.99035534590325,0.21338241118221923,90700325.25494167,0,False,0,0.9960411453645828,0,3.8969274886711184e-05,1.2663755672520726e-06,4.313701099999889
754,27375.44952778957,481.59788642529116,27857.04741421486,233.98910029225536,0.21338126666336438,90700325.25494167,0,False,0,0.9960463660948056,0,3.873572175505409e-05,1.2616220422059788e-06,4.320049599999038
755,27375.1574354365,481.854982546196,27857.012417982696,233.98785197285991,0.21338012828566444,90700325.25494167,0,False,0,0.9960515730689885,0,3.845951340819083e-05,1.2562793049465837e-06,4.32633530000021
756,27374.86690704002,482.1106840734281,27856.97759111345,233.9866103307624,0.21337899599718102,90700325.25494167,0,False,0,0.9960567663414408,0,3.814465558607876e-05,1.250201160280101e-06,4.331481000001077
757,27374.577926634724,482.3650309160559,27856.94295755078,233.9853752978366,0.21337786973578787,90700325.25494167,0,False,0,0.9960619459661855,0,3.7796343396381834e-05,1.2432634716977207e-06,4.337808000003861
758,27374.29047542855,482.6180685460314,27856.90854397458,233.98414679387383,0.21337674942834042,90700325.25494167,0,False,0,0.9960671119969619,0,3.7420804543893696e-05,1.235368010456087e-06,4.343456700000388
759,27374.004531612383,482.8698473907798,27856.874379003162,233.98292472576875,0.2133756349899333,90700325.25494167,0,False,0,0.996072264487228,0,3.702507651563741e-05,1.2264451873188862e-06,4.3498179000016535
760,27373.72007021039,483.12042214476946,27856.84049235516,233.98170898687954,0.21337452632331683,90700325.25494167,0,False,0,0.9960774034901616,0,3.66167359728429e-05,1.2164554982177131e-06,4.355171700000938
761,27373.437062988673,483.36985101940627,27856.806914008077,233.9804994566371,0.21337342331854064,90700325.25494167,0,False,0,0.9960825290586621,0,3.620360229478484e-05,1.2053896454226715e-06,4.3601527999999234
762,27373.155478437024,483.6181949516271,27856.773673388652,233.97929600046677,0.2133723258528823,90700325.25494167,0,False,0,0.996087641245353,0,3.579343918446806e-05,1.1932673951961185e-06,4.3650946999987355
763,27372.875281833003,483.8655167919832,27856.740798624985,233.97809847006195,0.21337123379109682,90700325.25494167,0,False,0,0.9960927401025831,0,3.539367810587972e-05,1.180135361410268e-06,4.3702376000001095
764,27372.59643539064,484.11188049281503,27856.708315883454,233.97690670401914,0.2133701469859958,90700325.25494167,0,False,0,0.9960978256824283,0,3.50111848159088e-05,1.1660639615518148e-06,4.3752854999984265
765,27372.3188984886,484.35735031636074,27856.67624880496,233.97572052881299,0.21336906527933655,90700325.25494167,0,False,0,0.9961028980366938,0,3.465208534483236e-05,1.1511438512225052e-06,4.380243200001132
766,27372.042627959214,484.60199008132685,27856.64461804054,233.9745397600312,0.21336798850294836,90700325.25494167,0,False,0,0.9961079572169154,0,3.432174972196643e-05,1.135482357557075e-06,4.385785300000862
767,27371.767578446073,484.84586243208815,27856.61344087816,233.9733642039028,0.21336691648012593,90700325.25494167,0,False,0,0.9961130032743615,0,3.402468771218311e-05,1.1192002054011862e-06,4.39142620000348
768,27371.49370279729,485.0890281969654,27856.582730994254,233.97219365897857,0.21336584902716205,90700325.25494167,0,False,0,0.9961180362600346,0,3.3764308103585854e-05,1.1024270402691065e-06,4.3967275000031805
769,27371.220952453412,485.3315458343127,27856.552498287725,233.97102791778906,0.2133647859548595,90700325.25494167,0,False,0,0.996123056224674,0,3.354324220969952e-05,1.0852984668347964e-06,4.40199610000127
770,27370.949277803407,485.573470974216,27856.522748777625,233.96986676836573,0.21336372706991819,90700325.25494167,0,False,0,0.9961280632187556,0,3.3363467445100435e-05,1.0679537642786893e-06,4.407339700002922
771,27370.678628485402,485.81485606210936,27856.49348454751,233.96870999552655,0.2133626721761075,90700325.25494167,0,False,0,0.9961330572924953,0,3.3226426872610403e-05,1.0505342098037596e-06,4.4136481000023196
772,27370.408953614748,486.05575010738715,27856.464703722133,233.96755738185047,0.21336162107515505,90700325.25494167,0,False,0,0.9961380384958499,0,3.3133125630952204e-05,1.0331819183872814e-06,4.419694700001855
773,27370.140201929484,486.2961985369056,27856.436400466388,233.96640870829933,0.2133605735673138,90700325.25494167,0,False,0,0.9961430068785194,0,3.308418685405576e-05,1.0160390432326342e-06,4.425333600003796
774,27369.872321851668,486.536243150199,27856.408565001868,233.96526375447988,0.2133595294516009,90700325.25494167,0,False,0,0.9961479624899473,0,3.30798582232858e-05,9.992471441635506e-07,4.43093719999888
775,27369.605261471046,486.7759221703832,27856.381183641428,233.964122298574,0.21335848852573414,90700325.25494167,0,False,0,0.9961529053793241,0,3.311996996648739e-05,9.829465408654688e-07,4.436623699999473
776,27369.338968465385,487.0152703821537,27856.35423884754,233.96298411699823,0.21335745058582142,90700325.25494167,0,False,0,0.9961578355955873,0,3.320385434861702e-05,9.672754587350717e-07,4.442024700001639
777,27369.073389977333,487.25431934606905,27856.327709323403,233.96184898387742,0.21335641542588085,90700325.25494167,0,False,0,0.996162753187424,0,3.33302438829336e-05,9.523688530642987e-07,4.4473188999982085
778,27368.808472471726,487.4930976765058,27856.301570148233,233.96071667043478,0.21335538283728442,90700325.25494167,0,False,0,0.996167658203272,0,3.349716959648122e-05,9.383568230119775e-07,4.4525267999997595
779,27368.54416159871,487.7316313693109,27856.275792968023,233.95958694440674,0.2133543526082244,90700325.25494167,0,False,0,0.9961725506913216,0,3.3701881024124194e-05,9.253626201931601e-07,4.457729000001564
780,27368.280402087235,487.96994416428913,27856.250346251523,233.95845956958786,0.21335332452329842,90700325.25494167,0,False,0,0.9961774306995176,0,3.3940806371418454e-05,9.135003073884269e-07,4.463203899998916
781,27368.01713769071,488.2080579272521,27856.22519561796,233.95733430559815,0.21335229836329714,90700325.25494167,0,False,0,0.9961822982755598,0,3.420956514499367e-05,9.028721830816494e-07,4.468237699999008
782,27367.754311201934,488.4459930364261,27856.20030423836,233.9562109079472,0.21335127390526287,90700325.25494167,0,False,0,0.9961871534669052,1,3.4503037836118595e-05,8.935661392524523e-07,4.473345099999278
783,27367.491902849702,488.68376875801926,27856.17567160772,233.95508929215325,0.2133502510721543,90700325.25494167,0,False,0,0.9961919963207703,1,3.453899430707252e-05,8.842781990323238e-07,4.478519500000402
784,27367.229945055347,488.9214019354241,27856.151346990773,233.95396959682196,0.21334922999036987,90700325.25494167,0,False,0,0.996196826884131,0,3.4862823547715164e-05,8.73221695439925e-07,4.483981500001391
785,27366.968279088727,489.1589046501092,27856.127183738838,233.95285114351023,0.21334821004121812,90700325.25494167,0,False,0,0.9962016452037252,0,3.519751392383736e-05,8.674296615689436e-07,4.488990800004103
786,27366.706848752066,489.3962913275839,27856.10314007965,233.95173369202487,0.21334719100566013,90700325.25494167,0,False,0,0.9962064513260545,0,3.553630027053652e-05,8.631371845006556e-07,4.494131200000993
787,27366.44559760036,489.6335766227405,27856.0791742231,233.9506170011114,0.2133461726636891,90700325.25494167,0,False,0,0.9962112452973847,0,3.5872395178125945e-05,8.603449099595177e-07,4.499073699997098
788,27366.184478603558,489.87077567050335,27856.055254274062,233.9495008697542,0.21334515483199323,90700325.25494167,0,False,0,0.9962160271637484,1,3.597832538157033e-05,8.586976253629365e-07,4.504159099997196
789,27365.923557765585,490.10790391765033,27856.031461683237,233.94838558009153,0.2133441377678624,90700325.25494167,0,False,0,0.9962207969709452,0,3.629442558706521e-05,8.541263509396292e-07,4.509407300000021
790,27365.66267128572,490.3449731750634,27856.007644460784,233.94727043197457,0.2133431208328111,90700325.25494167,0,False,0,0.9962255547645451,0,3.65926314237389e-05,8.550113279918011e-07,4.514427300004172
791,27365.401768026328,490.58199825504994,27855.983766281377,233.94615520681816,0.21334210382750532,90700325.25494167,0,False,0,0.9962303005898873,0,3.6867690810878754e-05,8.572003465701575e-07,4.519460900002741
792,27365.14079870548,490.8189948052489,27855.95979351073,233.9450396939652,0.21334108655984094,90700325.25494167,0,False,0,0.9962350344920842,0,3.711509034970774e-05,8.60596805619523e-07,4.524603600002592
793,27364.87971642753,491.05597923414086,27855.935695661672,233.9439236929548,0.213340068847012,90700325.25494167,0,False,0,0.9962397565160214,0,3.7331111472582594e-05,8.650877312050566e-07,4.529705400003877
794,27364.618477211356,491.29296855606174,27855.91144576742,233.9428070157805,0.21333905051757013,90700325.25494167,0,False,0,0.996244466706359,0,3.751283373965786e-05,8.705467487570573e-07,4.534741700001177
795,27364.35704050732,491.52998016214667,27855.887020669466,233.94168948910033,0.21333803141343985,90700325.25494167,0,False,0,0.9962491651075346,0,3.765809229221533e-05,8.768371481845975e-07,4.5413523000024725
796,27364.095369696966,491.7670315258104,27855.862401222777,233.9405709563733,0.21333701139186706,90700325.25494167,0,False,0,0.9962538517637619,1,3.776539973715482e-05,8.838148528805481e-07,4.546840700000757
797,27363.833542937748,492.0041398493395,27855.83768278709,233.9394517516776,0.21333599075750706,90700325.25494167,0,False,0,0.9962585267190355,1,3.755694758759294e-05,8.873692486171391e-07,4.552290100000391
798,27363.571579458447,492.24130690042944,27855.812886358875,233.93833195719955,0.2133349695853079,90700325.25494167,0,False,0,0.9962631900171289,0,3.760786312361703e-05,8.90169898885194e-07,4.557697500000359
799,27363.30935450465,492.47852291987874,27855.78787742453,233.93721103964907,0.21333394738894726,90700325.25494167,0,False,0,0.996267841701599,0,3.761967467467557e-05,8.977994807865578e-07,4.562767499999609
800,27363.046865080396,492.7157862086446,27855.762651289042,233.93608898620323,0.21333292415673158,90700325.25494167,0,False,0,0.9962724818157848,0,3.759151722307291e-05,9.0559763012906e-07,4.567832599997928
801,27362.784113068927,492.95309441552513,27855.737207484453,233.934965804896,0.21333189989598725,90700325.25494167,0,False,0,0.9962771104028102,0,3.752302529591847e-05,9.134126000100337e-07,4.57327140000416
802,27362.52110521447,493.1904445195432,27855.711549734013,233.93384152454072,0.21333087463298997,90700325.25494167,0,False,0,0.9962817275055854,0,3.741433342325143e-05,9.210939293932217e-07,4.578311299999768
803,27362.257853076357,493.42783277588757,27855.685685852244,233.9327161945347,0.21332984841278654,90700325.25494167,0,False,0,0.9962863331668075,0,3.726606450303891e-05,9.28494744154095e-07,4.583229700001539
804,27361.99437295502,493.66525462903047,27855.659627584053,233.93158988454306,0.2133288212989066,90700325.25494167,0,False,0,0.9962909274289622,0,3.707930728004316e-05,9.354739454322115e-07,4.589252400000987
805,27361.730685790368,493.90270459763946,27855.633390388008,233.93046268406502,0.21332779337296692,90700325.25494167,0,False,0,0.996295510334325,0,3.685558491257882e-05,9.418982137216002e-07,4.594717799998762
806,27361.46681703344,494.1401761367346,27855.606993170175,233.92933470188572,0.21332676473417184,90700325.25494167,0,False,0,0.9963000819249631,0,3.659681718126282e-05,9.476437840332209e-07,4.600394499997492
807,27361.20279649263,494.37766148318497,27855.580457975815,233.92820606541926,0.21332573549871378,90700325.25494167,0,False,0,0.9963046422427353,0,3.6305279141873745e-05,9.525979586946518e-07,4.60655090000364
808,27360.938658155657,494.6151514910802,27855.55380964674,233.9270769199481,0.21332470579907997,90700325.25494167,0,False,0,0.996309191329295,0,3.59835590493248e-05,9.566603401543624e-07,4.612034300000232
809,27360.67443998789,494.8526354637486,27855.52707545164,233.92594742776137,0.21332367578326647,90700325.25494167,0,False,0,0.99631372922609,0,3.5634533512512846e-05,9.597438012893025e-07,4.617275500000687
810,27360.410183703938,495.0901009811926,27855.50028468513,233.92481776717895,0.21332264561388817,90700325.25494167,0,False,0,0.9963182559743646,0,3.5261498582626736e-05,9.617756086577334e-07,4.622909400000935
811,27360.14593453322,495.3275337201568,27855.473468253374,233.9236881315495,0.21332161546726522,90700325.25494167,0,False,0,0.9963227716151607,0,3.486783875336993e-05,9.626979046391826e-07,4.628203599997505
812,27359.88174096439,495.56491730280254,27855.446658267192,233.92255872815852,0.21332058553242703,90700325.25494167,0,False,0,0.996327276189319,0,3.4457044348439206e-05,9.624674379668354e-07,4.633628800002043
813,27359.61765446653,495.8022331692096,27855.419887635737,233.9214297770366,0.21331955601002578,90700325.25494167,0,False,0,0.9963317697374797,0,3.403274873822398e-05,9.61055544494284e-07,4.638768099997833
814,27359.35372918579,496.03946047909125,27855.393189664883,233.92030150966286,0.21331852711115384,90700325.25494167,0,False,0,0.996336252300085,0,3.3598712202282866e-05,9.584479775102064e-07,4.643778700003168
815,27359.090021616626,496.2765760471946,27855.366597663822,233.91917416755996,0.21331749905606245,90700325.25494167,0,False,0,0.9963407239173789,0,3.3158807784468056e-05,9.546446133275708e-07,4.649746800001594
816,27358.82659024684,496.5135543158305,27855.340144562673,233.9180480007767,0.21331647207277826,90700325.25494167,0,False,0,0.9963451846294094,0,3.271700597572458e-05,9.496590560457334e-07,4.655438599998888
817,27358.56349517691,496.7503673668713,27855.313862543782,233.91692326626097,0.21331544639561925,90700325.25494167,0,False,0,0.9963496344760289,0,3.2277354743045014e-05,9.435181460548324e-07,4.660401400004048
818,27358.300797714932,496.9869849744146,27855.287782689345,233.91580022612808,0.2133144222636158,90700325.25494167,0,False,0,0.9963540734968964,0,3.1843951512777336e-05,9.362613742399337e-07,4.665563299997302
819,27358.038559950066,497.22337469815193,27855.261934648217,233.91467914583757,0.21331339991884793,90700325.25494167,0,False,0,0.9963585017314777,0,3.1420904225714745e-05,9.279401932636594e-07,4.6706485000031535
820,27357.776844308784,497.45950201635696,27855.236346325142,233.91356029229595,0.21331237960471525,90700325.25494167,0,False,0,0.9963629192190472,0,3.1012279499321725e-05,9.186172126043761e-07,4.675635200001125
821,27357.515713099456,497.69533049633685,27855.21104359579,233.91244393190993,0.21331136156416156,90700325.25494167,0,False,0,0.9963673259986886,0,3.06220372249434e-05,9.083652723856676e-07,4.680740299998433
822,27357.255228052447,497.9308219992093,27855.186050051656,233.91133032862024,0.21331034603788182,90700325.25494167,0,False,0,0.9963717221092964,0,3.0253952496771922e-05,8.972663713118726e-07,4.685734999999113
823,27356.995449863494,498.1659369149918,27855.161386778487,233.91021974194925,0.21330933326254187,90700325.25494167,0,False,0,0.996376107589577,0,2.9911527478439022e-05,8.854104626830491e-07,4.690715000004275
824,27356.73643774914,498.40063442326004,27855.137072172398,233.90911242510043,0.21330832346904507,90700325.25494167,0,False,0,0.9963804824780496,0,2.9597897474325428e-05,8.728941021630752e-07,4.695813799997268
825,27356.478249023,498.634872774041,27855.11312179704,233.90800862314654,0.21330731688088017,90700325.25494167,0,False,0,0.9963848468130476,0,2.9315736883341035e-05,8.59818973290232e-07,4.7007551999995485
826,27356.22093870159,498.8686095831855,27855.089548284777,233.90690857134422,0.21330631371258438,90700325.25494167,0,False,0,0.99638920063272,0,2.906717163008118e-05,8.462903079696012e-07,4.705900000000838
827,27355.9645591478,499.1018021362145,27855.066361284014,233.9058124936095,0.21330531416835302,90700325.25494167,0,False,0,0.996393543975031,1,2.8853704909010614e-05,8.324152296352475e-07,4.711637899999914
828,27355.70918556958,499.33440767994637,27855.043593249527,233.90472071153067,0.21330431854145157,90700325.25494167,0,False,0,0.9963978768777637,2,2.866708871562101e-05,8.17374986353993e-07,4.716925699998683
829,27355.45483049077,499.56637586740226,27855.02120635817,233.9036332787106,0.21330332688076195,90700325.25494167,0,False,0,0.9964021993785185,1,2.8518171976487315e-05,8.036925622229621e-07,4.722382599997218
830,27355.201532809042,499.79765107166446,27854.999183880707,233.90255036150864,0.21330233933799198,90700325.25494167,0,False,0,0.9964065115147163,0,2.8402034768324037e-05,7.90610687414575e-07,4.729154300002847
831,27354.949344551824,500.02818346085604,27854.97752801268,233.90147218242055,0.2133013561160418,90700325.25494167,0,False,0,0.9964108133235979,1,2.8317679822791336e-05,7.774499608809105e-07,4.737362500003655
832,27354.698293017995,500.25792642274683,27854.95621944074,233.90039885822338,0.21330037732140375,90700325.25494167,0,False,0,0.9964151048422265,1,2.8259741770083923e-05,7.649825572172469e-07,4.743802800003323
833,27354.448423543778,500.4868303983094,27854.935253942087,233.89933058281196,0.21329940313089593,90700325.25494167,0,False,0,0.9964193861074879,1,2.8226796639542348e-05,7.526667243221219e-07,4.7488091999985045
834,27354.200090999577,500.7148495533498,27854.914940552928,233.89826887345524,0.21329843492815878,90700325.25494167,0,False,0,0.996423657156092,1,2.8100303086001394e-05,7.29256376794236e-07,4.7546140999984345
835,27353.953328528696,500.9418817233573,27854.895210252052,233.89721387194288,0.2132974728424943,90700325.25494167,0,False,0,0.9964279180245732,0,2.8243387780689203e-05,7.083238601693243e-07,4.76021220000257
836,27353.70799278178,501.16781629832565,27854.875809080106,233.89616496548967,0.21329651631508634,90700325.25494167,0,False,0,0.9964321687492921,0,2.843993118847064e-05,6.965085239189896e-07,4.765504399998463
837,27353.46413429163,501.3925765846727,27854.8567108763,233.89512237022657,0.21329556554303078,90700325.25494167,0,False,0,0.9964364093664367,0,2.866205912100003e-05,6.856323443974094e-07,4.772480100000394
838,27353.221791796237,501.6160969019769,27854.837888698214,233.8940862518599,0.21329462067743998,90700325.25494167,0,False,0,0.9964406399120224,0,2.888221704531116e-05,6.757233858183265e-07,4.77812350000022
839,27352.980993421123,501.8383235127139,27854.819316933837,233.89305673072522,0.21329368182805125,90700325.25494167,0,False,0,0.9964448604218941,0,2.9076015042775715e-05,6.667338883987038e-07,4.783446300003561
840,27352.7417578954,502.05921521278657,27854.800973108187,233.89203388698556,0.21329274906796758,90700325.25494167,0,False,0,0.9964490709317265,1,2.9224304031525867e-05,6.585512345716044e-07,4.788771100000304
841,27352.504075126744,502.27874357065207,27854.782818697397,233.89101767757882,0.2132918223579194,90700325.25494167,0,False,0,0.9964532714770257,1,2.9322405221717456e-05,6.517515888342425e-07,4.79373779999878
842,27352.267956194195,502.4968883328502,27854.764844527046,233.89000814996007,0.21329090174118234,90700325.25494167,0,False,0,0.9964574620931298,0,2.9361543387711894e-05,6.452812957648936e-07,4.798681000000215
843,27352.03341637821,502.713640792771,27854.747057170982,233.88900536954793,0.21328998727741347,90700325.25494167,0,False,0,0.9964616428152095,0,2.9334279719939086e-05,6.385749857699201e-07,4.805334500000754
844,27351.800447760197,502.9290060019545,27854.729453762153,233.88800930257284,0.2132890789358174,90700325.25494167,0,False,0,0.9964658136782705,0,2.924571369368497e-05,6.319715915167914e-07,4.810764200003177
845,27351.569036001143,503.1430001389841,27854.71203614013,233.88701988781312,0.2132881766605643,90700325.25494167,0,False,0,0.9964699747171526,0,2.9106425173981992e-05,6.253021431524098e-07,4.816122000003816
846,27351.339160362175,503.3556493590292,27854.694809721204,233.88603703668235,0.21328728037086978,90700325.25494167,0,False,0,0.9964741259665322,0,2.893099368858791e-05,6.184382341400635e-07,4.82171560000279
847,27351.110793694184,503.5669884321101,27854.677782126295,233.88506063318445,0.21328638996095367,90700325.25494167,0,False,0,0.9964782674609225,0,2.8736209869581038e-05,6.113007170162099e-07,4.826977299999271
848,27350.883902526537,503.7770592157311,27854.66096174227,233.88409053429237,0.21328550530038562,90700325.25494167,0,False,0,0.9964823992346745,0,2.853911893180875e-05,6.038620930151528e-07,4.832194200003869
849,27350.658447376212,503.98590901062687,27854.644356386838,233.8831265712694,0.21328462623528985,90700325.25494167,0,False,0,0.9964865213219783,0,2.835507549815936e-05,5.961427947030298e-07,4.838412500001141
850,27350.434383373067,504.19358884998763,27854.627972223054,233.88216855234205,0.2132837525907827,90700325.25494167,0,False,0,0.9964906337568638,0,2.8196022678653937e-05,5.882022248953706e-07,4.843962899998587
851,27350.21166125776,504.4001517726656,27854.611813030424,233.88121626696642,0.21328288417486324,90700325.25494167,0,False,0,0.9964947365732013,0,2.8069214021478242e-05,5.801259541492034e-07,4.849518100003479
852,27349.99022876207,504.6056511295783,27854.59587989165,233.88026949172976,0.21328202078379505,90700325.25494167,0,False,0,0.9964988298047033,0,2.7976556614875743e-05,5.720107995062296e-07,4.854827299997851
853,27349.770032332264,504.8101389698696,27854.580171302136,233.8793279977188,0.21328116220882568,90700325.25494167,0,False,0,0.9965029134849246,0,2.791466456093084e-05,5.63949647053057e-07,4.860104300001694
854,27349.551019110648,505.0136645495258,27854.564683660174,233.87839155899223,0.2132803082439129,90700325.25494167,0,False,0,0.9965069876472635,0,2.787559331311879e-05,5.560177847487571e-07,4.865628699997615
855,27349.333139054128,505.2162730001831,27854.54941205431,233.87745996163943,0.2132794586939855,90700325.25494167,0,False,0,0.9965110523249632,0,2.784811151921331e-05,5.482622340490113e-07,4.87137619999703
856,27349.11634704438,505.4180041900105,27854.53435123439,233.87653301280307,0.2132786133831715,90700325.25494167,0,False,0,0.9965151075511118,0,2.781928922293149e-05,5.406951553633839e-07,4.8769198000009055
857,27348.900604836716,505.61889179893495,27854.51949663565,233.87561054901263,0.21327777216239752,90700325.25494167,0,False,0,0.9965191533586435,0,2.7776192629651565e-05,5.332919427826367e-07,4.882441599998856
858,27348.685882707443,505.81896262447896,27854.50484533192,233.87469244322884,0.21327693491581282,90700325.25494167,0,False,0,0.9965231897803403,0,2.7707392197190798e-05,5.259937702629019e-07,4.887590500002261
859,27348.472160678204,506.018236137794,27854.490396816,233.87377861007934,0.21327610156556395,90700325.25494167,0,False,0,0.9965272168488313,0,2.7604088510839962e-05,5.187137951980866e-07,4.892813400001614
860,27348.2594292153,506.21672428976865,27854.47615350507,233.87286900884976,0.21327527207452235,90700325.25494167,0,False,0,0.9965312345965956,0,2.74611268581945e-05,5.113470297128712e-07,4.89852979999705
861,27348.047689374314,506.4144315477874,27854.4621209221,233.87196364410298,0.213274446446849,90700325.25494167,0,False,0,0.9965352430559612,0,2.727755345157321e-05,5.037819736171751e-07,4.903989600003115
862,27347.83695234587,506.61135519472367,27854.448307540595,233.87106256373775,0.21327362472622416,90700325.25494167,0,False,0,0.9965392422591071,0,2.7056611974086576e-05,4.959126995649167e-07,4.909455699998944
863,27347.62723844408,506.8074858547065,27854.43472429879,233.87016585466424,0.21327280699190365,90700325.25494167,0,False,0,0.9965432322380638,0,2.6805560025298784e-05,4.876507211879028e-07,4.914792399998987
864,27347.418575622763,507.00280822135545,27854.421383844117,233.86927363646026,0.21327199335293387,90700325.25494167,0,False,0,0.9965472130247143,0,2.6534941344726073e-05,4.789346760877213e-07,4.919852899998659
865,27347.210997636386,507.1973019589818,27854.40829959537,233.86838605350826,0.2132711839409812,90700325.25494167,0,False,0,0.9965511846507942,0,2.6257540361894576e-05,4.6973687115868686e-07,4.924966500002483
866,27347.00454198239,507.39094274309315,27854.395484725483,233.86750326619725,0.21327037890230896,90700325.25494167,0,False,0,0.9965551471478941,0,2.5987113574951226e-05,4.600661320133344e-07,4.93017890000192
867,27346.799247767543,507.5837034034912,27854.382951171036,233.8666254417998,0.21326957838945773,90700325.25494167,0,False,0,0.9965591005474584,1,2.5737015244639804e-05,4.49966844694887e-07,4.935419399997045
868,27346.596702166233,507.77555305194056,27854.37225521817,233.86575936706183,0.21326878859145268,90700325.25494167,0,False,0,0.9965630448807884,2,2.5225009206175546e-05,3.839953260730357e-07,4.940817000002426
869,27346.396728239873,507.96610404450695,27854.36283228438,233.86490428552924,0.21326800881846197,90700325.25494167,0,False,0,0.9965669801790412,1,2.5764333265497832e-05,3.382928075204938e-07,4.946089999997639
870,27346.199281410438,508.15511775301286,27854.35439916345,233.8640600067075,0.2132672388967683,90700325.25494167,0,False,0,0.9965709064732313,0,2.7135567928357984e-05,3.027576318973576e-07,4.951237900000706
871,27346.004390042857,508.3424071074129,27854.34679715027,233.8632266520021,0.21326647893708472,90700325.25494167,0,False,0,0.9965748237942318,1,2.8989656786160177e-05,2.7292009977884566e-07,4.956379499999457
872,27345.81202409947,508.5278139758851,27854.339838075353,233.86240409308832,0.2132657288223883,90700325.25494167,0,False,0,0.9965787321727745,1,3.09912958772054e-05,2.498380222676629e-07,4.961648000004061
873,27345.622108029274,508.7112128104974,27854.33332083977,233.86159200702141,0.21326498825817666,90700325.25494167,0,False,0,0.9965826316394507,1,3.2895282300545315e-05,2.3397558945803097e-07,4.966742199998407
874,27345.434546022312,508.8925138600704,27854.327059882384,233.8607899842225,0.21326425687094316,90700325.25494167,0,False,0,0.9965865222247129,1,3.448035098315475e-05,2.247749861706687e-07,4.972252500003378
875,27345.24922888368,509.07166450640347,27854.320893390082,233.85999755787086,0.2132635342349809,90700325.25494167,0,False,0,0.9965904039588748,0,3.567389984922692e-05,2.2138363953868882e-07,4.97790740000346
876,27345.06605162797,509.2486505925273,27854.314702220498,233.85921427913834,0.21326281994099078,90700325.25494167,0,False,0,0.9965942768721122,0,3.637515113028114e-05,2.222696294940132e-07,4.98327650000283
877,27344.884923813785,509.42349623394944,27854.308420047735,233.85843976138122,0.21326211363638145,90700325.25494167,0,False,0,0.9965981409944639,0,3.6559932041241536e-05,2.2553679132298962e-07,4.988688800003729
878,27344.705771341844,509.5962624065692,27854.302033748412,233.85767368783024,0.21326141503228213,90700325.25494167,0,False,0,0.9966019963558324,0,3.624500062032304e-05,2.292750990836229e-07,4.9938108999995166
879,27344.52853450992,509.76704464503126,27854.29557915495,233.85691580327455,0.21326072389595876,90700325.25494167,0,False,0,0.9966058429859845,1,3.548419897322642e-05,2.3172698616346187e-07,4.99891260000004
880,27344.34967573874,509.9359686519919,27854.285644390733,233.85615098063485,0.21326002643260075,90700325.25494167,0,False,0,0.9966096809145529,1,3.678136596824121e-05,3.5666901677501604e-07,5.004170000000158
881,27344.170553948163,510.1027857424968,27854.27333969066,233.8553850307842,0.21325932794130723,90700325.25494167,0,False,0,0.996613510171036,0,3.931269094944775e-05,4.41752491210912e-07,5.009419300004083
882,27343.993519154334,510.26722721985595,27854.260746374188,233.85462800275872,0.21325863758607796,90700325.25494167,0,False,0,0.9966173307847989,0,4.1245124307975645e-05,4.5211434228798577e-07,5.014557800001057
883,27343.818439803512,510.4292120653996,27854.24765186891,233.85387933409834,0.21325795485398974,90700325.25494167,0,False,0,0.9966211427850742,0,4.247304101212827e-05,4.701078013234317e-07,5.020107500000449
884,27343.645219272927,510.58870825668026,27854.233927529607,233.85313861170616,0.21325727936832783,90700325.25494167,0,False,0,0.996624946200963,0,4.294984873905123e-05,4.927197989788222e-07,5.025531500003126
885,27343.473804044454,510.74573181670274,27854.219535861157,233.85240560680342,0.21325661092046244,90700325.25494167,0,False,0,0.9966287410614353,0,4.267850764265066e-05,5.166779487657161e-07,5.030813400000625
886,27343.30418295093,510.9003445680829,27854.204527519014,233.85168027170954,0.2132559494669123,90700325.25494167,0,False,0,0.9966325273953309,0,4.170619086260576e-05,5.388175433814062e-07,5.036141000004136
887,27343.13637834982,511.05265069466225,27854.189029044483,233.85096270210144,0.21325529509492785,90700325.25494167,0,False,0,0.9966363052313604,0,4.012165711976009e-05,5.564141857301785e-07,5.041274900002463
888,27342.97043098593,511.2027922429406,27854.17322322887,233.85025307228526,0.2132546479634638,90700325.25494167,0,False,0,0.996640074598105,0,3.805459143371991e-05,5.674484220535097e-07,5.046472100002575
889,27342.806380955866,511.3509437209309,27854.1573246768,233.84955155379652,0.21325400822894827,90700325.25494167,0,False,0,0.9966438355240186,1,3.567628249119974e-05,5.707781000935326e-07,5.052102900001046
890,27342.644262734153,511.49730597145634,27854.14156870561,233.84885829413045,0.21325337602588632,90700325.25494167,0,False,0,0.9966475880374271,2,3.3171393458938226e-05,5.656595891321982e-07,5.057045800000196
891,27342.48408971901,511.6420982248492,27854.12618794386,233.84817335065506,0.21325275140659342,90700325.25494167,0,False,0,0.9966513321665301,1,3.087012349805168e-05,5.521894010590922e-07,5.06197670000256
892,27342.325723014466,511.785548043849,27854.111271058315,233.84749612948377,0.21325213382948763,90700325.25494167,0,False,0,0.9966550679394014,0,2.902858120840891e-05,5.355359362315423e-07,5.067188000000897
893,27342.16902433442,511.92789092928916,27854.096915263708,233.84682603933038,0.2132515227553584,90700325.25494167,0,False,0,0.9966587953839894,0,2.7847983440244648e-05,5.153923048188745e-07,5.07241239999712
894,27342.013794106882,512.0693610702481,27854.08315517713,233.8461622268233,0.2132509174059921,90700325.25494167,0,False,0,0.996662514528118,0,2.749346068882072e-05,4.940058412275581e-07,5.077652300002228
895,27341.859772773158,512.2101839635174,27854.069956736676,233.84550358205803,0.21325031676923542,90700325.25494167,0,False,0,0.9966662253994871,0,2.8005450277676863e-05,4.738422148293164e-07,5.083790900003805
896,27341.706653372792,512.350569419237,27854.057222792027,233.84484879241103,0.21324971964806996,90700325.25494167,0,False,0,0.996669928025674,0,2.9220953966370997e-05,4.571663914049335e-07,5.089381899997534
897,27341.554100471603,512.4907049768922,27854.044805448495,233.84419642348024,0.21324912473442392,90700325.25494167,0,False,0,0.996673622434133,0,3.088141336447932e-05,4.458001731350305e-07,5.094722800000454
898,27341.401774818667,512.63074981591,27854.03252463458,233.8435450245256,0.21324853070532657,90700325.25494167,0,False,0,0.9966773086521971,0,3.26934381216869e-05,4.4089876362694816e-07,5.100072599998384
899,27341.24936287377,512.7708298195316,27854.0201926933,233.8428932547396,0.21324793633805758,90700325.25494167,0,False,0,0.9966809867070775,0,3.4372372829067405e-05,4.427345041297258e-07,5.1054323999996996
900,27341.096605744035,512.9110342198143,27854.00763996385,233.8422400069929,0.21324734062299452,90700325.25494167,0,False,0,0.9966846566258658,0,3.5699335625856844e-05,4.506613179868742e-07,5.110847099997045
901,27340.943322572573,513.0514136408625,27853.994736213437,233.84158450785682,0.21324674285482592,90700325.25494167,0,False,0,0.9966883184355335,0,3.653285299392468e-05,4.632636918489606e-07,5.116294200000993
902,27340.789425774292,513.1919795511699,27853.981405325463,233.84092638276258,0.21324614269197192,90700325.25494167,0,False,0,0.9966919721629327,1,3.6800360189304584e-05,4.785987826972391e-07,5.121815799997421
903,27340.634919111682,513.3327050889787,27853.96762420066,233.84026564777795,0.21324554014908523,90700325.25494167,0,False,0,0.9966956178347974,1,3.648102136722423e-05,4.947631938786516e-07,5.127169400002458
904,27340.479912717405,513.4735261293001,27853.953438846704,233.8396027738561,0.21324493565564126,90700325.25494167,0,False,0,0.9966992554777439,0,3.5620398275003134e-05,5.092758830099628e-07,5.132982399998582
905,27340.32460102644,513.6143456200717,27853.938946646515,233.83893859246984,0.21324432996988363,90700325.25494167,0,False,0,0.996702885118271,0,3.431455057310996e-05,5.202923965871543e-07,5.138441499999317
906,27340.169235254245,513.7550383482,27853.924273602446,233.83827417792085,0.21324372407149828,90700325.25494167,0,False,0,0.9967065067827613,0,3.269854936244192e-05,5.267852455782714e-07,5.144111900001008
907,27340.01410405471,513.8954557857304,27853.90955984044,233.83761076462747,0.2132431190861862,90700325.25494167,0,False,0,0.9967101204974814,0,3.094631865945713e-05,5.2824736160538e-07,5.149389300000621
908,27339.859508300993,514.0354318822473,27853.89494018324,233.83694963927746,0.2132425161873143,90700325.25494167,0,False,0,0.9967137262885827,0,2.926055479566337e-05,5.24869127158906e-07,5.154632099998707
909,27339.7057375444,514.1747892564932,27853.88052680089,233.83629204015529,0.2132419165041091,90700325.25494167,0,False,0,0.9967173241821018,1,2.785036337382216e-05,5.174638010114537e-07,5.159949400003825
910,27339.553050786195,514.3133455578046,27853.866396344,233.83563907491174,0.21324132104666862,90700325.25494167,0,False,0,0.996720914203962,0,2.6901869647374975e-05,5.073065807147494e-07,5.165208500002336
911,27339.40166232767,514.4509196756206,27853.85258200329,233.83499166004933,0.21324073065077742,90700325.25494167,0,False,0,0.9967244963799724,0,2.6526372535584364e-05,4.959577430446275e-07,5.17048810000415
912,27339.25173460706,514.5873378804588,27853.839072487517,233.83435049028643,0.2132401459499688,90700325.25494167,0,False,0,0.9967280707358299,1,2.672813497262354e-05,4.850142626186018e-07,5.175916799998959
913,27339.103612115017,514.7224393485893,27853.826051463606,233.8337170389036,0.21323956828776883,90700325.25494167,0,False,0,0.9967316372971192,2,2.7200428256606827e-05,4.674768127076569e-07,5.180911900002684
914,27338.957267915,514.8560546821029,27853.813322597103,233.83309119076796,0.21323899755918466,90700325.25494167,0,False,0,0.9967351960893136,1,2.8327494120746122e-05,4.569880805267531e-07,5.185940199997276
915,27338.812659418916,514.9880420283174,27853.800701447235,233.83247276380976,0.21323843359818173,90700325.25494167,0,False,0,0.9967387471377752,0,2.9616370589083728e-05,4.531210761712972e-07,5.191323500002909
916,27338.669773895625,515.1182906600516,27853.788064555676,233.8318617036422,0.21323787635516314,90700325.25494167,0,False,0,0.996742290467756,0,3.0857605699223585e-05,4.5368643562831254e-07,5.197220699999889
917,27338.528577667304,515.2467193831836,27853.775297050488,233.83125786629685,0.21323732569884005,90700325.25494167,0,False,0,0.9967458261043984,0,3.188830277792765e-05,4.583759005598611e-07,5.202341800002614
918,27338.389028158414,515.37327815265,27853.762306311062,233.83066106975113,0.21323678146322092,90700325.25494167,0,False,0,0.9967493540727355,0,3.259830261230475e-05,4.6639061625183766e-07,5.207651500000793
919,27338.251083038394,515.4979485923269,27853.749031630723,233.8300711330277,0.21323624348326742,90700325.25494167,0,False,0,0.996752874397692,0,3.292834133347609e-05,4.7658482158543997e-07,5.212671100001899
920,27338.114705444154,515.6207434321251,27853.73544887628,233.82948789852898,0.21323571161526184,90700325.25494167,0,False,0,0.9967563871040848,0,3.286560628710642e-05,4.876454666195154e-07,5.217653699997754
921,27337.97986497556,515.7417049204436,27853.721569896006,233.828911236295,0.21323518574069003,90700325.25494167,0,False,0,0.9967598922166233,0,3.243910131241738e-05,4.982807529935083e-07,5.222886800002016
922,27337.8465348436,515.8609022987529,27853.70743714235,233.82834103180735,0.21323466575511943,90700325.25494167,0,False,0,0.9967633897599102,0,3.171459361265706e-05,5.073919339426193e-07,5.22783740000159
923,27337.714686133782,515.9784284655086,27853.69311459929,233.82777716145608,0.21323415154582662,90700325.25494167,0,False,0,0.9967668797584419,0,3.0789073873054246e-05,5.142059847626939e-07,5.232897399997455
924,27337.584280519673,516.0943959702763,27853.67867648995,233.8272194613778,0.21323364296337996,90700325.25494167,0,False,0,0.9967703622366095,1,2.9783262183415555e-05,5.183552959525197e-07,5.238414999999804
925,27337.455286673343,516.2089324977029,27853.664219171045,233.8266677976374,0.21323313988564022,90700325.25494167,0,False,0,0.9967738372186987,1,2.879044731148194e-05,5.190452246638049e-07,5.243782300000021
926,27337.327613371093,516.3221685773577,27853.64978194845,233.82612178014284,0.21323264195687144,90700325.25494167,0,False,0,0.9967773047288911,0,2.807097161758956e-05,5.183239979273409e-07,5.248916900003678
927,27337.201142394322,516.4342381049673,27853.63538049929,233.82558090334908,0.2132321487160529,90700325.25494167,0,False,0,0.9967807647912642,1,2.7594615084658493e-05,5.170399309432917e-07,5.254197399997793
928,27337.075692458508,516.5452788781489,27853.620971336655,233.82504439199198,0.21323165945619926,90700325.25494167,0,False,0,0.9967842174297921,1,2.7412706430694647e-05,5.173171271338874e-07,5.259366799997224
929,27336.950977482993,516.6554230248421,27853.606400507837,233.8245110226171,0.21323117306160794,90700325.25494167,0,False,0,0.9967876626683458,1,2.7504562658940862e-05,5.231215299886812e-07,5.26459910000267
930,27336.827060609903,516.7647891721457,27853.59184978205,233.82398106528723,0.2132306897785568,90700325.25494167,0,False,0,0.996791100530695,3,2.7804782377965802e-05,5.224000647647767e-07,5.270038000002387
931,27336.704057859195,516.8734701665519,27853.577528025748,233.82345501621174,0.21323021005955314,90700325.25494167,0,False,0,0.9967945310405067,2,2.7068740836529708e-05,5.141798723495355e-07,5.2751734999983455
932,27336.581948835148,516.9815235544343,27853.563472389582,233.82293278818975,0.21322973382507607,90700325.25494167,0,False,0,0.9967979542213473,0,2.7383101144599303e-05,5.046258833925118e-07,5.280096599999524
933,27336.460347422733,517.0889705622861,27853.54931798502,233.82241272992943,0.21322925956926592,90700325.25494167,0,False,0,0.9968013700966823,0,2.7622801492834423e-05,5.081721258352127e-07,5.285266500002763
934,27336.339209600505,517.1958353180072,27853.535044918513,233.82189465317614,0.213228787120448,90700325.25494167,0,False,0,0.9968047786898774,0,2.776026229701129e-05,5.124325931905364e-07,5.291233399999328
935,27336.218515340694,517.3021267797061,27853.5206421204,233.82137847228896,0.21322831640052387,90700325.25494167,0,False,0,0.9968081800241984,0,2.778132268430839e-05,5.170904910926399e-07,5.296656600003189
936,27336.09826869802,517.407839199677,27853.506107897698,233.82086420462147,0.2132278474253188,90700325.25494167,0,False,0,0.9968115741228123,0,2.7686438687526533e-05,5.218091776385781e-07,5.302041000002646
937,27335.978496199365,517.5129530615092,27853.491449260873,233.82035196363623,0.2132273802983025,90700325.25494167,0,False,0,0.9968149610087877,0,2.7489594069556152e-05,5.262761810962768e-07,5.307516799999576
938,27335.859243754137,517.6174364424637,27853.4766801966,233.81984194569176,0.21322691519853984,90700325.25494167,0,False,0,0.9968183407050951,0,2.721604327105128e-05,5.30241039990525e-07,5.3124697000021115
939,27335.740572438674,517.7212467411463,27853.461819179818,233.81933441201423,0.2132264523642503,90700325.25494167,0,False,0,0.9968217132346074,0,2.6899118035862346e-05,5.335426148871883e-07,5.317533399997046
940,27335.622553593123,517.8243327007682,27853.446886293892,233.81882966772852,0.21322599207368598,90700325.25494167,0,False,0,0.9968250786201011,0,2.6576204494038335e-05,5.361231585158897e-07,5.322575600002892
941,27335.505263700572,517.92663665115,27853.431900351723,233.81832803995744,0.21322553462515928,90700325.25494167,0,False,0,0.9968284368842555,0,2.6284116034490946e-05,5.380282817484812e-07,5.327703800001473
942,27335.388779494202,518.0280968882377,27853.41687638244,233.81782985689608,0.21322508031796067,90700325.25494167,0,False,0,0.9968317880496546,1,2.6054314887408294e-05,5.393938290463244e-07,5.333220300002722
943,27335.27385972257,518.1286498834166,27853.402509605985,233.81733836361482,0.2132246321113614,90700325.25494167,0,False,0,0.9968351321387866,1,2.5556664292043994e-05,5.157994265840227e-07,5.338317300003837
944,27335.160167217255,518.2281247214654,27853.38829193872,233.8168521181365,0.21322418869038176,90700325.25494167,0,False,0,0.9968384691740452,0,2.5574006091292058e-05,5.104463362612313e-07,5.3432546999974875
945,27335.047774342842,518.3264104631253,27853.374184805965,233.8163714299871,0.21322375033728727,90700325.25494167,0,False,0,0.9968417991777293,1,2.585231046838058e-05,5.06478156564644e-07,5.348716300002707
946,27334.936350750697,518.423407936531,27853.359758687227,233.815894886343,0.21322331576368417,90700325.25494167,0,False,0,0.9968451221720442,2,2.6670150507259827e-05,5.179307412518451e-07,5.3538263000009465
947,27334.82676083196,518.5189030603732,27853.34566389233,233.81542618412482,0.21322288834089875,90700325.25494167,0,False,0,0.9968484381791017,1,2.7904684186896885e-05,5.060357177294582e-07,5.3589379000040935
948,27334.71906348924,518.6127594068118,27853.331822896052,233.81496557529948,0.21322246829870678,90700325.25494167,0,False,0,0.9968517472209207,2,2.932431510240648e-05,4.969240121213568e-07,5.3641634000014164
949,27334.61330004153,518.7048732522244,27853.318173293752,233.81451323663177,0.21322205579830503,90700325.25494167,0,False,0,0.9968550493194275,2,3.0426691623302113e-05,4.90052765944306e-07,5.36932330000127
950,27334.509429712925,518.7951652590399,27853.304594971964,233.81406899377515,0.21322165068070198,90700325.25494167,0,False,0,0.9968583444964566,0,3.166371618533029e-05,4.874938671182034e-07,5.3746123000019
951,27334.40733759658,518.8835829163767,27853.290920512958,233.81363235532945,0.21322125249777593,90700325.25494167,0,False,0,0.9968616327737508,0,3.2613839493552874e-05,4.909456599230049e-07,5.3799788000033
952,27334.30695694408,518.9701078235752,27853.277064767655,233.81320303585971,0.21322086098923068,90700325.25494167,0,False,0,0.9968649141729626,0,3.321084354177217e-05,4.974545141686731e-07,5.385240299998259
953,27334.20822385227,519.054752825979,27853.26297667825,233.81278076209722,0.21322047590586482,90700325.25494167,0,False,0,0.9968681887156532,0,3.342952887521412e-05,5.057964768062812e-07,5.390383899997687
954,27334.111079946077,519.1375609898581,27853.248640935934,233.8123652844138,0.2132200970200353,90700325.25494167,0,False,0,0.996871456423294,1,3.328126090964104e-05,5.146880753925826e-07,5.395780200000445
955,27334.01551146757,519.2186037093687,27853.234115176936,233.81195654400383,0.21321972427811567,90700325.25494167,0,False,0,0.9968747173172672,1,3.269861186957349e-05,5.215104056526632e-07,5.400753699999768
956,27333.92144509794,519.2979703474579,27853.2194154454,233.8115542273219,0.213219357394175,90700325.25494167,0,False,0,0.9968779714188651,0,3.205722858799399e-05,5.277567220484749e-07,5.405968999999459
957,27333.828807432743,519.3757727034962,27853.20458013624,233.81115802045352,0.2132189960819458,90700325.25494167,0,False,0,0.9968812187492924,0,3.125086039743241e-05,5.326245752624772e-07,5.411088400003791
958,27333.73753010702,519.4521427168551,27853.189672823875,233.81076763103542,0.21321864007481375,90700325.25494167,0,False,0,0.9968844593296647,0,3.0382421202036433e-05,5.352099548158822e-07,5.416289900000265
959,27333.64752840263,519.5272268820211,27853.174755284654,233.81038269675977,0.2132182890423801,90700325.25494167,0,False,0,0.9968876931810106,0,2.957123319429416e-05,5.355774113080123e-07,5.421852899999067
960,27333.558695690066,519.6011816309576,27853.159877321024,233.81000276160157,0.21321794256878282,90700325.25494167,0,False,0,0.9968909203242707,0,2.8934922582622617e-05,5.341568334660795e-07,5.426970900000015
961,27333.47090070691,519.6741686522365,27853.145069359147,233.80962726417795,0.21321760014208097,90700325.25494167,0,False,0,0.9968941407802994,0,2.8560492392215093e-05,5.316438760537146e-07,5.43191300000035
962,27333.38398776097,519.7463502319338,27853.130337992905,233.80925553861624,0.2132172611550465,90700325.25494167,0,False,0,0.9968973545698645,0,2.8495617846484123e-05,5.288941771286543e-07,5.436943599997903
963,27333.29777987904,519.8178846701788,27853.11566454922,233.80888682802046,0.21321692491744457,90700325.25494167,0,False,0,0.9969005617136477,0,2.874199032761675e-05,5.268148860717526e-07,5.442112600001565
964,27333.212085084902,519.8889219098893,27853.10100699479,233.80852031132184,0.2132165906805194,90700325.25494167,0,False,0,0.9969037622322457,1,2.9250491246224237e-05,5.262446975130135e-07,5.447083799997927
965,27333.126690615227,519.9595993903143,27853.08629000554,233.80815507853967,0.21321625761443389,90700325.25494167,0,False,0,0.99690695614617,1,2.9808846364318433e-05,5.283788418357603e-07,5.452025600003253
966,27333.04148490708,520.0299807722058,27853.071465679284,233.8077906525233,0.2132159252840609,90700325.25494167,0,False,0,0.9969101434758469,1,3.034412559206766e-05,5.322328054158964e-07,5.457659500003501
967,27332.95638847514,520.1001263158124,27853.056514790955,233.80742669331588,0.21321559337938414,90700325.25494167,0,False,0,0.9969133242416194,1,3.072262078109757e-05,5.367770067313644e-07,5.462966200000665
968,27332.871329563335,520.1700876420164,27853.04141720535,233.80706289401667,0.2132152616205322,90700325.25494167,0,False,0,0.9969164984637464,1,3.1108791323046235e-05,5.420441234858842e-07,5.4684242000003
969,27332.786187463025,520.2398973569443,27853.02608481997,233.80669873835106,0.2132149295366997,90700325.25494167,0,False,0,0.9969196661624035,1,3.135331511843212e-05,5.504743683600857e-07,5.474592500002473
970,27332.700925831065,520.3095684090131,27853.01049424008,233.80633407087612,0.21321459698613382,90700325.25494167,0,False,0,0.9969228273576832,1,3.144023858871244e-05,5.597445621086751e-07,5.4796646000031615
971,27332.61563234195,520.3790945200894,27852.994726862038,233.80596926657773,0.21321426431079477,90700325.25494167,0,False,0,0.9969259820695963,1,3.12553104111091e-05,5.660924173567068e-07,5.484599499999604
972,27332.53028861392,520.448452790657,27852.97874140458,233.80560424683546,0.21321393143898634,90700325.25494167,0,False,0,0.9969291303180704,0,3.1084234585425584e-05,5.739223956427186e-07,5.490302099999099
973,27332.44491890682,520.5176072729952,27852.962526179814,233.80523911540914,0.2132135984653301,90700325.25494167,0,False,0,0.996932272122953,0,3.083114246349149e-05,5.821720152605191e-07,5.496453500003554
974,27332.35958921384,520.5865110094295,27852.94610022327,233.80487415455582,0.21321326564722418,90700325.25494167,0,False,0,0.9969354075040089,0,3.053444345017665e-05,5.897382200267797e-07,5.504245800002536
975,27332.27437664828,520.6551076739282,27852.92948432221,233.80450969409586,0.2132129332854411,90700325.25494167,0,False,0,0.9969385364809232,0,3.0235020962259182e-05,5.96558116420943e-07,5.510365300004196
976,27332.189363486556,520.7233340505654,27852.912697537122,233.80414608593475,0.2132126017008934,90700325.25494167,0,False,0,0.9969416590733005,0,2.997142632169841e-05,6.026936985686807e-07,5.515615299998899
977,27332.104631633163,520.7911226346499,27852.895754267814,233.80378368038942,0.21321227121304498,90700325.25494167,0,False,0,0.9969447753006647,0,2.9775152764542314e-05,6.083122972224763e-07,5.5208569000024
978,27332.02025790827,520.8584042698527,27852.878662178122,233.80342280603278,0.21321194212153077,90700325.25494167,0,False,0,0.996947885182461,0,2.966672085811843e-05,6.136557521125027e-07,5.525794100001804
979,27331.936310429715,520.9251107364877,27852.861421166202,233.80306375421907,0.21321161469204492,90700325.25494167,0,False,0,0.9969509887380551,1,2.9653343323508514e-05,6.19002873222127e-07,5.530819400002656
980,27331.852576741483,520.9911770075171,27852.843753749,233.80270561625878,0.21321128809592776,90700325.25494167,0,False,0,0.9969540859867342,3,2.8976323608861464e-05,6.343124656505724e-07,5.536992599998484
981,27331.770177633272,521.056440015641,27852.826617648912,233.80235318590476,0.21321096670473794,90700325.25494167,0,False,0,0.9969571769477067,2,2.9316341147211858e-05,6.152370019430757e-07,5.542526400000497
982,27331.689147531528,521.1206889615582,27852.809836493085,233.80200661042895,0.21321065065277683,90700325.25494167,0,False,0,0.9969602616401037,1,3.024176134638217e-05,6.024938171624019e-07,5.54794270000275
983,27331.609459940097,521.1837876006028,27852.7932475407,233.80166577652992,0.2132103398367217,90700325.25494167,0,False,0,0.9969633400829782,0,3.1535002350663e-05,5.955934960403423e-07,5.554877499998838
984,27331.53106570797,521.2456252654622,27852.776690973435,233.80133047400724,0.21321003406488484,90700325.25494167,0,False,0,0.9969664122953061,0,3.288127461287839e-05,5.944311264555819e-07,5.5602513999983785
985,27331.45390986613,521.3061194004657,27852.760029266596,233.80100046777443,0.21320973312288422,90700325.25494167,0,False,0,0.9969694782959873,0,3.411093035343629e-05,5.982063125624086e-07,5.5657280000014
986,27331.37792233261,521.3652170948833,27852.743139427494,233.80067545810303,0.213209436737389,90700325.25494167,0,False,0,0.9969725381038441,1,3.497115990159426e-05,6.063973223598073e-07,5.570813600003021
987,27331.303062809064,521.4228962283507,27852.725959037416,233.80035527265164,0.21320914475123626,90700325.25494167,0,False,0,0.9969755917376241,2,3.5167246743557265e-05,6.168293726600935e-07,5.5759975999972085
988,27331.229447165104,521.4791591238976,27852.708606289,233.80004040703287,0.21320885761638902,90700325.25494167,0,False,0,0.996978639215998,2,3.531665995479287e-05,6.230179566758105e-07,5.581546499997785
989,27331.1574770005,521.5340239298949,27852.691500930396,233.79973257897666,0.21320857689929382,90700325.25494167,0,False,0,0.9969816805575625,2,3.528089779193023e-05,6.141362711709299e-07,5.5865205000009155
990,27331.08694003087,521.5874862037898,27852.67442623466,233.79943088053432,0.21320830177196654,90700325.25494167,0,False,0,0.9969847157808387,1,3.537293150748626e-05,6.130357540786251e-07,5.591687599997385
991,27331.017540870344,521.6395593938666,27852.65710026421,233.79913404831225,0.2132080310822829,90700325.25494167,0,False,0,0.9969877449042734,0,3.5458696088918966e-05,6.220576948771335e-07,5.597191400003794
992,27330.949049910916,521.6902995661424,27852.63934947706,233.79884110025404,0.21320776393467794,90700325.25494167,0,False,0,0.9969907679462393,0,3.523183120197887e-05,6.373103680788425e-07,5.602399800001876
993,27330.88141003946,521.7397897426692,27852.62119978213,233.7985517920907,0.2132075001063959,90700325.25494167,0,False,0,0.9969937849250357,0,3.47383344422971e-05,6.516328561239099e-07,5.607448399998248
994,27330.81456430044,521.7881352987188,27852.602699599156,233.79826588022607,0.2132072393752945,90700325.25494167,0,False,0,0.9969967958588879,0,3.404645365903178e-05,6.642169453781524e-07,5.612844600000244
995,27330.7484503981,521.835460720525,27852.583911118625,233.79798309822135,0.21320698149840075,90700325.25494167,0,False,0,0.9969998007659487,0,3.3245054043861946e-05,6.745682166069139e-07,5.619152500003111
996,27330.682994018105,521.8819057515752,27852.56489976968,233.79770312823052,0.21320672618586187,90700325.25494167,0,False,0,0.9970027996642984,0,3.244493956506642e-05,6.825703857494795e-07,5.624164300003031
997,27330.618103058336,521.9276210895781,27852.545724147913,233.7974255763238,0.21320647307844212,90700325.25494167,0,False,0,0.9970057925719445,0,3.174970166600438e-05,6.884687940673433e-07,5.629329900002631
998,27330.55366383559,521.9727639559736,27852.526427791567,233.7971499562627,0.21320622173272694,90700325.25494167,0,False,0,0.9970087795068233,0,3.124898724050886e-05,6.928040451665554e-07,5.634536899997329
999,27330.48953934217,522.0174935696157,27852.507032911784,233.7968756820423,0.2132059716143219,90700325.25494167,0,False,0,0.9970117604867988,0,3.101334048549291e-05,6.963418500875069e-07,5.639948199997889
1000,27330.42557015149,522.0619664113484,27852.487536562836,233.79660207176445,0.21320572210138483,90700325.25494167,0,False,0,0.9970147355296645,0,3.1072236818972435e-05,6.999854241276374e-07,5.6458783999987645
1001,27330.36157894514,522.1063318111834,27852.467910756324,233.7963283670004,0.2132054725022831,90700325.25494167,0,False,0,0.9970177046531424,0,3.1406287887164313e-05,7.046338854240288e-07,5.652113700001792
1002,27330.297377784234,522.150727845919,27852.448105630152,233.79605376389156,0.2132052220839554,90700325.25494167,0,False,0,0.997020667874885,0,3.195777505414231e-05,7.11072578406532e-07,5.657765900003142
1003,27330.23277749469,522.1952776561449,27852.428055150835,233.7957774532923,0.213204970108519,90700325.25494167,0,False,0,0.9970236252124735,0,3.264369358144161e-05,7.198821174135912e-07,5.663034700002754
1004,27330.167598294014,522.2400862761192,27852.407684570135,233.79549866622332,0.21320471587471992,90700325.25494167,0,False,0,0.9970265766834202,0,3.337107792663013e-05,7.313753996413781e-07,5.668448000003991
1005,27330.101680651384,522.2852380523613,27852.386918703745,233.79521672032294,0.21320445876029331,90700325.25494167,0,False,0,0.9970295223051675,0,3.405032914366987e-05,7.455680896454355e-07,5.6749110000018845
1006,27330.034895352044,522.33079470756,27852.365690059603,233.79493106289556,0.21320419826122045,90700325.25494167,0,False,0,0.9970324620950892,0,3.460458864078555e-05,7.621840169002094e-07,5.680567600000359
1007,27329.96715183022,522.3767940861616,27852.343945916382,233.7946413065544,0.2132039340242324,90700325.25494167,0,False,0,0.9970353960704896,1,3.4975200707210424e-05,7.806928669330384e-07,5.6864205000019865
1008,27329.899469586293,522.4232494351795,27852.32271902147,233.79435181195586,0.21320367002593482,90700325.25494167,0,False,0,0.9970383242486054,1,3.417269499048857e-05,7.621223891251264e-07,5.692444500004058
1009,27329.831038888995,522.4700754591664,27852.30111434816,233.79405911566272,0.21320340310792155,90700325.25494167,0,False,0,0.9970412466466049,0,3.3815272450766524e-05,7.756865927909138e-07,5.6980738999991445
1010,27329.761879747355,522.5171971252664,27852.279076872623,233.79376330324706,0.21320313334822816,90700325.25494167,0,False,0,0.9970441632815883,0,3.328910449822704e-05,7.912263854516869e-07,5.703794799999741
1011,27329.692130402604,522.5645247370269,27852.25665513963,233.79346496599345,0.21320286128606378,90700325.25494167,0,False,0,0.9970470741705888,0,3.2651048565321465e-05,8.050232776458303e-07,5.7099586999975145
1012,27329.621950296412,522.6119535527156,27852.233903849126,233.7931647858697,0.21320258754333407,90700325.25494167,0,False,0,0.9970499793305728,0,3.1966351626314605e-05,8.168562707736356e-07,5.715354699997988
1013,27329.551510340963,522.6593670725517,27852.210877413516,233.79286349390978,0.21320231278668958,90700325.25494167,0,False,0,0.9970528787784394,0,3.130254758824506e-05,8.267356826748422e-07,5.721093899999687
1014,27329.480983611746,522.7066405418831,27852.18762415363,233.79256183040445,0.21320203769122237,90700325.25494167,0,False,0,0.9970557725310215,0,3.072217858672919e-05,8.348802178765221e-07,5.726404699998966
1015,27329.41053716907,522.7536445659505,27852.16418173502,233.79226050991966,0.21320176290856524,90700325.25494167,0,False,0,0.9970586606050862,0,3.0275037898947873e-05,8.416724361307757e-07,5.731800599998678
1016,27329.340325537363,522.8002487319729,27852.140574269335,233.79196019340512,0.21320148904145692,90700325.25494167,0,False,0,0.9970615430173342,1,2.9991322306699658e-05,8.475989704745703e-07,5.7374770000024
1017,27329.270674044856,522.8463251189132,27852.11699916377,233.79166227239523,0.21320121735887693,90700325.25494167,0,False,0,0.9970644197844013,1,2.9670506849752038e-05,8.464378349398169e-07,5.743854799999099
1018,27329.20178167258,522.8917441005818,27852.09352577316,233.79136759800426,0.21320094863698041,90700325.25494167,0,False,0,0.9970672909228582,1,2.977797145375467e-05,8.427865863106702e-07,5.749055899999803
1019,27329.13354175356,522.9363784857551,27852.069920239315,233.79107571399538,0.21320068245971208,90700325.25494167,0,False,0,0.9970701564492105,1,2.9931894725727818e-05,8.475317600300888e-07,5.754512799998338
1020,27329.066149800936,522.9801157980803,27852.046265599016,233.79078745665294,0.21320041958970326,90700325.25494167,0,False,0,0.9970730163798995,0,3.0315797902221183e-05,8.492955951602799e-07,5.759546699999191
1021,27328.999496870914,523.0228510210868,27852.022347892,233.79050236000143,0.21320015960201777,90700325.25494167,0,False,0,0.9970758707313022,0,3.072492619157819e-05,8.587414650346789e-07,5.764668299998448
1022,27328.933624974477,523.0645013956658,27851.998126370145,233.79022060374757,0.21319990266053518,90700325.25494167,0,False,0,0.9970787195197318,0,3.108828019891597e-05,8.696503813716591e-07,5.76991629999975
1023,27328.868563716707,523.1050033083164,27851.973567025023,233.78994231453458,0.21319964888074505,90700325.25494167,0,False,0,0.9970815627614383,0,3.13448837324206e-05,8.817803667221595e-07,5.775348199997097
1024,27328.804334190936,523.1443133263518,27851.94864751729,233.7896675825984,0.21319939834493606,90700325.25494167,0,False,0,0.9970844004726078,0,3.144849035181189e-05,8.947124581331278e-07,5.780685199999425
1025,27328.740952022436,523.1824086310253,27851.92336065346,233.7893964747864,0.21319915111406823,90700325.25494167,0,False,0,0.997087232669364,0,3.1369976687208476e-05,9.079028597684442e-07,5.786139299998467
1026,27328.678429238258,523.2192868559332,27851.89771609419,233.78912904255517,0.2131989072350663,90700325.25494167,0,False,0,0.9970900593677678,0,3.10980924809738e-05,9.207464396351768e-07,5.791471999997157
1027,27328.616774836126,523.2549653546106,27851.871740190738,233.78886532440387,0.21319866674303867,90700325.25494167,0,False,0,0.9970928805838177,0,3.06390983793709e-05,9.326439338989927e-07,5.796670199997607
1028,27328.555994121503,523.2894799365915,27851.845474058096,233.78860534303848,0.21319842965869165,90700325.25494167,0,False,0,0.9970956963334504,0,3.001559942054845e-05,9.430652591856071e-07,5.802075999999943
1029,27328.49608705572,523.3228831249827,27851.818970180702,233.7883490983061,0.21319819598188575,90700325.25494167,0,False,0,0.9970985066325407,0,2.9264666877689392e-05,9.516021988137393e-07,5.807342100000824
1030,27328.437045989398,523.35524200044,27851.79228798984,233.78809655749967,0.21319796568279448,90700325.25494167,0,False,0,0.997101311496902,0,2.8435160746235555e-05,9.580053242194646e-07,5.812568599998485
1031,27328.378853233047,523.3866357060649,27851.765488939112,233.78784764496655,0.2131977386924281,90700325.25494167,0,False,0,0.9971041109422867,0,2.7584039380199794e-05,9.622020173844705e-07,5.817982699998538
1032,27328.32147893318,523.4171526949593,27851.738631628137,233.7876022330234,0.21319751489434854,90700325.25494167,0,False,0,0.9971069049843863,0,2.677142581380553e-05,9.642947405197758e-07,5.823014599998714
1033,27328.264879680053,523.4468878068478,27851.7117674869,233.78736013600073,0.21319729411923855,90700325.25494167,0,False,0,0.9971096936388315,0,2.6054392325830024e-05,9.645409068366786e-07,5.828017300002102
1034,27328.208998179605,523.4759392622661,27851.68493744187,233.78712110883956,0.21319707614362193,90700325.25494167,0,False,0,0.9971124769211934,0,2.5479916322299493e-05,9.63317632099847e-07,5.833330000001297
1035,27328.15376419043,523.5044056623208,27851.658169852748,233.78688485109865,0.21319686069351784,90700325.25494167,0,False,0,0.9971152548469827,0,2.507818066130048e-05,9.610761138106574e-07,5.838405100003001
1036,27328.09909677446,523.5323830790749,27851.63147985353,233.7866510165816,0.21319664745322,90700325.25494167,0,False,0,0.9971180274316501,1,2.48579583784409e-05,9.582912103059046e-07,5.843404899998859
1037,27328.04469581685,523.5599621682128,27851.604657985063,233.78641832158192,0.21319643525208024,90700325.25494167,0,False,0,0.997120794690588,1,2.4651186544770464e-05,9.630268333863588e-07,5.84989289999794
1038,27327.99044026713,523.5871301778599,27851.57757044499,233.7861862483202,0.21319622361792084,90700325.25494167,0,False,0,0.9971235566391287,0,2.428770186463856e-05,9.725665865113186e-07,5.854981299999054
1039,27327.936740450612,523.6137832971119,27851.550523747723,233.7859565519307,0.21319601415129835,90700325.25494167,0,False,0,0.9971263132925461,0,2.396247644558582e-05,9.711010875562172e-07,5.859911200001079
1040,27327.883646364622,523.6398882195915,27851.523534584212,233.78572944628002,0.21319580704724372,90700325.25494167,0,False,0,0.9971290646660552,0,2.368149764152778e-05,9.690363015057926e-07,5.865484399997513
1041,27327.831203546502,523.665412763415,27851.496616309916,233.78550512615834,0.21319560248339164,90700325.25494167,0,False,0,0.9971318107748136,0,2.3447787681734058e-05,9.664919860656562e-07,5.870531699998537
1042,27327.779452117764,523.6903268498464,27851.46977896761,233.78528376319056,0.2131954006162517,90700325.25494167,0,False,0,0.9971345516339201,0,2.326129465168134e-05,9.635870802805222e-07,5.875590700001339
1043,27327.728426089256,523.7146033995538,27851.443029488808,233.78506550286423,0.21319520157849806,90700325.25494167,0,False,0,0.9971372872584161,0,2.311913883452896e-05,9.604332918340506e-07,5.880657200003043
1044,27327.67815291587,523.7382191236109,27851.41637203948,233.78485046262458,0.21319500547723239,90700325.25494167,0,False,0,0.9971400176632857,0,2.3016168995377026e-05,9.571299160584982e-07,5.885624000002281
1045,27327.62865327447,523.761155190032,27851.389808464504,233.78463873092463,0.21319481239311747,90700325.25494167,0,False,0,0.9971427428634558,0,2.2945733923703493e-05,9.537602906753356e-07,5.890571199997794
1046,27327.5799410294,523.7833977506896,27851.363338780087,233.78443036707725,0.21319462238024242,90700325.25494167,0,False,0,0.9971454628737961,0,2.290054718976878e-05,9.503900738521672e-07,5.895920800001477
1047,27327.532023345608,523.804938317837,27851.336961663445,233.78422540173923,0.213194435466564,90700325.25494167,0,False,0,0.9971481777091203,0,2.2873521817010364e-05,9.470673418025034e-07,5.900844000003417
1048,27327.484900910895,523.825773984001,27851.310674894896,233.7840238378615,0.2131942516547732,90700325.25494167,0,False,0,0.9971508873841854,0,2.285847207531559e-05,9.438242977321534e-07,5.906057200001669
1049,27327.438568233978,523.8459074835826,27851.28447571756,233.78382565196412,0.2131940709234581,90700325.25494167,0,False,0,0.9971535919136923,0,2.285061241814973e-05,9.406802301924247e-07,5.911271600001783
1050,27327.39301393341,523.8653470989913,27851.258361032404,233.78363079537203,0.21319389322823049,90700325.25494167,0,False,0,0.9971562913122863,0,2.2848880062283345e-05,9.376474244160355e-07,5.916477500002657
1051,27327.348221029744,523.884106298281,27851.232327328027,233.78343919546458,0.21319371850286553,90700325.25494167,0,False,0,0.997158985594557,0,2.2854386800668557e-05,9.347406870809095e-07,5.921736700001929
1052,27327.30416741567,523.9022032910646,27851.206370706735,233.78325075768655,0.21319354666113566,90700325.25494167,0,False,0,0.9971616747750387,0,2.2867063106965447e-05,9.319738885029137e-07,5.927315799999633
1053,27327.26082638272,523.9196604756288,27851.18048685835,233.78306536780084,0.21319337759886486,90700325.25494167,0,False,0,0.9971643588682112,0,2.2887589521755196e-05,9.293618395368976e-07,5.932798100002401
1054,27327.21816720948,523.9365037911596,27851.15467100064,233.78288289440474,0.21319321119622325,90700325.25494167,0,False,0,0.9971670378884987,0,2.2916899927672745e-05,9.269214897777915e-07,5.938081799999054
1055,27327.176155822563,523.9527619967323,27851.128917819296,233.78270319175695,0.21319304732030528,90700325.25494167,0,False,0,0.9971697118502716,0,2.2955672102594214e-05,9.246719444224189e-07,5.943594500000472
1056,27327.134755503102,523.9684659001052,27851.10322140321,233.78252610279966,0.21319288582788545,90700325.25494167,0,False,0,0.9971723807678456,0,2.3005080797958565e-05,9.226346322614183e-07,5.948846200000844
1057,27327.09392762858,523.9836474755435,27851.077575104122,233.78235146233163,0.21319272656831212,90700325.25494167,0,False,0,0.997175044655483,1,2.3049491746276015e-05,9.208360215934069e-07,5.954144100003759
1058,27327.053636843877,523.9983390016251,27851.0519758455,233.78217911912736,0.21319256940367845,90700325.25494167,0,False,0,0.997177703527392,1,2.3119052902369182e-05,9.19147869656207e-07,5.959738300000026
1059,27327.013843176206,524.0125692829504,27851.026412459156,233.78200890220876,0.21319241417806473,90700325.25494167,0,False,0,0.997180357397727,0,2.31943843867967e-05,9.178607101621069e-07,5.964977800002089
1060,27326.974510013555,524.0263669692737,27851.000876982827,233.78184065497283,0.21319226074866024,90700325.25494167,0,False,0,0.99718300628059,0,2.326888905643262e-05,9.168594345625537e-07,5.970857400003297
1061,27326.935603125654,524.0397587646383,27850.97536189029,233.78167423100405,0.21319210898194454,90700325.25494167,0,False,0,0.9971856501900292,0,2.3336752674377294e-05,9.161283879709238e-07,5.976242500000808
1062,27326.89709151161,524.0527688052459,27850.949860316858,233.78150949770006,0.2131919587569938,90700325.25494167,0,False,0,0.9971882891400408,0,2.3391976770164175e-05,9.156438186270134e-07,5.981255899998359
1063,27326.85894825008,524.0654181957932,27850.924366445874,233.7813463399083,0.21319180996879714,90700325.25494167,0,False,0,0.9971909231445678,0,2.342883479695789e-05,9.153680973871953e-07,5.986286699997436
1064,27326.82115120755,524.0777246554707,27850.898875863022,233.78118466295592,0.2131916625310197,90700325.25494167,0,False,0,0.9971935522175017,0,2.3442292607398506e-05,9.15250873403676e-07,5.991687000001548
1065,27326.78368357019,524.0897022799123,27850.8733858501,233.7810243949247,0.21319151637807726,90700325.25494167,0,False,0,0.9971961763726817,0,2.3428354764256376e-05,9.152312474978079e-07,5.996678700001212
1066,27326.746534174014,524.1013614217925,27850.847895595805,233.78086548806348,0.21319137146642417,90700325.25494167,0,False,0,0.9971987956238949,0,2.3384310777611302e-05,9.152407517553782e-07,6.001566600003571
1067,27326.709697619746,524.1127086892333,27850.82240630898,233.78070791927954,0.21319122777500152,90700325.25494167,0,False,0,0.9972014099848776,0,2.330886787421283e-05,9.152068518965273e-07,6.006890600001498
1068,27326.673174171105,524.1237470577744,27850.79692122888,233.78055168970366,0.21319108530484052,90700325.25494167,0,False,0,0.9972040194693141,0,2.320216805585873e-05,9.150566445586292e-07,6.011819999999716
1069,27326.636969447718,524.1344760884856,27850.771445536204,233.7803968233766,0.2131909440778646,90700325.25494167,0,False,0,0.9972066240908386,1,2.306569658857144e-05,9.147204207134542e-07,6.016740500002925
1070,27326.60193239701,524.1448919795552,27850.746824376565,233.78024695169185,0.21319080740564403,90700325.25494167,0,False,0,0.9972092238630338,1,2.2504453011981568e-05,8.840386948266599e-07,6.022117900000012
1071,27326.56744368321,524.1549213456223,27850.722365028832,233.7800994254353,0.21319067287228563,90700325.25494167,0,False,0,0.9972118187994318,0,2.2378427242845186e-05,8.782295098587578e-07,6.027057500003139
1072,27326.533411311597,524.164514038134,27850.69792534973,233.7799538511016,0.21319054011894079,90700325.25494167,0,False,0,0.9972144089135146,0,2.2279472474404718e-05,8.775240649737506e-07,6.0319682999979705
1073,27326.499879463496,524.1736280345925,27850.67350749809,233.77981041768126,0.2131904093179553,90700325.25494167,0,False,0,0.9972169942187147,0,2.220585434035542e-05,8.76741103792568e-07,6.038198700000066
1074,27326.466887355135,524.1822248555851,27850.649112210718,233.7796692929269,0.2131902806223075,90700325.25494167,0,False,0,0.9972195747284137,0,2.215083825675372e-05,8.75931684920366e-07,6.044389800001227
1075,27326.43446858199,524.1902707872705,27850.62473936926,233.7795306205485,0.21319015416305057,90700325.25494167,0,False,0,0.9972221504559443,0,2.2103855883835496e-05,8.751265135286814e-07,6.0496730000013486
1076,27326.402650817065,524.1977379307091,27850.600388747775,233.77939451892274,0.21319003004813553,90700325.25494167,0,False,0,0.9972247214145895,0,2.205208129744438e-05,8.743294527284886e-07,6.054894799999602
1077,27326.371455783647,524.2046050526882,27850.576060836334,233.77926108097634,0.21318990836230492,90700325.25494167,0,False,0,0.9972272876175836,0,2.198215895027425e-05,8.735147932403186e-07,6.059842200003914
1078,27326.34089941264,524.2108582191338,27850.551757631772,233.7791303748589,0.21318978916770626,90700325.25494167,0,False,0,0.9972298490781113,0,2.1881847724683242e-05,8.726284335658702e-07,6.064741000001959
1079,27326.31099209685,524.2164911990039,27850.527483295853,233.77900244503076,0.2131896725048842,90700325.25494167,0,False,0,0.9972324058093092,0,2.1741407234381637e-05,8.715926395540845e-07,6.069832300003327
1080,27326.281738967366,524.2215056334851,27850.50324460085,233.77887731344492,0.21318955839385828,90700325.25494167,0,False,0,0.9972349578242647,0,2.1554624599908203e-05,8.703136777497875e-07,6.075023299999884
1081,27326.253140137997,524.225910972188,27850.479051110186,233.77875498059268,0.21318944683507654,90700325.25494167,0,False,0,0.9972375051360179,0,2.1319440312067935e-05,8.686913286175929e-07,6.080469000000448
1082,27326.225190889527,524.2297241846533,27850.45491507418,233.7786354262918,0.21318933781013424,90700325.25494167,0,False,0,0.9972400477575603,0,2.1038171419890036e-05,8.666291147373545e-07,6.086383900001238
1083,27326.197881791773,524.2329692616454,27850.430851053417,233.77851861020838,0.21318923128224976,90700325.25494167,0,False,0,0.9972425857018354,0,2.0717350525155822e-05,8.640440824544728e-07,6.091978099997505
1084,27326.171198785385,524.2356765262912,27850.406875311677,233.77840447220692,0.21318912719658384,90700325.25494167,0,False,0,0.9972451189817397,0,2.0367236117250633e-05,8.60875074734443e-07,6.097689599999285
1085,27326.145123255043,524.2378817775416,27850.383005032585,233.7782929326632,0.21318902548052487,90700325.25494167,0,False,0,0.9972476476101217,0,2.000126268887284e-05,8.570890615332381e-07,6.1030864999993355
1086,27326.119632158225,524.2396252913909,27850.359257449614,233.77818389301524,0.21318892604419143,90700325.25494167,0,False,0,0.9972501715997835,0,1.963442004905477e-05,8.526842509324251e-07,6.108568700001342
1087,27326.094698269368,524.2409507213265,27850.335648990695,233.77807723680752,0.21318882878138443,90700325.25494167,0,False,0,0.9972526909634791,0,1.9281961351508945e-05,8.47689564841441e-07,6.113887899999099
1088,27326.070290579646,524.241903928609,27850.312194508257,233.77797283140106,0.21318873357114665,90700325.25494167,0,False,0,0.9972552057139172,0,1.8958037542182556e-05,8.421615715358694e-07,6.119034000003012
1089,27326.046374885533,524.242531777406,27850.28890666294,233.7778705304911,0.21318864028005866,90700325.25494167,0,False,0,0.9972577158637589,0,1.867429463620295e-05,8.361789682807142e-07,6.124308300000848
1090,27326.02291457963,524.2428809297454,27850.265795509375,233.77777017748983,0.21318854876532356,90700325.25494167,0,False,0,0.9972602214256195,0,1.8438715628348937e-05,8.298353256737564e-07,6.129677800003265
1091,27325.999871611188,524.2429966741862,27850.242868285375,233.77767160963506,0.21318845887851398,90700325.25494167,0,False,0,0.9972627224120681,0,1.8255804793304546e-05,8.232317841335796e-07,6.134993100000429
1092,27325.977207576198,524.242921769094,27850.220129345293,233.7775746626532,0.21318837046982417,90700325.25494167,0,False,0,0.9972652188356281,0,1.812641672758031e-05,8.164718774637525e-07,6.140445199998794
1093,27325.954885004787,524.2426953960485,27850.197580400836,233.77747917626618,0.213188283393092,90700325.25494167,0,False,0,0.9972677107087765,0,1.8045134124125608e-05,8.096504929504441e-07,6.145933899999363
1094,27325.932868701206,524.2423522456006,27850.175220946807,233.7773849999234,0.21318819751102622,90700325.25494167,0,False,0,0.9972701980439459,1,1.8003233923395635e-05,8.028472316868324e-07,6.150838900000963
1095,27325.91116461479,524.2419217427531,27850.153086357543,233.77729215907516,0.21318811284683556,90700325.25494167,0,False,0,0.997272680853523,1,1.787999274233289e-05,7.947737882640451e-07,6.156015599997772
1096,27325.889873803688,524.2414138835786,27850.131287687265,233.77720108600704,0.2131880297947335,90700325.25494167,0,False,0,0.9972751591498497,0,1.77715143464347e-05,7.827127631850198e-07,6.161324200002127
1097,27325.86888956219,524.2407853380623,27850.10967490025,233.77711132427908,0.2131879479384796,90700325.25494167,0,False,0,0.9972776329452229,0,1.7682067204084126e-05,7.76038963409979e-07,6.166341199997987
1098,27325.848231435197,524.2400172246032,27850.0882486598,233.77702295749768,0.2131878673543168,90700325.25494167,0,False,0,0.9972801022518948,0,1.7617099990789317e-05,7.69341331206925e-07,6.1715311000007205
1099,27325.827920438976,524.2390878854397,27850.067008324415,233.77693607556319,0.21318778812422784,90700325.25494167,0,False,0,0.9972825670820733,0,1.7581101082743514e-05,7.626667173847719e-07,6.177127499999187
1100,27325.807978108816,524.2379736712131,27850.04595178003,233.77685077059627,0.21318771033222014,90700325.25494167,0,False,0,0.9972850274479222,0,1.7576899368771306e-05,7.560679972017763e-07,6.182099700003164
1101,27325.788425615574,524.2366497452456,27850.02507536082,233.77676713315878,0.2131876340608796,90700325.25494167,0,False,0,0.997287483361561,0,1.7605195012866564e-05,7.496008892193301e-07,6.187213099998189
1102,27325.76928298754,524.2350908804176,27850.00437386796,233.77668524892528,0.21318755938833525,90700325.25494167,0,False,0,0.9972899348350658,0,1.766446230269598e-05,7.433204388176e-07,6.192659599997569
1103,27325.750568475647,524.233272229394,27849.98384070504,233.77660519596756,0.21318748638578303,90700325.25494167,0,False,0,0.9972923818804683,0,1.7750651710095342e-05,7.372768292219244e-07,6.19758400000137
1104,27325.73229806994,524.2311700497868,27849.963468119728,233.77652704268638,0.21318741511559944,90700325.25494167,0,False,0,0.9972948245097575,0,1.785770886824238e-05,7.315115667563392e-07,6.20257539999875
1105,27325.71448516591,524.2287623637649,27849.943247529674,233.77645084638405,0.21318734563004013,90700325.25494167,0,False,0,0.9972972627348786,0,1.7978173919924462e-05,7.260544552010038e-07,6.208644799997273
1106,27325.697140373642,524.2260295301538,27849.923169903795,233.7763766524481,0.21318727797049528,90700325.25494167,0,False,0,0.9972996965677342,0,1.810392069959543e-05,7.209216083660365e-07,6.213947199998074
1107,27325.68027145556,524.2229547186512,27849.90322617421,233.77630449408494,0.21318721216724668,90700325.25494167,0,False,0,0.9973021260201841,0,1.8226668598495427e-05,7.161143484452433e-07,6.221033499998157
1108,27325.663883364236,524.2195242809022,27849.88340764514,233.77623439248154,0.2131871482396154,90700325.25494167,0,False,0,0.9973045511040446,0,1.8338711519424288e-05,7.116193155493815e-07,6.22706990000006
1109,27325.647978360845,524.2157280065964,27849.86370636744,233.77616635731215,0.21318708619642363,90700325.25494167,0,False,0,0.9973069718310908,0,1.8433380317096014e-05,7.074097011661388e-07,6.232100799999898
1110,27325.632556191053,524.2115592652738,27849.844115456326,233.77610038749066,0.2131870260366809,90700325.25494167,0,False,0,0.9973093882130545,0,1.850538119464943e-05,7.03447288648787e-07,6.237482099997578
1111,27325.617614299,524.2070150322972,27849.8246293313,233.77603647208582,0.21318696775041873,90700325.25494167,0,False,0,0.9973118002616256,1,1.855102521130215e-05,6.996852458737915e-07,6.24297839999781
1112,27325.60352540766,524.202095745644,27849.805621153304,233.77597620545896,0.21318691279158022,90700325.25494167,0,False,0,0.9973142079884526,1,1.8171509463154283e-05,6.825241540182955e-07,6.248344799998449
1113,27325.59006617649,524.196747432129,27849.786813608618,233.7759186322513,0.2131868602889467,90700325.25494167,0,False,0,0.9973166114051415,0,1.82630427140328e-05,6.753205010363427e-07,6.2542586999989
1114,27325.5771757802,524.1909364391954,27849.768112219394,233.77586349227843,0.21318681000524872,90700325.25494167,0,False,0,0.9973190105232578,0,1.8328786917481133e-05,6.715092416955352e-07,6.2603369999997085
1115,27325.56486986493,524.184641836239,27849.74951170117,233.77581085247007,0.21318676200152134,90700325.25494167,0,False,0,0.9973214053543248,0,1.835696457552099e-05,6.67887723419416e-07,6.265979499999958
1116,27325.553160161173,524.1778488207922,27849.731008981966,233.77576076300628,0.21318671632352515,90700325.25494167,0,False,0,0.9973237959098247,0,1.8338339790916107e-05,6.643765035587611e-07,6.27182829999947
1117,27325.542054695663,524.1705488919227,27849.712603587584,233.7757132582239,0.2131866730025729,90700325.25494167,0,False,0,0.9973261822011992,1,1.8266864986098553e-05,6.608823035068241e-07,6.277789100000518
1118,27325.53182848412,524.1627397456247,27849.694568229745,233.77566951453318,0.21318663311146635,90700325.25494167,0,False,0,0.997328564239849,2,1.8071177676548743e-05,6.475958332694621e-07,6.2834877999994205
1119,27325.52238475977,524.1543505218202,27849.67673528159,233.7756291180061,0.2131865962727328,90700325.25494167,0,False,0,0.997330942037134,0,1.7988686772035472e-05,6.403283206405693e-07,6.288851299999806
1120,27325.51371738971,524.145343375469,27849.659060765178,233.77559204241024,0.2131865624624502,90700325.25494167,0,False,0,0.9973333156043738,0,1.785998064801051e-05,6.346399127550501e-07,6.294194900001457
1121,27325.505851794194,524.1356967901694,27849.641548584365,233.77555839648505,0.2131865317797811,90700325.25494167,0,False,0,0.9973356849528477,0,1.766804473637005e-05,6.288113177667827e-07,6.299869000002218
1122,27325.498807203803,524.1253988068748,27849.624206010678,233.77552826249288,0.2131865042997429,90700325.25494167,0,False,0,0.9973380500937952,0,1.740177494148228e-05,6.227216122823252e-07,6.305783800002246
1123,27325.492596936456,524.1144469765126,27849.60704391297,233.77550169740394,0.21318648007428828,90700325.25494167,0,False,0,0.9973404110384155,0,1.7056786671150087e-05,6.162416261699236e-07,6.310957300003793
1124,27325.487228530044,524.102848054869,27849.590076584915,233.7754787334636,0.21318645913282275,90700325.25494167,0,False,0,0.9973427677978686,0,1.6635740599289038e-05,6.092483828426253e-07,6.316499300002761
1125,27325.482703738555,524.0906174564203,27849.573321194974,233.77545937817578,0.21318644148218935,90700325.25494167,0,False,0,0.9973451203832742,0,1.614827353674754e-05,6.016386558968229e-07,6.321941100002732
1126,27325.479018431724,524.0777784897826,27849.556796921508,233.7754436138737,0.21318642710627722,90700325.25494167,0,False,0,0.9973474688057133,1,1.5610577293555066e-05,5.93340274015779e-07,6.32693979999749
1127,27325.476229218613,524.0643613826393,27849.540590601253,233.7754316827096,0.21318641622591183,90700325.25494167,0,False,0,0.9973498130762276,1,1.511371838532359e-05,5.81923812049398e-07,6.332168699998874
1128,27325.47434777511,524.0503685642165,27849.52471633933,233.77542363462894,0.21318640888663984,90700325.25494167,0,False,0,0.9973521532058194,0,1.4799259431158615e-05,5.700008541447667e-07,6.33732659999805
1129,27325.473307328808,524.0357828422938,27849.5090901711,233.77541918400578,0.21318640482799095,90700325.25494167,0,False,0,0.9973544892054527,0,1.4447574884513612e-05,5.610928152962932e-07,6.342418500003987
1130,27325.473107452024,524.0206158715059,27849.49372332353,233.7754183290109,0.21318640404829697,90700325.25494167,0,False,0,0.9973568210860524,1,1.4040424747785247e-05,5.517816318607438e-07,6.347635799997079
1131,27325.47374483832,524.004885588174,27849.478630426493,233.77542105550071,0.21318640653466,90700325.25494167,0,False,0,0.997359148858505,0,1.36335762575631e-05,5.419451134741336e-07,6.352922500002023
1132,27325.475206382158,523.9886151507251,27849.46382153288,233.77542730741467,0.21318641223595686,90700325.25494167,0,False,0,0.9973614725336589,0,1.3221894512128458e-05,5.317476067580584e-07,6.35804630000348
1133,27325.47747530779,523.97183266496,27849.44930797275,233.7754370129924,0.2131864210867472,90700325.25494167,0,False,0,0.997363792122324,0,1.2823353658229555e-05,5.211432515752534e-07,6.363183499997831
1134,27325.48052966645,523.9545701268908,27849.43509979334,233.77545007834527,0.21318643300141135,90700325.25494167,0,False,0,0.9973661076352723,0,1.2457445873503472e-05,5.101781099493182e-07,6.368118600003072
1135,27325.484342710624,523.9368624565931,27849.42120516722,233.77546638905727,0.2131864478756101,90700325.25494167,0,False,0,0.997368419083238,0,1.2143323035025606e-05,4.98919495908585e-07,6.373487800003204
1136,27325.488883391623,523.9187464859536,27849.407629877576,233.7754858123136,0.21318646558822593,90700325.25494167,0,False,0,0.997370726476918,1,1.189988216873476e-05,4.87453205657918e-07,6.378582199999073
1137,27325.4941384712,523.9002598007103,27849.39439827191,233.7755082914855,0.21318648608761742,90700325.25494167,0,False,0,0.9973730298269708,1,1.1660510569516231e-05,4.7511264303816575e-07,6.383577599997807
1138,27325.50014161742,523.8814303019622,27849.38157191938,233.77553397059077,0.21318650950511853,90700325.25494167,0,False,0,0.9973753291440188,0,1.1582092997210217e-05,4.6056127274958424e-07,6.388925699997344
1139,27325.50677281988,523.8622400598338,27849.369012879713,233.77556233627107,0.2131865353725832,90700325.25494167,0,False,0,0.9973776244386457,0,1.1517768950247787e-05,4.509629642928073e-07,6.394164600002114
1140,27325.514023017247,523.8426973138453,27849.356720331092,233.7755933497646,0.21318656365466354,90700325.25494167,0,False,0,0.9973799157214,1,1.1467351351217139e-05,4.413941520723414e-07,6.399224499997217
1141,27325.52188679405,523.8228107940633,27849.344697588112,233.775626987905,0.2131865943302335,90700325.25494167,0,False,0,0.9973822030027913,1,1.1390546001696881e-05,4.3170630835344593e-07,6.404404900000372
1142,27325.530352864873,523.8025881107554,27849.33294097563,233.77566320241667,0.21318662735526908,90700325.25494167,0,False,0,0.9973844862932946,0,1.1365067378305326e-05,4.2215041719569493e-07,6.409727099999145
1143,27325.53940975931,523.7820373271728,27849.32144708648,233.77570194423248,0.2131866626850247,90700325.25494167,0,False,0,0.9973867656033465,0,1.1352211301112667e-05,4.127168565810447e-07,6.414725299997372
1144,27325.54904657878,523.7611669741624,27849.310213552944,233.7757431667314,0.21318670027698527,90700325.25494167,0,False,0,0.9973890409433489,0,1.1351093543518585e-05,4.0336830315545895e-07,6.419716700002027
1145,27325.559251938128,523.7399857376441,27849.299237675772,233.77578682121091,0.21318674008673763,90700325.25494167,0,False,0,0.9973913123236662,0,1.1360690856866502e-05,3.941166617107877e-07,6.425118500003009
1146,27325.570014059613,523.7185023996975,27849.28851645931,233.77583285728923,0.21318678206833716,90700325.25494167,0,False,0,0.9973935797546272,0,1.1379866988015769e-05,3.849725758130334e-07,6.430161800002679
1147,27325.581320865298,523.6967257835181,27849.278046648815,233.77588122330027,0.21318682617466814,90700325.25494167,0,False,0,0.9973958432465252,0,1.1407401131535536e-05,3.759453491580643e-07,6.435220400002436
1148,27325.593160065953,523.6746647033077,27849.26782476926,233.77593186667423,0.21318687235779063,90700325.25494167,0,False,0,0.9973981028096169,0,1.1442009821687046e-05,3.670428920085537e-07,6.440558599999349
1149,27325.605519243152,523.6523279142384,27849.25784715739,233.77598473428853,0.2131869205692607,90700325.25494167,0,False,0,0.9974003584541244,0,1.1482698789563953e-05,3.5827196364101025e-07,6.44559560000198
1150,27325.61838595152,523.6297240423348,27849.248109993852,233.7760397729054,0.2131869707605293,90700325.25494167,0,False,0,0.9974026101902337,0,1.1528242164987433e-05,3.4963816959916064e-07,6.450608600003761
1151,27325.631747809068,523.6068615422116,27849.23860935128,233.7760969295581,0.21318702288329458,90700325.25494167,0,False,0,0.9974048580280956,1,1.1577113392666907e-05,3.4114538874267765e-07,6.45588790000329
1152,27325.645623547924,523.5837486650177,27849.22937221294,233.77615628437354,0.21318707701062653,90700325.25494167,0,False,0,0.997407101977826,1,1.1331692663308708e-05,3.316836940996812e-07,6.460892100003548
1153,27325.66000035672,523.5603918317286,27849.220392188447,233.77621778254826,0.2131871330925483,90700325.25494167,0,False,0,0.9974093420495057,0,1.137140679464754e-05,3.224514536180341e-07,6.465922900002624
1154,27325.674848421622,523.5367967981692,27849.21164521979,233.7762812965491,0.21318719101275882,90700325.25494167,0,False,0,0.9974115782531806,0,1.1412160847875579e-05,3.140830706157068e-07,6.472107599998708
1155,27325.690157989564,523.5129696835297,27849.203127673092,233.7763467846547,0.2131872507332112,90700325.25494167,0,False,0,0.9974138105988619,0,1.1453005043351426e-05,3.058451638704486e-07,6.477385300000606
1156,27325.705919487616,523.4889164587006,27849.194835946317,233.77641420591436,0.21318731221656137,90700325.25494167,0,False,0,0.9974160390965269,1,1.1493095413967571e-05,2.9773659007345913e-07,6.4824940000034985
1157,27325.722133614094,523.464643002258,27849.186776616352,233.7764835633135,0.21318737546553176,90700325.25494167,0,False,0,0.9974182637561173,1,1.1528345464201962e-05,2.893918481998906e-07,6.487839900000836
1158,27325.738799950126,523.4401417999497,27849.178941750077,233.77655485505866,0.21318744047848695,90700325.25494167,0,False,0,0.9974204845875417,0,1.1577826123030483e-05,2.813319591110888e-07,6.492961399999331
1159,27325.75591640036,523.4154069641132,27849.171323364473,233.77662807218502,0.21318750724725158,90700325.25494167,0,False,0,0.9974227016006744,0,1.1629621557741033e-05,2.7355871494448246e-07,6.49811100000079
1160,27325.77348100231,523.3904365023028,27849.163917504615,233.77670320629602,0.21318757576416864,90700325.25494167,0,False,0,0.9974249148053551,0,1.1682174554839994e-05,2.659274767071991e-07,6.503678799999761
1161,27325.79149059527,523.3652296422688,27849.15672023754,233.7767802438697,0.213187646016907,90700325.25494167,0,False,0,0.9974271242113903,0,1.1733707609887622e-05,2.5843745597728164e-07,6.509348799998406
1162,27325.809940663246,523.3397870487888,27849.149727712036,233.77685916558656,0.2131877179878488,90700325.25494167,0,False,0,0.9974293298285531,0,1.1782374605375945e-05,2.5108571778315743e-07,6.514630400000897
1163,27325.82882522104,523.3141109977765,27849.142936218817,233.77693994584257,0.21318779165364488,90700325.25494167,0,False,0,0.9974315316665825,0,1.182641830846959e-05,2.438671659699696e-07,6.520009599997138
1164,27325.84813674213,523.2882055037601,27849.13634224589,233.77702255244046,0.2131878669849337,90700325.25494167,0,False,0,0.9974337297351843,0,1.1864317053282532e-05,2.3677471667574312e-07,6.524957800000266
1165,27325.86786612616,523.2620763981721,27849.12994252433,233.77710694645086,0.21318794394621443,90700325.25494167,0,False,0,0.9974359240440311,0,1.1894906921141037e-05,2.2979964189056089e-07,6.529967800001032
1166,27325.88800270326,523.2357313572601,27849.123734060522,233.77719308223058,0.2131880224958638,90700325.25494167,0,False,0,0.997438114602763,0,1.1917469552673998e-05,2.2293205645014713e-07,6.536063300001842
1167,27325.908534272483,523.2091798797959,27849.11771415228,233.77728090758725,0.21318810258628607,90700325.25494167,0,False,0,0.9974403014209863,0,1.193177981047057e-05,2.1616149581945633e-07,6.541587699997763
1168,27325.92944717173,523.1824332160857,27849.111880387816,233.77737036407834,0.2131881841641859,90700325.25494167,0,False,0,0.9974424845082751,0,1.193811146464627e-05,2.0947753254425855e-07,6.546659899999213
1169,27325.950726376897,523.1555042510306,27849.106230627927,233.7774613874353,0.2131882671709549,90700325.25494167,0,False,0,0.9974446638741702,0,1.1937202628803586e-05,2.028703792485983e-07,6.5524906999999075
1170,27325.972355628226,523.1284073451317,27849.100762973358,233.77755390810395,0.21318835154316476,90700325.25494167,0,False,0,0.997446839528181,0,1.1930185784051283e-05,1.963314199162113e-07,6.55787479999708
1171,27325.99431758198,523.1011581383307,27849.09547572031,233.77764785189356,0.21318843721315878,90700325.25494167,0,False,0,0.9974490114797833,0,1.1918489823059615e-05,1.8985363627519693e-07,6.562872399998014
1172,27326.016593985707,523.0737733224411,27849.09036730815,233.77774314072633,0.21318852410973563,90700325.25494167,0,False,0,0.9974511797384215,0,1.190372360879407e-05,1.8343188800603407e-07,6.568024200001673
1173,27326.039165874914,523.0462703885809,27849.085436263496,233.7778396934787,0.21318861215891644,90700325.25494167,0,False,0,0.9974533443135075,0,1.1887551903012127e-05,1.770630418086451e-07,6.574421299999813
1174,27326.062013788476,523.0186673565174,27849.080681144995,233.77793742690295,0.21318870128478526,90700325.25494167,0,False,0,0.9974555052144216,0,1.1871575086594836e-05,1.7074594828319658e-07,6.5800849000006565
1175,27326.08511799956,522.990982493116,27849.076100492675,233.77803625661483,0.21318879141038974,90700325.25494167,0,False,0,0.9974576624505119,0,1.1857223626158817e-05,1.644812757686478e-07,6.586359599998104
1176,27326.10845875773,522.9632340271766,27849.07169278491,233.7781360981293,0.21318888245868556,90700325.25494167,0,False,0,0.9974598160310951,0,1.1845676657570161e-05,1.582712384996043e-07,6.5924033999981475
1177,27326.13201653721,522.9354398678449,27849.067456405053,233.77823686792237,0.21318897435350487,90700325.25494167,0,False,0,0.997461965965456,0,1.1837811410970142e-05,1.5211924847356867e-07,6.598514899997099
1178,27326.15577228333,522.9076173334903,27849.063389616822,233.7783384844855,0.21318906702051765,90700325.25494167,0,False,0,0.9974641122628483,0,1.183431337893219e-05,1.4602960180446772e-07,6.6040025999973295
1179,27326.179707663687,522.8797828749139,27849.059490538602,233.77844086939962,0.21318916038821145,90700325.25494167,0,False,0,0.9974662549324941,0,1.1835872633179738e-05,1.4000751712894802e-07,6.609599600000365
1180,27326.203805317236,522.8519518194304,27849.055757136666,233.77854394840102,0.213189254388863,90700325.25494167,0,False,0,0.997468393983585,0,1.1842486145117602e-05,1.3405845671220082e-07,6.614846099997521
1181,27326.228049079236,522.8241381523727,27849.05218723161,233.7786476523433,0.2131893489594158,90700325.25494167,0,False,0,0.9974705294252807,0,1.1853884195851464e-05,1.281876516002861e-07,6.619799100000819
1182,27326.252424177183,522.7963543332913,27849.048778510474,233.77875191803545,0.21318944404224416,90700325.25494167,0,False,0,0.9974726612667105,1,1.1869664645429967e-05,1.223998975722585e-07,6.625114599999506
1183,27326.27693313994,522.7686111497031,27849.045544289642,233.77885675629412,0.21318953964721207,90700325.25494167,0,False,0,0.9974747895169729,1,1.1799075774680784e-05,1.1613397851054166e-07,6.630709400000342
1184,27326.3015695097,522.7409165621486,27849.04248607185,233.77896213949492,0.21318963574912814,90700325.25494167,0,False,0,0.9974769141851358,0,1.1827615781757667e-05,1.0981409716293503e-07,6.636184299997694
1185,27326.32630639707,522.7132759615047,27849.039582358575,233.77906795261663,0.2131897322431012,90700325.25494167,0,False,0,0.9974790352802364,0,1.1859625403200001e-05,1.0426617988773263e-07,6.641652099999192
1186,27326.351136651465,522.6856936134271,27849.036830264893,233.7791741650717,0.21318982910123763,90700325.25494167,0,False,0,0.9974811528112818,0,1.189517421860635e-05,9.882185250163691e-08,6.646665500004019
1187,27326.37605473273,522.6581720724521,27849.034226805183,233.7792807531614,0.21318992630192588,90700325.25494167,0,False,0,0.9974832667872485,0,1.1934473673929098e-05,9.348473077325157e-08,6.651603400001477
1188,27326.40105661032,522.6307122731081,27849.03176888343,233.7793876996444,0.21319002382944308,90700325.25494167,0,False,0,0.997485377217083,0,1.1977837719225056e-05,8.825877886313794e-08,6.656825400001253
1189,27326.426139628304,522.6033136524385,27849.029453280742,233.77949499315932,0.21319012167342852,90700325.25494167,0,False,0,0.9974874841097021,0,1.2025625806510158e-05,8.314840912678341e-08,6.661884599998302
1190,27326.451302342604,522.5759742994932,27849.027276642097,233.77960262752867,0.2131902198282487,90700325.25494167,0,False,0,0.9974895874739923,1,1.191357164916481e-05,7.81585099392853e-08,6.6669450999979745
1191,27326.476570383787,522.548691125738,27849.025261509527,233.77971071238747,0.21319031839388294,90700325.25494167,0,False,0,0.9974916873188104,1,1.1947349466099313e-05,7.235917254048583e-08,6.6722612000012305
1192,27326.50193222711,522.5214527381853,27849.023384965298,233.7798191984377,0.213190417325375,90700325.25494167,0,False,0,0.9974937836529844,0,1.1989070358959764e-05,6.738276157032992e-08,6.677217800002836
1193,27326.527393612494,522.4942501556443,27849.021643768137,233.77992811023145,0.21319051664511457,90700325.25494167,0,False,0,0.9974958764853114,0,1.2039562748832537e-05,6.252273683822051e-08,6.682157700000971
1194,27326.552960636003,522.4670738038086,27849.02003443981,233.78003747384423,0.2131906163768807,90700325.25494167,0,False,0,0.9974979658245601,0,1.2099227145300445e-05,5.778760730557566e-08,6.687357700000575
1195,27326.578639390165,522.4399138183337,27849.018553208498,233.78014731533628,0.21319071654443839,90700325.25494167,0,False,0,0.9975000516794698,0,1.2167948227950021e-05,5.318791509019307e-08,6.693239500003983
1196,27326.604435671063,522.4127603454901,27849.017196016553,233.78025765949982,0.21319081717039642,90700325.25494167,0,False,0,0.9975021340587502,0,1.2245155960456516e-05,4.8733923668242493e-08,6.698381599999266
1197,27326.630354717956,522.3856038200875,27849.015958538042,233.78036852874519,0.21319091827519138,90700325.25494167,0,False,0,0.9975042129710829,0,1.2330132216011652e-05,4.443526686487978e-08,6.703566399999545
1198,27326.656401014196,522.3584351881627,27849.014836202357,233.78047994224923,0.2131910198763112,90700325.25494167,0,False,0,0.9975062884251198,0,1.2421750947048641e-05,4.0300730436535256e-08,6.708608499997354
1199,27326.68257812362,522.3312461210669,27849.013824244685,233.7805919152555,0.2131911219876569,90700325.25494167,0,False,0,0.997508360429484,0,1.251833351746414e-05,3.63372880045028e-08,6.713494199997513
1200,27326.708888565718,522.3040291973862,27849.012917763102,233.78070445854044,0.21319122461905582,90700325.25494167,0,False,0,0.9975104289927709,1,1.26181029006104e-05,3.254986291171939e-08,6.719094699998095
1201,27326.735430397,522.2767780387868,27849.012208435786,233.78081799154094,0.21319132815300432,90700325.25494167,0,False,0,0.9975124941235461,1,1.2475089473227738e-05,2.547046526349402e-08,6.724120500002755
1202,27326.762195667805,522.2494818695595,27849.011677537364,233.78093248025087,0.2131914325584912,90700325.25494167,0,False,0,0.9975145558303478,0,1.2598165765408861e-05,1.9063456106944358e-08,6.729172400002426
1203,27326.789107879777,522.2221294370734,27849.01123731685,233.7810475974465,0.21319153753711195,90700325.25494167,0,False,0,0.9975166141216854,0,1.2719172543767852e-05,1.5807401748445862e-08,6.736104000003252
1204,27326.816168595473,522.1947136251871,27849.01088222066,233.78116334981087,0.213191643094961,90700325.25494167,0,False,0,0.9975186690060401,0,1.2835586370026217e-05,1.2750764659491173e-08,6.744554400000197
1205,27326.843377728328,522.1672291648132,27849.01060689314,233.78127973697264,0.21319174923169973,90700325.25494167,0,False,0,0.9975207204918651,0,1.2945281968029516e-05,9.886437964721507e-09,6.7503807000030065
1206,27326.870733552874,522.1396726960625,27849.010406248937,233.78139675155026,0.21319185594059667,90700325.25494167,0,False,0,0.9975227685875863,0,1.3046638213890194e-05,7.204715723261382e-09,6.755507599998964
1207,27326.898232754367,522.1120427726769,27849.010275527045,233.7815143793639,0.21319196320872086,90700325.25494167,0,False,0,0.9975248133016004,0,1.3138588846925684e-05,4.693951054548753e-09,6.760442799997691
1208,27326.925870514344,522.0843398106152,27849.01021032496,233.78163259980175,0.2131920710172758,90700325.25494167,0,False,0,0.9975268546422777,0,1.3220619282596163e-05,2.341271219932877e-09,6.765574400000332
1209,27326.95364062876,522.0565659841328,27849.010206612893,233.7817513863251,0.2131921793420601,90700325.25494167,0,False,0,0.9975288926179603,0,1.3292715398389146e-05,1.332925736844283e-10,6.770723000001453
1210,27326.953715784355,522.0563696146704,27849.010085399026,233.7817517078027,0.2131921796352246,90700325.25494167,0,True,1,0.0,0,1.3279578500481537e-05,4.352537699038554e-09,6.778758799999196
1211,27326.953789515854,522.0561749077901,27849.009964423643,233.78175202318872,0.213192179922834,90700325.25494167,0,False,1,0.28175352512532087,0,1.3266670481112912e-05,4.3439742515622935e-09,6.784240699998918
1212,27326.953882273585,522.0559274104593,27849.009809684045,233.78175241995936,0.21319218028466036,90700325.25494167,0,False,1,0.434042782780302,0,1.3250424353747312e-05,5.55637700779962e-09,6.789248000000953
1213,27326.953992486226,522.0556297733561,27849.009622259582,233.78175289139324,0.21319218071457421,90700325.25494167,0,False,1,0.5310638054044795,0,1.3231116779734731e-05,6.730022500573439e-09,6.794179600001371
1214,27326.95411869428,522.055284229031,27849.00940292331,233.7817534312474,0.2131921812068825,90700325.25494167,0,False,1,0.5987785940560388,0,1.3209001746352683e-05,7.875909184918226e-09,6.79985950000264
1215,27326.95425947073,522.0548928345826,27849.009152305312,233.7817540334178,0.21319218175601864,90700325.25494167,0,False,1,0.6489233261224006,0,1.3184321642390074e-05,8.999171042184176e-09,6.805332299998554
1216,27326.954413403226,522.0544575565323,27849.00887095976,233.78175469186309,0.2131921823564735,90700325.25494167,0,False,1,0.6876458540105597,0,1.3157308247388031e-05,1.010253371742673e-08,6.8106429999970715
1217,27326.954579098674,522.0539802985044,27849.008559397178,233.78175540062435,0.21319218300281292,90700325.25494167,0,False,1,0.718499853459134,0,1.3128180617309038e-05,1.1187564408758249e-08,6.815802099998109
1218,27326.954755197658,522.0534629039254,27849.008218101582,233.78175615388665,0.21319218368973405,90700325.25494167,0,False,1,0.7436910466053832,0,1.3097142230576372e-05,1.2255215297501824e-08,6.8219132000012905
1219,27326.954940393367,522.0529071467481,27849.007847540117,233.78175694606014,0.21319218441213944,90700325.25494167,0,False,1,0.7646647176173088,0,1.3064378391591119e-05,1.330609199746304e-08,6.827719699998852
1220,27326.955133452422,522.0523147163777,27849.0074481688,233.78175777186902,0.21319218516521787,90700325.25494167,0,False,1,0.782409243228014,0,1.3030054380442544e-05,1.4340594115230943e-08,6.833512999997765
1221,27326.955333235972,522.0516872001211,27849.007020436093,233.7817586264419,0.21319218594452702,90700325.25494167,0,False,1,0.7976243809601435,0,1.2994314562464726e-05,1.5358992845735448e-08,6.83898610000324
1222,27326.95553872015,522.0510260651378,27849.00656478529,233.78175950539918,0.21319218674607296,90700325.25494167,0,False,1,0.8108199838000861,0,1.2957282516205002e-05,1.636147395025876e-08,6.844328200000746
1223,27326.955749015004,522.0503326411612,27849.006081656164,233.7817604049341,0.21319218756638425,90700325.25494167,0,False,1,0.8223766390185732,0,1.2919062139497642e-05,1.7348163752254387e-08,6.850281999999424
1224,27326.955963381413,522.0496081048491,27849.00557148626,233.78176132188506,0.21319218840257773,90700325.25494167,0,False,1,0.8325843815233085,0,1.2879739601003342e-05,1.8319142200572957e-08,6.856150200001139
1225,27326.956181245514,522.0488534663627,27849.005034711878,233.78176225379735,0.21319218925241487,90700325.25494167,0,False,1,0.8416682316299193,0,1.2839385965871116e-05,1.927445423446889e-08,6.861741300002905
1226,27326.956402210275,522.0480695585836,27849.004471768858,233.7817631989727,0.21319219011434692,90700325.25494167,0,False,1,0.8498055224352064,0,1.2798060282613155e-05,2.0214116053949043e-08,6.867065700003877
1227,27326.956626064,522.0472570292424,27849.003883093243,233.78176415650557,0.2131921909875482,90700325.25494167,0,False,1,0.8571379479988086,0,1.2755812908731673e-05,2.1138120606327812e-08,6.872649099997943
1228,27326.956852785544,522.0464163361167,27849.003269121662,233.78176512630554,0.21319219187193617,90700325.25494167,0,False,1,0.8637801230052086,0,1.2712688852469476e-05,2.2046446730486294e-08,6.878334499997436
1229,27326.957082546276,522.0455477453578,27849.002630291634,233.7817661091056,0.2131921927681793,90700325.25494167,0,False,1,0.8698257810419169,0,1.2668730933761818e-05,2.2939062553312045e-08,6.883524600001692
1230,27326.957315708652,522.0446513329202,27849.00196704157,233.78176710645616,0.21319219367769143,90700325.25494167,0,False,1,0.8753523399411488,0,1.2623982586265793e-05,2.3815935940282456e-08,6.888780200002657
1231,27326.957552821616,522.0437269889994,27849.001279810615,233.78176812070532,0.21319219460261388,90700325.25494167,0,False,1,0.8804243161473297,0,1.2578490172221969e-05,2.4677040765816503e-08,6.894243499998993
1232,27326.95779461289,522.0427744253055,27849.000569038195,233.78176915496593,0.2131921955457853,90700325.25494167,0,False,1,0.8850959137641199,0,1.2532304716456379e-05,2.5522366580067157e-08,6.899327200000698
1233,27326.958041978505,522.0417931849638,27848.999835163468,233.78177021307073,0.21319219651070095,90700325.25494167,0,False,1,0.8894130125262103,0,1.2485483018210756e-05,2.6351923311688493e-08,6.904639500004123
1234,27326.958295969707,522.040782654759,27848.999078624467,233.78177129951646,0.2131921975014615,90700325.25494167,0,False,1,0.8934147117832398,0,1.243808813387555e-05,2.7165751195895834e-08,6.910159400002158
1235,27326.958557777718,522.039742079427,27848.998299857143,233.7817724193985,0.21319219852271354,90700325.25494167,0,False,1,0.8971345422701921,0,1.2390189275187972e-05,2.7963925085339225e-08,6.915157800001907
1236,27326.958828716637,522.0386705776477,27848.997499294284,233.78177357833795,0.21319219957958316,90700325.25494167,0,False,1,0.9006014263404838,1,1.2341861185149303e-05,2.8746558499713666e-08,6.920156000000134
1237,27326.959118209084,522.0375671591542,27848.996685368238,233.78177481664,0.21319220070882575,90700325.25494167,0,False,1,0.9038404456605403,1,1.2215004930085188e-05,2.9226403796730955e-08,6.92625009999756
1238,27326.95942638573,522.0364273621848,27848.995853747914,233.78177613486355,0.213192201910951,90700325.25494167,0,False,1,0.906873460036305,0,1.2168869890627692e-05,2.986176964558687e-08,6.931799300000421
1239,27326.9597542626,522.0352472750932,27848.995001537693,233.78177753735469,0.21319220318992227,90700325.25494167,0,False,1,0.9097196100592845,0,1.212272122606011e-05,3.060111129726121e-08,6.937632499997562
1240,27326.960105110855,522.0340240095122,27848.99412912037,233.78177903810578,0.21319220455849958,90700325.25494167,0,False,1,0.9123957282937485,0,1.2076663103151216e-05,3.132670762236206e-08,6.943488900004013
1241,27326.960481890128,522.0327549741761,27848.993236864306,233.78178064977658,0.21319220602822767,90700325.25494167,0,False,1,0.914916677883027,0,1.2030770662575078e-05,3.2039076839223414e-08,6.94881660000101
1242,27326.960887237132,522.0314378869779,27848.99232512411,233.78178238364566,0.21319220760939184,90700325.25494167,0,False,1,0.917295633120554,0,1.1985093470940057e-05,3.273871299918272e-08,6.9548188999979175
1243,27326.96132345934,522.0300707823554,27848.991394241697,233.78178424958324,0.213192209310993,90700325.25494167,0,False,1,0.9195443132877347,0,1.1939660143673463e-05,3.342607161702685e-08,6.960168099998555
1244,27326.961792533846,522.0286520137806,27848.990444547628,233.78178625604625,0.21319221114074327,90700325.25494167,0,False,1,0.9216731786097809,0,1.1894483553202313e-05,3.4101560657359985e-08,6.9654478000011295
1245,27326.96229611116,522.0271802512956,27848.989476362454,233.78178841009478,0.21319221310508094,90700325.25494167,0,False,1,0.9236915953126076,0,1.1849566091019482e-05,3.476553935890896e-08,6.971398699999554
1246,27326.96283552383,522.0256544742076,27848.98848999804,233.78179071742878,0.21319221520920395,90700325.25494167,0,False,1,0.9256079753284939,0,1.1804904551275489e-05,3.541831980210677e-08,6.97707100000116
1247,27326.963411799465,522.0240739591785,27848.987485758644,233.7817931824438,0.21319221745712075,90700325.25494167,0,False,1,0.9274298950868183,0,1.1760494301672611e-05,3.606017487766079e-08,6.982550799999444
1248,27326.964025677757,522.0224382640648,27848.986463941823,233.78179580830394,0.21319221985171674,90700325.25494167,0,False,1,0.9291641969594342,0,1.1716332519366276e-05,3.6691345471328024e-08,6.9882731000034255
1249,27326.96467763108,522.0207472079505,27848.98542483903,233.7817985970297,0.2131922223948345,90700325.25494167,0,False,1,0.9308170762496849,0,1.1672420387503123e-05,3.731205065323594e-08,6.993237900001986
1250,27326.96536788803,522.0190008478953,27848.984368735928,233.78180154959895,0.21319222508736577,90700325.25494167,0,False,1,0.9323941560762216,0,1.1628764243143267e-05,3.792249825910247e-08,6.998172999999952
1251,27326.966096459506,522.0171994529717,27848.983295912476,233.78180466605824,0.21319222792935297,90700325.25494167,0,False,1,0.9339005520751649,0,1.158537575874224e-05,3.852289325070822e-08,7.003427000003285
1252,27326.966863166657,522.0153434762046,27848.98220664286,233.78180794564258,0.2131922309200985,90700325.25494167,0,False,1,0.9353409285021578,0,1.1542271308119221e-05,3.911344281056135e-08,7.008496299997205
1253,27326.967667670193,522.0134335250492,27848.98110119524,233.78181138690064,0.2131922340582789,90700325.25494167,0,False,1,0.936719547040866,0,1.1499470707404687e-05,3.9694363396049436e-08,7.013417000001937
1254,27326.968509500395,522.0114703310444,27848.979979831438,233.7818149878232,0.21319223734206183,90700325.25494167,0,False,1,0.9380403094021824,0,1.1456995556812556e-05,4.0265882568297877e-08,7.018554399997811
1255,27326.969388087397,522.0094547192729,27848.978842806668,233.78181874597263,0.2131922407692244,90700325.25494167,0,False,1,0.9393067946178,0,1.141486739313087e-05,4.0828237555219085e-08,7.023490999999922
1256,27326.97030279104,522.007387578233,27848.977690369273,233.78182265861065,0.2131922443372695,90700325.25494167,0,False,1,0.9405222917844157,0,1.137310586817258e-05,4.1381675120885345e-08,7.0284000000028755
1257,27326.97125292987,522.0052698306922,27848.976522760564,233.78182672282236,0.2131922480435389,90700325.25494167,0,False,1,0.9416898288939467,0,1.1331727118127167e-05,4.1926447777194374e-08,7.0336489000037545
1258,27326.972237808775,522.0031024060434,27848.97534021482,233.78183093563442,0.21319225188532115,90700325.25494167,0,False,1,0.9428121982856035,0,1.1290742459868292e-05,4.246280803604777e-08,7.038768999998865
1259,27326.9732567448,522.0008862146307,27848.974142959432,233.78183529412544,0.21319225585995216,90700325.25494167,0,False,1,0.9438919791733417,0,1.1250157498517231e-05,4.2991003184057356e-08,7.043740599998273
1260,27326.974309090707,521.9986221244473,27848.972931215154,233.7818397955269,0.21319225996490723,90700325.25494167,0,False,1,0.9449315576338684,0,1.1209971686143638e-05,4.3511271624838896e-08,7.048891300000832
1261,27326.97539425602,521.9963109405354,27848.971705196556,233.78184443731305,0.21319226419788306,90700325.25494167,0,False,1,0.9459331443834135,0,1.1170178321542745e-05,4.4023835302331875e-08,7.053951699999743
1262,27326.976511725225,521.9939533873502,27848.970465112576,233.78184921727873,0.21319226855686874,90700325.25494167,0,False,1,0.9468987906238281,0,1.113076494978481e-05,4.452889656561935e-08,7.058992999998736
1263,27326.977661072855,521.9915500942683,27848.969211167125,233.781854133604,0.21319227304020455,90700325.25494167,0,False,1,0.9478304021985741,0,1.1091714088427145e-05,4.502663581754116e-08,7.064212099998258
1264,27326.978841975488,521.9891015843489,27848.967943559837,233.78185918490547,0.21319227764662896,90700325.25494167,0,False,1,0.9487297522654735,0,1.1053004185338437e-05,4.551720668128984e-08,7.06927220000216
1265,27326.98005422039,521.9866082663816,27848.96666248677,233.78186437027313,0.21319228237531213,90700325.25494167,0,False,1,0.9495984926646243,0,1.1014610712723929e-05,4.6000737567994475e-08,7.07445480000024
1266,27326.981297710958,521.984070430182,27848.96536814114,233.78186968929373,0.2131922872258772,90700325.25494167,0,False,1,0.9504381641357491,0,1.09765072940955e-05,4.647733063165581e-08,7.079639399998996
1267,27326.982572468987,521.981488245025,27848.964060714014,233.78187514206053,0.21319229219840916,90700325.25494167,0,False,1,0.9512502055187321,0,1.0938666779931493e-05,4.694706281419996e-08,7.084617799999251
1268,27326.983878633873,521.9788617610574,27848.96274039493,233.78188072916973,0.2131922972934518,90700325.25494167,0,False,1,0.9520359620535963,0,1.0901062197205732e-05,4.7409989111284173e-08,7.089738700000453
1269,27326.98521645902,521.9761909134584,27848.961407372477,233.7818864517053,0.21319230251199353,90700325.25494167,0,False,1,0.9527966928812224,0,1.0863667523339763e-05,4.7866143747983776e-08,7.094943099997181
1270,27326.986586305684,521.9734755290846,27848.96006183477,233.78189231121252,0.2131923078554436,90700325.25494167,0,False,1,0.9535335778332711,0,1.0826458254396848e-05,4.831554357523146e-08,7.100007699998969
1271,27326.987988634515,521.9707153352914,27848.958703969805,233.78189830966176,0.21319231332559882,90700325.25494167,0,False,1,0.9542477235887569,0,1.0789411764821073e-05,4.8758192772582345e-08,7.105215000003227
1272,27326.98942399524,521.9679099705895,27848.95733396583,233.78190444940446,0.21319231892460352,90700325.25494167,0,False,1,0.9549401692652046,0,1.0752507463960267e-05,4.9194082586945826e-08,7.11062579999998
1273,27326.990893014747,521.9650589967807,27848.95595201153,233.78191073312215,0.2131923246549031,90700325.25494167,0,False,1,0.9556118915041254,0,1.0715726785507941e-05,4.962319721104458e-08,7.115609100001166
1274,27326.992396384,521.962161912201,27848.954558296202,233.7819171637704,0.21319233051919279,90700325.25494167,0,False,1,0.9562638091034213,0,1.067905304601112e-05,5.004551443657535e-08,7.120672999997623
1275,27326.993934844206,521.9592181656964,27848.9531530099,233.78192374451967,0.21319233652036385,90700325.25494167,0,False,1,0.9568967872431737,0,1.064247121562859e-05,5.0461007352430004e-08,7.126041299998178
1276,27326.99550917253,521.9562271709618,27848.951736343493,233.7819304786943,0.2131923426614478,90700325.25494167,0,False,1,0.9575116413458903,0,1.06059676518801e-05,5.086964669607974e-08,7.13116330000048
1277,27326.997120167798,521.9531883208897,27848.95030848869,233.78193736971124,0.2131923489455607,90700325.25494167,0,False,1,0.9581091406076137,0,1.0569529836688336e-05,5.127140215989984e-08,7.136169700002938
1278,27326.998768636506,521.9501010015904,27848.948869638098,233.78194442102028,0.2131923553758485,90700325.25494167,0,False,1,0.9586900112322029,0,1.0533146149900574e-05,5.166624147674196e-08,7.141623499999696
1279,27327.000455379457,521.9469646057769,27848.947419985234,233.78195163604678,0.21319236195543487,90700325.25494167,0,False,1,0.9592549393975224,0,1.0496805708205333e-05,5.2054132118156775e-08,7.14661480000359
1280,27327.002181179283,521.9437785452377,27848.945959724522,233.78195901813845,0.21319236868737265,90700325.25494167,0,False,1,0.9598045739791348,0,1.0460498283128373e-05,5.2435041425026736e-08,7.151565799998934
1281,27327.003946789133,521.9405422621596,27848.944489051293,233.78196657051686,0.21319237557459975,90700325.25494167,0,False,1,0.9603395290543362,0,1.0424214300087867e-05,5.2808936868831406e-08,7.156716700003017
1282,27327.005752922676,521.9372552391,27848.943008161776,233.78197429623472,0.21319238261989998,90700325.25494167,0,False,1,0.9608603862069443,0,1.0387944917609933e-05,5.3175786182280356e-08,7.1617196000006516
1283,27327.007600245648,521.9339170074526,27848.9415172531,233.78198219813967,0.21319238982587022,90700325.25494167,0,False,1,0.9613676966511135,0,1.0351682162991347e-05,5.35355569674159e-08,7.166730999997526
1284,27327.009489368927,521.9305271542963,27848.940016523225,233.78199027884475,0.2131923971948933,90700325.25494167,0,False,1,0.9618619831905493,0,1.0315419117159247e-05,5.3888219569529865e-08,7.1720771999971475
1285,27327.011420843348,521.9270853275572,27848.938506170904,233.78199854070607,0.2131924047291179,90700325.25494167,0,False,1,0.9623437420278342,0,1.027915011201004e-05,5.423374537894135e-08,7.177491900001769
1286,27327.01339515615,521.9235912394583,27848.93698639561,233.78200698580784,0.21319241243044462,90700325.25494167,0,False,1,0.9628134444370816,0,1.0242870928563996e-05,5.457210852922097e-08,7.1825310999993235
1287,27327.01541272913,521.920044668276,27848.93545739741,233.7820156159542,0.21319242030051874,90700325.25494167,0,False,1,0.9632715383118254,0,1.0206578963859963e-05,5.4903287726048446e-08,7.187665600002219
1288,27327.017473918386,521.916445458457,27848.933919376843,233.7820244326684,0.21319242834072935,90700325.25494167,0,False,1,0.9637184495988772,0,1.0170273357901906e-05,5.522726598594924e-08,7.1926181000017095
1289,27327.019579015556,521.9127935191874,27848.932372534742,233.7820334371979,0.213192436552214,90700325.25494167,0,False,1,0.9641545836278388,0,1.0133955060257046e-05,5.554403285705073e-08,7.197772400002577
1290,27327.021728250504,521.9090888215363,27848.93081707204,233.78204263052586,0.21319244493586934,90700325.25494167,0,False,1,0.9645803263450347,0,1.0097626833999845e-05,5.5853584680350043e-08,7.20308980000118
1291,27327.023921795197,521.9053313943234,27848.92925318952,233.78205201338787,0.2131924534923661,90700325.25494167,0,False,1,0.964996045459788,1,1.0061293195294851e-05,5.615592681047136e-08,7.208241599997564
1292,27327.026161059795,521.901521318811,27848.927682378606,233.78206159181588,0.21319246222720503,90700325.25494167,0,False,1,0.9654020915102275,1,1.001687821280508e-05,5.640471483938239e-08,7.213325500000792
1293,27327.028446323908,521.8976577067295,27848.926104030637,233.78207136700584,0.21319247114147674,90700325.25494167,0,False,1,0.9657987988551446,0,9.980443489653414e-06,5.6675358795238515e-08,7.218818400004238
1294,27327.03077800684,521.893739942992,27848.924517949832,233.78208134075135,0.21319248023681683,90700325.25494167,0,False,1,0.9661864865978228,0,9.944043465081857e-06,5.6953032923325235e-08,7.22403640000266
1295,27327.033156658938,521.8897676716346,27848.92292433057,233.78209151540645,0.2131924895153721,90700325.25494167,0,False,1,0.966565459447225,0,9.90767977436049e-06,5.7223727265660164e-08,7.228964599999017
1296,27327.035582729666,521.8857406361715,27848.921323365837,233.7821018928937,0.2131924989788957,90700325.25494167,0,False,1,0.9669360085214439,0,9.871354910722214e-06,5.748749198381541e-08,7.234199400001671
1297,27327.038056566867,521.8816586803241,27848.91971524719,233.78211247470097,0.21319250862874448,90700325.25494167,0,False,1,0.9672984120978823,0,9.835072580360033e-06,5.774437828442006e-08,7.239416199998232
1298,27327.040578418328,521.8775217462767,27848.918100164603,233.78212326188813,0.21319251846588502,90700325.25494167,0,False,1,0.9676529363142448,0,9.798837945404941e-06,5.799444299130469e-08,7.244503900001291
1299,27327.043148435703,521.8733298706373,27848.91647830634,233.78213425510387,0.2131925284909088,90700325.25494167,0,False,1,0.9679998358240649,0,9.762657728992595e-06,5.8237747631075323e-08,7.249675099999877
1300,27327.04576668045,521.8690831783263,27848.91484985878,233.78214545461103,0.21319253870405558,90700325.25494167,0,False,1,0.9683393544101703,0,9.726540190752826e-06,5.847435973944255e-08,7.254847800002608
1301,27327.04843313155,521.8647818746517,27848.9132150062,233.78215686031965,0.21319254910524327,90700325.25494167,0,False,1,0.9686717255592106,1,9.690494964407819e-06,5.8704354820714774e-08,7.25991200000135
1302,27327.051154848024,521.8604262355884,27848.911581083612,233.7821685024246,0.21319255972200749,90700325.25494167,0,False,1,0.9689971730000947,1,9.58724409674045e-06,5.8670964106534045e-08,7.265123999997741
1303,27327.053935674132,521.8560128609095,27848.90994853504,233.78218039736961,0.21319257056934365,90700325.25494167,0,False,1,0.9693159112089641,0,9.54780982129084e-06,5.862162927224796e-08,7.270187800000713
1304,27327.056774294633,521.8515369107412,27848.908311205374,233.7821925395287,0.21319258164212132,90700325.25494167,0,False,1,0.969628145883101,0,9.508885618611921e-06,5.879331257846681e-08,7.275278300003265
1305,27327.05967362255,521.8469956494915,27848.90666927204,233.78220494136224,0.21319259295170348,90700325.25494167,0,False,1,0.9699340743859814,0,9.470404190490921e-06,5.895862469562802e-08,7.280471799997031
1306,27327.062636173803,521.8423867288988,27848.9050229027,233.78221761363204,0.2131926045079041,90700325.25494167,0,False,1,0.9702338861655042,0,9.4322706971447e-06,5.9117916501838904e-08,7.285547899999074
1307,27327.065664031725,521.8377082268137,27848.903372258537,233.78223056524945,0.21319261631884964,90700325.25494167,0,False,1,0.970527763147263,0,9.394375214013285e-06,5.927142065266913e-08,7.290589299998828
1308,27327.068758823945,521.8329586734742,27848.901717497418,233.78224380317658,0.21319262839088915,90700325.25494167,0,False,1,0.9708158801045849,0,9.356605395667655e-06,5.9419256022623376e-08,7.295934800000396
1309,27327.071921711613,521.828137065292,27848.900058776904,233.78225733238017,0.21319264072855185,90700325.25494167,0,False,1,0.9710984050069197,0,9.318858089725575e-06,5.9561433714208436e-08,7.300878100002592
1310,27327.075153389997,521.8232428664749,27848.89839625647,233.78227115583422,0.21319265333454987,90700325.25494167,0,False,1,0.9713754993480485,0,9.281048883172586e-06,5.969788501330686e-08,7.305988300002355
1311,27327.07845410012,521.8182759990744,27848.896730099194,233.7822852745696,0.21319266620982327,90700325.25494167,0,False,1,0.9716473184554572,0,9.243118857194367e-06,5.982848059216634e-08,7.311248899997736
1312,27327.081823650144,521.8132368223053,27848.89506047245,233.7822996877657,0.2131926793536237,90700325.25494167,0,False,1,0.9719140117821313,0,9.205038180355347e-06,5.995306604149423e-08,7.316413100001228
1313,27327.085261445758,521.8081261021874,27848.893387547945,233.78231439288027,0.21319269276363287,90700325.25494167,0,False,1,0.9721757231819224,0,9.166806498613281e-06,6.007148577624897e-08,7.321497199998703
1314,27327.088766528173,521.8029449727487,27848.89171150092,233.78232938581212,0.2131927064361107,90700325.25494167,0,False,1,0.972432591169558,0,9.128450403628618e-06,6.018361308118271e-08,7.326944899999944
1315,27327.092337618735,521.7976948901613,27848.890032508894,233.78234466109168,0.2131927203660694,90700325.25494167,0,False,1,0.9726847491662854,0,9.090018492219262e-06,6.028936604805396e-08,7.332351199998811
1316,27327.095973168663,521.7923775812874,27848.888350749952,233.78236021209412,0.21319273454746757,90700325.25494167,0,False,1,0.9729323257320669,0,9.051574740362062e-06,6.038872429664383e-08,7.337836300001072
1317,27327.099671412725,521.7869949881702,27848.886666400897,233.78237603126854,0.21319274897341933,90700325.25494167,0,False,1,0.9731754447851788,0,9.013190971456646e-06,6.048173393882577e-08,7.343497100002423
1318,27327.10343042539,521.7815492100276,27848.88497963542,233.78239211037854,0.21319276363641368,90700325.25494167,0,False,1,0.9734142258100047,0,8.974939246373359e-06,6.056850666416032e-08,7.348527699999977
1319,27327.107248178225,521.7760424442868,27848.88329062251,233.78240844074742,0.21319277852853813,90700325.25494167,0,False,1,0.9736487840537572,0,8.936884912526531e-06,6.064921124878509e-08,7.353554499997699
1320,27327.11112259703,521.7704769281432,27848.881599525175,233.7824250135028,0.21319279364170166,90700325.25494167,0,False,1,0.9738792307128099,0,8.899080930534927e-06,6.072406271291005e-08,7.35863970000355
1321,27327.115051617562,521.7648548820481,27848.87990649961,233.78244181981486,0.2131928089678521,90700325.25494167,0,False,1,0.9741056731092769,0,8.861563906456895e-06,6.079330546919721e-08,7.363592900001095
1322,27327.119033238472,521.7591784564029,27848.878211694875,233.78245885112284,0.21319282449918267,90700325.25494167,0,False,1,0.9743282148584276,0,8.824352074022928e-06,6.085719568733588e-08,7.368514499998128
1323,27327.123065570435,521.7534496826031,27848.87651525304,233.7824760993451,0.21319284022832352,90700325.25494167,0,False,1,0.9745469560274896,0,8.7874452332246e-06,6.091598457304056e-08,7.37381920000189
1324,27327.12714688031,521.7476704294139,27848.874817309723,233.78249355706816,0.21319285614851405,90700325.25494167,0,False,1,0.9747619932863513,0,8.750826485588743e-06,6.09699036065348e-08,7.37883359999978
1325,27327.131275629516,521.7418423654783,27848.873117994994,233.7825112177107,0.21319287225375258,90700325.25494167,0,False,1,0.9749734200506426,0,8.714465424676347e-06,6.101915213242052e-08,7.384226800000761
1326,27327.135450505884,521.7359669285718,27848.871417434457,233.7825290756599,0.21319288853892066,90700325.25494167,0,False,1,0.9751813266176402,0,8.678322343798874e-06,6.10638904361235e-08,7.390803700000106
1327,27327.139670448432,521.7300453020255,27848.869715750458,233.78254712637738,0.21319290499987953,90700325.25494167,0,False,1,0.9753858002954143,0,8.642352958121697e-06,6.110423556362662e-08,7.396680300000298
1328,27327.143934664717,521.7240783985404,27848.868013063257,233.78256536647345,0.2131929216335381,90700325.25494167,0,False,1,0.9755869255256047,0,8.60651312594378e-06,6.11402623665176e-08,7.401978200003214
1329,27327.148242640644,521.7180668514303,27848.866309492074,233.78258379374904,0.21319293843789097,90700325.25494167,0,False,1,0.9757847840001912,0,8.570763120240862e-06,6.117200820475872e-08,7.409012700001767
1330,27327.152594142743,521.712011013141,27848.864605155883,233.78260240720542,0.21319295541202735,90700325.25494167,0,False,1,0.9759794547725988,0,8.535071061422695e-06,6.119948196034495e-08,7.414350999999442
1331,27327.156989213283,521.705910960731,27848.862900174016,233.78262120702337,0.21319297255611208,90700325.25494167,0,False,1,0.9761710143634545,0,8.499415265264186e-06,6.122267069957322e-08,7.419980899998336
1332,27327.16142815855,521.6997665078364,27848.861194666388,233.78264019451294,0.2131929898713399,90700325.25494167,0,False,1,0.9763595368612947,0,8.463785369406084e-06,6.124155352012605e-08,7.425524199999927
1333,27327.165911530996,521.6935772225141,27848.85948875351,233.78265937203724,0.21319300735986574,90700325.25494167,0,False,1,0.9765450940185029,0,8.428182235405514e-06,6.125610899714684e-08,7.4307929999995395
1334,27327.17044010599,521.6873424502361,27848.857782556228,233.78267874291282,0.21319302502471407,90700325.25494167,0,False,1,0.9767277553427384,0,8.39261675548055e-06,6.126632524197733e-08,7.436198299998068
1335,27327.175014854016,521.6810613412238,27848.85607619524,233.78269831129086,0.21319304286967047,90700325.25494167,0,False,1,0.9769075881841018,0,8.357107767464386e-06,6.127220734824025e-08,7.441243000001123
1336,27327.179636909324,521.674732881236,27848.85436979056,233.78271808202302,0.2131930608991593,90700325.25494167,0,False,1,0.9770846578182681,0,8.321679374260113e-06,6.127378000450511e-08,7.446179200000188
1337,27327.184307535965,521.6683559248861,27848.85266346085,233.7827380605162,0.21319307911811128,90700325.25494167,0,False,1,0.9772590275258022,0,8.286357967870288e-06,6.127109167455095e-08,7.451350600000296
1338,27327.18902809228,521.661929230548,27848.85095732283,233.78275825258063,0.21319309753182492,90700325.25494167,0,False,1,0.9774307586678609,0,8.251169290389073e-06,6.126421224598145e-08,7.456364500001655
1339,27327.193799994857,521.6554514959076,27848.849251490763,233.7827786642757,0.2131931161458259,90700325.25494167,0,False,1,0.9775999107584725,0,8.21613581103552e-06,6.125322976440821e-08,7.461259100004099
1340,27327.198624682787,521.6489213932567,27848.847546076046,233.78279930175697,0.21319313496572773,90700325.25494167,0,False,1,0.9777665415335723,0,8.181274652870739e-06,6.123824729826543e-08,7.466482700001507
1341,27327.203503583318,521.6423376036638,27848.845841186983,233.78282017112943,0.21319315399709768,90700325.25494167,0,False,1,0.9779307070169622,0,8.146596226443808e-06,6.1219375754e-08,7.471596800001862
1342,27327.20843807951,521.6356988492344,27848.844136928743,233.782841278309,0.21319317324533063,90700325.25494167,0,False,1,0.9780924615833548,0,8.112103650773231e-06,6.119672786695564e-08,7.47658919999958
1343,27327.21342948072,521.6290039227499,27848.842433403468,233.7828626288964,0.21319319271553405,90700325.25494167,0,False,1,0.9782518580186513,0,8.077792944848736e-06,6.11704121922545e-08,7.481960400000389
1344,27327.218478996434,521.6222517140783,27848.84073071051,233.78288422806506,0.21319321241242575,90700325.25494167,0,False,1,0.9784089475775907,0,8.043653918464176e-06,6.114052892453858e-08,7.487168500003463
1345,27327.223587713976,521.6154412328525,27848.83902894683,233.78290608046592,0.21319323234024706,90700325.25494167,0,False,1,0.9785637800389086,0,8.009671605736205e-06,6.110716415011283e-08,7.492107300000498
1346,27327.22875658035,521.6085716270326,27848.83732820738,233.7829281901497,0.21319325250269192,90700325.25494167,0,False,1,0.9787164037581244,0,7.975828063374984e-06,6.107038958567397e-08,7.497287199999846
1347,27327.233986388528,521.6016421970837,27848.835628585613,233.78295056050828,0.21319327290285348,90700325.25494167,0,False,1,0.9788668657180801,0,7.942104323846946e-06,6.103025944311197e-08,7.502286100003403
1348,27327.239277768225,521.5946524056285,27848.833930173852,233.7829731942351,0.21319329354318797,90700325.25494167,0,False,1,0.9790152115773374,0,7.908482299169824e-06,6.09868140872295e-08,7.507349899999099
1349,27327.244631181144,521.5876018825414,27848.832233063684,233.78299609330506,0.21319331442549636,90700325.25494167,0,False,1,0.9791614857165423,0,7.874946453842571e-06,6.094008003573696e-08,7.512281299997994
1350,27327.250046920646,521.5804904255806,27848.830537346228,233.7830192589729,0.21319333555092287,90700325.25494167,0,False,1,0.9793057312828535,0,7.84148510058122e-06,6.089007400887307e-08,7.5174950000000536
1351,27327.255525115543,521.5733179967453,27848.82884311229,233.78304269178952,0.21319335691996993,90700325.25494167,0,False,1,0.9794479902325275,0,7.808091225448677e-06,6.083680737092653e-08,7.522540500001924
1352,27327.261065737755,521.5660847146564,27848.827150452413,233.78306639163478,0.21319337853252793,90700325.25494167,0,False,1,0.9795883033717538,0,7.77476279617642e-06,6.078028939606154e-08,7.527796299997135
1353,27327.266668613505,521.5587908433332,27848.82545945684,233.78309035776522,0.2131934003879189,90700325.25494167,0,False,1,0.9797267103958175,0,7.741502573405282e-06,6.072053105667725e-08,7.532949599997664
1354,27327.27233343749,521.5514367778205,27848.82377021531,233.78311458887484,0.21319342248495188,90700325.25494167,0,False,1,0.9798632499266725,0,7.708317474317565e-06,6.065755024873309e-08,7.538037500002247
1355,27327.278059789736,521.5440230271728,27848.82208281691,233.78313908316716,0.21319344482198857,90700325.25494167,0,False,1,0.9799979595489997,0,7.675217596882063e-06,6.059137048542015e-08,7.5429962999987765
1356,27327.283847154402,521.536550195346,27848.820397349748,233.78316383843557,0.21319346739701675,90700325.25494167,0,False,1,0.9801308758448195,0,7.642215024903432e-06,6.05220270369204e-08,7.54808800000319
1357,27327.289694940126,521.5290189605766,27848.818713900702,233.78318885215046,0.21319349020772954,90700325.25494167,0,False,1,0.9802620344267278,0,7.609322544009892e-06,6.044956379521579e-08,7.55304939999769
1358,27327.295602501334,521.521430053839,27848.817032555173,233.78321412155037,0.21319351325160876,90700325.25494167,0,False,1,0.9803914699698173,0,7.576552413411159e-06,6.037403405789023e-08,7.55799890000344
1359,27327.301569159856,521.5137842369666,27848.81535339682,233.78323964373433,0.21319353652600886,90700325.25494167,0,False,1,0.980519216242345,0,7.543915294504061e-06,6.029550013623365e-08,7.563100300001679
1360,27327.307594226433,521.5060822810073,27848.81367650744,233.78326541575396,0.21319356002824116,90700325.25494167,0,False,1,0.9806453061352034,0,7.511419447103896e-06,6.02140291749841e-08,7.568015900003957
1361,27327.31367702148,521.4983249453522,27848.81200196683,233.78329143470233,0.21319358375565478,90700325.25494167,0,False,1,0.980769771690249,1,7.479070232082808e-06,6.012969276042997e-08,7.573171800002456
1362,27327.319823793667,521.4905129571085,27848.810336750776,233.78331772730778,0.21319360773262397,90700325.25494167,0,False,1,0.98089264412754,1,7.424243782997475e-06,5.979486864937314e-08,7.578859300003387
1363,27327.32603604268,521.4826421210599,27848.80867816374,233.78334429998506,0.2131936319649986,90700325.25494167,0,False,1,0.9810139538715308,0,7.389697685639479e-06,5.955683622251668e-08,7.584223500001826
1364,27327.332314458094,521.474708432113,27848.807022890207,233.78337115568377,0.21319365645546848,90700325.25494167,0,False,1,0.9811337305762713,0,7.355784444824732e-06,5.943785788138176e-08,7.590889400002197
1365,27327.338661529247,521.4667094656013,27848.805370994847,233.7833983050518,0.21319368121374369,90700325.25494167,0,False,1,0.9812520031496537,0,7.322420635404167e-06,5.931655738323497e-08,7.597652800002834
1366,27327.34507939646,521.4586431376559,27848.803722534114,233.7834257572442,0.21319370624817297,90700325.25494167,0,False,1,0.9813687997767477,0,7.289502568314571e-06,5.9193229697353586e-08,7.60368759999983
1367,27327.351569818587,521.4505077401853,27848.802077558772,233.78345351978436,0.21319373156561713,90700325.25494167,0,False,1,0.9814841479422676,0,7.256918437364308e-06,5.9068079133652685e-08,7.6094473999983165
1368,27327.358134151276,521.4423019650839,27848.80043611636,233.78348159847084,0.21319375717136407,90700325.25494167,0,False,1,0.9815980744522028,0,7.224560218654144e-06,5.8941221563417325e-08,7.614914999998291
1369,27327.3647733358,521.4340249175391,27848.79879825334,233.7835099973298,0.21319378306908532,90700325.25494167,0,False,1,0.9817106054546547,0,7.192334175340259e-06,5.881269539246246e-08,7.621498900000006
1370,27327.37148789816,521.4256761185853,27848.797164016745,233.78353871861106,0.2131938092608326,90700325.25494167,0,False,1,0.9818217664599063,0,7.160169049781227e-06,5.868248063355838e-08,7.627211400002125
1371,27327.37827795792,521.417255497309,27848.795533455228,233.78356776282595,0.21319383574707215,90700325.25494167,0,False,1,0.9819315823597653,0,7.1280213232333565e-06,5.855051863203045e-08,7.633286700001918
1372,27327.385143246163,521.4087633733512,27848.793906619514,233.78359712882408,0.21319386252675493,90700325.25494167,0,False,1,0.9820400774462043,0,7.095877279658289e-06,5.8416735187831744e-08,7.639952500001527
1373,27327.39208313162,521.4002004305624,27848.792283562183,233.7836268139051,0.2131938895974184,90700325.25494167,0,False,1,0.9821472754293311,0,7.0637519116337905e-06,5.8281063677625214e-08,7.645105199997488
1374,27327.39909665416,521.3915676828478,27848.790664337008,233.78365681396193,0.21319391695531717,90700325.25494167,0,False,1,0.9822531994547181,0,7.0316850359723896e-06,5.8143461253312023e-08,7.650152000001981
1375,27327.406182564464,521.3828664333934,27848.789048997856,233.78368712365054,0.21319394459557794,90700325.25494167,0,False,1,0.9823578721201132,0,6.999735203836337e-06,5.8003924518033356e-08,7.655743299997994
1376,27327.413339368795,521.3740982285676,27848.787437597362,233.78371773658145,0.21319397251237393,90700325.25494167,0,False,1,0.9824613154915618,0,6.9679721831859005e-06,5.786249775608123e-08,7.660782600003586
1377,27327.420565377673,521.3652648078837,27848.785830185556,233.78374864552785,0.2131940006991148,90700325.25494167,0,False,1,0.9825635511189639,0,6.9364688522623e-06,5.771927450051461e-08,7.665799700000207
1378,27327.42785875707,521.3563680514299,27848.7842268085,233.78377984264463,0.21319402914864635,90700325.25494167,0,False,1,0.9826646000510836,0,6.9052933431241436e-06,5.7574397141276494e-08,7.67118080000364
1379,27327.43521758113,521.3474099261934,27848.782627507324,233.78381131969394,0.2131940578534563,90700325.25494167,0,False,1,0.9827644828500429,0,6.874502208875212e-06,5.7428042947446675e-08,7.676218900000094
1380,27327.442639884706,521.3383924326628,27848.78103231737,233.78384306826982,0.21319408680587898,90700325.25494167,0,False,1,0.9828632196053112,0,6.844135203286486e-06,5.7280419625720713e-08,7.681184900000517
1381,27327.450123714894,521.3293175530258,27848.77944126792,233.7838750800187,0.21319411599829655,90700325.25494167,0,False,1,0.9829608299472161,0,6.814212084177945e-06,5.713174468035504e-08,7.686525999997684
1382,27327.45766718003,521.3201872021954,27848.777854382228,233.78390734684896,0.21319414542333004,90700325.25494167,0,False,1,0.9830573330599938,0,6.7847316170658e-06,5.698223496250338e-08,7.691811400000006
1383,27327.465268495176,521.3110031827617,27848.776271677936,233.7839398611255,0.21319417507401678,90700325.25494167,0,False,1,0.9831527476943955,0,6.7556727198159886e-06,5.6832091516748915e-08,7.697073000003002
1384,27327.472926023074,521.3017671448365,27848.77469316791,233.78397261584496,0.2131942049439702,90700325.25494167,0,False,1,0.9832470921798697,0,6.726997486140282e-06,5.6681486125863814e-08,7.702595100003236
1385,27327.480638309597,521.2924805515811,27848.773118861176,233.78400560478724,0.21319423502751803,90700325.25494167,0,False,1,0.9833403844363346,0,6.698655656473687e-06,5.6530556607998154e-08,7.707936300001165
1386,27327.488404113068,521.2831446510519,27848.77154876412,233.78403882264104,0.21319426531981672,90700325.25494167,0,False,1,0.9834326419855582,0,6.67058999286e-06,5.6379397672332814e-08,7.713004299999739
1387,27327.49622242679,521.2737604547963,27848.769982881586,233.78407226510018,0.21319429581693938,90700325.25494167,0,False,1,0.9835238819621621,0,6.642741967105069e-06,5.622806496869897e-08,7.718854500002635
1388,27327.50409249455,521.2643287234592,27848.76842121801,233.78410592892988,0.21319432651593612,90700325.25494167,0,False,1,0.9836141211242594,0,6.615057182704774e-06,5.607657273616397e-08,7.724196299997857
1389,27327.5120138188,521.2548499594681,27848.766863778266,233.7841398120018,0.213194357414866,90700325.25494167,0,False,1,0.9837033758637466,0,6.587490017111377e-06,5.592490556002167e-08,7.729419700001017
1390,27327.51998616169,521.2453244066891,27848.76531056838,233.78417391329845,0.21319438851280118,90700325.25494167,0,False,1,0.9837916622162577,0,6.560007104010315e-06,5.577302202951736e-08,7.734415300001274
1391,27327.528009539114,521.2357520567751,27848.76376159589,233.78420823288778,0.2131944198098036,90700325.25494167,0,False,1,0.9838789958707959,0,6.532589386828604e-06,5.562086767054538e-08,7.739590900004259
1392,27327.53608420818,521.2261326617753,27848.762216869953,233.78424277186937,0.21319445130687606,90700325.25494167,0,False,1,0.9839653921790542,0,6.5052326712441365e-06,5.5468384481883364e-08,7.744788600000902
1393,27327.544210648768,521.2164657524302,27848.760676401198,233.78427753229587,0.21319448300589036,90700325.25494167,0,False,1,0.9840508661644373,0,6.477946714080483e-06,5.531551968762972e-08,7.749868699997023
1394,27327.55238953984,521.2067506614678,27848.75914020131,233.78431251707133,0.21319451490949481,90700325.25494167,0,False,1,0.9841354325307938,0,6.450753069958371e-06,5.516223527344504e-08,7.754989000000933
1395,27327.560621731373,521.1969865511118,27848.757608282485,233.78434772983144,0.2131945470210049,90700325.25494167,0,False,1,0.9842191056708731,0,6.423681973063982e-06,5.50085128199939e-08,7.760434600000735
1396,27327.568908212856,521.1871724439424,27848.756080656796,233.78438317480857,0.21319457934428024,90700325.25494167,0,False,1,0.9843018996745135,0,6.396768655744948e-06,5.4854356899420615e-08,7.765580999999656
1397,27327.577250079314,521.1773072562038,27848.754557335516,233.78441885668647,0.2131946118835921,90700325.25494167,0,False,1,0.9843838283365739,0,6.370049479200303e-06,5.469979612042441e-08,7.770675899999333
1398,27327.585648495835,521.1673898326236,27848.753038328457,233.78445478044873,0.21319464464348512,90700325.25494167,0,False,1,0.9844649051646158,0,6.343558285894528e-06,5.454488299763381e-08,7.775948599999538
1399,27327.594104661683,521.1574189818131,27848.751523643496,233.7844909512249,0.2131946776286371,90700325.25494167,0,False,1,0.9845451433863492,0,6.317323312611527e-06,5.438968702804136e-08,7.780940099997679
1400,27327.602619774825,521.1473935113371,27848.75001328616,233.78452737413923,0.213194710843721,90700325.25494167,0,False,1,0.9846245559568461,0,6.291364913174725e-06,5.423429247024015e-08,7.786038999998709
1401,27327.61119499786,521.1373122615914,27848.74850725945,233.78456405416443,0.21319474429327154,90700325.25494167,0,False,1,0.9847031555655302,0,6.265694272819785e-06,5.407879024515347e-08,7.7911489000034635
1402,27327.619831426066,521.1271741376823,27848.74700556375,233.78460099598547,0.2131947779815611,90700325.25494167,0,False,1,0.9847809546429579,0,6.24031315778185e-06,5.3923274147665914e-08,7.796151700000337
1403,27327.62853005843,521.1169781385937,27848.745508197026,233.7846382038753,0.2131948119124863,90700325.25494167,0,False,1,0.9848579653673867,0,6.215214644214783e-06,5.376783104911297e-08,7.801098900003126
1404,27327.637291772007,521.1067233830137,27848.74401515502,233.7846756815853,0.21319484608946815,90700325.25494167,0,False,1,0.9849341996711478,0,6.190384694800558e-06,5.3612540766645045e-08,7.806431800003338
1405,27327.64611730034,521.0964091313116,27848.74252643165,233.78471343225306,0.2131948805153679,90700325.25494167,0,False,1,0.9850096692468265,0,6.165804345593626e-06,5.3457469009016164e-08,7.8115589000008185
1406,27327.6550072161,521.0860348032595,27848.74104201936,233.784751458328,0.2131949151924192,90700325.25494167,0,False,1,0.9850843855532553,0,6.141452253057496e-06,5.3302668552280825e-08,7.81671649999771
1407,27327.66396191834,521.0755999912267,27848.739561909566,233.78478976151695,0.2131949501221786,90700325.25494167,0,False,1,0.9851583598213295,0,6.117307312068493e-06,5.3148176104585445e-08,7.822010100004263
1408,27327.672981624288,521.0651044686903,27848.738086092977,233.7848283427489,0.21319498530549327,90700325.25494167,0,False,1,0.9852316030596494,0,6.093351077758131e-06,5.29940174008703e-08,7.827139900000475
1409,27327.682066365873,521.0545481940322,27848.736614559904,233.78486720216034,0.21319502074248764,90700325.25494167,0,False,1,0.9853041260599963,0,6.069569765033071e-06,5.284020654969833e-08,7.832091500000388
1410,27327.69121599069,521.0439313097096,27848.7351473004,233.7849063390992,0.21319505643256711,90700325.25494167,0,False,1,0.9853759394026456,0,6.045955650214903e-06,5.268675295682855e-08,7.837612199997238
1411,27327.700430167344,521.0332541369975,27848.73368430434,233.7849457521478,0.21319509237443887,90700325.25494167,0,False,1,0.9854470534615268,0,6.0225077757985635e-06,5.253366263154993e-08,7.843306599999778
1412,27327.70970839476,521.0225171666078,27848.732225561365,233.7849854391627,0.21319512856614825,90700325.25494167,0,False,1,0.9855174784092318,0,5.9992319337069995e-06,5.2380944587724014e-08,7.848535900004208
1413,27327.71905001515,521.0117210455733,27848.73077106072,233.78502539733014,0.21319516500512925,90700325.25494167,0,False,1,0.9855872242218772,0,5.976139974307071e-06,5.222861254202201e-08,7.853847400001541
1414,27327.72845423011,521.0008665608681,27848.72932079098,233.78506562323483,0.21319520168826742,90700325.25494167,0,False,1,0.9856563006838277,0,5.953248557268364e-06,5.2076690792436384e-08,7.859086500000558
1415,27327.73792011947,520.9899546202997,27848.727874739772,233.7851061129407,0.21319523861197331,90700325.25494167,0,False,1,0.985724717392284,0,5.9305774867249995e-06,5.192521317321565e-08,7.864315500002704
1416,27327.747446662208,520.9789862312471,27848.726432893454,233.7851468620802,0.21319527577226408,90700325.25494167,0,False,1,0.9857924837617377,0,5.908147842136703e-06,5.177422553690511e-08,7.86981100000412
1417,27327.757032758924,520.9679624778606,27848.724995236786,233.78518786595066,0.21319531316485119,90700325.25494167,0,False,1,0.9858596090283016,0,5.88598008056106e-06,5.162378510118264e-08,7.87526649999927
1418,27327.766677255306,520.956884497344,27848.72356175265,233.78522911961443,0.21319535078523189,90700325.25494167,0,False,1,0.9859261022539157,0,5.86409230229148e-06,5.1473959273159845e-08,7.880399599998782
1419,27327.776378965904,520.9457534559457,27848.722132421848,233.78527061800068,0.2131953886287819,90700325.25494167,0,False,1,0.9859919723304367,0,5.8424988435001294e-06,5.1324822775446025e-08,7.8856884999986505
1420,27327.786136697694,520.9345705252614,27848.720707222954,233.78531235600622,0.2131954266908475,90700325.25494167,0,False,1,0.98605722798361,0,5.821209297006872e-06,5.1176455686646277e-08,7.890891900002316
1421,27327.79594927284,520.9233368594245,27848.719286132266,233.7853543285928,0.21319546496683422,90700325.25494167,0,False,1,0.9861218777769333,0,5.800228034360903e-06,5.102893965298844e-08,7.895931799997925
1422,27327.80581555013,520.9120535737148,27848.717869123848,233.78539653087884,0.21319550345229035,90700325.25494167,0,False,1,0.9861859301154119,0,5.779554244115598e-06,5.0882354883750296e-08,7.9011642999976175
1423,27327.815734444594,520.9007217250564,27848.716456169648,233.78543895822338,0.21319554214298367,90700325.25494167,0,False,1,0.9862493932492103,0,5.759182429284132e-06,5.0736777407952936e-08,7.906418500002474
1424,27327.82570494485,520.8893422948137,27848.715047239664,233.78548160630015,0.21319558103496894,90700325.25494167,0,False,1,0.9863122752772026,0,5.739103305031925e-06,5.059227724548858e-08,7.911615600001824
1425,27327.83572612796,520.8779161742215,27848.71364230218,233.7855244711612,0.2131956201246459,90700325.25494167,0,False,1,0.9863745841504266,0,5.719304953221392e-06,5.044891592507957e-08,7.91683059999923
1426,27327.84579717132,520.8664441527023,27848.712241324025,233.78556754928786,0.2131956594088058,90700325.25494167,0,False,1,0.9864363276754428,0,5.699774126864825e-06,5.0306745700473844e-08,7.921910800003388
1427,27327.85591736152,520.8549269092464,27848.71084427077,233.7856108376284,0.2131956988846657,90700325.25494167,0,False,1,0.9864975135176035,0,5.680497548412283e-06,5.016581177121396e-08,7.926989200001117
1428,27327.866086100075,520.8433650069412,27848.709451107017,233.78565433362277,0.21319573854989096,90700325.25494167,0,False,1,0.9865581492042313,0,5.661463080027827e-06,5.00261487555263e-08,7.932211300001654
1429,27327.876302905883,520.8317588906643,27848.708061796548,233.78569803521293,0.21319577840260484,90700325.25494167,0,False,1,0.9866182421277148,0,5.6426606635933384e-06,4.988778643819878e-08,7.937367999998969
1430,27327.886567414633,520.8201088878615,27848.706676302496,233.7857419408405,0.2131958184413862,90700325.25494167,0,False,1,0.9866777995485188,0,5.62408295028895e-06,4.975074781107438e-08,7.942533800000092
1431,27327.896879375152,520.8084152122669,27848.70529458742,233.78578604943095,0.21319585866525512,90700325.25494167,0,False,1,0.9867368285981162,0,5.6057255809585605e-06,4.9615053645227584e-08,7.947878600003605
1432,27327.907238643013,520.7966779703531,27848.703916613365,233.78583036036642,0.21319589907364817,90700325.25494167,0,False,1,0.9867953362818408,0,5.587587124845607e-06,4.9480722360329995e-08,7.953014600003371
1433,27327.91764517163,520.7848971702329,27848.702542341864,233.7858748734475,0.21319593966638353,90700325.25494167,0,False,1,0.9868533294816652,0,5.569668692769154e-06,4.934777237605596e-08,7.958093100001861
1434,27327.928099001205,520.7730727326913,27848.701171733897,233.7859195888461,0.21319598044361793,90700325.25494167,0,False,1,0.9869108149589054,0,5.551973308182113e-06,4.921622341841945e-08,7.964653900002304
1435,27327.938600245852,520.7612045039801,27848.69980474983,233.78596450705012,0.21319602140579635,90700325.25494167,0,False,1,0.9869677993568551,0,5.534505099301808e-06,4.908609769547771e-08,7.971054699999513
1436,27327.949149079388,520.74929226998,27848.698441349366,233.78600962880301,0.21319606255359672,90700325.25494167,0,False,1,0.9870242892033497,0,5.517268421861685e-06,4.895741898289604e-08,7.97638790000201
1437,27327.959745720156,520.7373357713136,27848.69708149147,233.78605495503857,0.21319610388787058,90700325.25494167,0,False,1,0.9870802909132663,0,5.5002669980386065e-06,4.8830213669017915e-08,7.9817121000014595
1438,27327.970390415347,520.7253347189915,27848.695725134337,233.786100486814,0.2131961454095821,90700325.25494167,0,False,1,0.9871358107909564,0,5.483503162504894e-06,4.8704509579162276e-08,7.98680769999919
1439,27327.98108342521,520.7132888101628,27848.69437223537,233.7861462252424,0.21319618711974625,90700325.25494167,0,False,1,0.9871908550326172,0,5.466977290063838e-06,4.8580334930554144e-08,7.992221400003473
1440,27327.99182500765,520.7011977435734,27848.693022751224,233.7861921714268,0.21319622901936897,90700325.25494167,0,False,1,0.9872454297286025,0,5.4506874436113685e-06,4.845771689535366e-08,7.99818580000283
1441,27328.00261540349,520.6890612343404,27848.69167663783,233.78623832639718,0.21319627110938955,90700325.25494167,0,False,1,0.9872995408656738,0,5.4346292746575116e-06,4.8336681078120835e-08,8.003241500002332
1442,27328.0134548228,520.6768790276955,27848.690333850496,233.78628469105197,0.21319631339062725,90700325.25494167,0,False,1,0.987353194329194,0,5.418796164052703e-06,4.821725020947762e-08,8.00839509999787
1443,27328.024343432648,520.6646509113834,27848.688994344033,233.78633126610566,0.21319635586373364,90700325.25494167,0,False,1,0.9874063959052665,0,5.403179584113982e-06,4.809944192533335e-08,8.013518799998565
1444,27328.03528134644,520.6523767264488,27848.68765807289,233.78637805204323,0.21319639852915098,90700325.25494167,0,False,1,0.9874591512828198,0,5.387769625819148e-06,4.798326928941829e-08,8.018579399998998
1445,27328.04626861509,520.640056376194,27848.686324991282,233.7864250490823,0.21319644138707777,90700325.25494167,0,False,1,0.9875114660556398,0,5.372555637579418e-06,4.78687406626485e-08,8.023902300003101
1446,27328.057305220238,520.6276898331503,27848.684995053387,233.78647225714425,0.21319648443744227,90700325.25494167,0,False,1,0.9875633457243508,0,5.357526902786372e-06,4.7755857482350514e-08,8.029137300000002
1447,27328.06839106948,520.6152771439494,27848.683668213427,233.78651967583366,0.21319652767988387,90700325.25494167,0,False,1,0.9876147956983485,0,5.342673287934094e-06,4.764461805063875e-08,8.034092499998224
1448,27328.079525993806,520.6028184320552,27848.682344425863,233.7865673044275,0.2131965711137433,90700325.25494167,0,False,1,0.987665821297684,0,5.3279858051976565e-06,4.753501387666884e-08,8.039373200001137
1449,27328.090709747048,520.5903138983554,27848.681023645404,233.7866151418727,0.21319661473806012,90700325.25494167,0,False,1,0.9877164277549009,0,5.313457045588707e-06,4.742703594705742e-08,8.044352900004014
1450,27328.101942007495,520.5777638196764,27848.679705827173,233.786663186793,0.21319665855157938,90700325.25494167,0,False,1,0.987766620216829,0,5.299081432026412e-06,4.732066950053035e-08,8.049430200000643
1451,27328.113222381333,520.5651685453345,27848.678390926667,233.78671143750378,0.2131967025527648,90700325.25494167,0,False,1,0.9878164037463318,0,5.284855306145701e-06,4.7215901082146243e-08,8.054816100004246
1452,27328.124550407956,520.5525284918734,27848.67707889983,233.78675989203475,0.21319674673981956,90700325.25494167,0,False,1,0.9878657833240136,0,5.2707768341188786e-06,4.7112714624282725e-08,8.060066600002756
1453,27328.135925566778,520.5398441361921,27848.675769702968,233.786808548159,0.21319679111071296,90700325.25494167,0,False,1,0.9879147638498831,0,5.256845760519004e-06,4.701109706388963e-08,8.065235300004133
1454,27328.14734728553,520.5271160072845,27848.674463292813,233.7868574034286,0.2131968356632126,90700325.25494167,0,False,1,0.9879633501449782,0,5.243063044720093e-06,4.6911033247771004e-08,8.07110819999798
1455,27328.158814949515,520.514344676853,27848.673159626367,233.7869064552141,0.21319688039492068,90700325.25494167,0,False,1,0.9880115469529512,0,5.2294304272244695e-06,4.681251337871251e-08,8.076398500001233
1456,27328.17032791186,520.5015307490686,27848.671858660928,233.78695570074845,0.21319692530331377,90700325.25494167,0,False,1,0.9880593589416159,0,5.215949963711575e-06,4.671552687569298e-08,8.081444700001157
1457,27328.181885504244,520.4886748497635,27848.670560354007,233.78700513717286,0.2131969703857849,90700325.25494167,0,False,1,0.9881067907044573,0,5.202623587577328e-06,4.662006603163165e-08,8.087050399997679
1458,27328.193487047924,520.4757776153481,27848.669264663273,233.78705476158393,0.21319701563968638,90700325.25494167,0,False,1,0.9881538467621062,0,5.18945272999086e-06,4.652612522958592e-08,8.092413799997303
1459,27328.205131864794,520.4628396817408,27848.667971546536,233.78710457108104,0.21319706106237304,90700325.25494167,0,False,1,0.9882005315637787,0,5.1764380385723565e-06,4.6433699375145814e-08,8.09741280000162
1460,27328.216819288136,520.4498616735821,27848.66668096172,233.78715456281228,0.21319710665124414,90700325.25494167,0,False,1,0.9882468494886808,0,5.163579207200723e-06,4.6342784418969605e-08,8.103630400000839
1461,27328.228548672847,520.4368441939996,27848.665392866846,233.7872047340181,0.2131971524037832,90700325.25494167,0,False,1,0.9882928048473806,0,5.150874934509955e-06,4.6253376834248644e-08,8.109379599998647
1462,27328.24031940492,520.4237878151525,27848.664107220073,233.78725508207208,0.21319719831759507,90700325.25494167,0,False,1,0.9883384018831489,0,5.138322992358925e-06,4.616547165719959e-08,8.115316199997324
1463,27328.252130909903,520.4106930697716,27848.662823979674,233.78730560451694,0.21319724439043894,90700325.25494167,0,False,1,0.9883836447732678,0,5.125920399778836e-06,4.607906483847371e-08,8.122246400002041
1464,27328.263982660217,520.3975604438641,27848.66154310408,233.78735629909593,0.21319729062025675,90700325.25494167,0,False,1,0.9884285376303082,0,5.113663668211548e-06,4.599415063047962e-08,8.127793899999233
1465,27328.27587418123,520.3843903707287,27848.660264551956,233.78740716377874,0.21319733700519702,90700325.25494167,0,False,1,0.9884730845033793,0,5.10154909208357e-06,4.591072080357953e-08,8.133112199997413
1466,27328.287805055785,520.3711832263818,27848.658988282168,233.78745819678088,0.21319738354363246,90700325.25494167,0,False,1,0.9885172893793485,0,5.08957304930124e-06,4.582876791193585e-08,8.13832160000311
1467,27328.299774927378,520.3579393264586,27848.657714253837,233.78750939657738,0.2131974302341724,90700325.25494167,0,False,1,0.9885611561840327,0,5.077732273022931e-06,4.5748282942101276e-08,8.143318100002944
1468,27328.311783501777,520.3446589246138,27848.65644242639,233.78756076190956,0.213197477075669,90700325.25494167,0,False,1,0.9886046887833632,0,5.066024080164105e-06,4.566925492111675e-08,8.148399400000926
1469,27328.32383054713,520.3313422124107,27848.655172759543,233.7876122917856,0.21319752406721776,90700325.25494167,0,False,1,0.9886478909845237,0,5.054446521148944e-06,4.5591673267921233e-08,8.153384700002789
1470,27328.335915892647,520.3179893206458,27848.653905213294,233.78766398547484,0.21319757120815244,90700325.25494167,0,False,1,0.9886907665370621,0,5.042998450371811e-06,4.5515528185253614e-08,8.158305500001006
1471,27328.348039425906,520.3046003220252,27848.652639747932,233.78771584249634,0.2131976184980344,90700325.25494167,0,False,1,0.9887333191339783,0,5.031679504338659e-06,4.5440808961411996e-08,8.163829999997688
1472,27328.360201088937,520.2911752350811,27848.65137632402,233.78776786260198,0.2131976659366374,90700325.25494167,0,False,1,0.9887755524127849,0,5.020490003230021e-06,4.536750592976237e-08,8.169210799998837
1473,27328.37240087315,520.2777140291834,27848.650114902335,233.78782004575496,0.21319771352392786,90700325.25494167,0,False,1,0.9888174699565481,0,5.009430779086828e-06,4.5295611121908564e-08,8.174651300003461
1474,27328.384638813397,520.2642166304836,27848.64885544388,233.7878723921042,0.21319776126004159,90700325.25494167,0,False,1,0.9888590752949011,0,4.998502957242394e-06,4.5225116830719463e-08,8.179963399998087
1475,27328.396914981204,520.2506829286134,27848.647597909818,233.78792490195556,0.21319780914525754,90700325.25494167,0,False,1,0.9889003719050378,0,4.987707714977544e-06,4.5156017047302435e-08,8.184965100001136
1476,27328.409229477496,520.2371127839396,27848.646342261436,233.7879775757406,0.21319785717996922,90700325.25494167,0,False,1,0.9889413632126827,0,4.97704603407859e-06,4.508830733036992e-08,8.189906400002656
1477,27328.421582424962,520.2235060351809,27848.645088460144,233.78803041398405,0.2131979053646552,90700325.25494167,0,False,1,0.9889820525930406,0,4.966518478305795e-06,4.502198336926633e-08,8.195078400000057
1478,27328.433973960266,520.2098625071816,27848.643836467447,233.7880834172703,0.21319795369984834,90700325.25494167,0,False,1,0.989022443371725,0,4.95612501327108e-06,4.495704163713796e-08,8.200142800000322
1479,27328.44640422628,520.1961820186451,27848.642586244925,233.78813658621038,0.2131980021861059,90700325.25494167,0,False,1,0.989062538825665,0,4.9458648768312515e-06,4.489347952156712e-08,8.205234200002451
1480,27328.4588733646,520.18246438964,27848.64133775424,233.78818992140984,0.21319805082398008,90700325.25494167,0,False,1,0.9891023421839937,0,4.935736521632683e-06,4.4831294018232775e-08,8.210466700002144
1481,27328.471381508458,520.1687094486982,27848.640090957157,233.78824342343844,0.21319809961399044,90700325.25494167,0,False,1,0.9891418566289175,0,4.925737611890059e-06,4.4770481600276395e-08,8.215535700001055
1482,27328.483928776204,520.1549170393474,27848.638845815552,233.78829709280234,0.2131981485565986,90700325.25494167,0,False,1,0.9891810852965646,0,4.915865091341604e-06,4.471103795703391e-08,8.220627200003946
1483,27328.49651526552,520.1410870259396,27848.63760229146,233.78835092991918,0.21319819765218542,90700325.25494167,0,False,1,0.9892200312778167,0,4.906115293576657e-06,4.4652957732767547e-08,8.225811199998134
1484,27328.509141048446,520.1272192986531,27848.6363603471,233.78840493509702,0.21319824690103178,90700325.25494167,0,False,1,0.9892586976191228,0,4.896484088762482e-06,4.459623400412956e-08,8.230865199999243
1485,27328.52180616735,520.113313777584,27848.635119944935,233.78845910851695,0.2131982963033029,90700325.25494167,0,False,1,0.9892970873232942,0,4.886967052549628e-06,4.4540858280161874e-08,8.23591899999883
1486,27328.534510631824,520.0993704158536,27848.633881047677,233.78851345021988,0.213198345859036,90700325.25494167,0,False,1,0.9893352033502844,0,4.877559636759882e-06,4.448682141673371e-08,8.241317300002265
1487,27328.54725441668,520.0853892017008,27848.63264361838,233.788567960098,0.2131983955681328,90700325.25494167,0,False,1,0.9893730486179503,0,4.868257317033954e-06,4.44341112651292e-08,8.246401800002786
1488,27328.560037460913,520.071370159541,27848.631407620454,233.7886226378902,0.2131984454303552,90700325.25494167,0,False,1,0.9894106260027984,0,4.859055724667137e-06,4.438271502345897e-08,8.25143830000161
1489,27328.572859667664,520.0573133500139,27848.63017301768,233.78867748318208,0.2131984954453253,90700325.25494167,0,False,1,0.9894479383407154,0,4.849950733438513e-06,4.433261936729402e-08,8.256684699998004
1490,27328.58572090525,520.043218869054,27848.628939774302,233.78873249541027,0.21319854561252932,90700325.25494167,0,False,1,0.9894849884276828,0,4.8409385039740186e-06,4.4283807445082875e-08,8.261813600001915
1491,27328.598621008943,520.0290868460507,27848.627707854994,233.78878767387005,0.21319859593132462,90700325.25494167,0,False,1,0.9895217790204763,0,4.8320154920964e-06,4.4236264234146216e-08,8.266876200003026
1492,27328.61155978374,520.0149174411816,27848.626477224923,233.78884301772717,0.21319864640095043,90700325.25494167,0,False,1,0.9895583128373504,0,4.823178406621099e-06,4.4189971707217786e-08,8.27226260000316
1493,27328.62453700773,520.0007108420198,27848.62524784975,233.78889852603237,0.21319869702054106,90700325.25494167,0,False,1,0.9895945925587106,0,4.814424148803367e-06,4.414491222892891e-08,8.27741160000005
1494,27328.637552436106,519.9864672595318,27848.62401969564,233.78895419773838,0.21319874778914152,90700325.25494167,0,False,1,0.9896306208277688,0,4.8057497217190885e-06,4.4101067902638335e-08,8.28234070000326
1495,27328.650605805706,519.9721869235955,27848.6227927293,233.78901003171944,0.2131987987057252,90700325.25494167,0,False,1,0.9896664002511865,0,4.797152136177439e-06,4.405841874155533e-08,8.287415300001157
1496,27328.663696839823,519.9578700781716,27848.621566917995,233.78906602679186,0.2131988497692126,90700325.25494167,0,False,1,0.9897019333997055,0,4.788628315388848e-06,4.401694528142054e-08,8.292596100000083
1497,27328.676825253264,519.943516976267,27848.62034222953,233.78912218173568,0.21319890097849128,90700325.25494167,0,False,1,0.9897372228087635,0,4.780175015251058e-06,4.3976627796701635e-08,8.297719900001539
1498,27328.689990757477,519.9291278748319,27848.61911863231,233.7891784953165,0.2131989523324355,90700325.25494167,0,False,1,0.9897722709790996,0,4.771788767866369e-06,4.393744486361848e-08,8.302910999998858
1499,27328.703193065627,519.9147030297254,27848.61789609535,233.78923496630733,0.21319900382992638,90700325.25494167,0,False,1,0.9898070803773446,0,4.76346585130224e-06,4.3899374405215376e-08,8.308208399997966
1500,27328.716431897425,519.9002426908777,27848.616674588302,233.78929159350915,0.21319905546987045,90700325.25494167,0,False,1,0.9898416534366021,0,4.7552022945480005e-06,4.386239395262905e-08,8.31330380000145
1501,27328.729706983686,519.8857470977719,27848.615454081457,233.78934837577046,0.21319910725121763,90700325.25494167,0,False,1,0.9898759925570155,0,4.746993907759479e-06,4.382648012255224e-08,8.318733400003111
1502,27328.743018070476,519.871216475349,27848.614234545825,233.789405312005,0.21319915917297735,90700325.25494167,0,False,1,0.9899101001063246,0,4.738836340770342e-06,4.379160731089244e-08,8.32434369999828
1503,27328.756364922694,519.8566510304331,27848.613015953128,233.789462401207,0.21319921123423244,90700325.25494167,0,False,1,0.9899439784204114,0,4.7307251655924995e-06,4.375774991355119e-08,8.329594700000598
1504,27328.769747327096,519.8420509487489,27848.611798275844,233.78951964246428,0.21319926343415102,90700325.25494167,0,False,1,0.989977629803833,0,4.722655970111581e-06,4.3724880758814715e-08,8.335005699998874
1505,27328.783165094646,519.8274163925939,27848.61058148724,233.78957703496812,0.2131993157719956,90700325.25494167,0,False,1,0.9900110565303464,0,4.7146244515483475e-06,4.369297162989003e-08,8.341615899997123
1506,27328.796618062184,519.8127474992032,27848.609365561388,233.78963457802053,0.21319936824712968,90700325.25494167,0,False,1,0.9900442608434212,0,4.706626511558225e-06,4.36619933955388e-08,8.34690170000249
1507,27328.810106093366,519.7980443798285,27848.608150473196,233.78969227103818,0.2131994208590213,90700325.25494167,0,False,1,0.9900772449567418,0,4.698658334104048e-06,4.363191627134539e-08,8.352779000000737
1508,27328.823629078895,519.7833071195331,27848.60693619843,233.7897501135535,0.21319947360724406,90700325.25494167,0,False,1,0.9901100110547005,0,4.690716447691905e-06,4.360270929718019e-08,8.358383700004197
1509,27328.837186936027,519.7685357776875,27848.605722713713,233.78980810521244,0.2131995264914751,90700325.25494167,0,False,1,0.9901425612928814,0,4.682797762495024e-06,4.357434177417482e-08,8.363900800002739
1510,27328.85077960744,519.7537303891309,27848.60450999657,233.7898662457697,0.21319957951149074,90700325.25494167,0,False,1,0.9901748977985322,0,4.674899587222257e-06,4.35467813052101e-08,8.369040099998529
1511,27328.864407059424,519.7388909659514,27848.603298025377,233.78992453508096,0.21319963266715933,90700325.25494167,0,False,1,0.99020702267103,0,4.667019613699912e-06,4.351999732203765e-08,8.374253300004057
1512,27328.878069279563,519.7240174998192,27848.60208677938,233.78998297309303,0.2131996859584324,90700325.25494167,0,False,1,0.9902389379823359,0,4.659155891302183e-06,4.34939584725973e-08,8.379483199998504
1513,27328.89176627394,519.7091099647995,27848.60087623874,233.7900415598318,0.21319973938533351,90700325.25494167,0,False,1,0.9902706457774411,0,4.651306776123381e-06,4.346863222911438e-08,8.385230500003672
1514,27328.905498063887,519.6941683205595,27848.599666384445,233.7901002953884,0.21319979294794583,90700325.25494167,0,False,1,0.9903021480748041,0,4.6434708737633895e-06,4.344398841522198e-08,8.390783800001373
1515,27328.919264682467,519.6791925158784,27848.598457198346,233.79015917990418,0.21319984664639824,90700325.25494167,0,False,1,0.9903334468667806,0,4.635646977763711e-06,4.341999646264396e-08,8.396303300003638
1516,27328.933066170765,519.6641824923623,27848.597248663125,233.7902182135547,0.21319990048085083,90700325.25494167,0,False,1,0.9903645441200436,0,4.627834007423587e-06,4.339662632563407e-08,8.401464499998838
1517,27328.94690257404,519.6491381882664,27848.596040762306,233.7902773965335,0.21319995445148007,90700325.25494167,0,False,1,0.9903954417759961,0,4.6200309546160344e-06,4.33738478278052e-08,8.406863000003796
1518,27328.960773937888,519.6340595423267,27848.594833480216,233.79033672903543,0.2132000085584637,90700325.25494167,0,False,1,0.9904261417511763,0,4.612236842875164e-06,4.3351632099105474e-08,8.412744400004158
1519,27328.97468030447,519.6189464975049,27848.593626801972,233.79039621124076,0.21320006280196604,90700325.25494167,0,False,1,0.9904566459376537,0,4.6044506952666435e-06,4.332995079201341e-08,8.418080000003101
1520,27328.988621708937,519.6037990045596,27848.592420713496,233.79045584329972,0.2132001171821242,90700325.25494167,0,False,1,0.9904869562034191,0,4.596671525954217e-06,4.330877503646443e-08,8.423272300002282
1521,27329.002598176114,519.5886170253546,27848.591215201468,233.79051562531836,0.2132001716990348,90700325.25494167,0,False,1,0.9905170743927663,0,4.588898340149972e-06,4.328807752999811e-08,8.42867539999861
1522,27329.016609717502,519.5734005358405,27848.59001025334,233.7905755573458,0.21320022635274263,90700325.25494167,0,False,1,0.9905470023266669,0,4.5811301466089785e-06,4.326783057824536e-08,8.433817299999646
1523,27329.03065632868,519.5581495286386,27848.58880585732,233.79063563936293,0.21320028114323034,90700325.25494167,0,False,1,0.9905767418031377,0,4.573365983186645e-06,4.32480072706363e-08,8.43913479999901
1524,27329.044737987148,519.5428640151811,27848.587602002328,233.7906958712735,0.21320033607041008,90700325.25494167,0,False,1,0.990606294597602,0,4.56560494604883e-06,4.3228581480400525e-08,8.444374200000311
1525,27329.058854650677,519.527544027367,27848.586398678042,233.7907562528967,0.213200391134117,90700325.25494167,0,False,1,0.9906356624632424,0,4.557846216662848e-06,4.3209526558224936e-08,8.44972240000061
1526,27329.07300625615,519.512189618712,27848.58519587486,233.79081678396244,0.2132004463341048,90700325.25494167,0,False,1,0.9906648471313493,0,4.550089089344803e-06,4.319081637732757e-08,8.455406400003994
1527,27329.087192718867,519.4968008649774,27848.583993583845,233.79087746410838,0.21320050167004304,90700325.25494167,0,False,1,0.9906938503116604,0,4.5423329905392425e-06,4.31724271623371e-08,8.460740700000315
1528,27329.101413932498,519.4813778642832,27848.58279179678,233.7909382928795,0.21320055714151676,90700325.25494167,0,False,1,0.9907226736926963,0,4.534577490946086e-06,4.3154332917094785e-08,8.466017999999167
1529,27329.115669769388,519.4659207367172,27848.581590506106,233.79099926972975,0.21320061274802804,90700325.25494167,0,False,1,0.990751318942088,0,4.52682230118172e-06,4.3136510127487035e-08,8.471355599998788
1530,27329.129960081445,519.4504296234718,27848.58038970492,233.79106039402552,0.21320066848899905,90700325.25494167,0,False,1,0.9907797877068997,0,4.519067262596176e-06,4.3118935279395134e-08,8.47679269999935
1531,27329.144284701397,519.434904685539,27848.579189386935,233.79112166505124,0.21320072436377724,90700325.25494167,0,False,1,0.9908080816139436,0,4.511312322707879e-06,4.3101586034403624e-08,8.48201749999862
1532,27329.158643444487,519.4193461020177,27848.577989546506,233.79118308201654,0.21320078037164186,90700325.25494167,0,False,1,0.9908362022700918,0,4.503557503332802e-06,4.308443966218937e-08,8.487288600001193
1533,27329.173036110482,519.4037540680839,27848.576790178566,233.79124464406482,0.21320083651181174,90700325.25494167,0,False,1,0.9908641512625809,0,4.495802866470758e-06,4.30674751306699e-08,8.492806800000835
1534,27329.18746248594,519.3881287926879,27848.57559127863,233.791306350283,0.21320089278345422,90700325.25494167,0,False,1,0.9908919301593098,0,4.488048469765244e-06,4.3050671669026734e-08,8.497802899997623
1535,27329.20192234673,519.3724704960428,27848.574392842773,233.7913681997123,0.21320094918569496,90700325.25494167,0,False,1,0.9909195405091346,0,4.4802943313382965e-06,4.303400915960832e-08,8.50304270000197
1536,27329.21641546063,519.3567794069756,27848.573194867604,233.79143019135935,0.2132010057176281,90700325.25494167,0,False,1,0.9909469838421562,0,4.472540391681686e-06,4.30174683991988e-08,8.508696600001713
1537,27329.23094159006,519.3410557602099,27848.57199735027,233.7914923242078,0.21320106237832676,90700325.25494167,0,False,1,0.9909742616700042,0,4.464786483079524e-06,4.3001030053943854e-08,8.513798200001474
1538,27329.245500494762,519.3252997936476,27848.57080028841,233.7915545972299,0.21320111916685372,90700325.25494167,0,False,1,0.9910013754861141,0,4.457032312161053e-06,4.298467661886526e-08,8.518856299997424
1539,27329.260091934462,519.3095117457194,27848.569603680182,233.79161700939775,0.21320117608227165,90700325.25494167,0,False,1,0.9910283267660007,0,4.44927744174699e-06,4.296838915200359e-08,8.524859099998139
1540,27329.274715671367,519.2936918528657,27848.56840752423,233.7916795596942,0.21320123312365294,90700325.25494167,0,False,1,0.9910551169675261,0,4.4415212947451325e-06,4.2952150409641447e-08,8.53002099999867
1541,27329.289371472492,519.2778403472023,27848.567211819696,233.79174224712256,0.2132012902900887,90700325.25494167,0,False,1,0.9910817475311627,0,4.433763158511467e-06,4.2935942625520414e-08,8.535082399997918
1542,27329.30405911175,519.261957454426,27848.566016566176,233.79180507071564,0.2132013475806969,90700325.25494167,0,False,1,0.9911082198802526,0,4.426002197489897e-06,4.291974920908721e-08,8.540975900003104
1543,27329.31877837177,519.2460433919974,27848.564821763768,233.79186802954362,0.2132014049946296,90700325.25494167,0,False,1,0.9911345354212603,0,4.418237474088818e-06,4.290355226344166e-08,8.54656960000284
1544,27329.33352904538,519.2300983676398,27848.56362741302,233.79193112272023,0.21320146253107863,90700325.25494167,0,False,1,0.9911606955440235,0,4.410467972475317e-06,4.2887335720560476e-08,8.552023000003828
1545,27329.3483109368,519.2141225781735,27848.562433514973,233.79199434940796,0.21320152018928024,90700325.25494167,0,False,1,0.9911867016219974,0,4.402692620872416e-06,4.287108168353611e-08,8.55791589999717
1546,27329.363123862426,519.1981162087062,27848.561240071132,233.79205770882135,0.2132015779685181,90700325.25494167,0,False,1,0.9912125550124953,0,4.394910316122371e-06,4.2854773692435034e-08,8.563386300003913
1547,27329.377967651282,519.182079432181,27848.56004708346,233.792121200229,0.21320163586812524,90700325.25494167,0,False,1,0.9912382570569258,0,4.387119943563535e-06,4.283839515668583e-08,8.569016699999338
1548,27329.392842145135,519.1660124092808,27848.558854554416,233.79218482295397,0.2132016938874844,90700325.25494167,0,False,1,0.9912638090810245,0,4.379320389626457e-06,4.282192844063867e-08,8.574411599998712
1549,27329.40774719823,519.1499152886755,27848.557662486906,233.79224857637274,0.2132017520260269,90700325.25494167,0,False,1,0.9912892123950827,0,4.371510555997453e-06,4.280535721498361e-08,8.579543699997885
1550,27329.42268267671,519.1337882075926,27848.556470884305,233.79231245991264,0.21320181028323051,90700325.25494167,0,False,1,0.9913144682941718,0,4.363689358830076e-06,4.2788664889138484e-08,8.584863399999449
1551,27329.437648457795,519.1176312926808,27848.555279750475,233.7923764730484,0.21320186865861626,90700325.25494167,0,False,1,0.9913395780583627,0,4.35585573427007e-06,4.2771833827442575e-08,8.590565500002413
1552,27329.452644428602,519.1014446611345,27848.554089089735,233.79244061529707,0.21320192715174371,90700325.25494167,0,False,1,0.991364542952944,0,4.348008630592044e-06,4.275484770057525e-08,8.595870999997715
1553,27329.467670484828,519.085228422036,27848.552898906863,233.7925048862124,0.21320198576220595,90700325.25494167,0,False,1,0.9913893642286339,0,4.340147001475679e-06,4.273769004857801e-08,8.601289099999121
1554,27329.482726529233,519.0689826778764,27848.55170920711,233.79256928537842,0.2132020444896236,90700325.25494167,0,False,1,0.991414043121789,0,4.332269801321575e-06,4.27203437583169e-08,8.606931900001655
1555,27329.497812469985,519.0527075261998,27848.550519996184,233.79263381240216,0.21320210333363832,90700325.25494167,0,False,1,0.9914385808546111,0,4.324375974151823e-06,4.270279250046074e-08,8.612184500001604
1556,27329.512928218934,519.0364030613315,27848.549331280265,233.7926984669065,0.21320216229390618,90700325.25494167,0,False,1,0.9914629786353482,0,4.31646444947535e-06,4.268501942313727e-08,8.618032799997309
1557,27329.528073689857,519.0200693761332,27848.54814306599,233.79276324852253,0.2132022213700908,90700325.25494167,0,False,1,0.9914872376584933,0,4.308534141508226e-06,4.2667007935739505e-08,8.623464900003455
1558,27329.543248796726,519.0037065637421,27848.546955360467,233.7928281568822,0.21320228056185647,90700325.25494167,0,False,1,0.9915113591049804,0,4.300583948598056e-06,4.2648741186388105e-08,8.628769000002649
1559,27329.558453452017,518.9873147192451,27848.54576817126,233.792893191611,0.21320233986886178,90700325.25494167,0,False,1,0.9915353441423755,0,4.292612761345886e-06,4.263020284573788e-08,8.63437829999748
1560,27329.573687565142,518.9708939412466,27848.544581506387,233.7929583523214,0.21320239929075324,90700325.25494167,0,False,1,0.9915591939250656,0,4.284619469724078e-06,4.261137671507463e-08,8.640275400000974
1561,27329.588951041067,518.9544443332907,27848.543395374356,233.79302363860674,0.21320245882716005,90700325.25494167,0,False,1,0.9915829095944441,0,4.2766029778293655e-06,4.2592244897433135e-08,8.645579099997121
1562,27329.60424377901,518.9379660051046,27848.542209784115,233.79308905003592,0.21320251847768903,90700325.25494167,0,False,1,0.9916064922790935,0,4.268562219961671e-06,4.257279184726431e-08,8.651819999999134
1563,27329.619565671434,518.9214590736354,27848.541024745067,233.7931545861488,0.21320257824192063,90700325.25494167,0,False,1,0.9916299430949642,0,4.26049617672934e-06,4.2553001104574695e-08,8.657907200002228
1564,27329.634916603252,518.9049236638575,27848.53984026711,233.79322024645305,0.21320263811940582,90700325.25494167,0,False,1,0.9916532631455512,0,4.252403893148764e-06,4.253285503365737e-08,8.663487899997563
1565,27329.650296451233,518.8883599093388,27848.53865636057,233.79328603042146,0.21320269810966389,90700325.25494167,0,False,1,0.9916764535220672,0,4.244284495615984e-06,4.251233795831853e-08,8.66855690000375
1566,27329.665705083695,518.8717679525519,27848.537473036246,233.7933519374907,0.21320275821218104,90700325.25494167,0,False,1,0.9916995153036131,0,4.236137204533204e-06,4.2491433418554365e-08,8.673944300004223
1567,27329.681142360434,518.8551479449362,27848.536290305372,233.79341796706098,0.21320281842641037,90700325.25494167,0,False,1,0.9917224495573455,0,4.227961345615798e-06,4.2470125215626576e-08,8.679594300003373
1568,27329.69660813294,518.8385000467088,27848.53510817965,233.79348411849693,0.21320287875177243,90700325.25494167,0,False,1,0.9917452573386418,0,4.219756358688143e-06,4.244839688952455e-08,8.68488090000028
1569,27329.71210224477,518.8218244264394,27848.53392667121,233.79355039112937,0.21320293918765698,90700325.25494167,0,False,1,0.9917679396912622,0,4.211521798982723e-06,4.2426233025310096e-08,8.690732100003515
1570,27329.727624532214,518.8051212604075,27848.53274579262,233.7936167842579,0.21320299973342535,90700325.25494167,0,False,1,0.9917904976475093,0,4.203257335667775e-06,4.2403617816138394e-08,8.696671099998639
1571,27329.74317482511,518.7883907317586,27848.53156555687,233.7936832971546,0.21320306038841366,90700325.25494167,0,False,1,0.9918129322283843,0,4.194962751890926e-06,4.238053623896828e-08,8.70230669999728
1572,27329.75875294787,518.7716330294911,27848.53038597736,233.79374992906833,0.213203121151937,90700325.25494167,0,False,1,0.9918352444437422,0,4.186637932223447e-06,4.2356973401390035e-08,8.70836699999927
1573,27329.7743587206,518.7548483473036,27848.529207067902,233.79381667922956,0.21320318202329355,90700325.25494167,0,False,1,0.9918574352924432,0,4.178282857326127e-06,4.2332914541625356e-08,8.713736099998641
1574,27329.789991960366,518.7380368823304,27848.528028842695,233.7938835468557,0.21320324300176968,90700325.25494167,0,False,1,0.9918795057625014,0,4.169897591261154e-06,4.230834594296899e-08,8.719259299999976
1575,27329.80565248251,518.7211988338072,27848.526851316317,233.79395053115687,0.21320330408664503,90700325.25494167,0,False,1,0.9919014568312324,0,4.161482272066808e-06,4.228325375807838e-08,8.725552399999287
1576,27329.82134010203,518.7043344016951,27848.525674503726,233.79401763134157,0.21320336527719788,90700325.25494167,0,False,1,0.9919232894653975,0,4.153037103028719e-06,4.2257624531511725e-08,8.731254199999967
1577,27329.83705463491,518.6874437853044,27848.524498420215,233.79408484662272,0.2132034265727104,90700325.25494167,0,False,1,0.9919450046213456,0,4.144562341216708e-06,4.223144611416971e-08,8.736976100000902
1578,27329.85279589949,518.6705271819495,27848.523323081437,233.79415217622312,0.2132034879724739,90700325.25494167,0,False,1,0.9919666032451533,0,4.136058291182751e-06,4.2204705573143436e-08,8.74320550000266
1579,27329.868563717704,518.6535847856666,27848.52214850337,233.79421961938112,0.21320354947579379,90700325.25494167,0,False,1,0.9919880862727625,0,4.127525301651106e-06,4.217739141250128e-08,8.748850600000878
1580,27329.884357916264,518.6366167860278,27848.520974702293,233.79428717535535,0.21320361108199395,90700325.25494167,0,False,1,0.9920094546301157,0,4.118963758962696e-06,4.214949252821295e-08,8.754554600003758
1581,27329.900178327727,518.6196233670743,27848.5198016948,233.79435484342955,0.21320367279042127,90700325.25494167,0,False,1,0.9920307092332891,0,4.1103740881709834e-06,4.212099781624597e-08,8.760310300000128
1582,27329.916024791382,518.6026047063959,27848.51862949778,233.79442262291624,0.21320373460044875,90700325.25494167,0,False,1,0.9920518509886238,0,4.101756749946591e-06,4.2091896825738444e-08,8.765903899999103
1583,27329.931897153998,518.5855609743729,27848.51745812837,233.79449051315987,0.21320379651147864,90700325.25494167,0,False,1,0.9920728807928552,0,4.093112242371852e-06,4.206218015090286e-08,8.771799499998451
1584,27329.94779527039,518.5684923335937,27848.516287603983,233.79455851353936,0.21320385852294452,90700325.25494167,0,False,1,0.9920937995332392,0,4.0844410996757565e-06,4.203183851658447e-08,8.777369800001907
1585,27329.96371900383,518.5513989384618,27848.515117942294,233.7946266234698,0.213203920634313,90700325.25494167,0,False,1,0.9921146080876776,0,4.075743892462329e-06,4.200086199445394e-08,8.782906899999944
1586,27329.97966822618,518.5342809349928,27848.513949161174,233.79469484240303,0.2132039828450842,90700325.25494167,0,False,1,0.9921353073248413,0,4.0670212258676705e-06,4.196924379140974e-08,8.789007300001686
1587,27329.995642817943,518.5171384608016,27848.512781278743,233.79476316982783,0.21320404515479194,90700325.25494167,0,False,1,0.9921558981042907,0,4.058273736320065e-06,4.193697489356131e-08,8.794396099998266
1588,27330.011642668032,518.4999716452771,27848.51161431331,233.79483160526894,0.2132041075630028,90700325.25494167,0,False,1,0.9921763812765954,0,4.0495020890990234e-06,4.1904048638438866e-08,8.79981019999832
1589,27330.02766767344,518.4827806099335,27848.510448283374,233.7949001482857,0.21320417006931494,90700325.25494167,0,False,1,0.9921967576834512,0,4.040706969044103e-06,4.187045797166769e-08,8.805753400003596
1590,27330.043717738692,518.4655654689232,27848.509283207615,233.79496879846963,0.2132042326733558,90700325.25494167,0,False,1,0.9922170281577958,0,4.0318890766232715e-06,4.1836196622679345e-08,8.811373600001389
1591,27330.05979277518,518.4483263296979,27848.508119104878,233.79503755544164,0.21320429537477978,90700325.25494167,0,False,1,0.9922371935239224,0,4.023049119115791e-06,4.180125858217351e-08,8.817063100002997
1592,27330.075892700355,518.4310632937963,27848.50695599415,233.79510641884855,0.21320435817326472,90700325.25494167,0,False,1,0.9922572545975911,0,4.014187798295549e-06,4.176563862465645e-08,8.822779100002663
1593,27330.092017436826,518.4137764577342,27848.50579389456,233.7951753883592,0.21320442106850868,90700325.25494167,0,False,1,0.9922772121861395,0,4.005305805787829e-06,4.1729331916537426e-08,8.828450900000462
1594,27330.108166911377,518.3964659139762,27848.504632825352,233.79524446366045,0.21320448406022605,90700325.25494167,0,False,1,0.9922970670885916,0,3.996403812397513e-06,4.169233414676336e-08,8.83418630000233
1595,27330.12434105393,518.3791317519613,27848.50347280589,233.79531364445236,0.21320454714814335,90700325.25494167,0,False,1,0.9923168200957635,0,3.9874824606838316e-06,4.1654641004280547e-08,8.840024800003448
1596,27330.14053979647,518.3617740591585,27848.502313855628,233.795382930444,0.21320461033199523,90700325.25494167,0,False,1,0.9923364719903692,0,3.978542356954174e-06,4.161624922311162e-08,8.84555669999827
1597,27330.156763072002,518.3443929221249,27848.501155994127,233.79545232134865,0.21320467361152026,90700325.25494167,0,False,1,0.9923560235471243,0,3.969584067695071e-06,4.157715514537493e-08,8.851285199998529
1598,27330.17301081348,518.3269884275437,27848.499999241023,233.79552181687947,0.21320473698645687,90700325.25494167,0,False,1,0.9923754755328474,0,3.960608116505128e-06,4.153735589699613e-08,8.856665699997393
1599,27330.18928295278,518.3095606632177,27848.498843615995,233.79559141674497,0.2132048004565392,90700325.25494167,0,False,1,0.9923948287065608,0,3.951614982164928e-06,4.149685004088163e-08,8.862013099998876
1600,27330.20557941984,518.2921097189967,27848.497689138836,233.79566112064543,0.21320486402149394,90700325.25494167,0,False,1,0.9924140838195894,0,3.942605099433229e-06,4.145563339661021e-08,8.868183400001726
1601,27330.221900141718,518.2746356876228,27848.49653582934,233.79573092826874,0.2132049276810365,90700325.25494167,0,False,1,0.9924332416156577,0,3.933578858284819e-06,4.141370596406897e-08,8.873690300002636
1602,27330.23824504191,518.2571386654719,27848.49538370738,233.79580083928758,0.21320499143486835,90700325.25494167,0,False,1,0.9924523028309865,0,3.924536611545678e-06,4.137106499981747e-08,8.87909270000091
1603,27330.254614039684,518.2396187531859,27848.49423279287,233.79587085335655,0.2132050552826745,90700325.25494167,0,False,1,0.9924712681943859,0,3.915478673986356e-06,4.1327708936126994e-08,8.884424399999261
1604,27330.271007049567,518.2220760561795,27848.493083105746,233.79594097010994,0.2132051192241215,90700325.25494167,0,False,1,0.9924901384273501,0,3.906405329601838e-06,4.128363685844212e-08,8.890021899998828
1605,27330.287423980953,518.2045106850195,27848.491934665974,233.79601118916017,0.21320518325885585,90700325.25494167,0,False,1,0.9925089142441474,0,3.897316833962052e-06,4.1238847982842257e-08,8.895737300001201
1606,27330.30386473787,518.1869227556717,27848.49078749354,233.79608151009663,0.21320524738650315,90700325.25494167,0,False,1,0.9925275963519118,0,3.8882134206547474e-06,4.119334126413757e-08,8.901433400002134
1607,27330.320329218855,518.169312389619,27848.489641608474,233.79615193248523,0.21320531160666753,90700325.25494167,0,False,1,0.9925461854507305,0,3.8790953028769425e-06,4.114711552650368e-08,8.90746080000099
1608,27330.336817316937,518.1516797138514,27848.488497030787,233.79622245586833,0.21320537591893163,90700325.25494167,0,False,1,0.9925646822337327,0,3.869962677023841e-06,4.110017103109787e-08,8.913937099998293
1609,27330.353328919788,518.1340248607371,27848.487353780525,233.79629307976543,0.2132054403228573,90700325.25494167,0,False,1,0.9925830873871752,0,3.860815727045372e-06,4.105250673273085e-08,8.919850099999167
1610,27330.369863909935,518.1163479677849,27848.48621187772,233.79636380367396,0.2132055048179862,90700325.25494167,0,False,1,0.9926014015905278,0,3.851654622469027e-06,4.1004123153829876e-08,8.9253647000005
1611,27330.38642216511,518.0986491773092,27848.485071342417,233.79643462707085,0.21320556940384133,90700325.25494167,0,False,1,0.9926196255165561,0,3.842479522983064e-06,4.0955019771745e-08,8.931021299998974
1612,27330.403003558647,518.0809286360134,27848.48393219466,233.79650554941426,0.21320563407992862,90700325.25494167,0,False,1,0.9926377598314053,0,3.8332905803176834e-06,4.090519658636536e-08,8.936490799998865
1613,27330.419607959982,518.0631864945055,27848.48279445449,233.79657657014562,0.21320569884573864,90700325.25494167,0,False,1,0.9926558051946807,0,3.824087935346795e-06,4.0854653858849874e-08,8.941847000001871
1614,27330.436235235156,518.0454229067658,27848.48165814192,233.79664768869188,0.2132057637007488,90700325.25494167,0,False,1,0.9926737622595274,0,3.814871721014548e-06,4.080339224226206e-08,8.94750390000263
1615,27330.452885247396,518.0276380295821,27848.48052327698,233.79671890446792,0.2132058286444256,90700325.25494167,0,False,1,0.9926916316727105,0,3.805642066175653e-06,4.075141173649229e-08,8.952696300002572
1616,27330.469557857683,518.0098320219731,27848.479389879656,233.7967902168791,0.21320589367622667,90700325.25494167,0,False,1,0.9927094140746913,0,3.796399092677591e-06,4.069871325587441e-08,8.957792200002586
1617,27330.486252925333,517.9920050446136,27848.478257969946,233.79686162532352,0.2132059587956032,90700325.25494167,0,False,1,0.9927271100997054,0,3.7871429202749003e-06,4.06452968002997e-08,8.963300600000366
1618,27330.50297030852,517.9741572592831,27848.477127567803,233.79693312919449,0.21320602400200186,90700325.25494167,0,False,1,0.9927447203758367,0,3.7778736697921316e-06,4.059116380664196e-08,8.968662600003881
1619,27330.519709864813,517.9562888283496,27848.475998693164,233.79700472788275,0.21320608929486712,90700325.25494167,0,False,1,0.992762245525093,0,3.7685914666534393e-06,4.0536314927967204e-08,8.975060900003882
1620,27330.536471451636,517.9383999143062,27848.474871365943,233.79707642077835,0.21320615467364268,90700325.25494167,0,False,1,0.992779686163479,0,3.7592964407084333e-06,4.0480750947976706e-08,8.980795700001181
1621,27330.553254926657,517.9204906793706,27848.47374560603,233.79714820727244,0.21320622013777335,90700325.25494167,0,False,1,0.9927970429010681,0,3.749988736554772e-06,4.0424472781007043e-08,8.986692500002391
1622,27330.570060148093,517.9025612851578,27848.47262143325,233.7972200867585,0.21320628568670602,90700325.25494167,0,False,1,0.9928143163420743,0,3.740668511038818e-06,4.036748251710827e-08,8.992552000003343
1623,27330.58688697501,517.8846118924363,27848.471498867446,233.7972920586336,0.21320635131989088,90700325.25494167,0,False,1,0.9928315070849221,0,3.731335940553834e-06,4.0309780025540185e-08,8.997781700003543
1624,27330.603735267403,517.8666426609705,27848.470377928374,233.7973641222989,0.2132064170367818,90700325.25494167,0,False,1,0.9928486157223152,0,3.7219912260263777e-06,4.025136791889322e-08,9.00305600000138
1625,27330.620604886324,517.8486537494547,27848.469258635778,233.7974362771599,0.21320648283683669,90700325.25494167,0,False,1,0.9928656428413056,0,3.712634589412793e-06,4.0192246850237054e-08,9.009727900003782
1626,27330.63749569381,517.8306453155386,27848.468141009347,233.79750852262652,0.21320654871951736,90700325.25494167,0,False,1,0.9928825890233606,0,3.703266283139316e-06,4.0132418778989784e-08,9.015347500004282
1627,27330.654407552778,517.8126175159413,27848.46702506872,233.7975808581123,0.21320661468428906,90700325.25494167,0,False,1,0.9928994548444284,0,3.6938865861355072e-06,4.007188553393549e-08,9.021223399999144
1628,27330.671340326826,517.7945705066506,27848.465910833478,233.79765328303372,0.21320668073061963,90700325.25494167,0,False,1,0.9929162408750043,0,3.6844958059993345e-06,4.001064907449388e-08,9.026446199997736
1629,27330.688293879946,517.7765044432032,27848.464798323148,233.797725796809,0.21320674685797855,90700325.25494167,0,False,1,0.9929329476801945,0,3.675094279258283e-06,3.994871149072025e-08,9.031491900001129
1630,27330.705268076184,517.7584194810321,27848.463687557218,233.79779839885654,0.21320681306583544,90700325.25494167,0,False,1,0.9929495758197797,0,3.6656823681910854e-06,3.988607408886193e-08,9.037064700001793
1631,27330.722262779178,517.7403157758787,27848.462578555056,233.797871088593,0.21320687935365837,90700325.25494167,0,False,1,0.9929661258482784,0,3.6562604611237215e-06,3.98227411797676e-08,9.042522399999143
1632,27330.739277851768,517.7221934842519,27848.46147133602,233.79794386543168,0.2132069457209122,90700325.25494167,0,False,1,0.9929825983150071,0,3.646828968317026e-06,3.975871315524274e-08,9.047654699999839
1633,27330.756313155427,517.704052763925,27848.460365919353,233.7980167287799,0.2132070121670566,90700325.25494167,0,False,1,0.9929989937641431,0,3.6373883172269087e-06,3.9693994195503174e-08,9.053271999997378
1634,27330.773368549773,517.685893774458,27848.45926232423,233.79808967803726,0.2132070786915439,90700325.25494167,0,False,1,0.9930153127347828,0,3.6279389556709526e-06,3.9628586521243605e-08,9.058673999999883
1635,27330.790443892012,517.6677166777305,27848.458160569742,233.7981627125928,0.21320714529381707,90700325.25494167,0,False,1,0.9930315557610018,0,3.6184813414295276e-06,3.956249352887313e-08,9.063801800002693
1636,27330.807539036417,517.6495216384706,27848.45706067489,233.79823583182323,0.21320721197330764,90700325.25494167,0,False,1,0.9930477233719127,0,3.6090159431579738e-06,3.9495718092262575e-08,9.069236800001818
1637,27330.824653833803,517.631308824772,27848.455962658576,233.79830903509034,0.21320727872943362,90700325.25494167,0,False,1,0.9930638160917233,0,3.5995432382511715e-06,3.9428263869092897e-08,9.075064600001497
1638,27330.841788131016,517.6130784085811,27848.454866539596,233.79838232173898,0.21320734556159757,90700325.25494167,0,False,1,0.9930798344397928,0,3.5900637080540528e-06,3.936013477831588e-08,9.080314500002714
1639,27330.858941770523,517.5948305661461,27848.45377233667,233.79845569109528,0.21320741246918498,90700325.25494167,0,False,1,0.9930957789306873,0,3.5805778339451444e-06,3.929133343253604e-08,9.086277800000971
1640,27330.87611458996,517.5765654784169,27848.452680068374,233.7985291424647,0.2132074794515625,90700325.25494167,0,False,1,0.9931116500742366,0,3.5710861011560424e-06,3.922186505705601e-08,9.09146100000362
1641,27330.893306421804,517.5582833313881,27848.451589753193,233.79860267513064,0.21320754650807655,90700325.25494167,0,False,1,0.9931274483755865,0,3.5615889894497687e-06,3.915173291765697e-08,9.096639600000344
1642,27330.910517093107,517.5399843163754,27848.450501409483,233.7986762883533,0.2132076136380526,90700325.25494167,0,False,1,0.9931431743352542,0,3.552086976709198e-06,3.90809415864699e-08,9.101928399999451
1643,27330.92774642527,517.5216686302241,27848.449415055493,233.79874998136867,0.21320768084079386,90700325.25494167,0,False,1,0.9931588284491802,0,3.5425805331746965e-06,3.900949498245274e-08,9.10772210000141
1644,27330.944994233887,517.503336475442,27848.44833070933,233.79882375338798,0.21320774811558105,90700325.25494167,0,False,1,0.9931744112087808,0,3.5330701253750446e-06,3.8937398200278586e-08,9.113457500003278
1645,27330.962260328717,517.4849880602569,27848.447248388973,233.79889760359742,0.213207815461672,90700325.25494167,0,False,1,0.9931899231009995,0,3.52355620574062e-06,3.886465568144759e-08,9.118964000001142
1646,27330.97954451368,517.466623598599,27848.44616811228,233.7989715311583,0.21320788287830192,90700325.25494167,0,False,1,0.9932053646083581,0,3.514039217511507e-06,3.879127199809611e-08,9.124266300001182
1647,27330.996846586953,517.4482433100096,27848.445089896963,233.79904553520723,0.21320795036468349,90700325.25494167,0,False,1,0.9932207362090064,0,3.504519591663688e-06,3.871725237553632e-08,9.129744300000311
1648,27331.01416634112,517.4298474194795,27848.4440137606,233.79911961485706,0.21320801792000763,90700325.25494167,0,False,1,0.993236038376772,0,3.4949977401932055e-06,3.864260138590741e-08,9.134934800000337
1649,27331.03150356339,517.4114361572215,27848.44293972061,233.79919376919756,0.21320808554344428,90700325.25494167,0,False,1,0.9932512715812086,0,3.485474060537878e-06,3.8567324907698944e-08,9.140489600002184
1650,27331.048858035912,517.3930097583853,27848.4418677943,233.79926799729682,0.21320815323414363,90700325.25494167,0,False,1,0.9932664362876443,0,3.475948926960513e-06,3.849142712114827e-08,9.146011500000895
1651,27331.06622953607,517.3745684627207,27848.440797998792,233.79934229820267,0.2132082209912374,90700325.25494167,0,False,1,0.9932815329572293,0,3.4664226930527816e-06,3.841491429665265e-08,9.151150600002438
1652,27331.083617836885,517.3561125141972,27848.43973035108,233.79941667094417,0.2132082888138401,90700325.25494167,0,False,1,0.9932965620469821,0,3.456895688705409e-06,3.833779126762691e-08,9.156337400003395
1653,27331.101022707408,517.3376421605923,27848.438664868,233.79949111453348,0.21320835670105093,90700325.25494167,0,False,1,0.9933115240098361,0,3.4473682156840424e-06,3.826006378193174e-08,9.162144399997487
1654,27331.118443913183,517.3191576530527,27848.437601566235,233.79956562796767,0.21320842465195525,90700325.25494167,0,False,1,0.9933264192946853,0,3.437840550825587e-06,3.81817371955246e-08,9.167374900003779
1655,27331.135881216676,517.300659245645,27848.43654046232,233.79964021023076,0.2132084926656266,90700325.25494167,0,False,1,0.9933412483464289,0,3.4283129408154693e-06,3.810281673372954e-08,9.172830600000452
1656,27331.153334377726,517.2821471948992,27848.435481572626,233.79971486029544,0.21320856074112815,90700325.25494167,0,False,1,0.9933560116060157,0,3.4187856062678474e-06,3.802330853631662e-08,9.178260599997884
1657,27331.17080315401,517.2636217593587,27848.43442491337,233.7997895771252,0.21320862887751468,90700325.25494167,0,False,1,0.9933707095104878,0,3.40925873733986e-06,3.7943217959247876e-08,9.183722599998873
1658,27331.188287301466,517.2450831991447,27848.43337050061,233.79986435967606,0.2132086970738341,90700325.25494167,0,False,1,0.993385342493024,0,3.3997324976200432e-06,3.786255061975674e-08,9.18903539999883
1659,27331.205786574712,517.2265317755422,27848.432318350253,233.79993920689847,0.21320876532912933,90700325.25494167,0,False,1,0.9933999109829825,0,3.3902070231832216e-06,3.778131226571312e-08,9.194485599997279
1660,27331.22330072744,517.2079677506151,27848.431268478056,233.80001411773884,0.2132088336424396,90700325.25494167,0,False,1,0.9934144154059427,0,3.3806824264939545e-06,3.769950799181367e-08,9.199635900004068
1661,27331.24082951275,517.1893913868591,27848.43022089961,233.80008909114107,0.2132089020128018,90700325.25494167,0,False,1,0.9934288561837462,0,3.3711587959465764e-06,3.76171439378362e-08,9.20532269999967
1662,27331.258372683445,517.1708029468942,27848.42917563034,233.8001641260478,0.21320897043925166,90700325.25494167,0,False,1,0.9934432337345391,0,3.361636199773275e-06,3.753422585165521e-08,9.210985400000936
1663,27331.275929992342,517.1522026932013,27848.42813268554,233.80023922140174,0.21320903892082504,90700325.25494167,0,False,1,0.9934575484728109,0,3.3521146891035437e-06,3.7450758566701945e-08,9.216073499999766
1664,27331.29350119243,517.1335908879084,27848.42709208034,233.80031437614633,0.21320910745655844,90700325.25494167,0,False,1,0.9934718008094354,0,3.342594296781152e-06,3.7366748222758785e-08,9.221358800001326
1665,27331.311086037098,517.1149677926232,27848.42605382972,233.8003895892267,0.2132091760454899,90700325.25494167,0,False,1,0.9934859911517097,0,3.3330750449406746e-06,3.728219965325989e-08,9.226698400001624
1666,27331.328684280183,517.0963336683154,27848.4250179485,233.80046485958997,0.21320924468665922,90700325.25494167,0,False,1,0.9935001199033928,0,3.3235569469578644e-06,3.719711912862564e-08,9.232157200000074
1667,27331.34629567611,517.0776887752451,27848.423984451354,233.80054018618566,0.2132093133791085,90700325.25494167,0,False,1,0.9935141874647448,0,3.3140400059280124e-06,3.711151148229312e-08,9.238188600000285
1668,27331.36391997988,517.0590333729366,27848.42295335282,233.80061556796588,0.2132093821218821,90700325.25494167,0,False,1,0.9935281942325633,0,3.304524222795893e-06,3.7025381939605755e-08,9.243917799998599
1669,27331.381556947068,517.0403677201929,27848.421924667262,233.80069100388505,0.21320945091402654,90700325.25494167,0,False,1,0.9935421406002222,0,3.295009595862075e-06,3.693873650971841e-08,9.249401200002467
1670,27331.39920633378,517.0216920751462,27848.420898408924,233.8007664929,0.21320951975459052,90700325.25494167,0,False,1,0.9935560269577076,0,3.2854961242198534e-06,3.6851579634167406e-08,9.255130199999257
1671,27331.416867896554,517.0030066953398,27848.419874591895,233.8008420339694,0.2132095886426244,90700325.25494167,0,False,1,0.9935698536916551,0,3.275983810238728e-06,3.676391679957045e-08,9.26057170000422
1672,27331.434541392267,516.9843118378343,27848.4188532301,233.80091762605323,0.21320965757717983,90700325.25494167,0,False,1,0.9935836211853843,0,3.2664726623212255e-06,3.6675753884451734e-08,9.265999199997168
1673,27331.452226578032,516.965607759335,27848.417834337368,233.80099326811268,0.2132097265573094,90700325.25494167,0,False,1,0.9935973298189359,0,3.2569626970583072e-06,3.65870945465416e-08,9.27294200000324
1674,27331.469923211,516.9468947163281,27848.41681792733,233.8010689591089,0.21320979558206582,90700325.25494167,0,False,1,0.9936109799691056,0,3.2474539412793895e-06,3.649794557881217e-08,9.278671599997324
1675,27331.487631048287,516.9281729652247,27848.41580401351,233.80114469800307,0.2132098646505017,90700325.25494167,0,False,1,0.9936245720094791,0,3.2379464343713185e-06,3.6408310900266503e-08,9.285103200003505
1676,27331.505349846782,516.9094427625026,27848.414792609285,233.80122048375532,0.2132099337616688,90700325.25494167,0,False,1,0.9936381063104658,0,3.2284402329858584e-06,3.631819612816432e-08,9.291175700003805
1677,27331.523079363044,516.8907043648417,27848.413783727887,233.80129631532432,0.2132100029146175,90700325.25494167,0,False,1,0.9936515832393333,0,3.2189354086702965e-06,3.6227605965321504e-08,9.297005899999931
1678,27331.54081935317,516.8719580292436,27848.412777382415,233.80137219166687,0.21321007210839643,90700325.25494167,0,False,1,0.99366500316024,0,3.2094320557909133e-06,3.613654550646035e-08,9.302741300001799
1679,27331.558569572673,516.8532040131354,27848.41177358581,233.80144811173722,0.21321014134205202,90700325.25494167,0,False,1,0.9936783664342679,0,3.1999302894705113e-06,3.60450203688447e-08,9.307985400002508
1680,27331.57632977645,516.8344425744482,27848.410772350897,233.80152407448693,0.2132102106146281,90700325.25494167,0,False,1,0.9936916734194553,0,3.1904302501914873e-06,3.595303460211919e-08,9.313217200004146
1681,27331.594099718684,516.8156739716687,27848.409773690353,233.80160007886465,0.21321027992516595,90700325.25494167,0,False,1,0.9937049244708291,0,3.1809321041675557e-06,3.586059369291527e-08,9.31874699999753
1682,27331.611879152842,516.7968984638615,27848.408777616703,233.80167612381587,0.21321034927270388,90700325.25494167,0,False,1,0.9937181199404355,0,3.171436046388198e-06,3.5767702997230706e-08,9.324203299998771
1683,27331.62966783168,516.7781163106574,27848.407784142335,233.80175220828298,0.21321041865627752,90700325.25494167,0,False,1,0.9937312601773719,0,3.1619423002595566e-06,3.567436747915947e-08,9.329664700002468
1684,27331.6474655073,516.7593277722112,27848.40679327951,233.80182833120574,0.2132104880749199,90700325.25494167,0,False,1,0.9937443455278178,0,3.1524511207307913e-06,3.558059158025652e-08,9.335653100002673
1685,27331.6652719312,516.7405331091223,27848.405805040322,233.8019044915212,0.2132105575276618,90700325.25494167,0,False,1,0.993757376335065,0,3.142962795267914e-06,3.548638157096912e-08,9.340994199999841
1686,27331.683086854413,516.7217325823264,27848.40481943674,233.80198068816446,0.213210627013532,90700325.25494167,0,False,1,0.9937703529395472,0,3.133477642473899e-06,3.5391741631584734e-08,9.346272900002077
1687,27331.700910027615,516.7029264529538,27848.403836480567,233.8020569200691,0.21321069653155805,90700325.25494167,0,False,1,0.9937832756788707,0,3.123996015389456e-06,3.52966777712832e-08,9.351497499999823
1688,27331.71874120132,516.6841149821599,27848.40285618348,233.802133186168,0.21321076608076683,90700325.25494167,0,False,1,0.9937961448878428,0,3.1145182960858894e-06,3.520119482353e-08,9.356659600001876
1689,27331.73658012605,516.6652984309316,27848.401878556982,233.8022094853941,0.21321083566018523,90700325.25494167,0,False,1,0.9938089608985013,0,3.105044903362152e-06,3.5105298536237545e-08,9.361985499999719
1690,27331.754426552565,516.6464770598695,27848.400903612433,233.8022858166813,0.21321090526884104,90700325.25494167,0,False,1,0.9938217240401428,0,3.0955762822569582e-06,3.500899452668454e-08,9.367115799999738
1691,27331.772280232093,516.6276511289575,27848.39993136105,233.80236217896555,0.21321097490576396,90700325.25494167,0,False,1,0.9938344346393507,0,3.086112912857466e-06,3.4912287628340446e-08,9.37253950000013
1692,27331.790140916546,516.6088208973164,27848.398961813862,233.80243857118577,0.21321104456998632,90700325.25494167,0,False,1,0.9938470930200242,0,3.07665530127609e-06,3.4815184764837734e-08,9.377876099999412
1693,27331.80800835882,516.5899866229514,27848.397994981773,233.80251499228498,0.21321111426054426,90700325.25494167,0,False,1,0.993859699503404,0,3.0672039835065327e-06,3.471769024710815e-08,9.383210699998017
1694,27331.825882312984,516.5711485625002,27848.397030875483,233.8025914412113,0.2132111839764785,90700325.25494167,0,False,1,0.9938722544081016,0,3.0577595212927378e-06,3.461981152132747e-08,9.388799300002574
1695,27331.84376253458,516.5523069709806,27848.39606950556,233.80266791691912,0.21321125371683558,90700325.25494167,0,False,1,0.9938847580501241,0,3.0483225001455728e-06,3.452155329033551e-08,9.394266399998742
1696,27331.861648780832,516.5334621015486,27848.395110882382,233.80274441837005,0.2132113234806685,90700325.25494167,0,False,1,0.9938972107429027,0,3.038893529943195e-06,3.442292247777046e-08,9.399518099999113
1697,27331.879540810885,516.5146142052706,27848.394155016154,233.8028209445339,0.21321139326703786,90700325.25494167,0,False,1,0.9939096127973173,0,3.0294732419534815e-06,3.4323925092826165e-08,9.40491949999705
1698,27331.897438386004,516.4957635309099,27848.393201916915,233.8028974943895,0.21321146307501238,90700325.25494167,0,False,1,0.9939219645217233,0,3.0200622868278602e-06,3.4224567275332984e-08,9.410574900000938
1699,27331.915341269763,516.4769103247387,27848.3922515945,233.80297406692569,0.21321153290366995,90700325.25494167,0,False,1,0.9939342662219772,0,3.010661332159191e-06,3.4124856210203835e-08,9.41566160000366
1700,27331.933249228223,516.4580548303715,27848.391304058594,233.8030506611418,0.2132116027520981,90700325.25494167,0,False,1,0.9939465182014613,0,3.0012710629354367e-06,3.4024797514731467e-08,9.420879099998274
1701,27331.951162030033,516.4391972886278,27848.390359318662,233.80312727604834,0.2132116726193944,90700325.25494167,0,False,1,0.9939587207611089,0,2.991892178178708e-06,3.3924398765737194e-08,9.426440700000967
1702,27331.969079446557,516.420337937426,27848.389417383984,233.80320391066738,0.2132117425046671,90700325.25494167,0,False,1,0.9939708741994294,0,2.9825253870575073e-06,3.382366688686818e-08,9.4316295000026
1703,27331.987001251957,516.401477011705,27848.388478263663,233.80328056403297,0.2132118124070353,90700325.25494167,0,False,1,0.9939829788125322,0,2.9731714120000134e-06,3.372260801796215e-08,9.436846600001445
1704,27332.004927223206,516.3826147433816,27848.38754196659,233.80335723519116,0.21321188232562907,90700325.25494167,0,False,1,0.9939950348941511,0,2.96383098268001e-06,3.3621229997115344e-08,9.442385100002866
1705,27332.02285714011,516.3637513613365,27848.386608501445,233.80343392320015,0.21321195225958955,90700325.25494167,0,False,1,0.9940070427356672,0,2.9545048328322645e-06,3.3519540139884954e-08,9.447728300001472
1706,27332.040790785286,516.3448870914344,27848.385677876722,233.80351062713018,0.2132120222080689,90700325.25494167,0,False,1,0.9940190026261339,0,2.945193705493887e-06,3.3417545369924215e-08,9.453039699998044
1707,27332.058727944124,516.3260221565706,27848.384750100697,233.8035873460633,0.21321209217023,90700325.25494167,0,False,1,0.994030914852299,0,2.9358983417274886e-06,3.33152533946989e-08,9.458643300000404
1708,27332.07666840468,516.3071567767489,27848.383825181427,233.80366407909298,0.21321216214524613,90700325.25494167,0,False,1,0.9940427796986278,0,2.926619485382843e-06,3.321267205231155e-08,9.464103099999193
1709,27332.09461195759,516.2882911691815,27848.38290312677,233.80374082532379,0.21321223213230073,90700325.25494167,0,False,1,0.9940545974473258,0,2.9173578793053753e-06,3.31098085276904e-08,9.469570499997644
1710,27332.112558395937,516.2694255484143,27848.38198394435,233.80381758387068,0.21321230213058673,90700325.25494167,0,False,1,0.9940663683783618,0,2.908114262144081e-06,3.300667131211704e-08,9.475607400003355
1711,27332.13050751511,516.2505601264679,27848.381067641578,233.80389435385848,0.21321237213930602,90700325.25494167,0,False,1,0.9940780927694888,0,2.898889369762544e-06,3.2903267851793235e-08,9.481425400001172
1712,27332.14845911265,516.2316951129974,27848.380154225648,233.8039711344213,0.21321244215766896,90700325.25494167,0,False,1,0.994089770896267,0,2.889683928742518e-06,3.279960611546302e-08,9.488451999997778
1713,27332.166412988045,516.2128307154603,27848.379243703504,233.80404792470145,0.21321251218489343,90700325.25494167,0,False,1,0.9941014030320847,0,2.880498659045881e-06,3.2695694986318455e-08,9.498416700000234
1714,27332.184368942602,516.1939671392953,27848.378336081896,233.80412472384913,0.21321258222020442,90700325.25494167,0,False,1,0.9941129894481797,0,2.8713342720065257e-06,3.25915415186604e-08,9.505847400003404
1715,27332.20232677921,516.1751045881024,27848.377431367313,233.8042015310213,0.2132126522628332,90700325.25494167,0,False,1,0.9941245304136608,0,2.86219146678857e-06,3.2487154987589735e-08,9.511640400000033
1716,27332.220286302203,516.1562432638236,27848.376529566027,233.80427834538102,0.2132127223120165,90700325.25494167,0,False,1,0.9941360261955283,0,2.8530709323925547e-06,3.2382543231221713e-08,9.51725129999977
1717,27332.238247317142,516.1373833669218,27848.375630684062,233.80435516609668,0.21321279236699595,90700325.25494167,0,False,1,0.9941474770586953,0,2.8439733432207963e-06,3.227771513275486e-08,9.522769700000936
1718,27332.256209630676,516.1185250965494,27848.374734727226,233.8044319923413,0.2132128624270174,90700325.25494167,0,False,1,0.9941588832660063,0,2.8348993621892057e-06,3.2172678530307585e-08,9.528101800002332
1719,27332.27417305036,516.0996686507114,27848.373841701068,233.80450882329177,0.21321293249133028,90700325.25494167,0,False,1,0.9941702450782601,0,2.825849636595866e-06,3.206744256835207e-08,9.533838299998024
1720,27332.292137384502,516.0808142264121,27848.372951610912,233.8045856581282,0.21321300255918685,90700325.25494167,0,False,1,0.9941815627542269,0,2.816824799589415e-06,3.196201547691553e-08,9.539407800002664
1721,27332.310102442047,516.0619620197906,27848.372064461837,233.80466249603342,0.21321307262984196,90700325.25494167,0,False,1,0.9941928365506698,0,2.8078254676987164e-06,3.185640600856768e-08,9.54470130000118
1722,27332.32806803243,516.043112226238,27848.37118025867,233.80473933619237,0.2132131427025523,90700325.25494167,0,False,1,0.9942040667223634,0,2.7988522448094433e-06,3.17506231771503e-08,9.55095099999744
1723,27332.346033965507,516.0242650404995,27848.370299006005,233.8048161777918,0.21321321277657623,90700325.25494167,0,False,1,0.9942152535221137,0,2.789905715275329e-06,3.164467534333056e-08,9.556785000000673
1724,27332.364000051442,516.0054206567569,27848.3694207082,233.80489302001976,0.21321328285117339,90700325.25494167,0,False,1,0.9942263972007759,0,2.7809864506466884e-06,3.1538570998412396e-08,9.562157500004105
1725,27332.381966100656,515.9865792686949,27848.36854536935,233.8049698620654,0.21321335292560425,90700325.25494167,0,False,1,0.9942374980072748,0,2.772095002150177e-06,3.143231967878329e-08,9.567727800000284
1726,27332.399931923777,515.9677410695488,27848.367672993325,233.8050467031188,0.21321342299913024,90700325.25494167,0,False,1,0.9942485561886216,0,2.7632319091237474e-06,3.132592935320927e-08,9.573395100000198
1727,27332.4178973316,515.9489062521379,27848.36680358374,233.80512354237064,0.21321349307101337,90700325.25494167,0,False,1,0.9942595719899339,0,2.754397688686289e-06,3.1219409166175157e-08,9.578754599999229
1728,27332.435862135084,515.930075008881,27848.365937143964,233.80520037901246,0.21321356314051634,90700325.25494167,0,False,1,0.9942705456544525,0,2.745592845935379e-06,3.1112768000896784e-08,9.588278000002902
1729,27332.453826145327,515.9112475318,27848.365073677127,233.8052772122363,0.21321363320690234,90700325.25494167,0,False,1,0.9942814774235601,0,2.7368178641465725e-06,3.100601447932099e-08,9.597339699997974
1730,27332.471789173607,515.8924240125119,27848.36421318612,233.80535404123495,0.2132137032694353,90700325.25494167,0,False,1,0.9942923675367986,0,2.7280732121461716e-06,3.089915709276078e-08,9.60308310000255
1731,27332.489751031368,515.8736046422116,27848.36335567358,233.80543086520197,0.21321377332737976,90700325.25494167,0,False,1,0.9943032162318873,0,2.719359340097407e-06,3.0792204985707005e-08,9.608718299998145
1732,27332.50771153025,515.8547896116471,27848.362501141895,233.80550768333174,0.21321384338000107,90700325.25494167,0,False,1,0.994314023744739,0,2.7106766786358304e-06,3.068516717201673e-08,9.614261599999736
1733,27332.52567048215,515.8359791110903,27848.36164959324,233.80558449481975,0.2132139134265656,90700325.25494167,0,False,1,0.9943247903094784,0,2.702025641742388e-06,3.057805122856037e-08,9.619722399998864
1734,27332.54362769921,515.8171733303068,27848.360801029517,233.80566129886253,0.21321398346634057,90700325.25494167,0,False,1,0.994335516158458,0,2.6934066255284483e-06,3.047086695300951e-08,9.625235200001043
1735,27332.561582993887,515.7983724585251,27848.35995545241,233.80573809465793,0.2132140534985945,90700325.25494167,0,False,1,0.9943462015222756,0,2.68482000464306e-06,3.036362218350791e-08,9.630967800003418
1736,27332.579536178942,515.7795766844091,27848.359112863352,233.80581488140513,0.2132141235225972,90700325.25494167,0,False,1,0.9943568466297904,0,2.6762661377705183e-06,3.025632606455358e-08,9.636846599998535
1737,27332.597487067513,515.760786196036,27848.358273263548,233.80589165830494,0.21321419353761972,90700325.25494167,0,False,1,0.9943674517081394,0,2.6677453619624323e-06,3.014898656492823e-08,9.642594199998712
1738,27332.61543547307,515.7420011808803,27848.35743665395,233.80596842455955,0.2132142635429346,90700325.25494167,0,False,1,0.9943780169827539,0,2.659257996119707e-06,3.00416128291326e-08,9.64860349999799
1739,27332.633381209485,515.7232218258084,27848.356603035292,233.80604517937292,0.2132143335378159,90700325.25494167,0,False,1,0.9943885426773751,0,2.6508043385106994e-06,2.993421282595107e-08,9.654119500002707
1740,27332.651324091,515.704448317081,27848.35577240808,233.80612192195053,0.21321440352153906,90700325.25494167,0,False,1,0.99439902901407,0,2.6423846680186434e-06,2.982679465480453e-08,9.661530700002913
1741,27332.669263932192,515.6856808403685,27848.35494477256,233.80619865149936,0.2132144734933809,90700325.25494167,0,False,1,0.994409476213247,0,2.6339992427980686e-06,2.9719367460197676e-08,9.670183800000814
1742,27332.68720054801,515.6669195807776,27848.354120128788,233.80627536722795,0.2132145434526197,90700325.25494167,0,False,1,0.9944198844936719,0,2.625648299349804e-06,2.961193842710675e-08,9.676298400001542
1743,27332.705133753676,515.6481647228907,27848.353298476566,233.80635206834597,0.2132146133985347,90700325.25494167,0,False,1,0.9944302540724818,0,2.6173320545240978e-06,2.9504516438768288e-08,9.682041300002311
1744,27332.72306336467,515.6294164508166,27848.352479815487,233.80642875406429,0.21321468333040625,90700325.25494167,0,False,1,0.9944405851652022,0,2.609050702761968e-06,2.9397109072066857e-08,9.68797210000048
1745,27332.740989196645,515.6106749482537,27848.3516641449,233.80650542359442,0.21321475324751535,90700325.25494167,0,False,1,0.9944508779857604,0,2.600804415674723e-06,2.928972507960612e-08,9.69386040000245
1746,27332.758911065408,515.5919403985644,27848.350851463973,233.8065820761486,0.2132148231491436,90700325.25494167,0,False,1,0.9944611327465004,0,2.592593343422974e-06,2.9182370862554937e-08,9.699228899997252
1747,27332.776828786755,515.5732129848587,27848.350041771613,233.806658710939,0.21321489303457256,90700325.25494167,0,False,1,0.9944713496581985,0,2.584417613291127e-06,2.9075055957331266e-08,9.704916800001229
1748,27332.79474217647,515.5544928900874,27848.34923506656,233.80673532717773,0.21321496290308375,90700325.25494167,0,False,1,0.9944815289300767,0,2.576277327616756e-06,2.8967786373200106e-08,9.710399399999005
1749,27332.812651050157,515.5357802971416,27848.348431347298,233.80681192407613,0.21321503275395792,90700325.25494167,0,False,1,0.9944916707698178,0,2.56817256579116e-06,2.8860570993404947e-08,9.716037199999846
1750,27332.830555223176,515.5170753889573,27848.347630612134,233.80688850084454,0.21321510258647497,90700325.25494167,0,False,1,0.994501775383579,0,2.560103382882298e-06,2.875341661102488e-08,9.723547300003702
1751,27332.848454510535,515.4983783486244,27848.34683285916,233.80696505669172,0.2132151723999134,90700325.25494167,0,False,1,0.9945118429760057,0,2.5520698086106276e-06,2.8646330672316695e-08,9.729154499997094
1752,27332.866348726777,515.4796893594956,27848.34603808627,233.80704159082453,0.21321524219354984,90700325.25494167,0,False,1,0.9945218737502465,0,2.544071848257906e-06,2.85393202316321e-08,9.734546799998498
1753,27332.88423768586,515.4610086052952,27848.345246291155,233.80711810244725,0.21321531196665874,90700325.25494167,0,False,1,0.9945318679079651,0,2.5361094814901684e-06,2.8432392865865188e-08,9.740992600003665
1754,27332.902121201092,515.4423362702241,27848.344457471318,233.80719459076144,0.2132153817185119,90700325.25494167,0,False,1,0.9945418256493554,0,2.5281826600217408e-06,2.8325555106828115e-08,9.747368299998925
1755,27332.919999085003,515.4236725390617,27848.343671624065,233.80727105496527,0.21321545144837814,90700325.25494167,0,False,1,0.9945517471731544,0,2.520291311402634e-06,2.821881400887535e-08,9.753455700003542
1756,27332.937871149265,515.4050175972582,27848.342888746523,233.80734749425332,0.213215521155523,90700325.25494167,0,False,1,0.9945616326766545,0,2.5124353387261147e-06,2.811217610382077e-08,9.759472199999436
1757,27332.95573720461,515.3863716310203,27848.34210883563,233.80742390781612,0.21321559083920827,90700325.25494167,0,False,1,0.9945714823557184,0,2.504614615904721e-06,2.8005648184749817e-08,9.765311900002416
1758,27332.973597060765,515.3677348273852,27848.34133188815,233.80750029483983,0.21321566049869178,90700325.25494167,0,False,1,0.9945812964047901,0,2.4968289936089684e-06,2.7899236391571866e-08,9.771398099997896
1759,27332.991450526388,515.3491073742845,27848.340557900672,233.80757665450616,0.21321573013322734,90700325.25494167,0,False,1,0.9945910750169095,0,2.489078294693068e-06,2.77929471254678e-08,9.776871300004132
1760,27333.009297409015,515.3304894605931,27848.33978686961,233.80765298599195,0.21321579974206425,90700325.25494167,0,False,1,0.9946008183837234,0,2.4813623179101154e-06,2.7686786656983883e-08,9.78236889999971
1761,27333.027137515048,515.3118812761671,27848.339018791215,233.8077292884692,0.2132158693244475,90700325.25494167,0,False,1,0.9946105266954994,0,2.473680837463884e-06,2.7580760603490143e-08,9.790948800000479
1762,27333.044970649717,515.2932830118649,27848.338253661583,233.80780556110489,0.21321593887961734,90700325.25494167,0,False,1,0.9946202001411376,0,2.4660336027530783e-06,2.7474874974263446e-08,9.798989800001436
1763,27333.062796617087,515.2746948595557,27848.337491476643,233.80788180306106,0.21321600840680968,90700325.25494167,0,False,1,0.9946298389081831,0,2.4584203391002644e-06,2.736913538667513e-08,9.804849200001627
1764,27333.08061522006,515.2561170121127,27848.336732232172,233.80795801349475,0.21321607790525576,90700325.25494167,0,False,1,0.9946394431828375,0,2.4508407493204154e-06,2.7263547458097162e-08,9.81064879999758
1765,27333.098426260418,515.2375496633924,27848.335975923812,233.80803419155816,0.2132161473741825,90700325.25494167,0,False,1,0.9946490131499722,0,2.443294514901709e-06,2.715811602208967e-08,9.816609000001336
1766,27333.11622953885,515.2189930082002,27848.335222547048,233.80811033639893,0.21321621681281255,90700325.25494167,0,False,1,0.9946585489931392,0,2.4357812944619156e-06,2.705284669602574e-08,9.822626699999091
1767,27333.134024854986,515.200447242243,27848.334472097227,233.8081864471601,0.21321628622036445,90700325.25494167,0,False,1,0.994668050894583,0,2.4283007272322402e-06,2.6947744444101993e-08,9.828005000003031
1768,27333.151812007512,515.1819125620707,27848.333724569584,233.8082625229806,0.213216355596053,90700325.25494167,0,False,1,0.9946775190352524,0,2.4208524333953616e-06,2.684281331606761e-08,9.833615800002008
1769,27333.16959079418,515.1633891650065,27848.332979959185,233.80833856299557,0.21321642493908946,90700325.25494167,0,False,1,0.994686953594812,0,2.413436015107012e-06,2.6738059321203466e-08,9.83956169999874
1770,27333.18736101195,515.1448772490676,27848.33223826102,233.80841456633655,0.21321649424868186,90700325.25494167,0,False,1,0.9946963547516539,0,2.406051058808571e-06,2.6633485202905436e-08,9.845753300003707
1771,27333.205122457035,515.1263770128799,27848.331499469914,233.80849053213203,0.21321656352403545,90700325.25494167,0,False,1,0.994705722682908,0,2.3986971344032487e-06,2.6529096970455286e-08,9.851732100003574
1772,27333.222874925028,515.1078886555844,27848.330763580612,233.80856645950774,0.213216632764353,90700325.25494167,0,False,1,0.9947150575644544,0,2.3913737980748126e-06,2.6424897367249594e-08,9.857615000000806
1773,27333.240618211003,515.0894123767403,27848.330030587742,233.80864234758732,0.21321670196883527,90700325.25494167,0,False,1,0.9947243595709333,0,2.3840805926586233e-06,2.6320890704310327e-08,9.863692200000514
1774,27333.258352109588,515.0709483762242,27848.329300485813,233.8087181954924,0.21321677113668128,90700325.25494167,0,False,1,0.9947336288757563,0,2.3768170529604137e-06,2.621708116202439e-08,9.869675300004019
1775,27333.276076415128,515.0524968541298,27848.328573269257,233.8087940023434,0.21321684026708895,90700325.25494167,0,False,1,0.9947428656511177,0,2.369582701767661e-06,2.611347161442461e-08,9.875504399999045
1776,27333.29379092172,515.0340580106646,27848.327848932386,233.80886976725978,0.21321690935925522,90700325.25494167,0,False,1,0.994752070068004,0,2.3623770536787115e-06,2.6010066241898432e-08,9.881019699998433
1777,27333.31149542339,515.01563204605,27848.327127469438,233.80894548936055,0.21321697841237675,90700325.25494167,0,False,1,0.994761242296206,0,2.3551996192448085e-06,2.5906867787843717e-08,9.886550800001714
1778,27333.329189714146,514.9972191604236,27848.32640887457,233.8090211677648,0.21321704742565017,90700325.25494167,0,False,1,0.9947703825043277,0,2.348049902858453e-06,2.5803879126293908e-08,9.89194960000168
1779,27333.346873588096,514.9788195537451,27848.32569314184,233.80909680159195,0.21321711639827248,90700325.25494167,0,False,1,0.994779490859798,0,2.340927405635211e-06,2.5701103915095346e-08,9.89796909999859
1780,27333.364546839548,514.9604334257066,27848.324980265254,233.80917238996227,0.21321718532944145,90700325.25494167,0,False,1,0.9947885675288797,0,2.3338316285480786e-06,2.5598543852562735e-08,9.903963600001589
1781,27333.382209263065,514.9420609756484,27848.324270238714,233.8092479319972,0.21321725421835583,90700325.25494167,0,False,1,0.9947976126766807,0,2.3267620717509142e-06,2.549620272717818e-08,9.909592299998621
1782,27333.399860653604,514.9237024024798,27848.323563056085,233.80932342681976,0.21321732306421592,90700325.25494167,0,False,1,0.9948066264671631,0,2.3197182356435275e-06,2.5394081975985662e-08,9.915015899998252
1783,27333.417500806547,514.9053579046076,27848.322858711155,233.8093988735549,0.21321739186622377,90700325.25494167,0,False,1,0.9948156090631542,0,2.312699626694981e-06,2.5292184211748342e-08,9.921149800000421
1784,27333.435129517788,514.8870276798692,27848.322157197657,233.8094742713297,0.21321746062358327,90700325.25494167,0,False,1,0.9948245606263549,0,2.305705751903512e-06,2.5190511524687604e-08,9.92776369999774
1785,27333.452746583782,514.868711925472,27848.321458509254,233.8095496192736,0.2132175293355006,90700325.25494167,0,False,1,0.9948334813173508,0,2.2987361269678974e-06,2.5089066396931284e-08,9.933850900000834
1786,27333.470351801643,514.8504108379399,27848.32076263958,233.80962491651897,0.21321759800118448,90700325.25494167,0,False,1,0.9948423712956209,0,2.291790272910814e-06,2.498784974298156e-08,9.945985600003041
1787,27333.487944969154,514.8321246130632,27848.320069582216,233.80970016220095,0.21321766661984626,90700325.25494167,0,False,1,0.9948512307195476,0,2.284867717713129e-06,2.488686378369532e-08,9.958071000000928
1788,27333.505525884822,514.8138534458552,27848.31937933068,233.80977535545782,0.2132177351907001,90700325.25494167,0,False,1,0.9948600597464253,0,2.2779680005491e-06,2.478611047865851e-08,9.970532100000128
1789,27333.523094347962,514.7955975305116,27848.318691878474,233.80985049543128,0.21321780371296326,90700325.25494167,0,False,1,0.9948688585324715,0,2.271090668301253e-06,2.4685590350466726e-08,9.983110499997565
1790,27333.540650158673,514.7773570603738,27848.318007219048,233.80992558126644,0.21321787218585622,90700325.25494167,0,False,1,0.9948776272328337,0,2.2642352791946677e-06,2.4585305619976785e-08,9.995140999999421
1791,27333.558193117933,514.7591322278943,27848.317325345826,233.8100006121121,0.2132179406086027,90700325.25494167,0,False,1,0.9948863660016005,0,2.2574014022020648e-06,2.44852569404196e-08,10.006637500002398
1792,27333.575723027592,514.7409232246042,27848.316646252195,233.81007558712088,0.21321800898042992,90700325.25494167,0,False,1,0.9948950749918092,0,2.2505886195780432e-06,2.4385445748838915e-08,10.017967899999348
1793,27333.59323969044,514.7227302410811,27848.315969931522,233.81015050544934,0.21321807730056877,90700325.25494167,0,False,1,0.994903754355456,0,2.243796522566727e-06,2.4285872698465412e-08,10.02681560000201
1794,27333.610742910227,514.7045534669163,27848.315296377143,233.8102253662582,0.2132181455682539,90700325.25494167,0,False,1,0.9949124042435034,0,2.237024718764388e-06,2.4186538965071626e-08,10.043884999999136
1795,27333.62823249169,514.6863930906816,27848.31462558237,233.81030016871236,0.2132182137827237,90700325.25494167,0,False,1,0.994921024805891,0,2.2302728259021456e-06,2.4087445332523475e-08,10.056291799999599
1796,27333.645708240612,514.6682492998934,27848.313957540508,233.81037491198123,0.2132182819432208,90700325.25494167,0,False,1,0.9949296161915413,0,2.2235404743895408e-06,2.3988592192780205e-08,10.063099400002102
1797,27333.663169963853,514.6501222809752,27848.313292244828,233.8104495952388,0.21321835004899184,90700325.25494167,0,False,1,0.9949381785483716,0,2.216827310541228e-06,2.3889980590978442e-08,10.070164500000828
1798,27333.680617469377,514.6320122192162,27848.312629688593,233.8105242176638,0.21321841809928802,90700325.25494167,0,False,1,0.9949467120232998,0,2.2101329900087476e-06,2.379161091907711e-08,10.077488800001447
1799,27333.69805056634,514.6139192987263,27848.311969865066,233.81059877844007,0.2132184860933649,90700325.25494167,0,False,1,0.994955216762254,0,2.2034571848748494e-06,2.3693483177128378e-08,10.084261099997093
1800,27333.715469065093,514.5958437023869,27848.31131276748,233.81067327675652,0.21321855403048295,90700325.25494167,0,False,1,0.9949636929101806,0,2.196799574729085e-06,2.359559841026837e-08,10.091090599999006
1801,27333.732872777262,514.5777856117988,27848.310658389062,233.81074771180755,0.21321862190990748,90700325.25494167,0,False,1,0.9949721406110532,0,2.19015985748385e-06,2.3497956879819937e-08,10.098304600003758
1802,27333.750261515823,514.5597452072237,27848.310006723048,233.81082208279335,0.21321868973090913,90700325.25494167,0,False,1,0.9949805600078796,0,2.1835377372250913e-06,2.3400558193928068e-08,10.105086499999743
1803,27333.767635095122,514.541722667523,27848.309357762646,233.81089638891993,0.21321875749276378,90700325.25494167,0,False,1,0.9949889512427104,0,2.1769329334144077e-06,2.3303403397728337e-08,10.11200220000319
1804,27333.78499333099,514.5237181700932,27848.308711501086,233.81097062939963,0.21321882519475324,90700325.25494167,0,False,1,0.9949973144566472,0,2.170345174332624e-06,2.32064917074587e-08,10.118822800002818
1805,27333.802336040782,514.5057318907956,27848.30806793158,233.8110448034514,0.21321889283616519,90700325.25494167,0,False,1,0.9950056497898503,0,2.1637741981874346e-06,2.3109823776347707e-08,10.126411199998984
1806,27333.81966304344,514.4877640038859,27848.307427047326,233.81111891030093,0.21321896041629348,90700325.25494167,0,False,1,0.9950139573815467,0,2.1572197536733737e-06,2.301339999635267e-08,10.132646600002772
1807,27333.836974159625,514.4698146819383,27848.306788841564,233.81119294918122,0.21321902793443873,90700325.25494167,0,False,1,0.9950222373700379,0,2.1506815983743762e-06,2.291721906116863e-08,10.139999999999418
1808,27333.854269211726,514.4518840957707,27848.306153307498,233.81126691933272,0.21321909538990824,90700325.25494167,0,False,1,0.995030489892707,0,2.1441594979795365e-06,2.2821282146565645e-08,10.146413499998744
1809,27333.871548023984,514.4339724143668,27848.305520438353,233.81134082000378,0.21321916278201658,90700325.25494167,0,False,1,0.9950387150860271,0,2.1376532248502606e-06,2.2725588468780414e-08,10.152188200001547
1810,27333.888810422548,514.4160798047997,27848.304890227348,233.81141465045093,0.21321923011008576,90700325.25494167,0,False,1,0.995046913085568,0,2.1311625605590923e-06,2.263013828913375e-08,10.15842810000322
1811,27333.90605623556,514.3982064321552,27848.304262667712,233.81148840993916,0.2132192973734455,90700325.25494167,0,False,1,0.9950550840260046,0,2.124687289823723e-06,2.2534931215768465e-08,10.164407399999618
1812,27333.92328529324,514.3803524594578,27848.3036377527,233.81156209774247,0.21321936457143373,90700325.25494167,0,False,1,0.9950632280411236,0,2.1182272039260484e-06,2.243996646492043e-08,10.170387799997116
1813,27333.940497427946,514.3625180475983,27848.303015475543,233.81163571314386,0.2132194317033966,90700325.25494167,0,False,1,0.9950713452638311,0,2.111782100843758e-06,2.2345244559180815e-08,10.176211700003478
1814,27333.95769247423,514.3447033552657,27848.302395829494,233.81170925543583,0.21321949876868893,90700325.25494167,0,False,1,0.9950794358261598,0,2.105351779076624e-06,2.2250765106691664e-08,10.18204610000248
1815,27333.97487026894,514.3269085388827,27848.30177880782,233.81178272392066,0.21321956576667445,90700325.25494167,0,False,1,0.9950874998592755,0,2.098936042995715e-06,2.215652732368804e-08,10.188622900001064
1816,27333.992030651243,514.3091337525469,27848.30116440379,233.8118561179105,0.2132196326967259,90700325.25494167,0,False,1,0.9950955374934856,0,2.0925346995713954e-06,2.206253134085368e-08,10.194188499997836
1817,27334.00917346272,514.2913791479772,27848.300552610697,233.81192943672792,0.21321969955822548,90700325.25494167,0,False,1,0.9951035488582447,0,2.0861475573815463e-06,2.1968776113151966e-08,10.19963789999747
1818,27334.026298547367,514.2736448744665,27848.299943421833,233.81200267970576,0.2132197663505648,90700325.25494167,0,False,1,0.9951115340821629,0,2.0797744286228326e-06,2.1875261771266104e-08,10.20634229999996
1819,27334.04340575166,514.2559310788417,27848.299336830503,233.81207584618747,0.21321983307314515,90700325.25494167,0,False,1,0.9951194932930115,0,2.0734151246482455e-06,2.1781987792701202e-08,10.21196520000376
1820,27334.060494924608,514.2382379054299,27848.298732830037,233.81214893552735,0.21321989972537767,90700325.25494167,0,False,1,0.9951274266177301,0,2.0670694599738413e-06,2.1688953393690923e-08,10.217531900001632
1821,27334.077565917727,514.2205654960331,27848.29813141376,233.8122219470904,0.21321996630668333,90700325.25494167,0,False,1,0.9951353341824339,0,2.060737247241473e-06,2.159615857428213e-08,10.22390969999833
1822,27334.094618585128,514.2029139899093,27848.297532575038,233.81229488025272,0.21322003281649313,90700325.25494167,0,False,1,0.9951432161124202,0,2.0544183016206494e-06,2.1503602158801165e-08,10.228943000001891
1823,27334.11165278346,514.1852835237618,27848.296936307222,233.81236773440133,0.21322009925424812,90700325.25494167,0,False,1,0.9951510725321739,0,2.048112438031041e-06,2.1411284277929936e-08,10.233993499998178
1824,27334.128668371966,514.1676742317354,27848.296342603702,233.8124405089343,0.21322016561939933,90700325.25494167,0,False,1,0.9951589035653763,0,2.0418194712192122e-06,2.1319203886629804e-08,10.24011359999713
1825,27334.14566521246,514.1500862454204,27848.29575145788,233.81251320326064,0.21322023191140788,90700325.25494167,0,False,1,0.9951667093349094,0,2.035539214434406e-06,2.1227360331768586e-08,10.245336799998768
1826,27334.162643169308,514.1325196938627,27848.29516286317,233.81258581680032,0.21322029812974477,90700325.25494167,0,False,1,0.9951744899628637,0,2.029271482321122e-06,2.11357533521206e-08,10.250861100001202
1827,27334.179602109434,514.1149747035809,27848.294576813016,233.81265834898431,0.21322036427389113,90700325.25494167,0,False,1,0.9951822455705438,0,2.0230160881503766e-06,2.1044381772010715e-08,10.257468000003428
1828,27334.19654190227,514.0974513985884,27848.29399330086,233.81273079925427,0.21322043034333774,90700325.25494167,0,False,1,0.9951899762784754,0,2.0167728447568973e-06,2.0953245591483906e-08,10.262589899997693
1829,27334.213462419757,514.0799499004221,27848.293412320178,233.8128031670625,0.2132204963375852,90700325.25494167,0,False,1,0.9951976822064108,0,2.010541564481966e-06,2.086234376550006e-08,10.2678853000034
1830,27334.230363536284,514.0624703281756,27848.29283386446,233.81287545187192,0.2132205622561437,90700325.25494167,0,False,1,0.9952053634733358,0,2.0043220593026856e-06,2.0771675640925576e-08,10.27333229999931
1831,27334.247245128703,514.0450127985346,27848.292257927238,233.81294765315587,0.21322062809853295,90700325.25494167,0,False,1,0.995213020197475,0,1.998114139780563e-06,2.0681239780812906e-08,10.278600099998584
1832,27334.26410707621,514.0275774258192,27848.29168450203,233.81301977039777,0.21322069386428188,90700325.25494167,0,False,1,0.9952206524962992,0,1.991917617120328e-06,2.059103670774836e-08,10.284197200002382
1833,27334.280949260366,514.0101643220263,27848.291113582392,233.81309180309117,0.21322075955292866,90700325.25494167,0,False,1,0.9952282604865293,0,1.985732302356144e-06,2.0501064984783828e-08,10.289879299998574
1834,27334.297771565034,513.9927735968744,27848.290545161908,233.8131637507394,0.21322082516402036,90700325.25494167,0,False,1,0.995235844284145,0,1.9795580040182004e-06,2.041132369751332e-08,10.295360199997958
1835,27334.31457387634,513.9754053578508,27848.289979234192,233.8132356128555,0.21322089069711286,90700325.25494167,0,False,1,0.9952434040043884,0,1.9733945329965488e-06,2.03218116702593e-08,10.304655799998727
1836,27334.331356082585,513.9580597102602,27848.289415792846,233.81330738896187,0.2132209561517707,90700325.25494167,0,False,1,0.9952509397617704,0,1.9672416985753173e-06,2.023252942560705e-08,10.315160899997863
1837,27334.34811807426,513.9407367572712,27848.28885483153,233.8133790785902,0.21322102152756675,90700325.25494167,0,False,1,0.9952584516700772,0,1.9610993094144296e-06,2.014347474279349e-08,10.32500440000149
1838,27334.364859743953,513.9234365999657,27848.28829634392,233.81345068128118,0.2132210868240822,90700325.25494167,0,False,1,0.9952659398423759,0,1.954967175679609e-06,2.0054647360589585e-08,10.330922599998303
1839,27334.381580986323,513.9061593373864,27848.28774032371,233.81352219658436,0.21322115204090622,90700325.25494167,0,False,1,0.9952734043910191,0,1.9488451059331384e-06,1.9966046103316632e-08,10.336515499999223
1840,27334.39828169804,513.8889050665828,27848.28718676462,233.8135936240579,0.2132212171776359,90700325.25494167,0,False,1,0.9952808454276518,0,1.9427329103808012e-06,1.9877670579109433e-08,10.342189700000745
1841,27334.414961777755,513.8716738826577,27848.286635660414,233.81366496326837,0.213221282233876,90700325.25494167,0,False,1,0.9952882630632165,0,1.936630397877625e-06,1.9789518959110506e-08,10.348473700003524
1842,27334.43162112604,513.8544658788113,27848.286087004853,233.81373621379066,0.21322134720923888,90700325.25494167,0,False,1,0.9952956574079583,0,1.930537377286217e-06,1.9701591243360992e-08,10.354350300003716
1843,27334.44825964536,513.8372811463854,27848.285540791745,233.8138073752077,0.21322141210334414,90700325.25494167,0,False,1,0.995303028571431,0,1.9244536578127187e-06,1.9613885994909735e-08,10.36068250000244
1844,27334.464877240014,513.8201197749038,27848.28499701492,233.8138784471102,0.21322147691581858,90700325.25494167,0,False,1,0.9953103766625025,0,1.9183790491856512e-06,1.9526402299347834e-08,10.366677800004254
1845,27334.481473816115,513.8029818521143,27848.28445566823,233.8139494290968,0.21322154164629617,90700325.25494167,0,False,1,0.9953177017893594,0,1.91231335968383e-06,1.94391392422661e-08,10.374308899998141
1846,27334.498049281538,513.7858674640278,27848.283916745564,233.8140203207735,0.2132216062944176,90700325.25494167,0,False,1,0.9953250040595131,0,1.9062563977251654e-06,1.935209564798376e-08,10.38166800000181
1847,27334.51460354589,513.7687766949565,27848.283380240846,233.8140911217538,0.21322167085983043,90700325.25494167,0,False,1,0.9953322835798047,0,1.900207972132955e-06,1.926527034081973e-08,10.388381400000071
1848,27334.531136520447,513.7517096275525,27848.282846148,233.81416183165828,0.21322173534218863,90700325.25494167,0,False,1,0.9953395404564105,0,1.8941678888094827e-06,1.9178663190177893e-08,10.394718399998965
1849,27334.547648118165,513.7346663428439,27848.28231446101,233.81423245011482,0.2132217997411529,90700325.25494167,0,False,1,0.9953467747948471,0,1.8881359558371744e-06,1.9092271975291355e-08,10.400603900001443
1850,27334.5641382536,513.7176469202735,27848.281785173876,233.81430297675803,0.21322186405639,90700325.25494167,0,False,1,0.995353986699976,0,1.8821119780264073e-06,1.9006096173656444e-08,10.409140499999921
1851,27334.580606842886,513.7006514377354,27848.281258280622,233.8143734112293,0.2132219282875729,90700325.25494167,0,False,1,0.9953611762760091,0,1.876095759837749e-06,1.8920135132133586e-08,10.414835600000515
1852,27334.597053803707,513.6836799716117,27848.28073377532,233.81444375317668,0.21322199243438064,90700325.25494167,0,False,1,0.9953683436265139,0,1.8700871043912493e-06,1.8834386891226285e-08,10.421581299997342
1853,27334.61347905524,513.666732596813,27848.28021165205,233.81451400225453,0.21322205649649803,90700325.25494167,0,False,1,0.9953754888544187,0,1.8640858125134458e-06,1.874885105906571e-08,10.42883989999973
1854,27334.629882518144,513.6498093868163,27848.27969190496,233.81458415812367,0.21322212047361577,90700325.25494167,0,False,1,0.9953826120620162,0,1.8580916837681315e-06,1.866352554551907e-08,10.435267200002272
1855,27334.646264114468,513.6329104137058,27848.279174528172,233.81465422045073,0.21322218436542986,90700325.25494167,0,False,1,0.9953897133509696,0,1.8521045172274233e-06,1.8578411134438056e-08,10.442952800003695
1856,27334.662623767683,513.6160357482157,27848.278659515898,233.8147241889085,0.2132222481716419,90700325.25494167,0,False,1,0.9953967928223176,0,1.8461241068552854e-06,1.8493504429332567e-08,10.448747800001001
1857,27334.678961402573,513.5991854597739,27848.278146862347,233.81479406317544,0.21322231189195864,90700325.25494167,0,False,1,0.9954038505764784,0,1.8401502457488957e-06,1.8408805691511048e-08,10.455967300003977
1858,27334.695276945233,513.5823596165476,27848.27763656178,233.8148638429355,0.2132223755260919,90700325.25494167,0,False,1,0.9954108867132545,0,1.8341827261774955e-06,1.832431309211087e-08,10.461743699997896
1859,27334.711570322976,513.56555828549,27848.277128608464,233.81493352787788,0.21322243907375824,90700325.25494167,0,False,1,0.9954179013318379,0,1.8282213351400433e-06,1.8240026239261593e-08,10.46852729999955
1860,27334.727841464344,513.548781532391,27848.276622996735,233.81500311769707,0.21322250253467906,90700325.25494167,0,False,1,0.995424894530815,0,1.8222658577438495e-06,1.8155942912192957e-08,10.47653320000245
1861,27334.744090299006,513.5320294219279,27848.276119720933,233.81507261209234,0.2132225659085801,90700325.25494167,0,False,1,0.9954318664081699,0,1.8163160788266774e-06,1.8072062719033968e-08,10.483722700002545
1862,27334.76031675774,513.5153020177177,27848.275618775457,233.81514201076772,0.2132226291951915,90700325.25494167,0,False,1,0.9954388170612908,0,1.8103717786663038e-06,1.798838370028514e-08,10.490003500002786
1863,27334.776520772342,513.4985993823724,27848.275120154714,233.81521131343163,0.2132226923942473,90700325.25494167,0,False,1,0.9954457465869727,0,1.8044327355344133e-06,1.7904905464074946e-08,10.496029399997497
1864,27334.79270227561,513.481921577555,27848.27462385316,233.8152805197967,0.21322275550548547,90700325.25494167,0,False,1,0.9954526550814233,0,1.7984987254981311e-06,1.782162631217471e-08,10.502627000001667
1865,27334.808861201265,513.4652686640355,27848.2741298653,233.81534962957957,0.21322281852864763,90700325.25494167,0,False,1,0.9954595426402668,0,1.7925695240827426e-06,1.7738544546355436e-08,10.50949910000054
1866,27334.824997483895,513.4486407017497,27848.273638185645,233.81541864250053,0.21322288146347865,90700325.25494167,0,False,1,0.9954664093585487,0,1.7866449030775974e-06,1.7655659905380517e-08,10.516510300003574
1867,27334.8411110589,513.4320377498567,27848.273148808756,233.81548755828345,0.21322294430972677,90700325.25494167,0,False,1,0.9954732553307397,0,1.7807246345992855e-06,1.7572970429749016e-08,10.522781600004237
1868,27334.85720186244,513.4154598667977,27848.27266172924,233.8155563766553,0.21322300706714298,90700325.25494167,0,False,1,0.9954800806507402,0,1.7748084904531396e-06,1.7490474682502487e-08,10.529680699997698
1869,27334.873269831376,513.3989071103537,27848.27217694173,233.8156250973462,0.2132230697354812,90700325.25494167,0,False,1,0.9954868854118847,0,1.7688962406900371e-06,1.7408171618589324e-08,10.53688250000414
1870,27334.889314903194,513.3823795377023,27848.271694440897,233.81569372008883,0.21322313231449758,90700325.25494167,0,False,1,0.9954936697069463,0,1.7629876569086758e-06,1.7326059931686235e-08,10.54402900000423
1871,27334.90533701597,513.365877205475,27848.271214221444,233.81576224461844,0.21322319480395074,90700325.25494167,0,False,1,0.9955004336281402,0,1.757082511301565e-06,1.7244138446105386e-08,10.550322900002357
1872,27334.921336108317,513.3494001698109,27848.27073627813,233.81583067067257,0.21322325720360133,90700325.25494167,0,False,1,0.9955071772671289,0,1.7511805789984315e-06,1.716240520234439e-08,10.557413200003793
1873,27334.937312119313,513.332948486409,27848.27026060572,233.8158989979908,0.21322331951321188,90700325.25494167,0,False,1,0.9955139007150252,0,1.7452816354616444e-06,1.708085980852914e-08,10.564603500002704
1874,27334.95326498847,513.3165222105802,27848.269787199053,233.81596722631443,0.21322338173254646,90700325.25494167,0,False,1,0.9955206040623972,0,1.7393854637865899e-06,1.699949991324955e-08,10.571930300000531
1875,27334.969194655685,513.3001213972925,27848.269316052978,233.81603535538653,0.21322344386137076,90700325.25494167,0,False,1,0.9955272873992719,0,1.7334918470527293e-06,1.6918324863359564e-08,10.578337200000533
1876,27334.98510106119,513.2837461012184,27848.268847162406,233.81610338495162,0.21322350589945183,90700325.25494167,0,False,1,0.9955339508151392,0,1.7276005769988384e-06,1.6837332568719957e-08,10.584236299997428
1877,27335.00098414549,513.2673963767746,27848.268380522262,233.81617131475525,0.21322356784655758,90700325.25494167,0,False,1,0.9955405943989568,0,1.721711451879968e-06,1.6756522506819896e-08,10.590484899999865
1878,27335.016843849364,513.2510722781609,27848.267916127526,233.81623914454428,0.2132236297024572,90700325.25494167,0,False,1,0.9955472182391527,0,1.715824276537696e-06,1.6675892718155338e-08,10.597868099997868
1879,27335.03268011382,513.2347738593947,27848.267453973218,233.81630687406653,0.21322369146692072,90700325.25494167,0,False,1,0.9955538224236301,0,1.7099388658139394e-06,1.6595441765764853e-08,10.60427720000007
1880,27335.048492880036,513.2185011743418,27848.26699405438,233.8163745030704,0.2132237531397187,90700325.25494167,0,False,1,0.9955604070397711,0,1.7040550433636255e-06,1.6515168865865415e-08,10.610883100001956
1881,27335.06428208937,513.2022542767429,27848.266536366114,233.8164420313053,0.21322381472062257,90700325.25494167,0,False,1,0.9955669721744406,0,1.6981726459980275e-06,1.6435071667044965e-08,10.6175046999997
1882,27335.080047683303,513.1860332202376,27848.26608090354,233.81650945852093,0.21322387620940417,90700325.25494167,0,False,1,0.9955735179139898,0,1.6922915220524816e-06,1.6355149908062906e-08,10.624987299997883
1883,27335.095789603452,513.1698380583832,27848.265627661836,233.81657678446774,0.21322393760583586,90700325.25494167,0,False,1,0.9955800443442603,0,1.6864115339967916e-06,1.6275401237506646e-08,10.631018500003847
1884,27335.11150779153,513.1536688446712,27848.265176636203,233.81664400889656,0.2132239989096904,90700325.25494167,0,False,1,0.9955865515505881,0,1.68053255887161e-06,1.6195824871592166e-08,10.637302399998589
1885,27335.127202189346,513.1375256325387,27848.264727821883,233.81671113155855,0.2132240601207409,90700325.25494167,0,False,1,0.9955930396178063,0,1.674654490032458e-06,1.6116419373356517e-08,10.644517100001394
1886,27335.14287273879,513.1214084753772,27848.264281214168,233.81677815220527,0.21322412123876083,90700325.25494167,0,False,1,0.9955995086302503,0,1.6687772390315896e-06,1.6037182913929272e-08,10.650642900000094
1887,27335.158519381825,513.1053174265393,27848.263836808364,233.81684507058864,0.21322418226352388,90700325.25494167,0,False,1,0.9956059586717599,0,1.6629007342284457e-06,1.5958114970797186e-08,10.657808700001624
1888,27335.174142060485,513.0892525393396,27848.263394599824,233.8169118864608,0.2132242431948041,90700325.25494167,0,False,1,0.9956123898256845,0,1.6570249246843558e-06,1.5879213976360854e-08,10.663512699997227
1889,27335.18974071689,513.073213867056,27848.262954583948,233.8169785995743,0.21322430403237577,90700325.25494167,0,False,1,0.9956188021748851,0,1.6511497809682913e-06,1.58004781017491e-08,10.670477300001949
1890,27335.205315293228,513.0572014629269,27848.262516756153,233.81704520968196,0.21322436477601353,90700325.25494167,0,False,1,0.9956251958017389,0,1.6452752927684754e-06,1.5721906824448018e-08,10.676965200000268
1891,27335.22086573176,513.0412153801452,27848.262081111905,233.81711171653694,0.21322442542549225,90700325.25494167,0,False,1,0.9956315707881428,0,1.6394014734506837e-06,1.5643498315585964e-08,10.683163499998045
1892,27335.23639197483,513.0252556718539,27848.261647646686,233.81717811989276,0.21322448598058716,90700325.25494167,0,False,1,0.9956379272155162,0,1.6335283601541207e-06,1.5565252052648602e-08,10.691910100002133
1893,27335.251893964887,513.0093223911358,27848.261216356022,233.81724441950337,0.21322454644107386,90700325.25494167,0,False,1,0.9956442651648055,0,1.627656011349407e-06,1.5487166468035352e-08,10.697847399998864
1894,27335.26737164447,512.9934155910049,27848.260787235475,233.81731061512306,0.21322460680672833,90700325.25494167,0,False,1,0.9956505847164865,0,1.6217845128789737e-06,1.5409240255416912e-08,10.70426910000242
1895,27335.282824956223,512.9775353243954,27848.26036028062,233.81737670650668,0.21322466707732698,90700325.25494167,0,False,1,0.9956568859505683,0,1.615913974124382e-06,1.533147289227833e-08,10.710546700000123
1896,27335.29825384292,512.9616816441502,27848.25993548707,233.8174426934095,0.21322472725264666,90700325.25494167,0,False,1,0.995663168946597,0,1.6100445299031147e-06,1.52538630722899e-08,10.716877200000454
1897,27335.31365824746,512.9458546030086,27848.25951285047,233.81750857558748,0.21322478733246478,90700325.25494167,0,False,1,0.9956694337836582,0,1.6041763388539017e-06,1.5176409619757455e-08,10.723710199999914
1898,27335.32903811289,512.9300542535941,27848.259092366483,233.81757435279707,0.21322484731655925,90700325.25494167,0,False,1,0.9956756805403812,0,1.5983095877432229e-06,1.50991118815297e-08,10.732151500000327
1899,27335.344393382395,512.9142806484007,27848.258674030796,233.81764002479537,0.21322490720470857,90700325.25494167,0,False,1,0.9956819092949419,0,1.5924444884427268e-06,1.50219690738194e-08,10.741232899999886
1900,27335.359723999347,512.8985338397798,27848.258257839127,233.8177055913403,0.21322496699669202,90700325.25494167,0,False,1,0.995688120125066,0,1.586581275337847e-06,1.4944980020931815e-08,10.753821999998763
1901,27335.37502990727,512.8828138799278,27848.2578437872,233.81777105219044,0.21322502669228938,90700325.25494167,0,False,1,0.9956943131080321,0,1.5807202125142432e-06,1.4868144461622429e-08,10.764198600001691
1902,27335.390311049894,512.8671208208714,27848.257431870767,233.81783640710515,0.21322508629128126,90700325.25494167,0,False,1,0.9957004883206757,0,1.5748615862630297e-06,1.4791461481467698e-08,10.777742099999159
1903,27335.40556737114,512.8514547144556,27848.257022085596,233.81790165584474,0.213225145793449,90700325.25494167,0,False,1,0.995706645839391,0,1.5690057063973451e-06,1.4714930427315453e-08,10.788927300003706
1904,27335.42079881515,512.8358156123301,27848.25661442748,233.81796679817037,0.2132252051985749,90700325.25494167,0,False,1,0.9957127857401356,0,1.5631529082818519e-06,1.4638550515377582e-08,10.797342700003355
1905,27335.436005326275,512.8202035659351,27848.25620889221,233.81803183384415,0.21322526450644194,90700325.25494167,0,False,1,0.9957189080984321,0,1.5573035503401873e-06,1.456232161504471e-08,10.806005200000072
1906,27335.451186849103,512.8046186264899,27848.255805475594,233.81809676262915,0.2132253237168341,90700325.25494167,0,False,1,0.995725012989373,0,1.5514580110181878e-06,1.4486243334435768e-08,10.816098100003728
1907,27335.466343328466,512.7890608449774,27848.255404173444,233.81816158428953,0.21322538282953626,90700325.25494167,0,False,1,0.995731100487622,0,1.5456166927364798e-06,1.4410315412305333e-08,10.823104900002363
1908,27335.481474709457,512.7735302721327,27848.25500498159,233.8182262985906,0.21322544184433445,90700325.25494167,0,False,1,0.995737170667418,0,1.5397800155871612e-06,1.4334537195500482e-08,10.832193300004292
1909,27335.496580937426,512.758026958428,27848.254607895855,233.81829090529862,0.2132255007610155,90700325.25494167,0,False,1,0.9957432236025777,0,1.5339484193019861e-06,1.425890907595445e-08,10.839577099999588
1910,27335.51166195802,512.7425509540586,27848.254212912077,233.8183554041813,0.2132255595793676,90700325.25494167,0,False,1,0.9957492593664994,0,1.528122363126021e-06,1.4183430269878263e-08,10.847339799998736
1911,27335.526717717155,512.727102308929,27848.253820026086,233.8184197950074,0.21322561829917983,90700325.25494167,0,False,1,0.9957552780321647,0,1.5223023204252912e-06,1.4108101299840715e-08,10.853302600000461
1912,27335.541748161064,512.711681072638,27848.2534292337,233.81848407754705,0.2132256769202426,90700325.25494167,0,False,1,0.9957612796721423,0,1.5164887804845045e-06,1.4032922427138935e-08,10.859556800001883
1913,27335.556753236306,512.6962872944619,27848.253040530766,233.8185482515718,0.21322573544234757,90700325.25494167,0,False,1,0.9957672643585914,0,1.5106822458333052e-06,1.3957892737347773e-08,10.86511320000136
1914,27335.57173288976,512.6809210233399,27848.2526539131,233.81861231685454,0.21322579386528762,90700325.25494167,0,False,1,0.9957732321632631,0,1.5048832341213353e-06,1.3883013275578902e-08,10.870918799999345
1915,27335.586687068648,512.6655823078568,27848.252269376506,233.81867627316961,0.21322585218885698,90700325.25494167,0,False,1,0.9957791831575041,0,1.4990922704425384e-06,1.3808284433764947e-08,10.876674799998
1916,27335.601615720556,512.6502711962246,27848.25188691678,233.818740120293,0.21322591041285135,90700325.25494167,0,False,1,0.9957851174122604,0,1.4933098900749927e-06,1.3733706603838444e-08,10.882307500003662
1917,27335.616518793453,512.6349877362653,27848.25150652972,233.8188038580022,0.21322596853706788,90700325.25494167,0,False,1,0.9957910349980785,0,1.4875366364046552e-06,1.3659279655188628e-08,10.888168099998438
1918,27335.6313962357,512.6197319753917,27848.251128211094,233.8188674860765,0.2132260265613052,90700325.25494167,0,False,1,0.9957969359851093,0,1.4817730596134835e-06,1.3585004632926873e-08,10.893879000002926
1919,27335.646247996076,512.6045039605873,27848.250751956664,233.8189310042969,0.21322608448536368,90700325.25494167,0,False,1,0.9958028204431102,0,1.4760197140523188e-06,1.3510881798349655e-08,10.899642900003528
1920,27335.66107402377,512.5893037383862,27848.250377762157,233.8189944124462,0.21322614230904519,90700325.25494167,0,False,1,0.9958086884414489,0,1.4702771582284385e-06,1.3436912457839848e-08,10.905686500002048
1921,27335.675874268447,512.574131354853,27848.2500056233,233.81905771030918,0.2132262000321535,90700325.25494167,0,False,1,0.9958145400491045,0,1.4645459509345583e-06,1.3363096480786358e-08,10.911476599998423
1922,27335.69064868021,512.5589868555601,27848.249635535773,233.81912089767258,0.21322625765449413,90700325.25494167,0,False,1,0.9958203753346718,0,1.4588266547675101e-06,1.328943569611518e-08,10.91736910000327
1923,27335.705397209684,512.5438702855678,27848.249267495252,233.81918397432528,0.21322631517587454,90700325.25494167,0,False,1,0.9958261943663633,0,1.4531198276591862e-06,1.3215930103850901e-08,10.923601599999529
1924,27335.72011980797,512.5287816894019,27848.248901497373,233.81924694005826,0.2132263725961041,90700325.25494167,0,False,1,0.9958319972120115,0,1.4474260288235442e-06,1.31425812716478e-08,10.929766699999163
1925,27335.734816426717,512.5137211110314,27848.248537537747,233.8193097946648,0.21322642991499438,90700325.25494167,0,False,1,0.9958377839390721,0,1.4417458120939225e-06,1.3069389983345231e-08,10.935783400003857
1926,27335.749487018107,512.498688593848,27848.248175611956,233.81937253794052,0.2132264871323589,90700325.25494167,0,False,1,0.9958435546146265,0,1.4360797281381685e-06,1.2996357414689946e-08,10.941930799999682
1927,27335.764131534903,512.4836841806448,27848.24781571555,233.81943516968346,0.21322654424801354,90700325.25494167,0,False,1,0.9958493093053841,0,1.4304283219427447e-06,1.2923484610792834e-08,10.947485600001528
1928,27335.77874993044,512.4687079135952,27848.247457844034,233.81949768969412,0.21322660126177637,90700325.25494167,0,False,1,0.9958550480776853,0,1.4247921324518065e-06,1.2850773139308037e-08,10.953512100000808
1929,27335.793342158664,512.4537598342337,27848.247101992896,233.81956009777568,0.21322665817346786,90700325.25494167,0,False,1,0.9958607709975038,0,1.4191716915840574e-06,1.2778223784074722e-08,10.959009700003662
1930,27335.807908174134,512.4388399834364,27848.24674815757,233.81962239373382,0.21322671498291088,90700325.25494167,0,False,1,0.9958664781304494,0,1.4135675226533475e-06,1.2705838374018612e-08,10.964280300002429
1931,27335.822447932056,512.4239484014041,27848.24639633346,233.81968457737707,0.21322677168993076,90700325.25494167,0,False,1,0.9958721695417696,0,1.407980140343935e-06,1.263361795425045e-08,10.970639400002256
1932,27335.836961388282,512.4090851276453,27848.246046515927,233.81974664851677,0.21322682829435546,90700325.25494167,0,False,1,0.9958778452963533,0,1.4024100519991724e-06,1.2561564092424252e-08,10.97601360000408
1933,27335.851448499336,512.3942502009619,27848.2456987003,233.81980860696697,0.21322688479601545,90700325.25494167,0,False,1,0.9958835054587327,0,1.3968577532503131e-06,1.2489678094922346e-08,10.981774799998675
1934,27335.86590922242,512.379443659435,27848.245352881855,233.81987045254482,0.21322694119474395,90700325.25494167,0,False,1,0.9958891500930859,0,1.3913237311795724e-06,1.2417961529398696e-08,10.98745990000316
1935,27335.8803435154,512.3646655404148,27848.245009055816,233.81993218507014,0.21322699749037666,90700325.25494167,0,False,1,0.9958947792632387,0,1.3858084602402026e-06,1.2346416616686412e-08,10.993225500002154
1936,27335.89475133688,512.3499158805101,27848.24466721739,233.81999380436602,0.21322705368275224,90700325.25494167,0,False,1,0.995900393032668,0,1.3803124075140964e-06,1.2275043748716905e-08,10.99894630000199
1937,27335.90913264614,512.3351947155819,27848.24432736172,233.82005531025837,0.21322710977171194,90700325.25494167,0,False,1,0.9959059914645038,0,1.3748360277030938e-06,1.2203845276959066e-08,11.004464099998586
1938,27335.92348740316,512.3205020807372,27848.243989483897,233.82011670257614,0.21322716575709977,90700325.25494167,0,False,1,0.9959115746215307,0,1.3693797638979252e-06,1.2132823160974287e-08,11.010053500001959
1939,27335.93781556866,512.3058380103266,27848.24365357899,233.8201779811514,0.21322722163876262,90700325.25494167,0,False,1,0.9959171425661918,0,1.3639440511399845e-06,1.2061978053965535e-08,11.015543900000921
1940,27335.952117104047,512.291202537943,27848.24331964199,233.82023914581922,0.21322727741655,90700325.25494167,0,False,1,0.9959226953605903,0,1.358529310608167e-06,1.1991312699309188e-08,11.021061300001747
1941,27335.96639197143,512.2765956964233,27848.242987667854,233.82030019641763,0.21322733309031433,90700325.25494167,0,False,1,0.9959282330664909,0,1.3531359560290405e-06,1.1920828664659055e-08,11.026445299998159
1942,27335.980640133646,512.2620175178516,27848.2426576515,233.82036113278778,0.21322738865991067,90700325.25494167,0,False,1,0.9959337557453242,0,1.3477643885331662e-06,1.1850526995125528e-08,11.035149000003003
1943,27335.99486155421,512.2474680335655,27848.242329587774,233.8204219547737,0.21322744412519679,90700325.25494167,0,False,1,0.9959392634581864,0,1.3424150007081403e-06,1.178041030344911e-08,11.040937500001746
1944,27336.00905619733,512.2329472741638,27848.242003471492,233.82048266222242,0.2132274994860332,90700325.25494167,0,False,1,0.995944756265844,0,1.3370881752554826e-06,1.1710479896011829e-08,11.046687900001416
1945,27336.023224027893,512.2184552695162,27848.24167929741,233.82054325498387,0.21322755474228305,90700325.25494167,0,False,1,0.9959502342287342,0,1.3317842847128056e-06,1.1640737732374923e-08,11.052170499999193
1946,27336.037365011456,512.2039920487756,27848.241357060233,233.82060373291083,0.2132276098938121,90700325.25494167,0,False,1,0.9959556974069682,0,1.3265036925499293e-06,1.157118577209961e-08,11.057738299998164
1947,27336.05147911422,512.1895576403921,27848.24103675461,233.8206640958588,0.21322766494048853,90700325.25494167,0,False,1,0.995961145860333,0,1.3212467541069573e-06,1.1501825844111233e-08,11.063310899997305
1948,27336.065566303034,512.1751520721278,27848.24071837516,233.82072434368615,0.21322771988218325,90700325.25494167,0,False,1,0.9959665796482935,0,1.3160138158831845e-06,1.1432659254791687e-08,11.068927500004065
1949,27336.07962654535,512.1607753710751,27848.240401916424,233.82078447625375,0.21322777471876933,90700325.25494167,0,False,1,0.9959719988299949,0,1.3108052152336333e-06,1.1363688616881385e-08,11.076744800004235
1950,27336.09365980923,512.1464275636744,27848.240087372906,233.82084449342506,0.21322782945012228,90700325.25494167,0,False,1,0.9959774034642646,0,1.3056212835754243e-06,1.129491536739802e-08,11.0826412000024
1951,27336.107666063315,512.1321086757351,27848.23977473905,233.82090439506607,0.2132278840761199,90700325.25494167,0,False,1,0.9959827936096145,0,1.3004623418636106e-06,1.1226341596538537e-08,11.088933999999426
1952,27336.121645276806,512.1178187324565,27848.23946400926,233.82096418104518,0.21322793859664216,90700325.25494167,0,False,1,0.9959881693242431,0,1.295328707873235e-06,1.115796874132055e-08,11.094746399998257
1953,27336.135597419427,512.1035577584499,27848.23915517788,233.82102385123295,0.21322799301157103,90700325.25494167,0,False,1,0.9959935306660377,0,1.2902206877634784e-06,1.1089799153212659e-08,11.100278400001116
1954,27336.149522461426,512.0893257777628,27848.23884823919,233.82108340550226,0.2132280473207906,90700325.25494167,0,False,1,0.995998877692576,0,1.285138583838852e-06,1.1021834661140002e-08,11.106013900003745
1955,27336.163420373538,512.0751228139029,27848.23854318744,233.82114284372804,0.21322810152418678,90700325.25494167,0,False,1,0.9960042104611292,0,1.2800826900070123e-06,1.0954076963391811e-08,11.11160309999832
1956,27336.177291126958,512.0609488898627,27848.23824001682,233.82120216578718,0.21322815562164732,90700325.25494167,0,False,1,0.9960095290286626,0,1.2750532939393553e-06,1.0886527627621402e-08,11.117322400001285
1957,27336.19113469332,512.0468040281464,27848.237938721464,233.82126137155842,0.21322820961306163,90700325.25494167,0,False,1,0.9960148334518387,0,1.2700506777798082e-06,1.0819189135933121e-08,11.125890600000275
1958,27336.20495104466,512.0326882507945,27848.237639295454,233.8213204609223,0.2132282634983208,90700325.25494167,0,False,1,0.996020123787019,0,1.2650751142663723e-06,1.0752063055980215e-08,11.131733399997756
1959,27336.218740153407,512.0186015794122,27848.23734173282,233.82137943376097,0.21322831727731734,90700325.25494167,0,False,1,0.9960254000902657,0,1.2601268711363162e-06,1.0685151347323487e-08,11.140114300003916
1960,27336.23250199236,512.0045440351951,27848.237046027556,233.82143828995817,0.2132283709499452,90700325.25494167,0,False,1,0.9960306624173441,0,1.2552062091867263e-06,1.0618455316344339e-08,11.148898999999801
1961,27336.246236534615,511.9905156389575,27848.236752173572,233.82149702939896,0.21322842451609963,90700325.25494167,0,False,1,0.9960359108237242,0,1.2503133818584586e-06,1.0551977967690466e-08,11.155573199997889
1962,27336.259943753605,511.9765164111601,27848.236460164764,233.8215556519698,0.21322847797567704,90700325.25494167,0,False,1,0.9960411453645828,0,1.2454486360620333e-06,1.0485719823927933e-08,11.161538500004099
1963,27336.273623623016,511.96254637193744,27848.236169994954,233.82161415755823,0.21322853132857492,90700325.25494167,0,False,1,0.9960463660948056,0,1.2406122095286061e-06,1.041968349779673e-08,11.167885599999863
1964,27336.287276116793,511.9486055411268,27848.235881657918,233.8216725460529,0.21322858457469165,90700325.25494167,0,False,1,0.9960515730689885,0,1.2358043331750928e-06,1.0353870687585681e-08,11.174253600001975
1965,27336.30090120909,511.9346939382957,27848.235595147387,233.82173081734337,0.21322863771392658,90700325.25494167,0,False,1,0.9960567663414408,0,1.2310252301871204e-06,1.0288282960947675e-08,11.179941599999438
1966,27336.31449887427,511.9208115827717,27848.235310457043,233.82178897132007,0.21322869074617976,90700325.25494167,0,False,1,0.9960619459661855,0,1.226275114562222e-06,1.0222922146807294e-08,11.185777600003348
1967,27336.328069086834,511.9069584936694,27848.235027580504,233.82184700787408,0.2132287436713519,90700325.25494167,0,False,1,0.9960671119969619,0,1.2215541912956245e-06,1.0157790465996716e-08,11.191394300003594
1968,27336.34161182144,511.8931346899214,27848.234746511363,233.82190492689705,0.21322879648934412,90700325.25494167,0,False,1,0.996072264487228,0,1.2168626554739741e-06,1.0092888832989244e-08,11.197537200001534
1969,27336.355127052837,511.87934019030547,27848.234467243143,233.8219627282811,0.21322884920005813,90700325.25494167,0,False,1,0.9960774034901616,0,1.2122006947377648e-06,1.0028219860524588e-08,11.203312999998161
1970,27336.368614755855,511.8655750134743,27848.23418976933,233.82202041191866,0.21322890180339577,90700325.25494167,0,False,1,0.9960825290586621,0,1.2075684828678917e-06,9.963784724347682e-09,11.208830800002033
1971,27336.38207490537,511.85183917798554,27848.233914083357,233.8220779777024,0.2132289542992592,90700325.25494167,0,False,1,0.996087641245353,0,1.202966185448223e-06,9.8995853840187e-09,11.216161099997407
1972,27336.395507476293,511.8381327023298,27848.233640178623,233.82213542552506,0.21322900668755057,90700325.25494167,0,False,1,0.9960927401025831,0,1.1983939566287256e-06,9.835623145918313e-09,11.221903899997415
1973,27336.4089124435,511.82445560496143,27848.233368048463,233.82219275527933,0.21322905896817207,90700325.25494167,0,False,1,0.9960978256824283,0,1.1938519389221034e-06,9.771900230878344e-09,11.227927300002193
1974,27336.42228978185,511.8108079043268,27848.233097686178,233.82224996685773,0.21322911114102563,90700325.25494167,0,False,1,0.9961028980366938,0,1.1893402622101854e-06,9.70841781464343e-09,11.234020600000804
1975,27336.43563946613,511.7971896188951,27848.232829085024,233.82230706015253,0.21322916320601304,90700325.25494167,0,False,1,0.9961079572169154,0,1.1848590434657606e-06,9.645177595501694e-09,11.240808800001105
1976,27336.448961471026,511.7836007671869,27848.232562238212,233.82236403505559,0.2132292151630357,90700325.25494167,0,False,1,0.9961130032743615,0,1.1804083896324367e-06,9.582181141105286e-09,11.247633300001326
1977,27336.462255771094,511.7700413678044,27848.232297138897,233.8224208914581,0.21322926701199435,90700325.25494167,0,False,1,0.9961180362600346,0,1.1759883928121789e-06,9.519430541649866e-09,11.253453999997873
1978,27336.47552234075,511.7565114394601,27848.23203378021,233.8224776292508,0.21322931875278936,90700325.25494167,0,False,1,0.996123056224674,0,1.1715991312142778e-06,9.456926580972066e-09,11.25995530000364
1979,27336.488761154225,511.7430110010067,27848.23177215523,233.82253424832356,0.2132293703853203,90700325.25494167,0,False,1,0.9961280632187556,0,1.167240672378303e-06,9.394670957359695e-09,11.265993300003174
1980,27336.501972185535,511.7295400714658,27848.231512257,233.82259074856535,0.21322942190948593,90700325.25494167,0,False,1,0.9961330572924953,0,1.162913067774948e-06,9.332665499736378e-09,11.271703099999286
1981,27336.515155408462,511.71609867005606,27848.231254078517,233.82264712986407,0.21322947332518402,90700325.25494167,0,False,1,0.9961380384958499,0,1.1586163565865257e-06,9.270911253210273e-09,11.27758840000024
1982,27336.528310796522,511.70268681622207,27848.230997612744,233.82270339210658,0.2132295246323114,90700325.25494167,0,False,1,0.9961430068785194,0,1.1543505640751695e-06,9.20940978543304e-09,11.283340499998303
1983,27336.541438322944,511.68930452966106,27848.230742852604,233.82275953517845,0.2132295758307637,90700325.25494167,0,False,1,0.9961479624899473,0,1.1501157032579324e-06,9.148162402784443e-09,11.28934229999868
1984,27336.55453796063,511.67595183035115,27848.23048979098,233.82281555896392,0.21322962692043537,90700325.25494167,0,False,1,0.9961529053793241,0,1.1459117725310838e-06,9.087170542280062e-09,11.297207700001309
1985,27336.56760968214,511.66262873857625,27848.230238420718,233.8228714633457,0.21322967790121944,90700325.25494167,0,False,1,0.9961578355955873,0,1.141738757222933e-06,9.026435771571289e-09,11.303808900003787
1986,27336.580653459685,511.64933527495157,27848.229988734638,233.822927248205,0.21322972877300758,90700325.25494167,0,False,1,0.996162753187424,0,1.137596632329739e-06,8.965958613222175e-09,11.31180360000144
1987,27336.59366926507,511.63607146044876,27848.229740725517,233.82298291342136,0.21322977953568995,90700325.25494167,0,False,1,0.996167658203272,0,1.133485357764138e-06,8.905740896155722e-09,11.3179936000015
1988,27336.60665706968,511.6228373164182,27848.229494386098,233.82303845887247,0.213229830189155,90700325.25494167,0,False,1,0.9961725506913216,0,1.1294048827345784e-06,8.84578379611531e-09,11.324267800002417
1989,27336.619616844488,511.60963286461106,27848.2292497091,233.8230938844343,0.21322988073328963,90700325.25494167,0,False,1,0.9961774306995176,0,1.1253551453502967e-06,8.786088096936482e-09,11.33017110000219
1990,27336.632548559992,511.5964581272005,27848.229006687194,233.8231491899807,0.21322993116797884,90700325.25494167,0,False,1,0.9961822982755598,0,1.121336072945882e-06,8.726655627541957e-09,11.33649709999736
1991,27336.645452186247,511.58331312680014,27848.228765313048,233.8232043753838,0.21322998149310593,90700325.25494167,0,False,1,0.9961871534669052,0,1.1173475823066038e-06,8.667486387951592e-09,11.343911800002388
1992,27336.658327692796,511.570197886482,27848.228525579278,233.8232594405133,0.21323003170855218,90700325.25494167,0,False,1,0.9961919963207703,0,1.1133895811908425e-06,8.608582337723804e-09,11.351705300003232
1993,27336.671175048687,511.55711242979226,27848.22828747848,233.82331438523698,0.21323008181419692,90700325.25494167,0,False,1,0.996196826884131,0,1.1094619691061296e-06,8.549944130057782e-09,11.357818600001337
1994,27336.683994222454,511.54405678076574,27848.22805100322,233.82336920942035,0.21323013180991754,90700325.25494167,0,False,1,0.9962016452037252,0,1.105564635757408e-06,8.49157281006034e-09,11.36361880000186
1995,27336.696785182114,511.5310309639381,27848.227816146053,233.8234239129267,0.2132301816955894,90700325.25494167,0,False,1,0.9962064513260545,0,1.101697466050114e-06,8.433469030930426e-09,11.370498099997349
1996,27336.70954789513,511.51803500435636,27848.227582899486,233.823478495617,0.2132302314710857,90700325.25494167,0,False,1,0.9962112452973847,0,1.0978603380943235e-06,8.375634099046454e-09,11.377377900003921
1997,27336.722282328432,511.5050689275876,27848.22735125602,233.82353295734984,0.21323028113627746,90700325.25494167,0,False,1,0.9962160271637484,0,1.094053123231479e-06,8.318068536971215e-09,11.383493000001181
1998,27336.734988448407,511.49213275972545,27848.227121208132,233.8235872979816,0.21323033069103373,90700325.25494167,0,False,1,0.9962207969709452,0,1.0902756892264705e-06,8.26077312853922e-09,11.389623900002334
1999,27336.747666220872,511.4792265273952,27848.226892748266,233.82364151736613,0.21323038013522125,90700325.25494167,0,False,1,0.9962255547645451,0,1.0865278994422638e-06,8.203749049492606e-09,11.395667800003139
2000,27336.76031561111,511.4663502577561,27848.226665868868,233.8236956153551,0.2132304294687047,90700325.25494167,0,False,1,0.9962303005898873,0,1.0828096149777614e-06,8.146996169214191e-09,11.402009999997972
2001,27336.77293658384,511.45350397850194,27848.22644056234,233.82374959179762,0.21323047869134654,90700325.25494167,0,False,1,0.9962350344920842,0,1.0791206946490314e-06,8.090516185989556e-09,11.408444599997893
2002,27336.785529103232,511.44068771785976,27848.22621682109,233.82380344654064,0.21323052780300716,90700325.25494167,0,False,1,0.9962397565160214,0,1.07546099543808e-06,8.034308707929408e-09,11.414635000000999
2003,27336.798093132904,511.42790150458677,27848.22599463749,233.82385717942856,0.21323057680354465,90700325.25494167,0,False,1,0.996244466706359,0,1.0718303735426377e-06,7.978375302683163e-09,11.422991999999795
2004,27336.81062863594,511.41514536796456,27848.225774003906,233.82391079030364,0.21323062569281523,90700325.25494167,0,False,1,0.9962491651075346,0,1.068228684379402e-06,7.92271597026903e-09,11.432079400001385
2005,27336.823135574894,511.4024193377925,27848.225554912686,233.82396427900582,0.21323067447067287,90700325.25494167,0,False,1,0.9962538517637619,0,1.064655785907424e-06,7.867331363884707e-09,11.441013399999065
2006,27336.835613911793,511.38972344437803,27848.225337356173,233.82401764537275,0.21323072313696953,90700325.25494167,0,False,1,0.9962585267190355,0,1.0611115343935425e-06,7.812221744819973e-09,11.449152699999104
2007,27336.848063608155,511.3770577185261,27848.225121326683,233.82407088923995,0.21323077169155524,90700325.25494167,0,False,1,0.9962631900171289,0,1.0575957897711563e-06,7.757388027544114e-09,11.455663200002164
2008,27336.860484625002,511.3644221915262,27848.22490681653,233.8241240104408,0.21323082013427805,90700325.25494167,0,False,1,0.996267841701599,0,1.0541084128194847e-06,7.70283034271072e-09,11.463540500000818
2009,27336.872876922876,511.3518168951382,27848.224693818014,233.82417700880666,0.21323086846498415,90700325.25494167,0,False,1,0.9962724818157848,0,1.0506492658974304e-06,7.648549082245096e-09,11.473472999998194
2010,27336.885240461852,511.3392418615759,27848.22448232343,233.82422988416684,0.2132309166835179,90700325.25494167,0,False,1,0.9962771104028102,0,1.0472182149861957e-06,7.59454463807241e-09,11.483509500001674
2011,27336.897575201565,511.3266971234899,27848.224272325057,233.8242826363488,0.21323096478972198,90700325.25494167,0,False,1,0.9962817275055854,0,1.043815126914809e-06,7.540817271481765e-09,11.492342500001541
2012,27336.909881101215,511.3141827139485,27848.224063815163,233.82433526517815,0.21323101278343728,90700325.25494167,0,False,1,0.9962863331668075,0,1.04043987190163e-06,7.487367635669925e-09,11.50213580000127
2013,27336.922158119618,511.3016986664163,27848.223856786033,233.8243877704788,0.2132310606645033,90700325.25494167,0,False,1,0.9962909274289622,0,1.0370923225244763e-06,7.434195077474174e-09,11.510208300001977
2014,27336.93440621518,511.28924501473335,27848.223651229913,233.82444015207298,0.21323110843275792,90700325.25494167,0,False,1,0.996295510334325,0,1.033772352181426e-06,7.381300903270675e-09,11.51712850000331
2015,27336.94662534597,511.2768217930911,27848.22344713906,233.82449240978144,0.21323115608803764,90700325.25494167,0,False,1,0.9963000819249631,0,1.0304798378626746e-06,7.328684851804238e-09,11.524403800001892
2016,27336.958815469712,511.2644290360088,27848.22324450572,233.82454454342346,0.21323120363017764,90700325.25494167,0,False,1,0.9963046422427353,0,1.0272146559277433e-06,7.2763470537273345e-09,11.530440800001088
2017,27336.97097654385,511.2520667783071,27848.223043322156,233.82459655281713,0.21323125105901208,90700325.25494167,0,False,1,0.996309191329295,0,1.0239766854510235e-06,7.224287247784473e-09,11.53747000000294
2018,27336.983108525514,511.23973505508184,27848.222843580596,233.8246484377792,0.21323129837437385,90700325.25494167,0,False,1,0.99631372922609,0,1.0207658051939138e-06,7.172506479079416e-09,11.54573469999741
2019,27336.995211371606,511.2274339016761,27848.222645273283,233.82470019812538,0.21323134557609486,90700325.25494167,0,False,1,0.9963182559743646,0,1.0175818922308592e-06,7.121004225084517e-09,11.553341600003478
2020,27337.0072850388,511.21516335365226,27848.22244839245,233.8247518336705,0.21323139266400626,90700325.25494167,0,False,1,0.9963227716151607,0,1.0144248255719077e-06,7.069780877723567e-09,11.560348300001351
2021,27337.01932948359,511.20292344676085,27848.22225293035,233.8248033442286,0.21323143963793845,90700325.25494167,0,False,1,0.996327276189319,0,1.0112944793717915e-06,7.01883578383268e-09,11.566804900001443
2022,27337.031344662293,511.19071421691183,27848.222058879204,233.82485472961292,0.21323148649772117,90700325.25494167,0,False,1,0.9963317697374797,0,1.0081907271056187e-06,6.968169988515077e-09,11.573719100000744
2023,27337.043330531116,511.1785357001424,27848.22186623126,233.82490598963625,0.21323153324318364,90700325.25494167,0,False,1,0.996336252300085,0,1.0051134386150058e-06,6.917782577334702e-09,11.579867300002661
2024,27337.055287046158,511.16638793258437,27848.221674978744,233.82495712411094,0.21323157987415475,90700325.25494167,0,False,1,0.9963407239173789,0,1.0020624788317107e-06,6.867674203486672e-09,11.58614099999977
2025,27337.06721416347,511.15427095043304,27848.221485113903,233.8250081328491,0.2132316263904632,90700325.25494167,0,False,1,0.9963451846294094,0,9.990377071534953e-07,6.817844344442469e-09,11.592001999997592
2026,27337.079111839066,511.14218478991177,27848.221296628977,233.82505901566267,0.21323167279193744,90700325.25494167,0,False,1,0.9963496344760289,0,9.960389759230579e-07,6.768293130853155e-09,11.598056700000598
2027,27337.090980028974,511.13012948724014,27848.221109516213,233.82510977236373,0.21323171907840613,90700325.25494167,0,False,1,0.9963540734968964,0,9.930661327805716e-07,6.7190203014618105e-09,11.605373799997324
2028,27337.102818689258,511.1181050785968,27848.220923767854,233.82516040276442,0.21323176524969795,90700325.25494167,0,False,1,0.9963585017314777,0,9.9011901363878e-07,6.67002598691922e-09,11.612253899998905
2029,27337.114627776064,511.1061116000865,27848.22073937615,233.8252109066773,0.21323181130564198,90700325.25494167,0,False,1,0.9963629192190472,0,9.871974486659044e-07,6.621310056604133e-09,11.618964000001142
2030,27337.12640724567,511.09414908770304,27848.22055633337,233.82526128391547,0.21323185724606772,90700325.25494167,0,False,1,0.9963673259986886,0,9.843012547055852e-07,6.572871596079452e-09,11.625898700003745
2031,27337.138157054484,511.0822175772934,27848.220374631775,233.82531153429255,0.21323190307080528,90700325.25494167,0,False,1,0.9963717221092964,0,9.81430239556662e-07,6.524711127903386e-09,11.632089899998391
2032,27337.149877159107,511.07031710452236,27848.220194263627,233.82536165762303,0.21323194877968546,90700325.25494167,0,False,1,0.996376107589577,0,9.78584198012683e-07,6.476828521454262e-09,11.639416099998925
2033,27337.161567516374,511.0584477048341,27848.220015221206,233.82541165372243,0.21323199437254,90700325.25494167,0,False,1,0.9963804824780496,0,9.757629120591218e-07,6.429223123566457e-09,11.645513800001936
2034,27337.17322808339,511.0466094134163,27848.219837496807,233.8254615224073,0.21323203984920167,90700325.25494167,0,False,1,0.9963848468130476,0,9.729661524929131e-07,6.3818944117101436e-09,11.651873700000579
2035,27337.18485881755,511.03480226516245,27848.219661082712,233.82551126349557,0.21323208520950437,90700325.25494167,0,False,1,0.99638920063272,0,9.701936729106635e-07,6.334842777807038e-09,11.657877500001632
2036,27337.196459676597,511.0230262946344,27848.219485971233,233.8255608768066,0.2132321304532834,90700325.25494167,0,False,1,0.996393543975031,0,9.674452147499494e-07,6.288067307419174e-09,11.663649800000712
2037,27337.208030618654,511.0112815360262,27848.21931215468,233.82561036216137,0.21323217558037552,90700325.25494167,0,False,1,0.9963978768777637,0,9.647205036025307e-07,6.241567869924169e-09,11.670016900003247
2038,27337.21957160226,510.9995680231249,27848.219139625387,233.82565971938266,0.21323222059061908,90700325.25494167,0,False,1,0.9964021993785185,0,9.62019248797078e-07,6.195343812155675e-09,11.676092300003802
2039,27337.23108258641,510.987885789275,27848.218968375688,233.82570894829513,0.21323226548385424,90700325.25494167,0,False,1,0.9964065115147163,0,9.593411451537133e-07,6.1493950034910326e-09,11.683050799998455
2040,27337.2425635306,510.9762348673405,27848.21879839794,233.82575804872567,0.21323231025992306,90700325.25494167,0,False,1,0.9964108133235979,0,9.566858726082318e-07,6.10372066012765e-09,11.689943299999868
2041,27337.254014394835,510.96461528966915,27848.218629684503,233.82580702050333,0.2132323549186697,90700325.25494167,0,False,1,0.9964151048422265,0,9.54053093343444e-07,6.0583205208066314e-09,11.696218199998839
2042,27337.265435139714,510.95302708805514,27848.21846222777,233.8258558634597,0.2132323994599406,90700325.25494167,0,False,1,0.9964193861074879,0,9.51442454697808e-07,6.013193671089137e-09,11.703589999997348
2043,27337.276825726425,510.94147029370407,27848.218296020128,233.82590457742882,0.21323244388358434,90700325.25494167,0,False,1,0.996423657156092,0,9.488535892878328e-07,5.968340241623874e-09,11.710404700002982
2044,27337.288186116803,510.9299449371977,27848.218131054,233.8259531622476,0.21323248818945226,90700325.25494167,0,False,1,0.9964279180245732,0,9.462861137560173e-07,5.923758795427878e-09,11.716642200000933
2045,27337.29951627336,510.91845104845936,27848.21796732182,233.82600161775576,0.2132325323773982,90700325.25494167,0,False,1,0.9964321687492921,0,9.437396318977976e-07,5.879449071241688e-09,11.722898899999564
2046,27337.31081615932,510.90698865672005,27848.21780481604,233.8260499437961,0.21323257644727875,90700325.25494167,0,False,1,0.9964364093664367,0,9.412137298806841e-07,5.835410415897825e-09,11.730421000000206
2047,27337.322085738648,510.8955577904861,27848.217643529133,233.82609814021467,0.21323262039895355,90700325.25494167,0,False,1,0.9964406399120224,0,9.38707985088586e-07,5.791641914956737e-09,11.738017900002887
2048,27337.33332497609,510.8841584775067,27848.217483453598,233.82614620686067,0.21323266423228507,90700325.25494167,0,False,1,0.9964448604218941,0,9.362219593177139e-07,5.7481429152506624e-09,11.745325700001558
2049,27337.34453383721,510.87279074474355,27848.217324581954,233.82619414358697,0.21323270794713917,90700325.25494167,0,False,1,0.9964490709317265,0,9.337552042382287e-07,5.7049125023397654e-09,11.751547500003653
2050,27337.3557122884,510.8614546183412,27848.217166906743,233.82624195024988,0.21323275154338478,90700325.25494167,0,False,1,0.9964532714770257,0,9.313072597548748e-07,5.661949892420036e-09,11.75792360000196
2051,27337.36686029693,510.8501501235984,27848.21701042053,233.82628962670955,0.21323279502089437,90700325.25494167,0,False,1,0.9964574620931298,0,9.288776575888344e-07,5.619254301687328e-09,11.764047199998458
2052,27337.37797783096,510.83887728494085,27848.2168551159,233.82633717282988,0.21323283837954385,90700325.25494167,0,False,1,0.9964616428152095,0,9.264659193523421e-07,5.5768248157013865e-09,11.770613599997887
2053,27337.389064859595,510.8276361258961,27848.216700985493,233.8263845884788,0.21323288161921275,90700325.25494167,0,False,1,0.9964658136782705,0,9.240715615172623e-07,5.534659866841972e-09,11.776544500004093
2054,27337.400121352868,510.81642666906873,27848.216548021937,233.82643187352824,0.2132329247397843,90700325.25494167,0,False,1,0.9964699747171526,0,9.216940940596135e-07,5.4927594551203284e-09,11.783175500000652
2055,27337.41114728181,510.8052489361177,27848.21639621793,233.8264790278544,0.2132329677411456,90700325.25494167,0,False,1,0.9964741259665322,0,9.193330212671596e-07,5.451121359736086e-09,11.79012099999818
2056,27337.422142618416,510.79410294773504,27848.21624556615,233.82652605133754,0.2132330106231875,90700325.25494167,0,False,1,0.9964782674609225,0,9.169878458418383e-07,5.409746103244108e-09,11.795800200001395
2057,27337.433107335735,510.782988723627,27848.21609605936,233.82657294386254,0.21323305338580495,90700325.25494167,0,False,1,0.9964823992346745,0,9.146580685441399e-07,5.368630681027908e-09,11.802371999998286
2058,27337.444041407834,510.77190628249474,27848.21594769033,233.82661970531856,0.2132330960288969,90700325.25494167,0,False,1,0.9964865213219783,0,9.123431891624971e-07,5.327775093098189e-09,11.809315799997421
2059,27337.45494480984,510.7608556420195,27848.21580045186,233.8266663355993,0.2132331385523664,90700325.25494167,0,False,1,0.9964906337568638,0,9.100427090132177e-07,5.287177771833866e-09,11.81590700000379
2060,27337.46581751794,510.7498368188475,27848.215654336786,233.82671283460297,0.21323318095612062,90700325.25494167,0,False,1,0.9964947365732013,0,9.077561323155333e-07,5.24683793342955e-09,11.823903800002881
2061,27337.476659509408,510.73884982857703,27848.215509337984,233.8267592022325,0.21323322324007105,90700325.25494167,0,False,1,0.9964988298047033,0,9.054829670380843e-07,5.206753748991928e-09,11.832713299998431
2062,27337.487470762622,510.72789468574774,27848.21536544837,233.82680543839547,0.21323326540413343,90700325.25494167,0,False,1,0.9965029134849246,0,9.032227258080741e-07,5.166924042807415e-09,11.8429157999999
2063,27337.498251257057,510.7169714038313,27848.21522266089,233.82685154300418,0.21323330744822777,90700325.25494167,0,False,1,0.9965069876472635,0,9.009749302545125e-07,5.1273476391622905e-09,11.852108300001419
2064,27337.5090009733,510.70607999522383,27848.215080968523,233.8268975159757,0.21323334937227842,90700325.25494167,0,False,1,0.9965110523249632,0,8.987391071608638e-07,5.088023231706728e-09,11.858877400001802
2065,27337.519719893065,510.6952204712407,27848.214940364305,233.8269433572319,0.21323339117621418,90700325.25494167,0,False,1,0.9965151075511118,0,8.965147945662525e-07,5.048948991546856e-09,11.866466100000252
2066,27337.530407999187,510.6843928421115,27848.2148008413,233.82698906669944,0.21323343285996813,90700325.25494167,0,False,1,0.9965191533586435,0,8.943015396407182e-07,5.010123873604528e-09,11.873846599999524
2067,27337.541065275625,510.6735971169793,27848.214662392606,233.82703464430978,0.21323347442347776,90700325.25494167,0,False,1,0.9965231897803403,0,8.920989019775795e-07,4.971546440893537e-09,11.880224300002737
2068,27337.55169170747,510.66283330389933,27848.21452501137,233.8270800899993,0.21323351586668507,90700325.25494167,0,False,1,0.9965272168488313,0,8.899064540089696e-07,4.9332151257915644e-09,11.887495599999966
2069,27337.56228728095,510.65210140983964,27848.21438869079,233.8271254037091,0.21323355718953635,90700325.25494167,0,False,1,0.9965312345965956,0,8.877237809112953e-07,4.895128230040176e-09,11.89696019999974
2070,27337.5728519834,510.64140144068546,27848.214253424085,233.82717058538515,0.21323359839198236,90700325.25494167,0,False,1,0.9965352430559612,0,8.855504817043055e-07,4.857284708560708e-09,11.90538380000362
2071,27337.5833858033,510.6307334012423,27848.214119204542,233.82721563497822,0.21323363947397814,90700325.25494167,0,False,1,0.9965392422591071,0,8.83386172086572e-07,4.819682209914561e-09,11.913870299998962
2072,27337.593888730233,510.6200972952435,27848.213986025476,233.82726055244385,0.21323368043548319,90700325.25494167,0,False,1,0.9965432322380638,0,8.812304824885111e-07,4.782319819658792e-09,11.921572100000049
2073,27337.604360754885,510.60949312535683,27848.213853880243,233.8273053377423,0.21323372127646123,90700325.25494167,0,False,1,0.9965472130247143,0,8.790830590168326e-07,4.745195970170434e-09,11.931045299999823
2074,27337.614801869047,510.5989208931942,27848.21372276224,233.82734999083854,0.21323376199688038,90700325.25494167,0,False,1,0.9965511846507942,0,8.769435662313318e-07,4.708309224462372e-09,11.94101000000228
2075,27337.625212065617,510.5883805993231,27848.21359266494,233.82739451170224,0.2132338025967129,90700325.25494167,0,False,1,0.9965551471478941,0,8.748116839905654e-07,4.671656969823514e-09,11.948157999999239
2076,27337.63559133855,510.57787224327825,27848.213463581826,233.82743890030764,0.21323384307593538,90700325.25494167,0,False,1,0.9965591005474584,0,8.726871111319603e-07,4.635238553082392e-09,11.956207199997152
2077,27337.64593968287,510.5673958235758,27848.213335506443,233.82748315663352,0.21323388343452843,90700325.25494167,0,False,1,0.9965630448807884,0,8.705695628652615e-07,4.599052014707583e-09,11.96383909999713
2078,27337.65625709465,510.5569513377278,27848.21320843238,233.82752728066322,0.21323392367247684,90700325.25494167,0,False,1,0.9965669801790412,0,8.684587722390842e-07,4.563095787075488e-09,11.973374400004104
2079,27337.666543571002,510.5465387822599,27848.21308235326,233.8275712723844,0.2132339637897694,90700325.25494167,0,False,1,0.9965709064732313,0,8.663544899082979e-07,4.527368302562396e-09,11.979936700001417
2080,27337.67679911005,510.5361581527286,27848.21295726278,233.82761513178912,0.2132340037863988,90700325.25494167,0,False,1,0.9965748237942318,0,8.642564838358798e-07,4.4918674710005215e-09,11.986422699999821
2081,27337.687023710907,510.5258094437401,27848.21283315465,233.8276588588737,0.21323404366236176,90700325.25494167,0,False,1,0.9965787321727745,0,8.621645390760697e-07,4.456592247309858e-09,11.993029800003569
2082,27337.69721737367,510.5154926489717,27848.21271002264,233.82770245363858,0.21323408341765865,90700325.25494167,0,False,1,0.9965826316394507,0,8.600784585292256e-07,4.4215408025943625e-09,11.999263199999405
2083,27337.707380099386,510.50520776119254,27848.212587860577,233.82774591608836,0.21323412305229367,90700325.25494167,0,False,1,0.9965865222247129,0,8.579980592935649e-07,4.386711046685895e-09,12.00582740000391
2084,27337.71751189003,510.4949547722872,27848.212466662317,233.8277892462315,0.2132341625662745,90700325.25494167,0,False,1,0.9965904039588748,0,8.559231774329737e-07,4.352101934504108e-09,12.011918399999558
2085,27337.727612748502,510.48473367327904,27848.21234642178,233.82783244408054,0.21323420195961262,90700325.25494167,0,False,1,0.9965942768721122,0,8.53853661742164e-07,4.317711114608652e-09,12.017570900003193
2086,27337.73768267855,510.4745444543551,27848.212227132906,233.82787550965156,0.2132342412323227,90700325.25494167,0,False,1,0.9965981409944639,0,8.517893797325999e-07,4.283537933826931e-09,12.023460800002795
2087,27337.747721684813,510.4643871048931,27848.212108789707,233.82791844296443,0.21323428038442283,90700325.25494167,0,False,1,0.9966019963558324,0,8.497302097195732e-07,4.249579779446391e-09,12.02918789999967
2088,27337.757729772733,510.45426161348735,27848.21199138622,233.82796124404254,0.21323431941593432,90700325.25494167,0,False,1,0.9966058429859845,0,8.476760454127241e-07,4.215835737022239e-09,12.035131600001478
2089,27337.767706948565,510.4441679679771,27848.211874916542,233.82800391291272,0.2132343583268817,90700325.25494167,0,False,1,0.9966096809145529,0,8.45626794857266e-07,4.182303585749671e-09,12.041750800002774
2090,27337.777653219327,510.43410615547526,27848.211759374804,233.82804644960504,0.21323439711729233,90700325.25494167,0,False,1,0.996613510171036,0,8.435823766875962e-07,4.148982280547697e-09,12.047293100004026
2091,27337.787568592794,510.42407616239836,27848.211644755193,233.8280888541528,0.21323443578719664,90700325.25494167,0,False,1,0.9966173307847989,0,8.415427236514406e-07,4.115869731247288e-09,12.053106300001673
2092,27337.797453077437,510.41407797449614,27848.211531051933,233.82813112659238,0.21323447433662773,90700325.25494167,0,False,1,0.9966211427850742,0,8.395077780393721e-07,4.0829645008592714e-09,12.058932200001436
2093,27337.807306682407,510.404111576883,27848.21141825929,233.8281732669629,0.21323451276562133,90700325.25494167,0,False,1,0.996624946200963,0,8.374774931157774e-07,4.0502652830303724e-09,12.064728600002127
2094,27337.81712941751,510.3941769540699,27848.21130637158,233.82821527530638,0.21323455107421577,90700325.25494167,0,False,1,0.9966287410614353,0,8.354518331056011e-07,4.017769987591249e-09,12.070887399997446
2095,27337.826921293166,510.3842740899955,27848.211195383163,233.8282571516675,0.21323458926245173,90700325.25494167,0,False,1,0.9966325273953309,0,8.334307701064177e-07,3.98547743882442e-09,12.076847800002724
2096,27337.836682320376,510.37440296806017,27848.211085288436,233.82829889609332,0.2132346273303722,90700325.25494167,0,False,1,0.9966363052313604,0,8.314142860939333e-07,3.95338593846833e-09,12.08257869999943
2097,27337.84641251068,510.36456357115776,27848.21097608184,233.8283405086333,0.21323466527802223,90700325.25494167,0,False,1,0.996640074598105,0,8.294023700044852e-07,3.921494180169316e-09,12.088663900001848
2098,27337.856111876135,510.35475588170976,27848.210867757844,233.82838198933908,0.21323470310544895,90700325.25494167,0,False,1,0.9966438355240186,0,8.273950193848633e-07,3.889800857573624e-09,12.094220099999802
2099,27337.86578042931,510.3449798816986,27848.21076031101,233.82842333826446,0.21323474081270138,90700325.25494167,0,False,1,0.9966475880374271,0,8.253922379033641e-07,3.858302966059441e-09,12.09987650000403
2100,27337.87541818317,510.33523555270136,27848.21065373587,233.82846455546496,0.21323477839983018,90700325.25494167,0,False,1,0.9966513321665301,0,8.233940362639865e-07,3.827001289448779e-09,12.106277400002
2101,27337.88502515113,510.32552287592404,27848.21054802705,233.82850564099806,0.21323481586688778,90700325.25494167,0,False,1,0.9966550679394014,0,8.214004311292558e-07,3.7958926924836474e-09,12.112468300001638
2102,27337.89460134697,510.3158418322348,27848.210443179203,233.8285465949227,0.21323485321392788,90700325.25494167,0,False,1,0.9966587953839894,0,8.194114442173373e-07,3.764976130081917e-09,12.119304899999406
2103,27337.90414678481,510.3061924021983,27848.210339187008,233.8285874172994,0.21323489044100571,90700325.25494167,0,False,1,0.996662514528118,0,8.174271033387982e-07,3.734250557161381e-09,12.125649100002192
2104,27337.913661479088,510.29657456610926,27848.210236045197,233.8286281081899,0.21323492754817758,90700325.25494167,0,False,1,0.9966662253994871,0,8.154474405953591e-07,3.703714144823754e-09,12.131812500003434
2105,27337.92314544451,510.28698830402567,27848.210133748536,233.8286686676572,0.21323496453550092,90700325.25494167,0,False,1,0.996669928025674,0,8.13472492283914e-07,3.673365717350659e-09,12.138220799999544
2106,27337.932598696032,510.27743359580165,27848.210032291834,233.82870909576536,0.2132350014030341,90700325.25494167,0,False,1,0.996673622434133,0,8.115023004952508e-07,3.6432037071156383e-09,12.1438627000025
2107,27337.94202124882,510.26791042112103,27848.20993166994,233.82874939257925,0.2132350381508364,90700325.25494167,0,False,1,0.9966773086521971,0,8.095369102380056e-07,3.6132266771281493e-09,12.150063400004
2108,27337.951413118193,510.2584187595291,27848.20983187772,233.82878955816452,0.21323507477896758,90700325.25494167,0,False,1,0.9966809867070775,0,8.075763709314385e-07,3.5834338435775777e-09,12.155906400003005
2109,27337.96077431965,510.24895859046376,27848.209732910113,233.82882959258745,0.21323511128748812,90700325.25494167,0,False,1,0.9966846566258658,0,8.056207350839613e-07,3.5538229856572124e-09,12.161619200000132
2110,27337.97010486878,510.23952989328734,27848.209634762065,233.8288694959148,0.2132351476764589,90700325.25494167,0,False,1,0.9966883184355335,0,8.036700607325046e-07,3.524393450192284e-09,12.16743359999964
2111,27337.979404781247,510.23013264731685,27848.209537428564,233.82890926821366,0.2132351839459411,90700325.25494167,0,False,1,0.9966919721629327,0,8.017244076127489e-07,3.495143930827939e-09,12.173494299997401
2112,27337.988674072796,510.22076683185304,27848.209440904648,233.8289489095514,0.21323522009599616,90700325.25494167,0,False,1,0.9966956178347974,0,7.997838392249181e-07,3.4660725986652347e-09,12.17902779999713
2113,27337.99791275917,510.2114324262096,27848.20934518538,233.8289884199954,0.21323525612668554,90700325.25494167,0,False,1,0.9966992554777439,0,7.978484237015736e-07,3.4371785392571732e-09,12.184529400001338
2114,27338.007120856106,510.2021294097414,27848.20925026585,233.82902779961304,0.21323529203807065,90700325.25494167,0,False,1,0.996702885118271,0,7.959182317508653e-07,3.4084608381566884e-09,12.190390199997637
2115,27338.01629837932,510.19285776187036,27848.20915614119,233.82906704847161,0.21323532783021287,90700325.25494167,0,False,1,0.9967065067827613,0,7.939933377735613e-07,3.3799177971006176e-09,12.19623120000324
2116,27338.025445344465,510.1836174621122,27848.209062806578,233.82910616663813,0.21323536350317332,90700325.25494167,0,False,1,0.9967101204974814,0,7.9207381880593e-07,3.3515481097337357e-09,12.202315399998042
2117,27338.0345617671,510.1744084901015,27848.2089702572,233.8291451541792,0.21323539905701275,90700325.25494167,0,False,1,0.9967137262885827,0,7.901597568782472e-07,3.323351122880775e-09,12.209262399999716
2118,27338.043647662686,510.16523082561486,27848.2088784883,233.82918401116095,0.21323543449179141,90700325.25494167,0,False,1,0.9967173241821018,0,7.882512350278867e-07,3.2953250076423503e-09,12.21479669999826
2119,27338.052703046546,510.156084448594,27848.20878749514,233.82922273764905,0.21323546980756927,90700325.25494167,0,False,1,0.996720914203962,0,7.863483412619114e-07,3.2674691108430605e-09,12.22073900000396
2120,27338.06172793384,510.146969339167,27848.208697273007,233.82926133370836,0.2132355050044054,90700325.25494167,0,False,1,0.9967244963799724,0,7.844511659484228e-07,3.2397822567634154e-09,12.226480299999821
2121,27338.070722339573,510.1378854776688,27848.208607817243,233.82929979940312,0.21323554008235845,90700325.25494167,0,False,1,0.9967280707358299,0,7.825598026870399e-07,3.2122627471398285e-09,12.23217360000126
2122,27338.07968627853,510.12883284466,27848.20851912319,233.82933813479661,0.2132355750414861,90700325.25494167,0,False,1,0.9967316372971192,0,7.806743477394393e-07,3.184910581976745e-09,12.238440200002515
2123,27338.088619765313,510.1198114209448,27848.208431186256,233.8293763399514,0.21323560988184537,90700325.25494167,0,False,1,0.9967351960893136,0,7.787949005512184e-07,3.1577231485583924e-09,12.244018999997934
2124,27338.097522814256,510.1108211875877,27848.208344001843,233.8294144149288,0.21323564460349223,90700325.25494167,0,False,1,0.9967387471377752,0,7.769215619320434e-07,3.130700969433127e-09,12.249580600000627
2125,27338.106395439485,510.1018621259285,27848.208257565413,233.8294523597893,0.21323567920648176,90700325.25494167,0,False,1,0.996742290467756,0,7.750544368399504e-07,3.103841693157062e-09,12.255831800001033
2126,27338.11523765484,510.09293421759645,27848.208171872437,233.82949017459214,0.2132357136908681,90700325.25494167,0,False,1,0.9967458261043984,0,7.73193630303964e-07,3.077145058462387e-09,12.262119699997129
2127,27338.1240494739,510.0840374445226,27848.20808691842,233.82952785939545,0.21323574805670417,90700325.25494167,0,False,1,0.9967493540727355,0,7.713392510427886e-07,3.050609758993161e-09,12.267946500003745
2128,27338.132830909948,510.07517178895125,27848.2080026989,233.82956541425614,0.21323578230404192,90700325.25494167,0,False,1,0.996752874397692,0,7.694914069478422e-07,3.024234880301413e-09,12.274344899997232
2129,27338.14158197598,510.0663372334499,27848.207919209428,233.82960283922984,0.21323581643293202,90700325.25494167,0,False,1,0.9967563871040848,0,7.676502090387738e-07,2.9980195079391135e-09,12.27987170000415
2130,27338.150302684688,510.05753376091803,27848.207836445607,233.82964013437086,0.21323585044342405,90700325.25494167,0,False,1,0.9967598922166233,0,7.658157679498012e-07,2.9719622049141336e-09,12.286183700001857
2131,27338.158993048444,510.04876135459426,27848.20775440304,233.8296772997322,0.21323588433556634,90700325.25494167,0,False,1,0.9967633897599102,0,7.639881935120946e-07,2.946062709958386e-09,12.291759500003536
2132,27338.167653079305,510.04001999806263,27848.207673077366,233.82971433536545,0.21323591810940593,90700325.25494167,0,False,1,0.9967668797584419,0,7.62167597639356e-07,2.920319847351654e-09,12.297457400003623
2133,27338.176282788998,510.0313096752569,27848.207592464256,233.82975124132085,0.21323595176498858,90700325.25494167,0,False,1,0.9967703622366095,0,7.603540891574842e-07,2.8947324413736617e-09,12.303535099999863
2134,27338.184882188943,510.0226303704646,27848.20751255941,233.82978801764733,0.213235985302359,90700325.25494167,0,False,1,0.9967738372186987,0,7.585477764306148e-07,2.869299446940091e-09,12.30903330000001
2135,27338.193451290197,510.0139820683284,27848.207433358526,233.8298246643922,0.21323601872156026,90700325.25494167,0,False,1,0.9967773047288911,0,7.567487655494234e-07,2.844020864054673e-09,12.314866499997152
2136,27338.20199010351,510.005364753848,27848.207354857357,233.82986118160147,0.21323605202263438,90700325.25494167,0,False,1,0.9967807647912642,0,7.549571600012908e-07,2.818894863816911e-09,12.321047800003726
2137,27338.21049863928,509.99677841237843,27848.20727705166,233.82989756931974,0.21323608520562198,90700325.25494167,0,False,1,0.9967842174297921,0,7.531730610177775e-07,2.7939211849584085e-09,12.326984999999695
2138,27338.218976907592,509.9882230296299,27848.207199937224,233.82993382759014,0.21323611827056244,90700325.25494167,0,False,1,0.9967876626683458,0,7.513965646603194e-07,2.7690987823946443e-09,12.33312570000271
2139,27338.2274249182,509.97969859166386,27848.207123509867,233.82996995645448,0.21323615121749384,90700325.25494167,0,False,1,0.996791100530695,0,7.49627763371247e-07,2.7444264804050276e-09,12.339077700002235
2140,27338.23584268052,509.97120508488945,27848.20704776541,233.83000595595306,0.21323618404645295,90700325.25494167,0,False,1,0.9967945310405067,0,7.478667447393117e-07,2.7199042789930513e-09,12.345021300003282
2141,27338.244230203658,509.96274249605824,27848.206972699718,233.8300418261249,0.21323621675747534,90700325.25494167,0,False,1,0.9967979542213473,0,7.46113590520563e-07,2.695530479893969e-09,12.350766399998975
2142,27338.252587496405,509.9543108122582,27848.206898308665,233.83007756700763,0.21323624935059537,90700325.25494167,0,False,1,0.9968013700966823,0,7.44368375508768e-07,2.6713049524751655e-09,12.356461100003798
2143,27338.26091456724,509.9459100209056,27848.206824588146,233.83011317863762,0.21323628182584617,90700325.25494167,0,False,1,0.9968047786898774,0,7.42631169326419e-07,2.6472267822878905e-09,12.362697700002172
2144,27338.269211424347,509.9375401097375,27848.206751534086,233.8301486610499,0.21323631418325967,90700325.25494167,0,False,1,0.9968081800241984,0,7.409020328597719e-07,2.623294924247329e-09,12.368043399997987
2145,27338.27747807563,509.929201066801,27848.20667914243,233.83018401427833,0.2132363464228668,90700325.25494167,0,False,1,0.9968115741228123,0,7.391810199575088e-07,2.5995087251766683e-09,12.373751899998751
2146,27338.285714528694,509.92089288044383,27848.206607409138,233.83021923835548,0.2132363785446972,90700325.25494167,0,False,1,0.9968149610087877,0,7.374681756246809e-07,2.5758675318990504e-09,12.379442099998414
2147,27338.293920790886,509.9126155393019,27848.206536330188,233.83025433331284,0.21323641054877965,90700325.25494167,0,False,1,0.9968183407050951,0,7.357635365066564e-07,2.552370821873594e-09,12.385280100003001
2148,27338.3020968693,509.90436903228755,27848.20646590159,233.83028929918083,0.21323644243514184,90700325.25494167,0,False,1,0.9968217132346074,0,7.340671302147805e-07,2.5290174193792867e-09,12.39136470000085
2149,27338.310242770785,509.8961533485756,27848.20639611936,233.83032413598877,0.21323647420381053,90700325.25494167,0,False,1,0.9968250786201011,0,7.323789752514189e-07,2.505806932511176e-09,12.3966889000003
2150,27338.318358501958,509.8879684775894,27848.206326979547,233.83035884376503,0.2132365058548116,90700325.25494167,0,False,1,0.9968284368842555,0,7.306990795665097e-07,2.482738446820197e-09,12.402023800001189
2151,27338.32644406923,509.87981440898596,27848.206258478214,233.83039342253704,0.21323653738817006,90700325.25494167,0,False,1,0.9968317880496546,0,7.290274416572025e-07,2.459811309129279e-09,12.408428700000513
2152,27338.334499478802,509.8716911326399,27848.206190611443,233.83042787233146,0.21323656880391018,90700325.25494167,0,False,1,0.9968351321387866,0,7.273640510240567e-07,2.43702486626131e-09,12.41427339999791
2153,27338.34252473671,509.8635986386267,27848.206123375334,233.8304621931741,0.21323660010205556,90700325.25494167,0,False,1,0.9968384691740452,0,7.257088857944328e-07,2.4143784650391374e-09,12.42021090000344
2154,27338.350519848802,509.855536917206,27848.20605676601,233.83049638509004,0.213236631282629,90700325.25494167,0,False,1,0.9968417991777293,0,7.240619146027388e-07,2.3918713216495495e-09,12.426648000000569
2155,27338.35848482081,509.8475059588038,27848.205990779614,233.83053044810384,0.213236662345653,90700325.25494167,0,False,1,0.9968451221720442,0,7.22423097141685e-07,2.369502521643273e-09,12.431832700000086
2156,27338.366419658305,509.83950575399405,27848.205925412298,233.8305643822394,0.21323669329114925,90700325.25494167,0,False,1,0.9968484381791017,0,7.207923820566387e-07,2.3472720650231357e-09,12.437533500000427
2157,27338.374324366778,509.8315362934792,27848.20586066026,233.83059818752025,0.21323672411913927,90700325.25494167,0,False,1,0.9968517472209207,0,7.191697096925021e-07,2.3251781228876436e-09,12.442976999998791
2158,27338.382198951607,509.82359756807244,27848.20579651968,233.83063186396947,0.21323675482964408,90700325.25494167,0,False,1,0.9968550493194275,0,7.175550103128915e-07,2.303221217783631e-09,12.448366199998418
2159,27338.390043418105,509.8156895686764,27848.205732986782,233.8306654116098,0.21323678542268443,90700325.25494167,0,False,1,0.9968583444964566,0,7.159482067118641e-07,2.2814000433536075e-09,12.454336100003275
2160,27338.397857771542,509.80781228626404,27848.205670057807,233.83069883046383,0.21323681589828092,90700325.25494167,0,False,1,0.9968616327737508,0,7.143492123850524e-07,2.259713815784126e-09,12.459915200000978
2161,27338.405642017147,509.7999657118586,27848.205607729007,233.83073212055402,0.21323684625645403,90700325.25494167,0,False,1,0.9968649141729626,0,7.127579347327779e-07,2.2381621431697645e-09,12.465324099997815
2162,27338.413396160144,509.7921498365126,27848.205545996658,233.83076528190273,0.21323687649722414,90700325.25494167,0,False,1,0.9968681887156532,0,7.11174272547573e-07,2.2167442416970034e-09,12.471194600002491
2163,27338.421120205767,509.78436465128726,27848.205484857055,233.83079831453242,0.21323690662061176,90700325.25494167,0,False,1,0.996871456423294,0,7.095981194738478e-07,2.195459327552284e-09,12.47673300000315
2164,27338.428814159288,509.7766101472326,27848.20542430652,233.83083121846568,0.21323693662663745,90700325.25494167,0,False,1,0.9968747173172672,0,7.080293632463127e-07,2.174306486285987e-09,12.482197500001348
2165,27338.43647802601,509.76888631536565,27848.20536434138,233.83086399372522,0.21323696651532195,90700325.25494167,0,False,1,0.9968779714188651,0,7.064678869062749e-07,2.1532857179006186e-09,12.488158300002397
2166,27338.444111811332,509.76119314665084,27848.205304957984,233.8308966403342,0.21323699628668638,90700325.25494167,0,False,1,0.9968812187492924,0,7.049135698327552e-07,2.132395716038421e-09,12.493582199997036
2167,27338.451715520736,509.7535306319786,27848.205246152713,233.83092915831617,0.2132370259407522,90700325.25494167,0,False,1,0.9968844593296647,0,7.03366288333873e-07,2.1116359581577382e-09,12.498839400002907
2168,27338.459289159815,509.74589876214543,27848.20518792196,233.83096154769504,0.21323705547754124,90700325.25494167,0,False,1,0.9968876931810106,0,7.018259165579607e-07,2.0910055298088095e-09,12.5043205999973
2169,27338.466832734302,509.7382975278336,27848.205130262137,233.83099380849538,0.21323708489707588,90700325.25494167,0,False,1,0.9968909203242707,0,7.002923273744493e-07,2.0705041697219577e-09,12.509836999997788
2170,27338.47434625008,509.7307269195907,27848.205073169673,233.83102594074245,0.21323711419937916,90700325.25494167,0,False,1,0.9968941407802994,0,6.987653941676501e-07,2.050130832811331e-09,12.51573240000289
2171,27338.48182971321,509.723186927811,27848.205016641023,233.83105794446217,0.21323714338447472,90700325.25494167,0,False,1,0.9968973545698645,0,6.972449906148097e-07,2.029884865899113e-09,12.521288000003551
2172,27338.48928312994,509.7156775427151,27848.204960672654,233.83108981968132,0.21323717245238696,90700325.25494167,0,False,1,0.9969005617136477,0,6.957309926117331e-07,2.0097657464434808e-09,12.526484499998332
2173,27338.496706506732,509.70819875433165,27848.204905261064,233.83112156642764,0.21323720140314123,90700325.25494167,0,False,1,0.9969037622322457,0,6.942232785601002e-07,1.989772429358479e-09,12.532444500000565
2174,27338.504099850295,509.70075055247884,27848.204850402773,233.83115318472983,0.21323723023676366,90700325.25494167,0,False,1,0.99690695614617,0,6.927217303974858e-07,1.969904000194142e-09,12.537779799997224
2175,27338.511463167553,509.6933329267458,27848.2047960943,233.83118467461756,0.21323725895328133,90700325.25494167,0,False,1,0.9969101434758469,0,6.912262356523745e-07,1.950160720224702e-09,12.542941799998516
2176,27338.51879646573,509.6859458664765,27848.204742332207,233.8312160361218,0.21323728755272245,90700325.25494167,0,False,1,0.9969133242416194,0,6.897366861013533e-07,1.9305406299119263e-09,12.548461700003827
2177,27338.52609975231,509.6785893607514,27848.204689113063,233.83124726927457,0.21323731603511625,90700325.25494167,0,False,1,0.9969164984637464,0,6.882529809752586e-07,1.9110439905299856e-09,12.553751500003273
2178,27338.533373035094,509.67126339837233,27848.204636433467,233.83127837410927,0.2132373444004932,90700325.25494167,0,False,1,0.9969196661624035,0,6.867750267781317e-07,1.8916693650846846e-09,12.558890400003293
2179,27338.540616322185,509.66396796784613,27848.20458429003,233.83130935066066,0.21323737264888495,90700325.25494167,0,False,1,0.9969228273576832,0,6.853027377891312e-07,1.87241649230603e-09,12.564879700003075
2180,27338.54782962202,509.65670305737035,27848.204532679392,233.83134019896485,0.21323740078032447,90700325.25494167,0,False,1,0.9969259820695963,0,6.838360371160181e-07,1.853284196471815e-09,12.570215500003542
2181,27338.55501294337,509.6494686548184,27848.204481598186,233.8313709190594,0.21323742879484597,90700325.25494167,0,False,1,0.9969291303180704,0,6.823748569693275e-07,1.8342728694921244e-09,12.57616660000349
2182,27338.562166295393,509.6422647477263,27848.20443104312,233.8314015109835,0.21323745669248528,90700325.25494167,0,False,1,0.996932272122953,0,6.8091914061743e-07,1.8153797680123638e-09,12.581465100003697
2183,27338.569289687584,509.6350913232798,27848.204381010863,233.83143197477787,0.21323748447327942,90700325.25494167,0,False,1,0.9969354075040089,0,6.79468840720625e-07,1.796606198394751e-09,12.586994299999787
2184,27338.57638312983,509.6279483683019,27848.204331498135,233.83146231048477,0.213237512137267,90700325.25494167,0,False,1,0.9969385364809232,0,6.78023921886374e-07,1.7779504623728501e-09,12.592830200002936
2185,27338.583446632445,509.62083586924246,27848.204282501687,233.8314925181484,0.2132375396844883,90700325.25494167,0,False,1,0.9969416590733005,0,6.765843592962296e-07,1.7594113842243001e-09,12.598273100004008
2186,27338.590480206083,509.61375381216675,27848.20423401825,233.83152259781437,0.21323756711498493,90700325.25494167,0,False,1,0.9969447753006647,0,6.751501404072699e-07,1.7409897477671344e-09,12.603959899999609
2187,27338.597483861864,509.606702182746,27848.20418604461,233.83155254953024,0.21323759442880025,90700325.25494167,0,False,1,0.996947885182461,0,6.737212638155169e-07,1.7226833321907122e-09,12.610666400003538
2188,27338.60445761132,509.5996809662488,27848.20413857757,233.83158237334544,0.2132376216259793,90700325.25494167,0,False,1,0.9969509887380551,0,6.722977410472882e-07,1.7044920068608149e-09,12.61632549999922
2189,27338.61140146639,509.5926901475321,27848.204091613923,233.83161206931106,0.21323764870656878,90700325.25494167,0,False,1,0.9969540859867342,0,6.708795946621967e-07,1.6864156411432007e-09,12.621789199998602
2190,27338.618315439475,509.5857297110345,27848.20404515051,233.83164163748017,0.21323767567061697,90700325.25494167,0,False,1,0.9969571769477067,0,6.694668597964805e-07,1.6684527980433134e-09,12.627411200002825
2191,27338.62519954341,509.57879964076943,27848.20399918418,233.8316710779077,0.213237702518174,90700325.25494167,0,False,1,0.9969602616401037,0,6.680595827617225e-07,1.6506029550187703e-09,12.632929699997476
2192,27338.63205379149,509.5718999203196,27848.20395371181,233.83170039065058,0.2132377292492918,90700325.25494167,0,False,1,0.9969633400829782,0,6.666578223730481e-07,1.6328654588911344e-09,12.640226900002745
2193,27338.638878197446,509.5650305328312,27848.203908730276,233.83172957576755,0.21323775586402394,90700325.25494167,0,False,1,0.9969664122953061,0,6.652616475295566e-07,1.6152400483900335e-09,12.64590390000376
2194,27338.64567277548,509.55819146101067,27848.203864236493,233.83175863331945,0.21323778236242588,90700325.25494167,0,False,1,0.9969694782959873,0,6.638711391892401e-07,1.5977254171568316e-09,12.651483100002224
2195,27338.652437540255,509.5513826871209,27848.203820227376,233.83178756336895,0.2132378087445548,90700325.25494167,0,False,1,0.9969725381038441,0,6.624863878638446e-07,1.5803215651931665e-09,12.658464699998149
2196,27338.65917250689,509.5446041929777,27848.20377669987,233.83181636598084,0.21323783501046975,90700325.25494167,0,False,1,0.9969755917376241,0,6.611074944527453e-07,1.5630274474124119e-09,12.664312000000791
2197,27338.66587769098,509.5378559599495,27848.203733650927,233.83184504122178,0.21323786116023155,90700325.25494167,0,False,1,0.996978639215998,0,6.597345693519788e-07,1.545842671908068e-09,12.670046899998852
2198,27338.672553108576,509.53113796895406,27848.20369107753,233.83187358916052,0.21323788719390285,90700325.25494167,0,False,1,0.9969816805575625,0,6.583677312110782e-07,1.5287663242294895e-09,12.675856300003943
2199,27338.6791987762,509.5244502004599,27848.20364897666,233.83190200986778,0.2132379131115482,90700325.25494167,0,False,1,0.9969847157808387,0,6.570071070457533e-07,1.511798404378223e-09,12.68121550000069
2200,27338.685814710843,509.5177926344852,27848.203607345327,233.8319303034162,0.21323793891323378,90700325.25494167,0,False,1,0.9969877449042734,0,6.556528311725905e-07,1.4949378672675458e-09,12.687077800001134
2201,27338.692400929955,509.5111652505989,27848.203566180553,233.83195846988048,0.21323796459902777,90700325.25494167,0,False,1,0.9969907679462393,0,6.543050443677441e-07,1.4781841903548357e-09,12.69292790000327
2202,27338.698957451455,509.50456802792235,27848.203525479377,233.83198650933733,0.2132379901690001,90700325.25494167,0,False,1,0.9969937849250357,0,6.529638932927058e-07,1.4615368510974482e-09,12.698599900002591
2203,27338.705484293714,509.4980009451312,27848.203485238846,233.83201442186532,0.21323801562322242,90700325.25494167,0,False,1,0.9969967958588879,0,6.516295294765156e-07,1.444995588224781e-09,12.705009299999801
2204,27338.71198147557,509.4914639804582,27848.20344545603,233.83204220754507,0.21323804096176827,90700325.25494167,0,False,1,0.9969998007659487,0,6.503021080788261e-07,1.4285594872860515e-09,12.710480699999607
2205,27338.718449016305,509.48495711169653,27848.203406128003,233.8320698664591,0.21323806618471283,90700325.25494167,0,False,1,0.9970027996642984,0,6.489817885773475e-07,1.41222854828268e-09,12.715872300002957
2206,27338.724886935663,509.47848031620344,27848.203367251866,233.83209739869187,0.2132380912921332,90700325.25494167,0,False,1,0.9970057925719445,0,6.476687318998918e-07,1.396001595491776e-09,12.721421200003533
2207,27338.731295253812,509.4720335709042,27848.203328824715,233.8321248043297,0.21323811628410808,90700325.25494167,0,False,1,0.9970087795068233,0,6.463631004844357e-07,1.3798790208228166e-09,12.727755500003695
2208,27338.73767399139,509.4656168522974,27848.203290843685,233.83215208346087,0.21323814116071796,90700325.25494167,0,False,1,0.9970117604867988,0,6.450650578725552e-07,1.3638592566447713e-09,12.734318900002108
2209,27338.744023169438,509.45923013645984,27848.2032533059,233.83217923617545,0.21323816592204498,90700325.25494167,0,False,1,0.9970147355296645,0,6.437747668117824e-07,1.3479428255031114e-09,12.740447199998016
2210,27338.75034280945,509.45287339905235,27848.2032162085,233.83220626256534,0.21323819056817292,90700325.25494167,0,False,1,0.9970177046531424,0,6.424923896110357e-07,1.3321289435829625e-09,12.74594320000324
2211,27338.75663293332,509.44654661532525,27848.203179548647,233.83223316272426,0.2132382150991873,90700325.25494167,0,False,1,0.997020667874885,0,6.412180867600196e-07,1.3164172189775292e-09,12.751697500003502
2212,27338.762893563384,509.4402497601249,27848.20314332351,233.83225993674776,0.21323823951517523,90700325.25494167,0,False,1,0.9970236252124735,0,6.399520151299478e-07,1.3008069985079298e-09,12.757004699997196
2213,27338.769124722363,509.4339828079003,27848.203107530262,233.83228658473305,0.21323826381622538,90700325.25494167,0,False,1,0.9970265766834202,0,6.38694329669616e-07,1.2852982821754313e-09,12.762670700001763
2214,27338.77532643338,509.4277457327094,27848.20307216609,233.83231310677905,0.2132382880024279,90700325.25494167,0,False,1,0.9970295223051675,0,6.374451803152249e-07,1.2698906780731834e-09,12.76798620000045
2215,27338.781498719978,509.4215385082268,27848.203037228206,233.83233950298654,0.21323831207387473,90700325.25494167,0,False,1,0.9970324620950892,0,6.362047128702441e-07,1.2545830104781122e-09,12.773874500002421
2216,27338.787641606057,509.41536110775,27848.203002713806,233.8323657734577,0.21323833603065906,90700325.25494167,0,False,1,0.9970353960704896,0,6.349730675252133e-07,1.23937619384367e-09,12.779329199998756
2217,27338.793755115905,509.4092135042072,27848.202968620113,233.83239191829648,0.21323835987287568,90700325.25494167,0,False,1,0.9970383242486054,0,6.337503786616851e-07,1.2242690524467482e-09,12.784452200001397
2218,27338.799839274197,509.40309567016425,27848.202934944362,233.83241793760845,0.21323838360062086,90700325.25494167,0,False,1,0.9970412466466049,0,6.325367745921546e-07,1.209261194380423e-09,12.789781200001016
2219,27338.805894105946,509.39700757783197,27848.202901683777,233.83244383150063,0.21323840721399218,90700325.25494167,0,False,1,0.9970441632815883,0,6.313323761988273e-07,1.1943530115539625e-09,12.795365700003458
2220,27338.811919636544,509.39094919907365,27848.20286883562,233.8324696000816,0.21323843071308868,90700325.25494167,0,False,1,0.9970470741705888,0,6.301372980655212e-07,1.1795431976081674e-09,12.8018482999978
2221,27338.817915891723,509.38492050541197,27848.202836397133,233.8324952434615,0.2132384540980108,90700325.25494167,0,False,1,0.9970499793305728,0,6.289516463828524e-07,1.1648322750883076e-09,12.809818699999596
2222,27338.82388289755,509.3789214680364,27848.20280436559,233.83252076175182,0.2132384773688602,90700325.25494167,0,False,1,0.9970528787784394,0,6.277755200191761e-07,1.1502194601792892e-09,12.815222899997025
2223,27338.829820680447,509.3729520578096,27848.202772738256,233.83254615506561,0.21323850052573995,90700325.25494167,0,False,1,0.9970557725310215,0,6.266090095421628e-07,1.1357046222461755e-09,12.820509299999685
2224,27338.83572926714,509.3670122452744,27848.202741512414,233.8325714235172,0.21323852356875436,90700325.25494167,0,False,1,0.9970586606050862,0,6.254521971012018e-07,1.12128750001798e-09,12.826393299998017
2225,27338.841608684696,509.3611020006603,27848.202710685357,233.8325965672224,0.213238546498009,90700325.25494167,0,False,1,0.9970615430173342,0,6.24305156763793e-07,1.1069675709516288e-09,12.832167000000481
2226,27338.84745896048,509.35522129388966,27848.20268025437,233.83262158629827,0.21323856931361063,90700325.25494167,0,False,1,0.9970644197844013,0,6.231679540238374e-07,1.092745096320246e-09,12.8380707000033
2227,27338.85328012218,509.3493700945837,27848.202650216765,233.83264648086325,0.21323859201566728,90700325.25494167,0,False,1,0.9970672909228582,0,6.220406457194281e-07,1.0786191616726195e-09,12.844275900002685
2228,27338.859072197774,509.34354837206706,27848.202620569842,233.832671251037,0.21323861460428803,90700325.25494167,0,False,1,0.9970701564492105,0,6.209232801253734e-07,1.0645901589178797e-09,12.849591600002896
2229,27338.864835215554,509.3377560953749,27848.20259131093,233.8326958969406,0.21323863707958335,90700325.25494167,0,False,1,0.9970730163798995,0,6.198158971817309e-07,1.0506571736047828e-09,12.855056300002616
2230,27338.870569204093,509.33199323325493,27848.20256243735,233.83272041869628,0.21323865944166467,90700325.25494167,0,False,1,0.9970758707313022,0,6.187185282322482e-07,1.0368202057343214e-09,12.86140339999838
2231,27338.876274192255,509.3262597541737,27848.202533946427,233.83274481642752,0.21323868169064458,90700325.25494167,0,False,1,0.9970787195197318,0,6.176311966216193e-07,1.0230793859435116e-09,12.866456900002959
2232,27338.8819502092,509.3205556263194,27848.20250583552,233.83276909025903,0.21323870382663687,90700325.25494167,0,False,1,0.9970815627614383,0,6.165539174740297e-07,1.0094334078729528e-09,12.871732400002657
2233,27338.887597284356,509.3148808176048,27848.20247810196,233.83279324031673,0.21323872584975628,90700325.25494167,0,False,1,0.9970844004726078,0,6.154866973015778e-07,9.958833166118876e-10,12.877514400002838
2234,27338.893215447428,509.30923529567025,27848.202450743098,233.8328172667277,0.21323874776011878,90700325.25494167,0,False,1,0.997087232669364,0,6.144295363220535e-07,9.82428328345034e-10,12.882944800003315
2235,27338.89880472842,509.3036190278856,27848.202423756306,233.83284116962022,0.21323876955784132,90700325.25494167,0,False,1,0.9970900593677678,0,6.133824257756051e-07,9.690676592570927e-10,12.888868800000637
2236,27338.904365157585,509.29803198135147,27848.202397138935,233.8328649491238,0.213238791243042,90700325.25494167,0,False,1,0.9970928805838177,0,6.123453504058552e-07,9.558020931651942e-10,12.894305000001623
2237,27338.909896765475,509.29247412289993,27848.202370888375,233.8328886053691,0.21323881281583995,90700325.25494167,0,False,1,0.9970956963334504,0,6.113182876143004e-07,9.426303237098633e-10,12.899380599999859
2238,27338.9153995829,509.2869454190949,27848.202345001995,233.8329121384879,0.21323883427635537,90700325.25494167,0,False,1,0.9970985066325407,0,6.103012083841856e-07,9.295530040721676e-10,12.905254600002081
2239,27338.920873640964,509.2814458362307,27848.202319477194,233.83293554861328,0.21323885562470965,90700325.25494167,0,False,1,0.997101311496902,0,6.092940771343104e-07,9.165690891646772e-10,12.91047680000338
2240,27338.92631897103,509.27597534033237,27848.202294311362,233.83295883587937,0.21323887686102505,90700325.25494167,0,False,1,0.9971041109422867,0,6.082968515098565e-07,9.036788402603214e-10,12.915826099997503
2241,27338.93173560474,509.2705338971522,27848.202269501893,233.83298200042157,0.21323889798542506,90700325.25494167,0,False,1,0.9971069049843863,0,6.073094838902938e-07,8.908822573599436e-10,12.921441899998172
2242,27338.937123574047,509.26512147216744,27848.202245046214,233.83300504237656,0.21323891899803435,90700325.25494167,0,False,1,0.9971096936388315,0,6.063319209395629e-07,8.781780341039958e-10,12.926525599999877
2243,27338.94248291115,509.25973803057764,27848.202220941726,233.833027961882,0.21323893989897846,90700325.25494167,0,False,1,0.9971124769211934,0,6.053641035044413e-07,8.655670849455585e-10,12.931454600002326
2244,27338.947813648556,509.25438353729965,27848.202197185856,233.83305075907705,0.21323896068838424,90700325.25494167,0,False,1,0.9971152548469827,0,6.044059679029421e-07,8.530486260692088e-10,12.936885499999335
2245,27338.953115819073,509.24905795696327,27848.202173776037,233.833073434102,0.21323898136637967,90700325.25494167,0,False,1,0.9971180274316501,0,6.034574452135888e-07,8.406222655676237e-10,12.942467499997292
2246,27338.9583894558,509.2437612539058,27848.20215070971,233.83309598709846,0.21323900193309386,90700325.25494167,0,False,1,0.997120794690588,0,6.025184623117857e-07,8.282878728055435e-10,12.947960999998031
2247,27338.963634592146,509.23849339216537,27848.20212798431,233.8331184182093,0.21323902238865713,90700325.25494167,0,False,1,0.9971235566391287,0,6.015889412017364e-07,8.16045447783735e-10,12.953957300000184
2248,27338.968851261823,509.2332543354747,27848.2021055973,233.83314072757875,0.213239042733201,90700325.25494167,0,False,1,0.9971263132925461,0,6.006688005686988e-07,8.038943373227606e-10,12.959321399997862
2249,27338.97403949888,509.228044047253,27848.202083546134,233.83316291535246,0.21323906296685824,90700325.25494167,0,False,1,0.9971290646660552,0,5.997579539766793e-07,7.91834410787324e-10,12.964336700002605
2250,27338.979199337686,509.22286249059715,27848.202061828284,233.83318498167742,0.21323908308976297,90700325.25494167,0,False,1,0.9971318107748136,0,5.988563129561552e-07,7.798654069060783e-10,12.96976469999936
2251,27338.984330812942,509.217709628274,27848.202040441218,233.8332069267021,0.21323910310205052,90700325.25494167,0,False,1,0.9971345516339201,0,5.979637844794596e-07,7.679873256797423e-10,12.975318199998583
2252,27338.98943395972,509.21258542270976,27848.20201938243,233.8332287505765,0.21323912300385772,90700325.25494167,0,False,1,0.9971372872584161,0,5.970802724772072e-07,7.561992526567511e-10,12.980723699998634
2253,27338.994508813426,509.20748983597974,27848.201998649405,233.83325045345208,0.21323914279532272,90700325.25494167,0,False,1,0.9971400176632857,0,5.962056782238047e-07,7.445013184738384e-10,12.986222799998359
2254,27338.99955540985,509.202422829798,27848.20197823965,233.83327203548194,0.21323916247658506,90700325.25494167,0,False,1,0.9971427428634558,0,5.95339899991535e-07,7.328931312235708e-10,12.991500800002541
2255,27339.004573785154,509.19738436550506,27848.20195815066,233.83329349682074,0.2132391820477858,90700325.25494167,0,False,1,0.9971454628737961,0,5.94482833108397e-07,7.213746909066208e-10,12.996943700003612
2256,27339.009563975906,509.1923744040567,27848.201938379963,233.8333148376249,0.21323920150906764,90700325.25494167,0,False,1,0.9971481777091203,0,5.936343709495546e-07,7.099452137074146e-10,13.002741099997365
2257,27339.014526019066,509.1873929060104,27848.201918925075,233.83333605805254,0.2132392208605747,90700325.25494167,0,False,1,0.9971508873841854,0,5.927944038360729e-07,6.986048302626412e-10,13.008402500003285
2258,27339.019459952022,509.18243983151257,27848.201899783533,233.83335715826354,0.21323924010245282,90700325.25494167,0,False,1,0.9971535919136923,0,5.919628210124563e-07,6.873528873927426e-10,13.013781300003757
2259,27339.024365812602,509.17751514028527,27848.201880952885,233.83337813841976,0.2132392592348496,90700325.25494167,0,False,1,0.9971562913122863,0,5.911395090025889e-07,6.76188993190228e-10,13.018935599997349
2260,27339.029243639063,509.17261879161146,27848.201862430673,233.8333989986848,0.21323927825791422,90700325.25494167,0,False,1,0.997158985594557,0,5.903243525432219e-07,6.651134089277938e-10,13.023974700001418
2261,27339.034093470138,509.1677507443206,27848.201844214458,233.83341973922435,0.21323929717179782,90700325.25494167,0,False,1,0.9971616747750387,0,5.895172355749611e-07,6.541253507898089e-10,13.02947700000368
2262,27339.038915345038,509.16291095677394,27848.20182630181,233.83344036020614,0.2132393159766533,90700325.25494167,0,False,1,0.9971643588682112,0,5.887180398810164e-07,6.432245575047896e-10,13.034707999999227
2263,27339.043709303463,509.15809938684896,27848.20180869031,233.83346086179995,0.2132393346726355,90700325.25494167,0,False,1,0.9971670378884987,0,5.879266461577354e-07,6.324106371652019e-10,13.040197700000135
2264,27339.048475385607,509.15331599192376,27848.20179137753,233.83348124417773,0.21323935325990123,90700325.25494167,0,False,1,0.9971697118502716,0,5.871429346676501e-07,6.216839816797411e-10,13.04582720000326
2265,27339.05321363222,509.1485607288613,27848.20177436108,233.83350150751377,0.21323937173860946,90700325.25494167,0,False,1,0.9971723807678456,0,5.863667846176281e-07,6.110430234164923e-10,13.050913999999466
2266,27339.057924084576,509.1438335539925,27848.20175763857,233.8335216519846,0.21323939010892112,90700325.25494167,0,False,1,0.997175044655483,0,5.8559807399781e-07,6.004880236480899e-10,13.055948100001842
2267,27339.0626067845,509.1391344231012,27848.201741207602,233.83354167776915,0.21323940837099944,90700325.25494167,0,False,1,0.997177703527392,0,5.848366822960138e-07,5.900189823750789e-10,13.061410800000886
2268,27339.0672617744,509.1344632914066,27848.201725065806,233.83356158504878,0.21323942652500977,90700325.25494167,0,False,1,0.997180357397727,0,5.840824875521569e-07,5.796351157817533e-10,13.066732899998897
2269,27339.07188909728,509.1298201135464,27848.201709210825,233.83358137400742,0.21323944457111985,90700325.25494167,0,False,1,0.99718300628059,0,5.83335368295906e-07,5.693359013244768e-10,13.072135000002163
2270,27339.076488796723,509.1252048435613,27848.201693640283,233.83360104483154,0.2132394625094997,90700325.25494167,0,False,1,0.9971856501900292,0,5.825952042889491e-07,5.591219921839672e-10,13.077517999998236
2271,27339.08106091698,509.12061743487686,27848.201678351856,233.83362059771036,0.21323948034032195,90700325.25494167,0,False,1,0.9971882891400408,0,5.818618754102945e-07,5.489915594561643e-10,13.082714199998009
2272,27339.085605502914,509.116057840288,27848.201663343203,233.8336400328358,0.21323949806376155,90700325.25494167,0,False,1,0.9971909231445678,0,5.811352632433404e-07,5.389451256857263e-10,13.088076200001524
2273,27339.090122600057,509.1115260119411,27848.201648611997,233.83365935040257,0.21323951567999605,90700325.25494167,0,False,1,0.9971935522175017,0,5.804152504914856e-07,5.28982298965019e-10,13.093986200001382
2274,27339.094612254605,509.1070219013185,27848.201634155925,233.83367855060828,0.21323953318920572,90700325.25494167,0,False,1,0.9971961763726817,0,5.79701722305996e-07,5.191025567503579e-10,13.099491799999669
2275,27339.099074513462,509.1025454592219,27848.201619972686,233.83369763365357,0.21323955059157348,90700325.25494167,0,False,1,0.9971987956238949,0,5.789945655702772e-07,5.093053764980492e-10,13.104875199998787
2276,27339.103509424218,509.0980966357557,27848.201606059974,233.83371659974196,0.21323956788728496,90700325.25494167,0,False,1,0.9972014099848776,0,5.78293669994469e-07,4.995910194806347e-10,13.110527400000137
2277,27339.10791703521,509.0936753803119,27848.20159241552,233.8337354490802,0.21323958507652865,90700325.25494167,0,False,1,0.9972040194693141,0,5.775989280016745e-07,4.899581793381571e-10,13.115791099997296
2278,27339.1122973955,509.0892816415534,27848.201579037053,233.8337541818781,0.21323960215949594,90700325.25494167,0,False,1,0.9972066240908386,0,5.769102356397371e-07,4.804068560710584e-10,13.12104669999826
2279,27339.1166505549,509.08491536740013,27848.2015659223,233.83377279834878,0.21323961913638112,90700325.25494167,0,False,1,0.9972092238630338,0,5.762274926120537e-07,4.709371803158141e-10,13.127325699999346
2280,27339.12097656401,509.080576505013,27848.201553069022,233.8337912987086,0.21323963600738158,90700325.25494167,0,False,1,0.9972118187994318,0,5.755506023960368e-07,4.6154784571243886e-10,13.132449999997334
2281,27339.125275474194,509.0762650007806,27848.201540474976,233.83380968317732,0.21323965277269763,90700325.25494167,0,False,1,0.9972144089135146,0,5.748794733766855e-07,4.5223911353343164e-10,13.138680500000191
2282,27339.12954733763,509.07198080030463,27848.201528137935,233.83382795197804,0.21323966943253278,90700325.25494167,0,False,1,0.9972169942187147,0,5.742140180899484e-07,4.430103305989955e-10,13.14407509999728
2283,27339.133792207293,509.0677238483865,27848.20151605568,233.83384610533733,0.21323968598709364,90700325.25494167,0,False,1,0.9972195747284137,0,5.735541553620285e-07,4.3386123563744855e-10,13.149117100001604
2284,27339.138010136987,509.06349408901514,27848.201504226003,233.83386414348539,0.2132397024365901,90700325.25494167,0,False,1,0.9972221504559443,0,5.728998084588714e-07,4.247914367410595e-10,13.154788599997119
2285,27339.142201181363,509.05929146535436,27848.201492646716,233.83388206665586,0.2132397187812353,90700325.25494167,0,False,1,0.9972247214145895,0,5.722509072566575e-07,4.1580015009396456e-10,13.15990939999756
2286,27339.146365395896,509.05511591973226,27848.201481315627,233.8338998750861,0.2132397350212456,90700325.25494167,0,False,1,0.9972272876175836,0,5.716073872066022e-07,4.068876369686235e-10,13.16501160000189
2287,27339.150502836943,509.0509673936291,27848.20147023057,233.8339175690171,0.21323975115684082,90700325.25494167,0,False,1,0.9972298490781113,0,5.709691908797474e-07,3.980528522770736e-10,13.170648600003915
2288,27339.15461356171,509.0468458276689,27848.20145938938,233.83393514869354,0.21323976718824408,90700325.25494167,0,False,1,0.9972324058093092,0,5.703362672312086e-07,3.892959266557178e-10,13.17593360000319
2289,27339.158697628292,509.04275116160926,27848.201448789903,233.8339526143639,0.21323978311568198,90700325.25494167,0,False,1,0.9972349578242647,0,5.69708572180881e-07,3.8061620692470233e-10,13.181180200001108
2290,27339.162755095676,509.0386833343335,27848.20143843001,233.83396996628045,0.21323979893938458,90700325.25494167,0,False,1,0.9972375051360179,0,5.690860691846713e-07,3.720130399041653e-10,13.18696820000332
2291,27339.166786023714,509.03464228384297,27848.20142830756,233.83398720469918,0.2132398146595853,90700325.25494167,0,False,1,0.9972400477575603,0,5.684687286204358e-07,3.634866868665297e-10,13.192288099999132
2292,27339.170790473177,509.03062794725065,27848.201418420427,233.83400432988003,0.21323983027652121,90700325.25494167,0,False,1,0.9972425857018354,0,5.678565284283628e-07,3.5503662526796113e-10,13.19750020000356
2293,27339.174768505756,509.02664026077525,27848.20140876653,233.83402134208683,0.21323984579043287,90700325.25494167,0,False,1,0.9972451189817397,0,5.672494551383487e-07,3.466614181123246e-10,13.20304120000219
2294,27339.178720184023,509.02267915973687,27848.20139934376,233.83403824158717,0.21323986120156435,90700325.25494167,0,False,1,0.9972476476101217,0,5.666475013493425e-07,3.38361849216189e-10,13.208415699999023
2295,27339.182645571476,509.0187445785532,27848.20139015003,233.83405502865264,0.2132398765101633,90700325.25494167,0,False,1,0.9972501715997835,0,5.660506694313357e-07,3.301373960356987e-10,13.214097000003676
2296,27339.186544732533,509.01483645073637,27848.20138118327,233.83407170355878,0.21323989171648097,90700325.25494167,0,False,1,0.9972526909634791,0,5.654589672216564e-07,3.219870134828227e-10,13.219906799997261
2297,27339.19041773252,509.010954708892,27848.20137244141,233.83408826658496,0.21323990682077218,90700325.25494167,0,False,1,0.9972552057139172,0,5.648724121455789e-07,3.1391109346598484e-10,13.225229700001364
2298,27339.194264637677,509.00709928471804,27848.201363922395,233.83410471801446,0.2132399218232952,90700325.25494167,0,False,1,0.9972577158637589,0,5.642910281478347e-07,3.0590898280526676e-10,13.230521600002248
2299,27339.198085515178,509.00327010900514,27848.201355624184,233.83412105813463,0.2132399367243121,90700325.25494167,0,False,1,0.9972602214256195,0,5.637148469733776e-07,2.9798015895678533e-10,13.23643930000253
2300,27339.20188043311,508.9994671116391,27848.20134754475,233.83413728723662,0.2132399515240884,90700325.25494167,0,False,1,0.9972627224120681,0,5.631439073399082e-07,2.9012409937665064e-10,13.242094599998381
2301,27339.205649460455,508.9956902216014,27848.201339682055,233.83415340561547,0.21323996622289312,90700325.25494167,0,False,1,0.9972652188356281,0,5.625782549011902e-07,2.8234119597326177e-10,13.248134499997832
2302,27339.209392667122,508.99193936697543,27848.2013320341,233.83416941357018,0.213239980820999,90700325.25494167,0,False,1,0.9972677107087765,0,5.620179422863016e-07,2.7463014238646334e-10,13.253924900003767
2303,27339.21311012392,508.98821447494885,27848.20132459887,233.83418531140362,0.21323999531868212,90700325.25494167,0,False,1,0.9972701980439459,0,5.614630279191507e-07,2.669913305246423e-10,13.259047600004124
2304,27339.216801902552,508.9845154718215,27848.201317374373,233.8342010994224,0.21324000971622217,90700325.25494167,0,False,1,0.997272680853523,0,5.609135771076762e-07,2.594242378438844e-10,13.26432229999773
2305,27339.22046807562,508.9808422830106,27848.20131035863,233.834216777937,0.2132400240139023,90700325.25494167,0,False,1,0.9972751591498497,0,5.603696594553608e-07,2.5192808052818424e-10,13.269493899999361
2306,27339.22410871659,508.97719483305985,27848.20130354965,233.83423234726172,0.21324003821200907,90700325.25494167,0,False,1,0.9972776329452229,0,5.598313504714914e-07,2.4450338112195417e-10,13.274903700003051
2307,27339.22772389983,508.9735730456486,27848.201296945477,233.83424780771455,0.21324005231083248,90700325.25494167,0,False,1,0.9972801022518948,0,5.592987302137619e-07,2.371489639010503e-10,13.280443000003288
2308,27339.231313700548,508.96997684360144,27848.201290544148,233.83426315961717,0.21324006631066592,90700325.25494167,0,False,1,0.9972825670820733,0,5.587718826700597e-07,2.29865090137789e-10,13.28565730000264
2309,27339.234878194813,508.96640614890015,27848.20128434371,233.8342784032949,0.213240080211806,90700325.25494167,0,False,1,0.9972850274479222,0,5.58250895054865e-07,2.2265123728822696e-10,13.290705300001719
2310,27339.238417459535,508.9628608826957,27848.201278342232,233.83429353907667,0.21324009401455274,90700325.25494167,0,False,1,0.997287483361561,0,5.577358576408786e-07,2.1550688280841507e-10,13.295833299998776
2311,27339.24193157244,508.95934096532136,27848.20127253776,233.8343085672949,0.2132401077192092,90700325.25494167,0,False,1,0.9972899348350658,0,5.572268635730457e-07,2.0843254924273909e-10,13.300928900003782
2312,27339.245420612082,508.9558463163081,27848.20126692839,233.83432348828555,0.21324012132608186,90700325.25494167,0,False,1,0.9972923818804683,0,5.567240062310577e-07,2.0142666895889908e-10,13.30644829999801
2313,27339.248884657783,508.9523768543999,27848.201261512182,233.83433830238783,0.21324013483547996,90700325.25494167,0,False,1,0.9972948245097575,0,5.562273817519275e-07,1.9449041768148326e-10,13.3125022000022
2314,27339.25232378967,508.9489324975688,27848.20125628724,233.8343530099445,0.21324014824771612,90700325.25494167,0,False,1,0.9972972627348786,0,5.557370852223659e-07,1.8762222777818104e-10,13.320813199999975
2315,27339.255738088614,508.94551316303426,27848.20125125165,233.83436761130136,0.21324016156310568,90700325.25494167,0,False,1,0.9972996965677342,0,5.552532120071597e-07,1.8082288306544327e-10,13.326212699997996
2316,27339.259127636236,508.9421187672806,27848.201246403518,233.83438210680754,0.213240174781967,90700325.25494167,0,False,1,0.9973021260201841,0,5.5477585640012e-07,1.7409133845511935e-10,13.331453600003442
2317,27339.262492514878,508.93874922607574,27848.201241740953,233.83439649681515,0.2132401879046212,90700325.25494167,0,False,1,0.9973045511040446,0,5.543051107838395e-07,1.6742785521948014e-10,13.336802700003318
2318,27339.265832807574,508.9354044544927,27848.201237262067,233.83441078167934,0.21324020093139215,90700325.25494167,0,False,1,0.9973069718310908,0,5.538410659005848e-07,1.6083217208662126e-10,13.342329500002961
2319,27339.26914859806,508.93208436692964,27848.20123296499,233.8344249617582,0.21324021386260641,90700325.25494167,0,False,1,0.9973093882130545,0,5.533838084959182e-07,1.5430350524046265e-10,13.34791270000278
2320,27339.272439970708,508.9287888771325,27848.20122884784,233.83443903741258,0.21324022669859302,90700325.25494167,0,False,1,0.9973118002616256,0,5.529334219782414e-07,1.4784263849743226e-10,13.353172900002392
2321,27339.275707010547,508.92551789821624,27848.201224908764,233.83445300900613,0.21324023943968365,90700325.25494167,0,False,1,0.9973142079884526,0,5.524899854500637e-07,1.4144813486122706e-10,13.358744800003478
2322,27339.278949803203,508.92227134269007,27848.201221145893,233.83446687690505,0.2132402520862122,90700325.25494167,0,False,1,0.9973166114051415,0,5.520535728805452e-07,1.3512077814826617e-10,13.363915900001302
2323,27339.282168434896,508.91904912248015,27848.201217557376,233.83448064147808,0.21324026463851495,90700325.25494167,0,False,1,0.9973190105232578,0,5.516242538092377e-07,1.2885991517849404e-10,13.36886080000113
2324,27339.285362992407,508.9158511489547,27848.20121414136,233.8344943030964,0.2132402770969304,90700325.25494167,0,False,1,0.9973214053543248,0,5.512020900302663e-07,1.2266554595206463e-10,13.374241600002279
2325,27339.28853356306,508.91267733294967,27848.201210896008,233.8345078621334,0.21324028946179904,90700325.25494167,0,False,1,0.9973237959098247,0,5.507871378223677e-07,1.1653727856099915e-10,13.379513200001384
2326,27339.29168023468,508.9095275847944,27848.201207819475,233.8345213189647,0.21324030173346342,90700325.25494167,0,False,1,0.9973261822011992,0,5.503794455828058e-07,1.1047511300544318e-10,13.384794300000067
2327,27339.294803095603,508.90640181433776,27848.20120490994,233.83453467396814,0.2132403139122681,90700325.25494167,0,False,1,0.997328564239849,0,5.499790549842968e-07,1.0447839610532373e-10,13.390147099999012
2328,27339.297902234586,508.90329993097623,27848.20120216556,233.83454792752326,0.21324032599855922,90700325.25494167,0,False,1,0.997330942037134,0,5.495859986112616e-07,9.85477810409925e-11,13.397345500001393
2329,27339.30097774084,508.9002218436801,27848.20119958452,233.8345610800116,0.21324033799268466,90700325.25494167,0,False,1,0.9973333156043738,0,5.492003017140557e-07,9.26824839963256e-11,13.402837699999509
2330,27339.304029703977,508.89716746102187,27848.201197165,233.83457413181642,0.21324034989499396,90700325.25494167,0,False,1,0.9973356849528477,0,5.488219796691103e-07,8.688250497145232e-11,13.409041799997794
2331,27339.30705821398,508.894136691204,27848.201194905185,233.83458708332256,0.21324036170583804,90700325.25494167,0,False,1,0.9973380500937952,0,5.484510400710047e-07,8.114758269441238e-11,13.41462390000379
2332,27339.310063361183,508.8911294420879,27848.20119280327,233.83459993491633,0.21324037342556926,90700325.25494167,0,False,1,0.9973404110384155,0,5.480874800463187e-07,7.547758652928446e-11,13.420199699998193
2333,27339.31304523622,508.88814562122167,27848.201190857442,233.83461268698534,0.213240385054541,90700325.25494167,0,False,1,0.9973427677978686,0,5.47731287833887e-07,6.98726471122294e-11,13.425733700001729
2334,27339.316003930046,508.8851851358701,27848.201189065916,233.83462533991857,0.21324039659310803,90700325.25494167,0,False,1,0.9973451203832742,0,5.473824417845058e-07,6.433184999106078e-11,13.430968400003621
2335,27339.31893953384,508.8822478930424,27848.201187426883,233.834637894106,0.213240408041626,90700325.25494167,0,False,1,0.9973474688057133,0,5.470409100982196e-07,5.885597898214676e-11,13.436497800001234
2336,27339.321852139037,508.8793337995222,27848.20118593856,233.83465034993867,0.21324041940045146,90700325.25494167,0,False,1,0.9973498130762276,0,5.467066523104665e-07,5.3444119633293533e-11,13.4424691000022
2337,27339.324741837263,508.8764427618959,27848.20118459916,233.8346627078084,0.21324043066994178,90700325.25494167,0,False,1,0.9973521532058194,0,5.463796169051625e-07,4.809653321669037e-11,13.447496699998737
2338,27339.327608720316,508.87357468658234,27848.201183406898,233.83467496810783,0.21324044185045496,90700325.25494167,0,False,1,0.9973544892054527,0,5.460597426880015e-07,4.281282782430817e-11,13.45317359999899
2339,27339.330452880142,508.8707294798612,27848.201182360004,233.83468713123014,0.21324045294234958,90700325.25494167,0,False,1,0.9973568210860524,0,5.4574695958806e-07,3.759287282020034e-11,13.45873759999813
2340,27339.3332744088,508.8679070479023,27848.2011814567,233.83469919756905,0.2132404639459847,90700325.25494167,0,False,1,0.997359148858505,0,5.454411867008045e-07,3.2436668204459856e-11,13.464140600000974
2341,27339.336073398434,508.86510729679395,27848.20118069523,233.83471116751863,0.21324047486171968,90700325.25494167,0,False,1,0.9973614725336589,0,5.451423347234544e-07,2.73436914330044e-11,13.470583100002841
2342,27339.338849941247,508.8623301325716,27848.20118007382,233.83472304147324,0.2132404856899141,90700325.25494167,0,False,1,0.997363792122324,0,5.448503035434231e-07,2.2314203778006326e-11,13.476305299998785
2343,27339.34160412947,508.8595754612458,27848.201179590716,233.83473481982728,0.21324049643092768,90700325.25494167,0,False,1,0.9973661076352723,0,5.445649856006267e-07,1.734768269537675e-11,13.481538400003046
2344,27339.344336055343,508.85684318883006,27848.201179244174,233.83474650297524,0.21324050708512016,90700325.25494167,0,False,1,0.997368419083238,0,5.442862634678176e-07,1.2443997549152596e-11,13.486914900000556
2345,27339.347045811064,508.8541332213683,27848.201179032432,233.83475809131141,0.21324051765285107,90700325.25494167,0,False,1,0.997370726476918,0,5.440140114783842e-07,7.603409611496703e-12,13.492072499997448
2346,27339.34973348881,508.8514454649621,27848.201178953772,233.83476958523002,0.21324052813447997,90700325.25494167,0,False,1,0.9973730298269708,0,5.43748096412711e-07,2.824612522052673e-12,13.497397699997236
2347,27339.349718423044,508.85146032780295,27848.201178750845,233.83476952080093,0.21324052807572524,90700325.25494167,0,True,2,0.0,0,5.437291473144987e-07,7.286878479351731e-12,13.507324600002903
2348,27339.349703357675,508.8514751902687,27848.201178547944,233.83476945637352,0.21324052801697208,90700325.25494167,0,False,2,0.28175352512532087,0,5.437102014940884e-07,7.285964027103721e-12,13.51293060000171
2349,27339.349684048077,508.8514942398059,27848.201178287884,233.83476937379555,0.2132405279416669,90700325.25494167,0,False,2,0.434042782780302,0,5.436859225602634e-07,9.338517535031365e-12,13.518314799999644
2350,27339.349660602624,508.85151736952133,27848.201177972143,233.8347692735305,0.21324052785023237,90700325.25494167,0,False,2,0.5310638054044795,0,5.436564490755798e-07,1.1337902173504105e-11,13.523715399998764
2351,27339.349633088037,508.8515445135921,27848.20117760163,233.8347691558637,0.2132405277429287,90700325.25494167,0,False,2,0.5987785940560388,0,5.436218687458167e-07,1.3304758437329083e-11,13.529311899997992
2352,27339.349601550166,508.85157562681025,27848.201177176976,233.83476902099125,0.2132405276199347,90700325.25494167,0,False,2,0.6489233261224006,0,5.435822424363821e-07,1.5248884029743064e-11,13.53508839999995
2353,27339.349566022694,508.85161067594663,27848.20117669864,233.83476886905717,0.21324052748138173,90700325.25494167,0,False,2,0.6876458540105597,0,5.435376168570812e-07,1.7176549480821318e-11,13.541588300002331
2354,27339.349526531605,508.85164963539717,27848.201176167004,233.8347687001726,0.21324052732737112,90700325.25494167,0,False,2,0.718499853459134,0,5.434880290070805e-07,1.909049814747755e-11,13.547269599999709
2355,27339.34948309762,508.8516924847278,27848.201175582348,233.8347685144261,0.2132405271579836,90700325.25494167,0,False,2,0.7436910466053832,0,5.434335104834989e-07,2.0994387838926606e-11,13.552422599997954
2356,27339.34943573775,508.8517392071772,27848.201174944927,233.83476831189049,0.2132405269732857,90700325.25494167,0,False,2,0.7646647176173088,0,5.433740873775383e-07,2.288913300747982e-11,13.557601900000009
2357,27339.349384466266,508.8517897886868,27848.20117425495,233.83476809262675,0.21324052677333288,90700325.25494167,0,False,2,0.782409243228014,0,5.433097846451537e-07,2.4776301285663624e-11,13.563458500000706
2358,27339.349329295364,508.851844217244,27848.201173512607,233.83476785668705,0.21324052655817283,90700325.25494167,0,False,2,0.7976243809601435,0,5.432406226629594e-07,2.6656807125789265e-11,13.569459099999222
2359,27339.34927023564,508.8519024824203,27848.20117271806,233.83476760411673,0.21324052632784682,90700325.25494167,0,False,2,0.8108199838000861,0,5.431666225856883e-07,2.8531303708081914e-11,13.575811700000486
2360,27339.349207296425,508.85196457503747,27848.201171871464,233.83476733495567,0.21324052608239125,90700325.25494167,0,False,2,0.8223766390185732,0,5.430878028884145e-07,3.0400444212766697e-11,13.581443200004287
2361,27339.349140486032,508.85203048691886,27848.201170972952,233.83476704923942,0.21324052582183853,90700325.25494167,0,False,2,0.8325843815233085,0,5.430041810769556e-07,3.226462054798264e-11,13.586924100003671
2362,27339.34906981196,508.8521002107003,27848.20117002266,233.83476674700006,0.21324052554621792,90700325.25494167,0,False,2,0.8416682316299193,0,5.42915774931866e-07,3.412396334978263e-11,13.59276459999819
2363,27339.34899528102,508.8521737396851,27848.201169020704,233.8347664282667,0.21324052525555598,90700325.25494167,0,False,2,0.8498055224352064,0,5.428226012395699e-07,3.597925643443475e-11,13.598046600003727
2364,27339.348916899464,508.8522510677285,27848.201167967192,233.8347660930661,0.21324052494987708,90700325.25494167,0,False,2,0.8571379479988086,0,5.427246770789497e-07,3.783049980194879e-11,13.603633600003377
2365,27339.348834673103,508.85233218914686,27848.20116686225,233.83476574142307,0.21324052462920387,90700325.25494167,0,False,2,0.8637801230052086,0,5.426220178447986e-07,3.967730154420526e-11,13.609467000002041
2366,27339.348748607328,508.8524170986432,27848.20116570597,233.8347653733607,0.21324052429355742,90700325.25494167,0,False,2,0.8698257810419169,0,5.42514640005524e-07,4.1520837385601365e-11,13.614471900000353
2367,27339.34865870722,508.8525057912472,27848.201164498467,233.83476498890073,0.2132405239429575,90700325.25494167,0,False,2,0.8753523399411488,0,5.424025595013873e-07,4.336019287384525e-11,13.619666700004018
2368,27339.34856497756,508.85259826226564,27848.201163239828,233.8347645880636,0.21324052357742282,90700325.25494167,0,False,2,0.8804243161473297,0,5.422857927304113e-07,4.519641309729104e-11,13.625712599998224
2369,27339.34846742293,508.85269450724024,27848.20116193017,233.83476417086888,0.21324052319697118,90700325.25494167,0,False,2,0.8850959137641199,0,5.421643555295255e-07,4.7028452967603604e-11,13.631210799998371
2370,27339.34836604766,508.85279452191315,27848.201160569573,233.8347637373351,0.21324052280161948,90700325.25494167,0,False,2,0.8894130125262103,0,5.420382640644017e-07,4.885761884522321e-11,13.636528700000781
2371,27339.34826085595,508.8528983021974,27848.201159158147,233.8347632874802,0.2132405223913841,90700325.25494167,0,False,2,0.8934147117832398,0,5.419075345820642e-07,5.0682865641814555e-11,13.64191700000083
2372,27339.348151851835,508.85300584415165,27848.201157695985,233.83476282132148,0.2132405219662808,90700325.25494167,0,False,2,0.8971345422701921,0,5.417721830500701e-07,5.25047159015593e-11,13.647087199999078
2373,27339.348039039214,508.8531171439588,27848.20115618317,233.83476233887558,0.21324052152632475,90700325.25494167,0,False,2,0.9006014263404838,0,5.416322267111657e-07,5.4323561532596064e-11,13.652359799998521
2374,27339.34792242192,508.85323219790683,27848.201154619826,233.8347618401589,0.21324052107153094,90700325.25494167,0,False,2,0.9038404456605403,0,5.41487681279735e-07,5.613809617450293e-11,13.658044399999199
2375,27339.34780200365,508.8533510023731,27848.201153006023,233.8347613251873,0.21324052060191379,90700325.25494167,0,False,2,0.906873460036305,0,5.413385639947552e-07,5.795001809584953e-11,13.663414299997385
2376,27339.347677788057,508.8534735538094,27848.201151341866,233.8347607939763,0.2132405201174875,90700325.25494167,0,False,2,0.9097196100592845,0,5.411848912486943e-07,5.97581515722569e-11,13.668805100001919
2377,27339.347549778726,508.8535998487305,27848.201149627457,233.8347602465413,0.21324051961826607,90700325.25494167,0,False,2,0.9123957282937485,0,5.410266808940808e-07,6.156262723977711e-11,13.674505800001498
2378,27339.34741797918,508.85372988370204,27848.201147862885,233.83475968289736,0.21324051910426323,90700325.25494167,0,False,2,0.914916677883027,0,5.408639490929654e-07,6.336396764259168e-11,13.679872300002899
2379,27339.34728239291,508.8538636553319,27848.201146048243,233.8347591030594,0.21324051857549264,90700325.25494167,0,False,2,0.917295633120554,0,5.406967141563845e-07,6.516191150862326e-11,13.68538599999738
2380,27339.347143023384,508.8540011602606,27848.201144183644,233.83475850704224,0.21324051803196775,90700325.25494167,0,False,2,0.9195443132877347,0,5.405249935366247e-07,6.695580565766483e-11,13.690942900000664
2381,27339.346999874026,508.85414239515455,27848.20114226918,233.83475789486056,0.213240517473702,90700325.25494167,0,False,2,0.9216731786097809,0,5.403488046432183e-07,6.874643390598409e-11,13.696215500000108
2382,27339.34685294826,508.8542873566972,27848.20114030496,233.83475726652895,0.21324051690070867,90700325.25494167,0,False,2,0.9236915953126076,0,5.401681658637002e-07,7.053314307337384e-11,13.70149880000099
2383,27339.34670224948,508.854436041586,27848.201138291068,233.83475662206197,0.21324051631300103,90700325.25494167,0,False,2,0.9256079753284939,0,5.399830947469489e-07,7.231671697610176e-11,13.707182300000568
2384,27339.346547781097,508.85458844652305,27848.20113622762,233.8347559614742,0.2132405157105924,90700325.25494167,0,False,2,0.9274298950868183,0,5.397936100030469e-07,7.409624116187408e-11,13.712454000000434
2385,27339.346389546503,508.854744568213,27848.201134114715,233.83475528478013,0.21324051509349598,90700325.25494167,0,False,2,0.9291641969594342,0,5.395997305557725e-07,7.5872238174872e-11,13.718209400001797
2386,27339.346227549097,508.8549044033569,27848.201131952454,233.83475459199428,0.21324051446172498,90700325.25494167,0,False,2,0.9308170762496849,0,5.394014743588612e-07,7.764457737906071e-11,13.723792099997809
2387,27339.346061792305,508.85506794864796,27848.20112974095,233.83475388313136,0.21324051381529288,90700325.25494167,0,False,2,0.9323941560762216,0,5.391988607620652e-07,7.941273623027561e-11,13.729315900003712
2388,27339.345892279547,508.8552352007684,27848.201127480315,233.83475315820593,0.2132405131542129,90700325.25494167,0,False,2,0.9339005520751649,0,5.389919089354556e-07,8.11771066366545e-11,13.734830800000054
2389,27339.345719014258,508.8554061563855,27848.201125170643,233.8347524172327,0.2132405124784985,90700325.25494167,0,False,2,0.9353409285021578,0,5.387806379555486e-07,8.293794987029204e-11,13.74020510000264
2390,27339.3455419999,508.85558081214833,27848.20112281205,233.83475166022652,0.2132405117881632,90700325.25494167,0,False,2,0.936719547040866,0,5.38565067063289e-07,8.469461275098006e-11,13.745563800002856
2391,27339.345361239968,508.8557591646849,27848.201120404654,233.83475088720226,0.21324051108322056,90700325.25494167,0,False,2,0.9380403094021824,0,5.383452161806427e-07,8.644709527872645e-11,13.751069899997674
2392,27339.34517673796,508.85594121059955,27848.20111794856,233.83475009817494,0.21324051036368427,90700325.25494167,0,False,2,0.9393067946178,0,5.381211055334318e-07,8.819578936166887e-11,13.75641639999958
2393,27339.344988497403,508.8561269464699,27848.201115443873,233.8347492931596,0.21324050962956806,90700325.25494167,0,False,2,0.9405222917844157,0,5.378927544657915e-07,8.994069499981519e-11,13.761635800001386
2394,27339.34479652188,508.8563163688452,27848.201112890725,233.8347484721716,0.21324050888088592,90700325.25494167,0,False,2,0.9416898288939467,0,5.376601835424755e-07,9.168089774087004e-11,13.767061700003978
2395,27339.34460081498,508.85650947424364,27848.201110289225,233.83474763522628,0.21324050811765186,90700325.25494167,0,False,2,0.9428121982856035,0,5.374234127129461e-07,9.341718140110074e-11,13.77255359999981
2396,27339.34440138034,508.856706259151,27848.20110763949,233.83474678233915,0.21324050733988,90700325.25494167,0,False,2,0.9438919791733417,0,5.371824628657812e-07,9.514928470842827e-11,13.778190700002597
2397,27339.344198221625,508.85690672001783,27848.201104941643,233.83474591352598,0.21324050654758472,90700325.25494167,0,False,2,0.9449315576338684,0,5.369373545882085e-07,9.687681575472999e-11,13.783651300000201
2398,27339.34399134254,508.85711085325846,27848.2011021958,233.8347450288025,0.2132405057407804,90700325.25494167,0,False,2,0.9459331443834135,0,5.366881092752269e-07,9.860042772022995e-11,13.788784099997429
2399,27339.343780746836,508.8573186552492,27848.201099402086,233.83474412818484,0.21324050491948174,90700325.25494167,0,False,2,0.9468987906238281,0,5.364347473291547e-07,1.003193367886753e-10,13.79406530000415
2400,27339.34356643829,508.8575301223269,27848.201096560617,233.8347432116891,0.2132405040837034,90700325.25494167,0,False,2,0.9478304021985741,0,5.361772901678529e-07,1.0203419614029e-10,13.799247200004174
2401,27339.34334842074,508.85774525078796,27848.20109367153,233.83474227933172,0.2132405032334604,90700325.25494167,0,False,2,0.9487297522654735,0,5.359157593816205e-07,1.0374409132277744e-10,13.804846799997904
2402,27339.343126698055,508.8579640368857,27848.20109073494,233.8347413311292,0.21324050236876774,90700325.25494167,0,False,2,0.9495984926646243,0,5.356501764097356e-07,1.0544993678844828e-10,13.810277199998382
2403,27339.34290127415,508.8581864768309,27848.201087750982,233.83474036709836,0.2132405014896408,90700325.25494167,0,False,2,0.9504381641357491,0,5.353805632042878e-07,1.0715081808500557e-10,13.815486100000271
2404,27339.34267215299,508.8584125667894,27848.20108471978,233.8347393872561,0.21324050059609498,90700325.25494167,0,False,2,0.9512502055187321,0,5.351069411368735e-07,1.0884725775662968e-10,13.82070090000343
2405,27339.342439338587,508.8586423028822,27848.20108164147,233.8347383916196,0.21324049968814593,90700325.25494167,0,False,2,0.9520359620535963,0,5.348293329525461e-07,1.1053899453124044e-10,13.826015099999495
2406,27339.342202834996,508.858875681183,27848.20107851618,233.83473738020618,0.2132404987658095,90700325.25494167,0,False,2,0.9527966928812224,0,5.345477605776777e-07,1.122258977728009e-10,13.831284200001392
2407,27339.341962646315,508.859112697719,27848.201075344034,233.83473635303338,0.21324049782910162,90700325.25494167,0,False,2,0.9535335778332711,0,5.342622462792625e-07,1.1390849002549145e-10,13.83655970000109
2408,27339.34171877672,508.85935334846897,27848.201072125186,233.83473531011904,0.2132404968780386,90700325.25494167,0,False,2,0.9542477235887569,0,5.339728128492794e-07,1.1558546492888361e-10,13.842337100002624
2409,27339.341471230386,508.85959762936244,27848.201068859747,233.83473425148105,0.21324049591263672,90700325.25494167,0,False,2,0.9549401692652046,0,5.336794830590159e-07,1.17258520751549e-10,13.847831099999894
2410,27339.3412200116,508.8598455362801,27848.20106554788,233.83473317713774,0.21324049493291272,90700325.25494167,0,False,2,0.9556118915041254,0,5.333822793605317e-07,1.1892569795284123e-10,13.853013599997212
2411,27339.340965124655,508.86009706505195,27848.201062189706,233.83473208710743,0.2132404939388833,90700325.25494167,0,False,2,0.9562638091034213,0,5.330812250256096e-07,1.2058856416528846e-10,13.858573500001512
2412,27339.340706573912,508.8603522114573,27848.20105878537,233.8347309814088,0.21324049293056552,90700325.25494167,0,False,2,0.9568967872431737,0,5.327763434696396e-07,1.22246204936592e-10,13.86370850000094
2413,27339.34044436379,508.8606109712241,27848.201055335012,233.83472986006072,0.21324049190797653,90700325.25494167,0,False,2,0.9575116413458903,0,5.324676574257394e-07,1.2389875090280115e-10,13.868782999998075
2414,27339.340178498747,508.86087334002826,27848.201051838776,233.83472872308232,0.21324049087113384,90700325.25494167,0,False,2,0.9581091406076137,0,5.321551905089322e-07,1.2554620206392166e-10,13.874643600000127
2415,27339.33990898331,508.8611393134938,27848.201048296803,233.83472757049287,0.21324048982005497,90700325.25494167,0,False,2,0.9586900112322029,0,5.31838966873741e-07,1.271885584199591e-10,13.879668499997933
2416,27339.339635822045,508.86140888719177,27848.201044709236,233.83472640231196,0.21324048875475782,90700325.25494167,0,False,2,0.9592549393975224,0,5.315190093999586e-07,1.2882581997091904e-10,13.88477530000091
2417,27339.339359019585,508.8616820566406,27848.201041076227,233.83472521855938,0.21324048767526044,90700325.25494167,0,False,2,0.9598045739791348,0,5.31195342314267e-07,1.3045759480867602e-10,13.89055940000253
2418,27339.33907858061,508.86195881730487,27848.201037397917,233.83472401925516,0.21324048658158104,90700325.25494167,0,False,2,0.9603395290543362,0,5.308679894647498e-07,1.3208427484136616e-10,13.895534700001008
2419,27339.338794509866,508.8622391645959,27848.20103367446,233.83472280441956,0.21324048547373817,90700325.25494167,0,False,2,0.9608603862069443,0,5.305369749689917e-07,1.3370546816086374e-10,13.900646100002632
2420,27339.33850681213,508.8625230938711,27848.201029906002,233.83472157407306,0.21324048435175044,90700325.25494167,0,False,2,0.9613676966511135,0,5.302023233289324e-07,1.3532143603926113e-10,13.906532100001641
2421,27339.338215492262,508.8628106004334,27848.201026092695,233.8347203282364,0.21324048321563682,90700325.25494167,0,False,2,0.9618619831905493,0,5.298640583071284e-07,1.3693191720447597e-10,13.911609700000554
2422,27339.33792055516,508.86310167953195,27848.201022234694,233.83471906693052,0.21324048206541638,90700325.25494167,0,False,2,0.9623437420278342,0,5.295222047343305e-07,1.3853678102046932e-10,13.916668500001833
2423,27339.337622005783,508.8633963263614,27848.201018332144,233.83471779017668,0.2132404809011085,90700325.25494167,0,False,2,0.9628134444370816,0,5.291767868912091e-07,1.4013655003142085e-10,13.922027599997818
2424,27339.337319849154,508.8636945360615,27848.201014385217,233.8347164979963,0.21324047972273275,90700325.25494167,0,False,2,0.9632715383118254,0,5.288278296859015e-07,1.4173004851294153e-10,13.9274338000032
2425,27339.337014090328,508.863996303718,27848.201010394045,233.83471519041106,0.21324047853030884,90700325.25494167,0,False,2,0.9637184495988772,0,5.284753571745294e-07,1.433188440975609e-10,13.933922199998051
2426,27339.33670473444,508.8643016243617,27848.201006358802,233.83471386744287,0.21324047732385681,90700325.25494167,0,False,2,0.9641545836278388,0,5.28119395395851e-07,1.4490136915275818e-10,13.939825300003577
2427,27339.336391786674,508.8646104929688,27848.201002279642,233.83471252911392,0.21324047610339686,90700325.25494167,0,False,2,0.9645803263450347,0,5.277599679776088e-07,1.4647840749480027e-10,13.945064500003355
2428,27339.336075252253,508.8649229044608,27848.200998156713,233.83471117544656,0.21324047486894937,90700325.25494167,0,False,2,0.964996045459788,0,5.273971003986532e-07,1.4805008975973534e-10,13.950138699998206
2429,27339.33575513649,508.86523885370474,27848.200993990195,233.83470980646345,0.21324047362053503,90700325.25494167,0,False,2,0.9654020915102275,0,5.270308179477689e-07,1.496153708592167e-10,13.955292999999074
2430,27339.33543144472,508.8655583355128,27848.200989780235,233.8347084221875,0.2132404723581747,90700325.25494167,0,False,2,0.9657987988551446,0,5.266611452753934e-07,1.51175295881599e-10,13.960572000003594
2431,27339.335104182355,508.865881344643,27848.200985526997,233.83470702264177,0.21324047108188943,90700325.25494167,0,False,2,0.9661864865978228,0,5.262881080012207e-07,1.5272934228271079e-10,13.966090399997483
2432,27339.334773354843,508.86620787579864,27848.200981230642,233.8347056078496,0.2132404697917005,90700325.25494167,0,False,2,0.966565459447225,0,5.259117307042204e-07,1.5427764069859962e-10,13.97170929999993
2433,27339.334438967722,508.8665379236292,27848.200976891352,233.83470417783465,0.2132404684876295,90700325.25494167,0,False,2,0.9669360085214439,0,5.255320391430953e-07,1.5581940731300554e-10,13.977267900001607
2434,27339.334101026536,508.86687148272983,27848.200972509265,233.83470273262066,0.21324046716969805,90700325.25494167,0,False,2,0.9672984120978823,0,5.251490589505686e-07,1.5735620975845924e-10,13.982948099997884
2435,27339.333759536927,508.86720854764144,27848.20096808457,233.83470127223174,0.2132404658379282,90700325.25494167,0,False,2,0.9676529363142448,0,5.247628148528493e-07,1.5888621913034893e-10,13.98833790000208
2436,27339.333414504566,508.8675491128517,27848.20096361742,233.83469979669215,0.21324046449234196,90700325.25494167,0,False,2,0.9679998358240649,0,5.243733326446399e-07,1.604107417891174e-10,13.993761999998242
2437,27339.333065935192,508.8678931727945,27848.200959107988,233.8346983060264,0.2132404631329618,90700325.25494167,0,False,2,0.9683393544101703,0,5.239806371187356e-07,1.6192899391850402e-10,13.99922399999923
2438,27339.33271383459,508.86824072185044,27848.20095455644,233.83469680025925,0.2132404617598102,90700325.25494167,0,False,2,0.9686717255592106,0,5.23584754614306e-07,1.6344136742664384e-10,14.00465450000047
2439,27339.332358208616,508.8685917543471,27848.200949962964,233.83469527941577,0.2132404603729101,90700325.25494167,0,False,2,0.9689971730000947,0,5.231857099908301e-07,1.649469478612314e-10,14.010010099998908
2440,27339.331999063143,508.868946264559,27848.200945327702,233.83469374352106,0.21324045897228436,90700325.25494167,0,False,2,0.9693159112089641,0,5.227835287425721e-07,1.6644743349084227e-10,14.015346000000136
2441,27339.33163640414,508.86930424670845,27848.200940650848,233.8346921926006,0.2132404575579562,90700325.25494167,0,False,2,0.969628145883101,0,5.2237823716016e-07,1.679409954108623e-10,14.020578000003297
2442,27339.3312702376,508.8696656949653,27848.200935932564,233.8346906266801,0.2132404561299491,90700325.25494167,0,False,2,0.9699340743859814,0,5.219698595857909e-07,1.6942867870964663e-10,14.025834100000793
2443,27339.33090056958,508.87003060344716,27848.20093117303,233.83468904578544,0.21324045468828662,90700325.25494167,0,False,2,0.9702338861655042,0,5.215584216542104e-07,1.709099608430213e-10,14.031267899998056
2444,27339.330527406193,508.87039896622065,27848.200926372414,233.8346874499427,0.21324045323299257,90700325.25494167,0,False,2,0.970527763147263,0,5.21143949567468e-07,1.7238510308307701e-10,14.036924799998815
2445,27339.330150753594,508.8707707773001,27848.200921530894,233.83468583917823,0.21324045176409098,90700325.25494167,0,False,2,0.9708158801045849,0,5.207264681736313e-07,1.7385397479377183e-10,14.044124500003818
2446,27339.329770618002,508.87114603065004,27848.200916648653,233.83468421351867,0.21324045028160613,90700325.25494167,0,False,2,0.9710984050069197,0,5.203060029763955e-07,1.7531618406697528e-10,14.050219999997353
2447,27339.329387005673,508.87152472018306,27848.200911725857,233.83468257299074,0.2132404487855624,90700325.25494167,0,False,2,0.9713754993480485,0,5.198825795767928e-07,1.767725147189546e-10,14.056479899998521
2448,27339.328999922927,508.8719068397625,27848.20090676269,233.83468091762148,0.21324044727598443,90700325.25494167,0,False,2,0.9716473184554572,0,5.194562227405804e-07,1.7822218293344645e-10,14.062348999999813
2449,27339.328609376127,508.8722923832011,27848.20090175933,233.8346792474381,0.21324044575289702,90700325.25494167,0,False,2,0.9719140117821313,0,5.19026958822502e-07,1.79665449982541e-10,14.067530899999838
2450,27339.32821537169,508.8726813442622,27848.200896715953,233.83467756246802,0.21324044421632526,90700325.25494167,0,False,2,0.9721757231819224,0,5.185948120640326e-07,1.8110244650228429e-10,14.07311800000025
2451,27339.327817916084,508.8730737166603,27848.200891632743,233.8346758627389,0.21324044266629427,90700325.25494167,0,False,2,0.972432591169558,0,5.181598083485823e-07,1.8253278058454496e-10,14.078997399999935
2452,27339.32741701582,508.87346949406066,27848.20088650988,233.83467414827862,0.21324044110282955,90700325.25494167,0,False,2,0.9726847491662854,0,5.177219724651452e-07,1.8395671350141307e-10,14.084055799998168
2453,27339.32701267746,508.8738686700803,27848.20088134754,233.8346724191152,0.21324043952595662,90700325.25494167,0,False,2,0.9729323257320669,0,5.172813297031001e-07,1.8537424525289007e-10,14.089641200000187
2454,27339.326604907626,508.8742712382884,27848.200876145915,233.834670675277,0.21324043793570133,90700325.25494167,0,False,2,0.9731754447851788,0,5.168379055816733e-07,1.86784983930844e-10,14.094921399999293
2455,27339.326193712972,508.8746771922059,27848.200870905177,233.83466891679245,0.2132404363320896,90700325.25494167,0,False,2,0.9734142258100047,0,5.163917245217119e-07,1.8818945207945359e-10,14.100120900002366
2456,27339.32577910021,508.87508652530744,27848.200865625517,233.83466714369027,0.21324043471514767,90700325.25494167,0,False,2,0.9736487840537572,0,5.159428112414003e-07,1.8958712715454222e-10,14.106007299997145
2457,27339.325361076102,508.87549923101994,27848.200860307123,233.83466535599936,0.21324043308490187,90700325.25494167,0,False,2,0.9738792307128099,0,5.154911909732608e-07,1.9097800915611067e-10,14.11161870000069
2458,27339.324939647435,508.87591530272476,27848.20085495016,233.83466355374875,0.21324043144137866,90700325.25494167,0,False,2,0.9741056731092769,0,5.150368885228993e-07,1.9236301253647114e-10,14.116645399997651
2459,27339.324514821077,508.8763347337568,27848.200849554833,233.8346617369678,0.2132404297846048,90700325.25494167,0,False,2,0.9743282148584276,0,5.145799289744126e-07,1.937405696630905e-10,14.122494399998686
2460,27339.32408660392,508.8767575174054,27848.200844121326,233.834659905686,0.21324042811460725,90700325.25494167,0,False,2,0.9745469560274896,0,5.141203360595738e-07,1.9511159498828062e-10,14.127658800003701
2461,27339.323655002903,508.87718364691517,27848.20083864982,233.83465805993305,0.213240426431413,90700325.25494167,0,False,2,0.9747619932863513,0,5.13658134687266e-07,1.9647608851204214e-10,14.132881099998485
2462,27339.323220025006,508.8776131154856,27848.20083314049,233.83465619973873,0.21324042473504928,90700325.25494167,0,False,2,0.9749734200506426,0,5.131933496665191e-07,1.9783431150646471e-10,14.13857470000221
2463,27339.322781677278,508.87804591627196,27848.20082759355,233.83465432513324,0.21324042302554364,90700325.25494167,0,False,2,0.9751813266176402,0,5.127260046653068e-07,1.99184826975058e-10,14.144301400003314
2464,27339.322339966784,508.8784820423858,27848.20082200917,233.8346524361468,0.21324042130292356,90700325.25494167,0,False,2,0.9753858002954143,0,5.122561246525744e-07,2.0052933318640197e-10,14.149683199997526
2465,27339.321894900648,508.87892148689497,27848.200816387543,233.83465053280983,0.21324041956721684,90700325.25494167,0,False,2,0.9755869255256047,0,5.117837333503962e-07,2.0186678505213977e-10,14.15610690000176
2466,27339.32144648603,508.87936424282424,27848.200810728853,233.83464861515296,0.2132404178184514,90700325.25494167,0,False,2,0.9757847840001912,0,5.113088550319648e-07,2.0319770511645e-10,14.161314999997558
2467,27339.320994730144,508.8798103031559,27848.2008050333,233.83464668320707,0.2132404160566554,90700325.25494167,0,False,2,0.9759794547725988,0,5.108315133740246e-07,2.0452144019910893e-10,14.166845599997032
2468,27339.320539640234,508.8802596608298,27848.200799301063,233.83464473700315,0.21324041428185708,90700325.25494167,0,False,2,0.9761710143634545,0,5.103517322700562e-07,2.058386434803399e-10,14.17270219999773
2469,27339.3200812236,508.8807123087444,27848.20079353234,233.83464277657234,0.2132404124940849,90700325.25494167,0,False,2,0.9763595368612947,0,5.098695357531182e-07,2.0714879241596357e-10,14.179364199997508
2470,27339.31961948757,508.88116823975605,27848.200787727328,233.83464080194608,0.21324041069336747,90700325.25494167,0,False,2,0.9765450940185029,0,5.093849471055752e-07,2.0845201764202413e-10,14.184932600001048
2471,27339.31915443952,508.8816274466805,27848.2007818862,233.83463881315583,0.21324040887973347,90700325.25494167,0,False,2,0.9767277553427384,0,5.0889798968801e-07,2.097488417027003e-10,14.190468100001453
2472,27339.31868608687,508.8820899222928,27848.200776009162,233.83463681023335,0.21324040705321193,90700325.25494167,0,False,2,0.9769075881841018,0,5.084086874690428e-07,2.110383501456777e-10,14.19594180000422
2473,27339.318214437073,508.8825556593276,27848.200770096402,233.83463479321054,0.21324040521383186,90700325.25494167,0,False,2,0.9770846578182681,0,5.079170632321632e-07,2.123210655151348e-10,14.201567399999476
2474,27339.31773949763,508.8830246504796,27848.20076414811,233.83463276211944,0.21324040336162256,90700325.25494167,0,False,2,0.9772590275258022,0,5.074231400697852e-07,2.135969878110708e-10,14.207504700003483
2475,27339.31726127608,508.88349688840447,27848.200758164483,233.8346307169923,0.21324040149661339,90700325.25494167,0,False,2,0.9774307586678609,0,5.069269409281616e-07,2.148658557613949e-10,14.213069700002961
2476,27339.31677977999,508.88397236571797,27848.20075214571,233.8346286578615,0.21324039961883387,90700325.25494167,0,False,2,0.9775999107584725,0,5.064284891788363e-07,2.1612793063819591e-10,14.218753200002539
2477,27339.316295016994,508.8844510749976,27848.200746091992,233.83462658475966,0.21324039772831377,90700325.25494167,0,False,2,0.9777665415335723,0,5.059278073077926e-07,2.1738268989729272e-10,14.223920900003577
2478,27339.315806994735,508.88493300878264,27848.200740003518,233.8346244977195,0.21324039582508292,90700325.25494167,0,False,2,0.9779307070169622,0,5.054249175504855e-07,2.1863078671890893e-10,14.229094800000894
2479,27339.3153157209,508.88541815957336,27848.200733880476,233.83462239677382,0.21324039390917124,90700325.25494167,0,False,2,0.9780924615833548,0,5.049198428609411e-07,2.1987209046699835e-10,14.234394999999495
2480,27339.31482120324,508.8859065198333,27848.200727723073,233.83462028195586,0.21324039198060904,90700325.25494167,0,False,2,0.9782518580186513,0,5.04412605412264e-07,2.211059479613342e-10,14.23982850000175
2481,27339.314323449507,508.88639808198855,27848.200721531495,233.83461815329872,0.2132403900394265,90700325.25494167,0,False,2,0.9784089475775907,0,5.039032272608462e-07,2.2233314301818526e-10,14.245247899998503
2482,27339.313822467513,508.88689283842734,27848.200715305942,233.8346160108358,0.21324038808565407,90700325.25494167,0,False,2,0.9785637800389086,0,5.033917305814841e-07,2.2355315309336953e-10,14.250906200002646
2483,27339.3133182651,508.88739078150206,27848.200709046603,233.83461385460066,0.2132403861193224,90700325.25494167,0,False,2,0.9787164037581244,0,5.028781372976789e-07,2.247663700950207e-10,14.256136399999377
2484,27339.312810850155,508.8878919035282,27848.200702753682,233.83461168462702,0.21324038414046215,90700325.25494167,0,False,2,0.9788668657180801,0,5.023624690021372e-07,2.2597227147895618e-10,14.26152600000205
2485,27339.312300230587,508.8883961967852,27848.20069642737,233.83460950094872,0.21324038214910426,90700325.25494167,0,False,2,0.9790152115773374,0,5.018447477407413e-07,2.2717124915330954e-10,14.26677020000352
2486,27339.31178641435,508.8889036535168,27848.200690067868,233.83460730359974,0.21324038014527968,90700325.25494167,0,False,2,0.9791614857165423,0,5.013249943392916e-07,2.2836317248203358e-10,14.272278000004007
2487,27339.31126940943,508.8894142659313,27848.20068367536,233.83460509261425,0.2132403781290196,90700325.25494167,0,False,2,0.9793057312828535,0,5.008032304380547e-07,2.2954830273721675e-10,14.278160100002424
2488,27339.31074922385,508.88992802620174,27848.20067725005,233.83460286802656,0.2132403761003553,90700325.25494167,0,False,2,0.9794479902325275,0,5.002794768399091e-07,2.3072624801072106e-10,14.283781700003601
2489,27339.31022586568,508.890444926466,27848.200670792146,233.8346006298712,0.21324037405931823,90700325.25494167,0,False,2,0.9795883033717538,0,4.997537549759943e-07,2.31896616394408e-10,14.289174400000775
2490,27339.309699342994,508.89096495882774,27848.20066430182,233.83459837818268,0.21324037200593987,90700325.25494167,0,False,2,0.9797267103958175,0,4.992260856568371e-07,2.3306084488477406e-10,14.295053900001221
2491,27339.30916966394,508.8914881153556,27848.200657779293,233.83459611299583,0.21324036994025203,90700325.25494167,0,False,2,0.9798632499266725,0,4.986964890354964e-07,2.3421723521322703e-10,14.300452800001949
2492,27339.308636836664,508.89201438808465,27848.20065122475,233.8345938343455,0.21324036786228648,90700325.25494167,0,False,2,0.9799979595489997,0,4.981649860349135e-07,2.353668324681273e-10,14.305787700002838
2493,27339.308100869377,508.89254376901584,27848.200644638393,233.8345915422668,0.2132403657720752,90700325.25494167,0,False,2,0.9801308758448195,0,4.976315966248875e-07,2.3650924474133606e-10,14.311298300002818
2494,27339.307561770293,508.8930762501167,27848.200638020407,233.83458923679487,0.21324036366965024,90700325.25494167,0,False,2,0.9802620344267278,0,4.970963414070587e-07,2.376449945770325e-10,14.316603500003112
2495,27339.307019547694,508.89361182332084,27848.200631371015,233.83458691796514,0.21324036155504394,90700325.25494167,0,False,2,0.9803914699698173,0,4.965592398777612e-07,2.387727756147587e-10,14.322524299997895
2496,27339.306474209858,508.8941504805293,27848.200624690387,233.83458458581296,0.21324035942828853,90700325.25494167,0,False,2,0.980519216242345,0,4.960203119667715e-07,2.398944167591491e-10,14.328583299997263
2497,27339.305925765137,508.8946922136097,27848.200617978746,233.8345822403741,0.21324035728941662,90700325.25494167,0,False,2,0.9806453061352034,0,4.954795775444633e-07,2.4100808910556293e-10,14.333800000000338
2498,27339.30537422187,508.89523701439725,27848.200611236265,233.83457988168416,0.21324035513846068,90700325.25494167,0,False,2,0.980769771690249,0,4.949370555530277e-07,2.421154909225897e-10,14.339325000000827
2499,27339.30481958847,508.89578487469447,27848.200604463163,233.8345775097792,0.21324035297545357,90700325.25494167,0,False,2,0.98089264412754,0,4.943927655501949e-07,2.4321505457767897e-10,14.344750800002657
2500,27339.304261873356,508.8963357862718,27848.200597659627,233.83457512469516,0.2132403508004281,90700325.25494167,0,False,2,0.9810139538715308,0,4.938467267633897e-07,2.4430795579523815e-10,14.350069799998892
2501,27339.303701084988,508.8968897408672,27848.200590825854,233.83457272646825,0.21324034861341729,90700325.25494167,0,False,2,0.9811337305762713,0,4.932989576441914e-07,2.4539367203108133e-10,14.35552280000411
2502,27339.303137231866,508.89744673018714,27848.200583962054,233.8345703151348,0.21324034641445425,90700325.25494167,0,False,2,0.9812520031496537,0,4.927494770732549e-07,2.4647194201311353e-10,14.360629399998288
2503,27339.3025703225,508.8980067459061,27848.200577068405,233.83456789073125,0.21324034420357219,90700325.25494167,0,False,2,0.9813687997767477,0,4.921983035628012e-07,2.4754381082969743e-10,14.36575399999856
2504,27339.30200036546,508.8985697796669,27848.200570145127,233.83456545329418,0.2132403419808045,90700325.25494167,0,False,2,0.9814841479422676,0,4.916454553508399e-07,2.4860771084828004e-10,14.371330499998294
2505,27339.30142736932,508.8991358230816,27848.2005631924,233.83456300286028,0.21324033974618464,90700325.25494167,0,False,2,0.9815980744522028,0,4.910909505229088e-07,2.4966520970140733e-10,14.376900700000988
2506,27339.300851342705,508.89970486773024,27848.200556210435,233.83456053946648,0.2132403374997463,90700325.25494167,0,False,2,0.9817106054546547,0,4.905348072223438e-07,2.507151316646632e-10,14.382027300001937
2507,27339.300272294266,508.90027690516257,27848.200549199428,233.8345580631497,0.2132403352415231,90700325.25494167,0,False,2,0.9818217664599063,0,4.899770428167016e-07,2.517579992822271e-10,14.387469499997678
2508,27339.299690232678,508.9008519268971,27848.200542159575,233.8345555739471,0.21324033297154898,90700325.25494167,0,False,2,0.9819315823597653,0,4.894176748658209e-07,2.5279381255409527e-10,14.392962300000363
2509,27339.29910516665,508.90142992442196,27848.200535091073,233.8345530718959,0.21324033068985784,90700325.25494167,0,False,2,0.9820400774462043,0,4.888567205025717e-07,2.5382257148026383e-10,14.398134399998526
2510,27339.29851710493,508.90201088919434,27848.200527994122,233.8345505570335,0.21324032839648385,90700325.25494167,0,False,2,0.9821472754293311,0,4.882941975243486e-07,2.548441454246828e-10,14.403521200001705
2511,27339.29792605628,508.9025948126414,27848.20052086892,233.83454802939738,0.2132403260914611,90700325.25494167,0,False,2,0.9822531994547181,0,4.877301221761999e-07,2.55858665023394e-10,14.40895950000413
2512,27339.297332029506,508.9031816861603,27848.200513715667,233.83454548902523,0.21324032377482402,90700325.25494167,0,False,2,0.9823578721201132,0,4.87164511258978e-07,2.5686586900430126e-10,14.41417100000399
2513,27339.29673503344,508.9037715011176,27848.20050653456,233.83454293595477,0.21324032144660698,90700325.25494167,0,False,2,0.9824613154915618,0,4.865973811298414e-07,2.5786614927553844e-10,14.419903000001796
2514,27339.296135076944,508.9043642488505,27848.200499325794,233.83454037022395,0.2132403191068446,90700325.25494167,0,False,2,0.9825635511189639,0,4.860287487457849e-07,2.588592445650092e-10,14.425997300000745
2515,27339.295532168908,508.90495992066616,27848.200492089574,233.83453779187073,0.2132403167555715,90700325.25494167,0,False,2,0.9826646000510836,0,4.854586293236677e-07,2.59845154872709e-10,14.430930599999556
2516,27339.294926318245,508.9055585078422,27848.200484826088,233.83453520093326,0.21324031439282248,90700325.25494167,0,False,2,0.9827644828500429,0,4.848870386010872e-07,2.608242721067721e-10,14.436436900003173
2517,27339.294317533917,508.90616000162674,27848.200477535545,233.83453259744985,0.21324031201863244,90700325.25494167,0,False,2,0.9828632196053112,0,4.843139930885105e-07,2.6179581245091663e-10,14.441752700004145
2518,27339.293705824894,508.9067643932389,27848.200470218133,233.83452998145887,0.21324030963303642,90700325.25494167,0,False,2,0.9829608299472161,0,4.837395076211057e-07,2.6276069035746176e-10,14.447145600002841
2519,27339.293091200187,508.9073716738685,27848.200462874054,233.83452735299886,0.21324030723606954,90700325.25494167,0,False,2,0.9830573330599938,0,4.831635972070969e-07,2.637182526461715e-10,14.452816999997594
2520,27339.292473668836,508.9079818346761,27848.200455503513,233.83452471210848,0.21324030482776704,90700325.25494167,0,False,2,0.9831527476943955,0,4.825862773696715e-07,2.6466849931704103e-10,14.458142900002713
2521,27339.291853239898,508.90859486679386,27848.20044810669,233.83452205882645,0.21324030240816425,90700325.25494167,0,False,2,0.9832470921798697,0,4.8200756238315e-07,2.656122141863437e-10,14.46360889999778
2522,27339.29122992248,508.90921076132486,27848.200440683806,233.83451939319173,0.21324029997729668,90700325.25494167,0,False,2,0.9833403844363346,0,4.814274670279704e-07,2.665480908936109e-10,14.469070200000715
2523,27339.29060372569,508.90982950934415,27848.200433235033,233.83451671524327,0.21324029753519988,90700325.25494167,0,False,2,0.9834326419855582,0,4.808460058427417e-07,2.674776970713947e-10,14.474543000003905
2524,27339.28997465869,508.9104511018979,27848.20042576059,233.83451402502024,0.21324029508190956,90700325.25494167,0,False,2,0.9835238819621621,0,4.802631923489804e-07,2.683994650871328e-10,14.480002000003878
2525,27339.289342730655,508.9110755300041,27848.200418260658,233.83451132256187,0.21324029261746147,90700325.25494167,0,False,2,0.9836141211242594,0,4.796790408369534e-07,2.6931483193733137e-10,14.485326100002567
2526,27339.28870795079,508.9117027846531,27848.20041073544,233.83450860790754,0.21324029014189153,90700325.25494167,0,False,2,0.9837033758637466,0,4.790935648555174e-07,2.702227525336135e-10,14.490634900001169
2527,27339.28807032833,508.9123328568068,27848.200403185136,233.83450588109673,0.21324028765523578,90700325.25494167,0,False,2,0.9837916622162577,0,4.785067778124554e-07,2.711236187841134e-10,14.496181700000307
2528,27339.287429872544,508.9129657373994,27848.200395609943,233.8345031421691,0.21324028515753035,90700325.25494167,0,False,2,0.9838789958707959,0,4.779186927286344e-07,2.720173000527793e-10,14.50167959999817
2529,27339.28678659271,508.91360141733816,27848.20038801005,233.8345003911643,0.2132402826488114,90700325.25494167,0,False,2,0.9839653921790542,0,4.773293230630809e-07,2.729043188837925e-10,14.507481699998607
2530,27339.28614049816,508.914239887502,27848.20038038566,233.83449762812228,0.21324028012911536,90700325.25494167,0,False,2,0.9840508661644373,0,4.767386810461342e-07,2.737838914608679e-10,14.512938799998665
2531,27339.285491598224,508.91488113874317,27848.200372736967,233.8344948530829,0.2132402775984786,90700325.25494167,0,False,2,0.9841354325307938,0,4.7614677997465064e-07,2.7465667096423334e-10,14.518090500001563
2532,27339.28483990228,508.9155251618867,27848.200365064167,233.83449206608626,0.21324027505693768,90700325.25494167,0,False,2,0.9842191056708731,0,4.755536313912226e-07,2.7552226548574336e-10,14.523278400003619
2533,27339.28418541973,508.91617194773085,27848.20035736746,233.8344892671726,0.2132402725045293,90700325.25494167,0,False,2,0.9843018996745135,0,4.7495924816033083e-07,2.7638080566143916e-10,14.528612599999178
2534,27339.283528159984,508.9168214870468,27848.20034964703,233.83448645638214,0.21324026994129014,90700325.25494167,0,False,2,0.9843838283365739,0,4.7436364131228855e-07,2.7723255276340887e-10,14.53399100000388
2535,27339.282868132505,508.91747377057953,27848.200341903084,233.83448363375538,0.2132402673672571,90700325.25494167,0,False,2,0.9844649051646158,0,4.737668235074005e-07,2.780771148835065e-10,14.539366199998767
2536,27339.28220534677,508.9181287890478,27848.200334135818,233.8344807993328,0.21324026478246713,90700325.25494167,0,False,2,0.9845451433863492,0,4.731688050011006e-07,2.789144920217262e-10,14.544845900003565
2537,27339.28153981228,508.9187865331438,27848.200326345424,233.83447795315507,0.2132402621869573,90700325.25494167,0,False,2,0.9846245559568461,0,4.725695981673828e-07,2.797449454501561e-10,14.549883500003489
2538,27339.28087153856,508.91944699353417,27848.200318532097,233.8344750952629,0.21324025958076473,90700325.25494167,0,False,2,0.9847031555655302,0,4.719692135636726e-07,2.805684751687905e-10,14.55492619999859
2539,27339.280200535162,508.9201101608594,27848.200310696022,233.83447222569714,0.2132402569639267,90700325.25494167,0,False,2,0.9847809546429579,0,4.713676617645777e-07,2.813853424497178e-10,14.560336900001857
2540,27339.279526811675,508.9207760257351,27848.20030283741,233.8344693444988,0.2132402543364806,90700325.25494167,0,False,2,0.9848579653673867,0,4.7076495341704883e-07,2.821946328406029e-10,14.566371799999615
2541,27339.278850377697,508.9214445787508,27848.20029495645,233.83446645170895,0.21324025169846386,90700325.25494167,0,False,2,0.9849341996711478,0,4.701610993561691e-07,2.8299713015772203e-10,14.57183459999942
2542,27339.27817124286,508.9221158104717,27848.20028705333,233.83446354736873,0.213240249049914,90700325.25494167,0,False,2,0.9850096692468265,0,4.6955610896966595e-07,2.837928344010694e-10,14.577813600000809
2543,27339.277489416814,508.9227897114375,27848.20027912825,233.83446063151948,0.21324024639086878,90700325.25494167,0,False,2,0.9850843855532553,0,4.689499927290907e-07,2.845813536624977e-10,14.583259400002134
2544,27339.27680490924,508.9234662721635,27848.200271181406,233.83445770420252,0.2132402437213658,90700325.25494167,0,False,2,0.9851583598213295,0,4.683427606058883e-07,2.8536294921409507e-10,14.588613100000657
2545,27339.276117729845,508.9241454831409,27848.200263212988,233.8344547654594,0.21324024104144298,90700325.25494167,0,False,2,0.9852316030596494,0,4.677344210983615e-07,2.8613762105585547e-10,14.59410840000055
2546,27339.275427888344,508.92482733483655,27848.20025522318,233.8344518153317,0.21324023835113823,90700325.25494167,0,False,2,0.9853041260599963,0,4.671249843839237e-07,2.8690576109591477e-10,14.599380600004224
2547,27339.2747353945,508.925511817693,27848.200247212193,233.83444885386115,0.21324023565048963,90700325.25494167,0,False,2,0.9853759394026456,0,4.6651445910233284e-07,2.876661936098411e-10,14.604667300001893
2548,27339.274040258082,508.9261989221298,27848.200239180213,233.83444588108947,0.2132402329395352,90700325.25494167,0,False,2,0.9854470534615268,0,4.6590285428446817e-07,2.884200943220538e-10,14.610343200001807
2549,27339.273342488883,508.92688863854283,27848.200231127426,233.8344428970586,0.2132402302183132,90700325.25494167,0,False,2,0.9855174784092318,0,4.6529017816653707e-07,2.891672019604523e-10,14.615525599998364
2550,27339.27264209673,508.92758095730443,27848.200223054035,233.83443990181058,0.21324022748686197,90700325.25494167,0,False,2,0.9855872242218772,0,4.646764398499611e-07,2.89907124616888e-10,14.620997800004261
2551,27339.271939091464,508.9282758687648,27848.20021496023,233.83443689538743,0.2132402247452198,90700325.25494167,0,False,2,0.9856563006838277,0,4.640616470525048e-07,2.9064012356344926e-10,14.626349400001345
2552,27339.27123348295,508.9289733632511,27848.2002068462,233.83443387783137,0.21324022199342527,90700325.25494167,0,False,2,0.985724717392284,0,4.6344580823235445e-07,2.913664600722247e-10,14.631686799999443
2553,27339.270525281063,508.9296734310681,27848.20019871213,233.83443084918466,0.21324021923151681,90700325.25494167,0,False,2,0.9857924837617377,0,4.6282893087563424e-07,2.9208600350716064e-10,14.637404200002493
2554,27339.269814495725,508.93037606249914,27848.200190558226,233.8344278094897,0.21324021645953317,90700325.25494167,0,False,2,0.9858596090283016,0,4.6221102236610305e-07,2.9279823132406024e-10,14.642497100001492
2555,27339.269101136866,508.931081247805,27848.20018238467,233.83442475878894,0.213240213677513,90700325.25494167,0,False,2,0.9859261022539157,0,4.615920907193063e-07,2.9350392733920244e-10,14.647542200000316
2556,27339.268385214436,508.9317889772254,27848.20017419166,233.83442169712498,0.21324021088549522,90700325.25494167,0,False,2,0.9859919723304367,0,4.6097214275307033e-07,2.9420243837234253e-10,14.652856200002134
2557,27339.267666738404,508.93249924097904,27848.200165979382,233.8344186245404,0.2132402080835186,90700325.25494167,0,False,2,0.98605722798361,0,4.603511857037954e-07,2.9489441760371225e-10,14.65797520000342
2558,27339.266945718766,508.9332120292635,27848.20015774803,233.834415541078,0.21324020527162216,90700325.25494167,0,False,2,0.9861218777769333,0,4.5972922573944224e-07,2.9557934248911435e-10,14.663176800000656
2559,27339.266222165537,508.9339273322561,27848.200149497792,233.83441244678053,0.21324020244984496,90700325.25494167,0,False,2,0.9861859301154119,0,4.5910627021521996e-07,2.962574743006374e-10,14.66890489999787
2560,27339.265496088745,508.9346451401136,27848.20014122886,233.83440934169096,0.2132401996182261,90700325.25494167,0,False,2,0.9862493932492103,0,4.5848232548300003e-07,2.9692881303827487e-10,14.674290499999188
2561,27339.264767498447,508.9353654429729,27848.20013294142,233.83440622585226,0.21324019677680484,90700325.25494167,0,False,2,0.9863122752772026,0,4.5785739710691e-07,2.9759335870201996e-10,14.679597700000159
2562,27339.26403640472,508.93608823095155,27848.20012463567,233.8344030993075,0.21324019392562038,90700325.25494167,0,False,2,0.9863745841504266,0,4.572314918903001e-07,2.982508500197702e-10,14.685587100000703
2563,27339.26330281764,508.93681349414754,27848.200116311786,233.83439996209984,0.21324019106471215,90700325.25494167,0,False,2,0.9864363276754428,0,4.566046148727228e-07,2.9890207080780617e-10,14.691367200000968
2564,27339.262566747333,508.93754122263977,27848.200107969973,233.83439681427254,0.21324018819411955,90700325.25494167,0,False,2,0.9864975135176035,0,4.559767724421947e-07,2.995458453416897e-10,14.697809600002074
2565,27339.261828203922,508.9382714064888,27848.20009961041,233.83439365586887,0.21324018531388209,90700325.25494167,0,False,2,0.9865581492042313,0,4.5534797005345784e-07,3.001832187097975e-10,14.703233300002466
2566,27339.261087197552,508.93900403573684,27848.200091233288,233.83439048693222,0.2132401824240393,90700325.25494167,0,False,2,0.9866182421277148,0,4.5471821207825294e-07,3.008137990039788e-10,14.709105399997497
2567,27339.26034373839,508.93973910040756,27848.200082838797,233.83438730750612,0.21324017952463087,90700325.25494167,0,False,2,0.9866777995485188,0,4.54087504417013e-07,3.0143745558817854e-10,14.715006600003107
2568,27339.259597836623,508.9404765905078,27848.20007442713,233.8343841176341,0.21324017661569653,90700325.25494167,0,False,2,0.9867368285981162,0,4.5345585171060227e-07,3.020541884623896e-10,14.720525800003088
2569,27339.258849502443,508.9412164960263,27848.20006599847,233.83438091735974,0.21324017369727596,90700325.25494167,0,False,2,0.9867953362818408,0,4.5282325850988277e-07,3.0266452017079754e-10,14.725582099999883
2570,27339.258098746064,508.9419588069354,27848.200057553,233.8343777067267,0.21324017076940907,90700325.25494167,0,False,2,0.9868533294816652,0,4.52189729759568e-07,3.0326805880525105e-10,14.730804999999236
2571,27339.257345577724,508.94270351319045,27848.200049090916,233.83437448577882,0.21324016783213576,90700325.25494167,0,False,2,0.9869108149589054,0,4.5155526957548365e-07,3.038646737296947e-10,14.735893099998066
2572,27339.256590007673,508.9434506047306,27848.200040612403,233.8343712545599,0.213240164885496,90700325.25494167,0,False,2,0.9869677993568551,0,4.5091988189286263e-07,3.0445462621621787e-10,14.741585100004158
2573,27339.25583204617,508.94420007147875,27848.200032117646,233.8343680131138,0.21324016192952977,90700325.25494167,0,False,2,0.9870242892033497,0,4.502835717180656e-07,3.0503791626481337e-10,14.747047299999394
2574,27339.25507170349,508.9449519033422,27848.20002360683,233.8343647614845,0.21324015896427723,90700325.25494167,0,False,2,0.9870802909132663,0,4.4964634187850014e-07,3.0561454387547424e-10,14.752160500000173
2575,27339.25430898994,508.94570609021343,27848.200015080154,233.83436149971604,0.21324015598977847,90700325.25494167,0,False,2,0.9871358107909564,0,4.4900819623831467e-07,3.06184117140048e-10,14.757270100002643
2576,27339.253543915824,508.94646262196926,27848.200006537794,233.8343582278525,0.21324015300607374,90700325.25494167,0,False,2,0.9871908550326172,0,4.4836913833068927e-07,3.067472892387694e-10,14.762572799998452
2577,27339.252776491463,508.9472214884722,27848.199997979937,233.834354945938,0.21324015001320326,90700325.25494167,0,False,2,0.9872454297286025,0,4.477291718910351e-07,3.0730379889953446e-10,14.76776609999797
2578,27339.252006727198,508.94798267957043,27848.199989406767,233.8343516540168,0.2132401470112074,90700325.25494167,0,False,2,0.9872995408656738,0,4.4708829989630606e-07,3.07853646122336e-10,14.773050000003423
2579,27339.251234633382,508.9487461850979,27848.19998081848,233.83434835213316,0.21324014400012645,90700325.25494167,0,False,2,0.987353194329194,0,4.4644652526423793e-07,3.0839643899902094e-10,14.778837500001828
2580,27339.250460220377,508.949511994875,27848.19997221525,233.83434504033139,0.2132401409800009,90700325.25494167,0,False,2,0.9874063959052665,0,4.458038508382151e-07,3.089330919819219e-10,14.783888899997692
2581,27339.249683498558,508.9502800987091,27848.199963597268,233.83434171865585,0.2132401379508712,90700325.25494167,0,False,2,0.9874591512828198,0,4.451602794271468e-07,3.094628212547402e-10,14.78889160000108
2582,27339.24890447833,508.95105048639385,27848.199954964723,233.83433838715104,0.2132401349127779,90700325.25494167,0,False,2,0.9875114660556398,0,4.4451581402849204e-07,3.099857574535168e-10,14.79441229999793
2583,27339.248123170077,508.9518231477112,27848.19994631779,233.83433504586137,0.21324013186576155,90700325.25494167,0,False,2,0.9875633457243508,0,4.4387045655618293e-07,3.105024231224391e-10,14.799521400003869
2584,27339.247339584228,508.9525980724296,27848.199937656656,233.83433169483146,0.21324012880986276,90700325.25494167,0,False,2,0.9876147956983485,0,4.432242093828653e-07,3.1101229571730495e-10,14.804766200002632
2585,27339.24655373121,508.9533752503066,27848.199928981514,233.83432833410586,0.2132401257451222,90700325.25494167,0,False,2,0.987665821297684,0,4.425770747280196e-07,3.1151537523810673e-10,14.810117200002423
2586,27339.245765621454,508.9541546710868,27848.19992029254,233.8343249637292,0.21324012267158055,90700325.25494167,0,False,2,0.9877164277549009,0,4.419290546396779e-07,3.120120535929834e-10,14.815426499997557
2587,27339.24497526542,508.9549363245043,27848.199911589927,233.83432158374623,0.2132401195892787,90700325.25494167,0,False,2,0.987766620216829,0,4.412801507975701e-07,3.1250180823773203e-10,14.820643200000632
2588,27339.24418267356,508.95572020028163,27848.199902873843,233.8343181942016,0.21324011649825722,90700325.25494167,0,False,2,0.9878164037463318,0,4.4063036510944946e-07,3.129855536246874e-10,14.826373299998522
2589,27339.24338785635,508.9565062881309,27848.19989414448,233.83431479514016,0.21324011339855714,90700325.25494167,0,False,2,0.9878657833240136,0,4.3997969938846336e-07,3.1346237530149974e-10,14.831548200003454
2590,27339.242590824273,508.95729457775303,27848.199885402028,233.83431138660671,0.21324011029021925,90700325.25494167,0,False,2,0.9879147638498831,0,4.39328154868618e-07,3.139324039042101e-10,14.836760099999083
2591,27339.241791587825,508.95808505883895,27848.199876646664,233.83430796864616,0.21324010717328454,90700325.25494167,0,False,2,0.9879633501449782,0,4.3867573252621407e-07,3.143960313409578e-10,14.842092799997772
2592,27339.240990157494,508.9588777210698,27848.199867878564,233.8343045413033,0.2132401040477938,90700325.25494167,0,False,2,0.9880115469529512,0,4.380224340246976e-07,3.1485338824778466e-10,14.84727600000042
2593,27339.240186543808,508.95967255411705,27848.199859097924,233.83430110462325,0.21324010091378826,90700325.25494167,0,False,2,0.9880593589416159,0,4.3736826031033105e-07,3.1530369080838845e-10,14.85250680000172
2594,27339.239380757273,508.96046954764273,27848.199850304914,233.83429765865088,0.21324009777130876,90700325.25494167,0,False,2,0.9881067907044573,0,4.367132126603123e-07,3.157478534751053e-10,14.858192400002736
2595,27339.23857280843,508.9612686912995,27848.19984149973,233.83429420343128,0.21324009462039645,90700325.25494167,0,False,2,0.9881538467621062,0,4.360572917581495e-07,3.161850924316325e-10,14.86317820000113
2596,27339.23776270781,508.9620699747311,27848.19983268254,233.83429073900948,0.2132400914610924,90700325.25494167,0,False,2,0.9882005315637787,0,4.354004980703289e-07,3.166160608582085e-10,14.868119200000365
2597,27339.23695046596,508.962873387573,27848.19982385353,233.8342872654306,0.21324008829343774,90700325.25494167,0,False,2,0.9882468494886808,0,4.34742832726449e-07,3.1704062811877647e-10,14.873948200001905
2598,27339.236136093437,508.9636789194519,27848.19981501289,233.83428378273976,0.21324008511747367,90700325.25494167,0,False,2,0.9882928048473806,0,4.3408429618160053e-07,3.1745827166913137e-10,14.878973200000473
2599,27339.235319600797,508.9644865599869,27848.199806160785,233.83428029098212,0.2132400819332413,90700325.25494167,0,False,2,0.9883384018831489,0,4.3342488857107546e-07,3.1786990596161085e-10,14.884098700000322
2600,27339.23450099862,508.9652962987885,27848.19979729741,233.83427679020295,0.2132400787407819,90700325.25494167,0,False,2,0.9883836447732678,0,4.3276461024029405e-07,3.1827461654386164e-10,14.889519299998938
2601,27339.233680297482,508.96610812546,27848.199788422942,233.8342732804474,0.21324007554013674,90700325.25494167,0,False,2,0.9884285376303082,0,4.3210346218742025e-07,3.1867292596007343e-10,14.89470319999964
2602,27339.23285750796,508.96692202959696,27848.199779537557,233.8342697617608,0.2132400723313471,90700325.25494167,0,False,2,0.9884730845033793,0,4.3144144344766665e-07,3.19064964846288e-10,14.899926400001277
2603,27339.232032640648,508.9677380007882,27848.199770641437,233.8342662341884,0.21324006911445423,90700325.25494167,0,False,2,0.9885172893793485,0,4.3077855514850075e-07,3.1945047193039873e-10,14.906119799998123
2604,27339.231205706157,508.9685560286148,27848.199761734773,233.83426269777556,0.2132400658894995,90700325.25494167,0,False,2,0.9885611561840327,0,4.3011479625395653e-07,3.1982905530424887e-10,14.911290199997893
2605,27339.230376715077,508.9693761026518,27848.199752817727,233.83425915256763,0.21324006265652432,90700325.25494167,0,False,2,0.9886046887833632,0,4.2945016762314207e-07,3.2020189069227695e-10,14.916487900001812
2606,27339.229545678027,508.9701982124669,27848.199743890495,233.83425559860996,0.21324005941556998,90700325.25494167,0,False,2,0.9886478909845237,0,4.287846681767598e-07,3.20567671733979e-10,14.921676600002684
2607,27339.228712605618,508.9710223476219,27848.19973495324,233.83425203594797,0.21324005616667793,90700325.25494167,0,False,2,0.9886907665370621,0,4.28118298363935e-07,3.2092757415379403e-10,14.927360699999554
2608,27339.227877508485,508.97184849767194,27848.199726006158,233.8342484646271,0.21324005290988962,90700325.25494167,0,False,2,0.9887333191339783,0,4.274510574468801e-07,3.2128042222726694e-10,14.93385130000388
2609,27339.22704039725,508.9726766521664,27848.199717049418,233.83424488469285,0.21324004964524648,90700325.25494167,0,False,2,0.9887755524127849,0,4.267829450794179e-07,3.2162726104278757e-10,14.939331499997934
2610,27339.226201282552,508.9735068006482,27848.1997080832,233.83424129619064,0.21324004637279,90700325.25494167,0,False,2,0.9888174699565481,0,4.26113960756179e-07,3.2196756805614914e-10,14.944410600000992
2611,27339.225360175034,508.9743389326549,27848.19969910769,233.834237699166,0.2132400430925617,90700325.25494167,0,False,2,0.9888590752949011,0,4.2544410397784086e-07,3.223013432673436e-10,14.949882000000798
2612,27339.224517085335,508.9751730377187,27848.199690123052,233.83423409366446,0.21324003980460304,90700325.25494167,0,False,2,0.9889003719050378,0,4.247733742779632e-07,3.226289785845127e-10,14.954937800001062
2613,27339.223672024113,508.97600910536573,27848.199681129478,233.83423047973156,0.2132400365089556,90700325.25494167,0,False,2,0.9889413632126827,0,4.2410177056407604e-07,3.2294995146344886e-10,14.960397700000613
2614,27339.222825002023,508.97684712511716,27848.19967212714,233.83422685741292,0.21324003320566096,90700325.25494167,0,False,2,0.9889820525930406,0,4.2342929231094844e-07,3.2326465381229394e-10,14.966653399998904
2615,27339.221976029734,508.97768708648846,27848.199663116222,233.8342232267541,0.21324002989476068,90700325.25494167,0,False,2,0.989022443371725,0,4.2275593881248336e-07,3.235726937228899e-10,14.972049700001662
2616,27339.221125117896,508.97852897899077,27848.199654096887,233.8342195878007,0.21324002657629634,90700325.25494167,0,False,2,0.989062538825665,0,4.2208170921197506e-07,3.2387498564757925e-10,14.977661900004023
2617,27339.220272277198,508.9793727921295,27848.199645069326,233.8342159405984,0.21324002325030958,90700325.25494167,0,False,2,0.9891023421839937,0,4.214066024206647e-07,3.2417035386190335e-10,14.983100400000694
2618,27339.21941751831,508.9802185154056,27848.199636033714,233.83421228519282,0.21324001991684205,90700325.25494167,0,False,2,0.9891418566289175,0,4.207306177774683e-07,3.2445945154610455e-10,14.988406999997096
2619,27339.218560851907,508.98106613831527,27848.199626990223,233.83420862162964,0.21324001657593536,90700325.25494167,0,False,2,0.9891810852965646,0,4.200537537601061e-07,3.247424093362252e-10,14.993704699998489
2620,27339.217702288686,508.9819156503498,27848.199617939037,233.8342049499546,0.21324001322763123,90700325.25494167,0,False,2,0.9892200312778167,0,4.1937601029727274e-07,3.2501870468805634e-10,14.999191900002188
2621,27339.21684183933,508.982767040996,27848.199608880328,233.83420127021338,0.2132400098719713,90700325.25494167,0,False,2,0.9892586976191228,0,4.186973851693815e-07,3.25288860145791e-10,15.00448850000248
2622,27339.215979514534,508.9836202997362,27848.19959981427,233.8341975824517,0.21324000650899733,90700325.25494167,0,False,2,0.9892970873232942,0,4.1801787827361283e-07,3.25552745073371e-10,15.009904500002449
2623,27339.215115324994,508.9844754160482,27848.199590741042,233.83419388671535,0.213240003138751,90700325.25494167,0,False,2,0.9893352033502844,0,4.17337487738443e-07,3.2581022883473793e-10,15.015227199997753
2624,27339.214249281413,508.9853323794056,27848.199581660818,233.83419018305005,0.21323999976127406,90700325.25494167,0,False,2,0.9893730486179503,0,4.16656213139991e-07,3.260614420659342e-10,15.020481100000325
2625,27339.213381394504,508.9861911792772,27848.19957257378,233.83418647150165,0.2132399963766083,90700325.25494167,0,False,2,0.9894106260027984,0,4.1597405248093e-07,3.263061234948507e-10,15.025826800003415
2626,27339.212511674967,508.9870518051285,27848.199563480095,233.83418275211588,0.21323999298479537,90700325.25494167,0,False,2,0.9894479383407154,0,4.1529100510338614e-07,3.265447956656814e-10,15.031120799998462
2627,27339.21164013353,508.9879142464199,27848.19955437995,233.83417902493866,0.21323998958587725,90700325.25494167,0,False,2,0.9894849884276828,0,4.146070694324472e-07,3.2677680539816563e-10,15.03648709999834
2628,27339.210766780903,508.9887784926081,27848.19954527351,233.83417529001574,0.2132399861798956,90700325.25494167,0,False,2,0.9895217790204763,0,4.139222448813326e-07,3.2700280587254805e-10,15.04239790000429
2629,27339.209891627812,508.9896445331455,27848.19953616096,233.83417154739303,0.21323998276689227,90700325.25494167,0,False,2,0.9895583128373504,0,4.1323652937831553e-07,3.272222745446182e-10,15.047692899999674
2630,27339.209014684973,508.99051235748067,27848.199527042452,233.83416779711632,0.21323997934690908,90700325.25494167,0,False,2,0.9895945925587106,0,4.1254992196391836e-07,3.274361258667227e-10,15.052754500000447
2631,27339.208135963134,508.99138195505805,27848.19951791819,233.83416403923158,0.2132399759199879,90700325.25494167,0,False,2,0.9896306208277688,0,4.118624215580339e-07,3.2764279220624526e-10,15.05815900000016
2632,27339.20725547301,508.99225331531784,27848.19950878833,233.83416027378468,0.21323997248617055,90700325.25494167,0,False,2,0.9896664002511865,0,4.111740266553318e-07,3.278438411957862e-10,15.063559399997757
2633,27339.206373225355,508.99312642769655,27848.199499653052,233.83415650082156,0.21323996904549897,90700325.25494167,0,False,2,0.9897019333997055,0,4.104847359617303e-07,3.2803835838298243e-10,15.068794500002696
2634,27339.205489230906,508.9940012816269,27848.199490512532,233.83415272038815,0.213239965598015,90700325.25494167,0,False,2,0.9897372228087635,0,4.097945481130269e-07,3.2822660503992717e-10,15.074191500003508
2635,27339.204603500402,508.994877866537,27848.19948136694,233.83414893253038,0.21323996214376056,90700325.25494167,0,False,2,0.9897722709790996,0,4.0910346202575053e-07,3.2840871180266333e-10,15.07946809999703
2636,27339.203716044598,508.99575617185184,27848.19947221645,233.83414513729426,0.2132399586827776,90700325.25494167,0,False,2,0.9898070803773446,0,4.084114765894945e-07,3.285846786711829e-10,15.084670800002641
2637,27339.202826874243,508.9966361869919,27848.199463061235,233.83414133472573,0.213239955215108,90700325.25494167,0,False,2,0.9898416534366021,0,4.0771858979927455e-07,3.2875424437337586e-10,15.090167100002873
2638,27339.201936000092,508.99751790137464,27848.199453901467,233.83413752487078,0.21323995174079372,90700325.25494167,0,False,2,0.9898759925570155,0,4.070248010395034e-07,3.289178008173871e-10,15.095510899998771
2639,27339.201043432913,508.9984013044122,27848.199444737325,233.8341337077755,0.21323994825987674,90700325.25494167,0,False,2,0.9899101001063246,0,4.0633010898807154e-07,3.290748254590044e-10,15.100832199997967
2640,27339.200149183467,508.9992863855144,27848.199435568982,233.83412988348587,0.21323994477239908,90700325.25494167,0,False,2,0.9899439784204114,0,4.056345126553082e-07,3.2922571020637265e-10,15.10731730000407
2641,27339.199253262508,509.0001731340862,27848.199426396593,233.83412605204788,0.2132399412784026,90700325.25494167,0,False,2,0.989977629803833,0,4.0493801000533854e-07,3.2937097760368857e-10,15.11248660000274
2642,27339.198355680826,509.0010615395291,27848.199417220356,233.8341222135077,0.21323993777792943,90700325.25494167,0,False,2,0.9900110565303464,0,4.0424060056434447e-07,3.295091906543813e-10,15.117454300001555
2643,27339.19745644919,509.0019515912406,27848.19940804043,233.83411836791137,0.21323993427102156,90700325.25494167,0,False,2,0.9900442608434212,0,4.0354228292106166e-07,3.2964165571895436e-10,15.123040799997398
2644,27339.196555578375,509.0028432786144,27848.19939885699,233.83411451530495,0.213239930757721,90700325.25494167,0,False,2,0.9900772449567418,0,4.028430558331977e-07,3.2976785025319495e-10,15.128553499998816
2645,27339.195653079165,509.0037365910402,27848.199389670204,233.8341106557346,0.21323992723806984,90700325.25494167,0,False,2,0.9901100110547005,0,4.021429183276423e-07,3.298879048931462e-10,15.135716099997808
2646,27339.19474896234,509.0046315179044,27848.199380480248,233.8341067892464,0.21323992371211006,90700325.25494167,0,False,2,0.9901425612928814,0,4.01441869136102e-07,3.300018196388001e-10,15.14285309999832
2647,27339.193843238696,509.00552804858864,27848.199371287286,233.8341029158865,0.21323992017988383,90700325.25494167,0,False,2,0.9901748977985322,0,4.007399075751261e-07,3.3010972512619997e-10,15.148263900002348
2648,27339.192935919025,509.00642617247155,27848.1993620915,233.83409903570106,0.21323991664143319,90700325.25494167,0,False,2,0.99020702267103,0,4.0003703237260096e-07,3.302112294471835e-10,15.155367999999726
2649,27339.19202701412,509.0073258789273,27848.199352893047,233.83409514873625,0.21323991309680024,90700325.25494167,0,False,2,0.9902389379823359,0,3.993332429805359e-07,3.303068551459484e-10,15.161490300000878
2650,27339.19111653479,509.00822715732653,27848.199343692115,233.8340912550383,0.21323990954602715,90700325.25494167,0,False,2,0.9902706457774411,0,3.986285376139789e-07,3.30395949042229e-10,15.16790690000198
2651,27339.190204491824,509.00912999703627,27848.19933448886,233.83408735465335,0.213239905989156,90700325.25494167,0,False,2,0.9903021480748041,0,3.979229160112495e-07,3.304792949523264e-10,15.174206800002139
2652,27339.18929089604,509.0100343874189,27848.199325283458,233.83408344762762,0.21323990242622892,90700325.25494167,0,False,2,0.9903334468667806,0,3.9721637735620297e-07,3.305565009680782e-10,15.179771900002379
2653,27339.188375758247,509.01094031783384,27848.19931607608,233.8340795340074,0.21323989885728817,90700325.25494167,0,False,2,0.9903645441200436,0,3.965089204806106e-07,3.3062743645342434e-10,15.18558060000214
2654,27339.187459089262,509.0118477776363,27848.1993068669,233.8340756138389,0.21323989528237583,90700325.25494167,0,False,2,0.9903954417759961,0,3.958005447679324e-07,3.3069210140835675e-10,15.19137369999953
2655,27339.1865408999,509.0127567561775,27848.199297656076,233.83407168716838,0.21323989170153412,90700325.25494167,0,False,2,0.9904261417511763,0,3.950912498819486e-07,3.3075114901312604e-10,15.198611300002085
2656,27339.18562120098,509.01366724280524,27848.199288443786,233.8340677540421,0.21323988811480524,90700325.25494167,0,False,2,0.9904566459376537,0,3.9438103505109076e-07,3.308037954514138e-10,15.205761999997776
2657,27339.184700003334,509.01457922686325,27848.199279230197,233.83406381450644,0.21323988452223142,90700325.25494167,0,False,2,0.9904869562034191,0,3.936698991713995e-07,3.3085043263136715e-10,15.212667300002067
2658,27339.183777317787,509.01549269769157,27848.199270015477,233.83405986860762,0.2132398809238549,90700325.25494167,0,False,2,0.9905170743927663,0,3.929578427274398e-07,3.308910605529782e-10,15.219628300001204
2659,27339.182853155173,509.0164076446267,27848.1992607998,233.834055916392,0.21323987731971789,90700325.25494167,0,False,2,0.9905470023266669,0,3.9224486418631e-07,3.3092541794413506e-10,15.22692349999852
2660,27339.18192752632,509.0173240570008,27848.19925158332,233.8340519579059,0.21323987370986267,90700325.25494167,0,False,2,0.9905767418031377,0,3.915309639399083e-07,3.309542886211415e-10,15.234137600004033
2661,27339.181000442084,509.0182419241433,27848.199242366227,233.83404799319572,0.2132398700943315,90700325.25494167,0,False,2,0.990606294597602,0,3.908161410725229e-07,3.3097623558741756e-10,15.242066200000409
2662,27339.180071913295,509.0191612353789,27848.199233148673,233.8340440223078,0.2132398664731667,90700325.25494167,0,False,2,0.9906356624632424,0,3.901003962742207e-07,3.3099282647557946e-10,15.248091599998588
2663,27339.179141950804,509.02008198002943,27848.199223930835,233.83404004528856,0.21323986284641058,90700325.25494167,0,False,2,0.9906648471313493,0,3.893837281985384e-07,3.310030161972028e-10,15.254123500002606
2664,27339.17821056546,509.0210041474128,27848.199214712873,233.83403606218434,0.21323985921410538,90700325.25494167,0,False,2,0.9906938503116604,0,3.8866613769947945e-07,3.310074579325401e-10,15.260711100003391
2665,27339.17727776811,509.02192772684333,27848.199205494955,233.83403207304156,0.21323985557629346,90700325.25494167,0,False,2,0.9907226736926963,0,3.87947624142451e-07,3.310058904094793e-10,15.267336299999442
2666,27339.176343569623,509.0228527076319,27848.199196277255,233.83402807790668,0.21323985193301717,90700325.25494167,0,False,2,0.990751318942088,0,3.872281879581132e-07,3.309980523559079e-10,15.274133200000506
2667,27339.17540798085,509.0237790790858,27848.199187059934,233.83402407682613,0.21323984828431886,90700325.25494167,0,False,2,0.9907797877068997,0,3.8650782865023373e-07,3.309844663160268e-10,15.28017009999894
2668,27339.17447101265,509.02470683050893,27848.199177843162,233.83402006984633,0.21323984463024084,90700325.25494167,0,False,2,0.9908080816139436,0,3.8578654710364675e-07,3.3096474038167135e-10,15.286481499999354
2669,27339.1735326759,509.0256359512021,27848.199168627103,233.83401605701383,0.2132398409708256,90700325.25494167,0,False,2,0.9908362022700918,0,3.850643433660095e-07,3.3093913582493825e-10,15.292632099997718
2670,27339.172592981464,509.026566430462,27848.199159411924,233.83401203837505,0.21323983730611545,90700325.25494167,0,False,2,0.9908641512625809,0,3.843412175951849e-07,3.309075220097673e-10,15.299108799998066
2671,27339.171651940203,509.0274982575831,27848.199150197786,233.83400801397647,0.21323983363615276,90700325.25494167,0,False,2,0.9908919301593098,0,3.8361717058857693e-07,3.3087016020825544e-10,15.309958700003335
2672,27339.17070956301,509.02843142185577,27848.199140984867,233.83400398386465,0.21323982996098,90700325.25494167,0,False,2,0.9909195405091346,0,3.8289220265723415e-07,3.308263972401325e-10,15.36332389999734
2673,27339.169765860755,509.0293659125679,27848.199131773323,233.83399994808605,0.21323982628063956,90700325.25494167,0,False,2,0.9909469838421562,0,3.8216631433840285e-07,3.3077701692170534e-10,15.371456799999578
2674,27339.168820844316,509.0303017190041,27848.19912256332,233.83399590668725,0.2132398225951739,90700325.25494167,0,False,2,0.9909742616700042,0,3.8143950652412314e-07,3.307216273448088e-10,15.384412600003998
2675,27339.167874524574,509.0312388304457,27848.19911335502,233.83399185971476,0.21323981890462543,90700325.25494167,0,False,2,0.9910013754861141,0,3.807117802089044e-07,3.3066062041759287e-10,15.39119010000286
2676,27339.166926912425,509.0321772361714,27848.199104148596,233.83398780721515,0.21323981520903662,90700325.25494167,0,False,2,0.9910283267660007,0,3.799831355447422e-07,3.305930816876812e-10,15.397378100002243
2677,27339.16597801875,509.0331169254573,27848.199094944208,233.83398374923502,0.21323981150844998,90700325.25494167,0,False,2,0.9910551169675261,0,3.7925357420381715e-07,3.305200562434871e-10,15.4102555999998
2678,27339.16502785444,509.03405788757647,27848.199085742017,233.83397968582085,0.21323980780290788,90700325.25494167,0,False,2,0.9910817475311627,0,3.7852309715707584e-07,3.304411521768451e-10,15.416132999998808
2679,27339.164076430392,509.0350001117997,27848.19907654219,233.83397561701932,0.21323980409245288,90700325.25494167,0,False,2,0.9911082198802526,0,3.777917051402563e-07,3.3035623885169447e-10,15.422043999999005
2680,27339.163123757495,509.0359435873947,27848.19906734489,233.83397154287695,0.21323980037712745,90700325.25494167,0,False,2,0.9911345354212603,0,3.770594001532281e-07,3.302655775401331e-10,15.427920499998436
2681,27339.162169846648,509.03688830362734,27848.199058150276,233.8339674634404,0.21323979665697407,90700325.25494167,0,False,2,0.9911606955440235,0,3.763261828458748e-07,3.3016903760610045e-10,15.433911200001603
2682,27339.161214708758,509.0378342497607,27848.19904895852,233.83396337875624,0.21323979293203527,90700325.25494167,0,False,2,0.9911867016219974,0,3.75592055051603e-07,3.3006648841353594e-10,15.439886500003922
2683,27339.16025835472,509.03878141505606,27848.199039769777,233.83395928887114,0.21323978920235356,90700325.25494167,0,False,2,0.9912125550124953,0,3.7485701833257493e-07,3.299581912345375e-10,15.44565419999708
2684,27339.159300795443,509.0397297887725,27848.199030584216,233.83395519383168,0.21323978546797148,90700325.25494167,0,False,2,0.9912382570569258,0,3.741210740790927e-07,3.298440154330447e-10,15.451491400002851
2685,27339.158342041825,509.0406793601668,27848.19902140199,233.83395109368453,0.21323978172893154,90700325.25494167,0,False,2,0.9912638090810245,0,3.7338422450907103e-07,3.297242222811559e-10,15.456768199997896
2686,27339.15738210477,509.0416301184943,27848.199012223267,233.8339469884763,0.21323977798527624,90700325.25494167,0,False,2,0.9912892123950827,0,3.7264647113326057e-07,3.2959841987070435e-10,15.46231809999881
2687,27339.156420995198,509.04258205300846,27848.199003048205,233.83394287825365,0.21323977423704818,90700325.25494167,0,False,2,0.9913144682941718,0,3.719078158005507e-07,3.294670001098417e-10,15.468956700002309
2688,27339.15545872401,509.04353515296117,27848.19899387697,233.83393876306326,0.21323977048428988,90700325.25494167,0,False,2,0.9913395780583627,0,3.7116826106792124e-07,3.293295710904009e-10,15.478489400004037
2689,27339.154495302115,509.04448940760267,27848.198984709717,233.83393464295176,0.21323976672704387,90700325.25494167,0,False,2,0.991364542952944,0,3.704278088813126e-07,3.29186524720534e-10,15.485167200000433
2690,27339.153530740427,509.0454448061821,27848.19897554661,233.8339305179658,0.2132397629653527,90700325.25494167,0,False,2,0.9913893642286339,0,3.6968646161990784e-07,3.290377303641802e-10,15.491262700001244
2691,27339.15256504986,509.0464013379475,27848.198966387805,233.83392638815207,0.21323975919925897,90700325.25494167,0,False,2,0.991414043121789,0,3.689442212594919e-07,3.2888318802133207e-10,15.496906699998362
2692,27339.151598241322,509.0473589921454,27848.198957233468,233.83392225355723,0.21323975542880522,90700325.25494167,0,False,2,0.9914385808546111,0,3.682010907545063e-07,3.2872276705592876e-10,15.502532600003178
2693,27339.150630325734,509.04831775802177,27848.198948083755,233.83391811422797,0.213239751654034,90700325.25494167,0,False,2,0.9914629786353482,0,3.6745707275269196e-07,3.285567287400694e-10,15.509118800000579
2694,27339.149661314004,509.04927762482185,27848.198938938825,233.83391397021094,0.21323974787498787,90700325.25494167,0,False,2,0.9914872376584933,0,3.6671216949058387e-07,3.2838494243769335e-10,15.514966700000514
2695,27339.148691217044,509.0502385817901,27848.198929798833,233.8339098215528,0.2132397440917094,90700325.25494167,0,False,2,0.9915113591049804,0,3.6596638426140675e-07,3.282076694209e-10,15.520412400001078
2696,27339.147720045774,509.0512006181705,27848.198920663945,233.83390566830028,0.21323974030424114,90700325.25494167,0,False,2,0.9915353441423755,0,3.652197198875281e-07,3.280243871454681e-10,15.52723479999986
2697,27339.14674781111,509.05216372320683,27848.198911534317,233.83390151050003,0.21323973651262573,90700325.25494167,0,False,2,0.9915591939250656,0,3.64472179146397e-07,3.278354875195506e-10,15.533749599999283
2698,27339.14577452396,509.0531278861425,27848.198902410102,233.8338973481987,0.21323973271690563,90700325.25494167,0,False,2,0.9915829095944441,0,3.6372376581356215e-07,3.27641101179194e-10,15.54054310000356
2699,27339.144800195238,509.05409309622104,27848.198893291457,233.83389318144296,0.21323972891712342,90700325.25494167,0,False,2,0.9916064922790935,0,3.6297448251623406e-07,3.274410974883374e-10,15.546983100000944
2700,27339.14382483586,509.05505934268626,27848.198884178546,233.83388901027953,0.21323972511332173,90700325.25494167,0,False,2,0.9916299430949642,0,3.6222433291027075e-07,3.272352151748662e-10,15.553087400003278
2701,27339.142848456744,509.0560266147819,27848.198875071525,233.83388483475505,0.21323972130554308,90700325.25494167,0,False,2,0.9916532631455512,0,3.614733205549622e-07,3.270237155108803e-10,15.558572800000547
2702,27339.141871068794,509.0569949017526,27848.198865970546,233.8338806549162,0.21323971749383003,90700325.25494167,0,False,2,0.9916764535220672,0,3.6072144878711127e-07,3.268067291324264e-10,15.564217300001474
2703,27339.140892682917,509.0579641928432,27848.19885687576,233.83387647080957,0.21323971367822506,90700325.25494167,0,False,2,0.9916995153036131,0,3.5996872161811116e-07,3.265843866755512e-10,15.570318300000508
2704,27339.139913310035,509.05893447729994,27848.198847787335,233.83387228248193,0.21323970985877083,90700325.25494167,0,False,2,0.9917224495573455,0,3.5921514284105243e-07,3.2635590432392446e-10,15.57677330000297
2705,27339.138932961047,509.0599057443692,27848.198838705415,233.83386808997983,0.21323970603550982,90700325.25494167,0,False,2,0.9917452573386418,0,3.5846071650213844e-07,3.2612232716596987e-10,15.583540999999968
2706,27339.13795164686,509.0608779832992,27848.198829630157,233.83386389334996,0.21323970220848454,90700325.25494167,0,False,2,0.9917679396912622,0,3.5770544637092413e-07,3.258831326574651e-10,15.589906100001826
2707,27339.13696937838,509.06185118333883,27848.19882056172,233.83385969263895,0.2132396983777376,90700325.25494167,0,False,2,0.9917904976475093,0,3.5694933654309964e-07,3.256381901623488e-10,15.59524170000077
2708,27339.13598616652,509.0628253337387,27848.198811500257,233.83385548789346,0.21323969454331146,90700325.25494167,0,False,2,0.9918129322283843,0,3.56192391500502e-07,3.2538776095272197e-10,15.600590900001407
2709,27339.135002022165,509.0638004237513,27848.198802445917,233.83385127916003,0.21323969070524862,90700325.25494167,0,False,2,0.9918352444437422,0,3.5543461603176195e-07,3.251319756646316e-10,15.606090699999186
2710,27339.134016956225,509.0647764426303,27848.198793398857,233.83384706648533,0.21323968686359163,90700325.25494167,0,False,2,0.9918574352924432,0,3.546760137873625e-07,3.2487057302596274e-10,15.611784599997918
2711,27339.13303097959,509.0657533796317,27848.19878435922,233.83384284991592,0.21323968301838295,90700325.25494167,0,False,2,0.9918795057625014,0,3.539165899293993e-07,3.246039449448708e-10,15.617528499999025
2712,27339.13204410316,509.06673122401327,27848.198775327175,233.83383862949844,0.2132396791696651,90700325.25494167,0,False,2,0.9919014568312324,0,3.5315634936086776e-07,3.2433143824107804e-10,15.623172699997667
2713,27339.131056337825,509.06770996503565,27848.19876630286,233.83383440527945,0.21323967531748053,90700325.25494167,0,False,2,0.9919232894653975,0,3.5239529654346374e-07,3.240538367309027e-10,15.628873200003
2714,27339.13006769447,509.0686895919611,27848.19875728643,233.8338301773055,0.2132396714618717,90700325.25494167,0,False,2,0.9919450046213456,0,3.5163343632292406e-07,3.2377061787012116e-10,15.640781100002641
2715,27339.129078183985,509.06967009405514,27848.19874827804,233.83382594562312,0.21323966760288107,90700325.25494167,0,False,2,0.9919666032451533,0,3.508707742312434e-07,3.2348204293083506e-10,15.648481099997298
2716,27339.128087817247,509.0706514605851,27848.198739277832,233.8338217102789,0.21323966374055112,90700325.25494167,0,False,2,0.9919880862727625,0,3.50107315019435e-07,3.231881119130377e-10,15.657046000000264
2717,27339.127096605145,509.0716336808223,27848.198730285967,233.83381747131935,0.21323965987492421,90700325.25494167,0,False,2,0.9920094546301157,0,3.493430644942564e-07,3.228885635446136e-10,15.664575100003276
2718,27339.12610455854,509.07261674404043,27848.198721302582,233.83381322879094,0.2132396560060428,90700325.25494167,0,False,2,0.9920307092332891,0,3.4857802741287097e-07,3.225840510058282e-10,15.671805600002699
2719,27339.12511168832,509.0736006395164,27848.198712327838,233.83380898274024,0.21323965213394927,90700325.25494167,0,False,2,0.9920518509886238,0,3.4781220989759484e-07,3.2227379048034807e-10,15.678676900002756
2720,27339.124118005344,509.07458535653075,27848.198703361875,233.83380473321364,0.213239648258686,90700325.25494167,0,False,2,0.9920728807928552,0,3.470456172933006e-07,3.2195843514843906e-10,15.686416600001394
2721,27339.12312352048,509.0755708843672,27848.198694404848,233.83380048025768,0.21323964438029538,90700325.25494167,0,False,2,0.9920937995332392,0,3.4627825507881406e-07,3.2163759310193097e-10,15.695841200002178
2722,27339.12212824458,509.07655721231356,27848.198685456893,233.83379622391877,0.21323964049881977,90700325.25494167,0,False,2,0.9921146080876776,0,3.455101296694981e-07,3.213117868850358e-10,15.704931500004022
2723,27339.121132188506,509.077544329661,27848.19867651817,233.8337919642433,0.21323963661430143,90700325.25494167,0,False,2,0.9921353073248413,0,3.4474124644716587e-07,3.2098036331747383e-10,15.711577699999907
2724,27339.12013536311,509.0785322257051,27848.198667588815,233.8337877012777,0.21323963272678279,90700325.25494167,0,False,2,0.9921558981042907,0,3.4397161180231553e-07,3.206438449434572e-10,15.717624999997497
2725,27339.119137779242,509.07952088974497,27848.198658668985,233.83378343506843,0.21323962883630607,90700325.25494167,0,False,2,0.9921763812765954,0,3.4320123203115967e-07,3.203018398548154e-10,15.726170900001307
2726,27339.11813944773,509.08051031108437,27848.198649758815,233.83377916566175,0.2132396249429136,90700325.25494167,0,False,2,0.9921967576834512,0,3.4243011303601115e-07,3.199550012318158e-10,15.759238400001777
2727,27339.117140379425,509.0815004790315,27848.198640858456,233.83377489310402,0.21323962104664757,90700325.25494167,0,False,2,0.9922170281577958,0,3.4165826148383257e-07,3.196026758941783e-10,15.77507930000138
2728,27339.116140585153,509.08249138289864,27848.19863196805,233.83377061744162,0.21323961714755033,90700325.25494167,0,False,2,0.9922371935239224,0,3.4088568365458504e-07,3.19245255750061e-10,15.782051300004241
2729,27339.115140075744,509.0834830120031,27848.19862308775,233.83376633872084,0.21323961324566404,90700325.25494167,0,False,2,0.9922572545975911,0,3.4011238619716705e-07,3.188824795273477e-10,15.78811560000031
2730,27339.114138862013,509.08447535566705,27848.19861421768,233.8337620569879,0.2132396093410309,90700325.25494167,0,False,2,0.9922772121861395,0,3.3933837604258776e-07,3.185150004063071e-10,15.794390200004273
2731,27339.113136954787,509.0854684032173,27848.198605358004,233.8337577722891,0.21323960543369308,90700325.25494167,0,False,2,0.9922970670885916,0,3.3856365950626224e-07,3.1814177329849325e-10,15.80012859999988
2732,27339.112134364863,509.0864621439859,27848.19859650885,233.83375348467067,0.21323960152369278,90700325.25494167,0,False,2,0.9923168200957635,0,3.3778824401019313e-07,3.1776397392839493e-10,15.807007600000361
2733,27339.111131103055,509.08745656731014,27848.198587670366,233.83374919417878,0.2132395976110721,90700325.25494167,0,False,2,0.9923364719903692,0,3.37012136250821e-07,3.173808184796761e-10,15.812928300001658
2734,27339.11012718016,509.08845166253246,27848.198578842694,233.83374490085967,0.2132395936958732,90700325.25494167,0,False,2,0.9923560235471243,0,3.362353435640267e-07,3.169925682244406e-10,15.819135300000198
2735,27339.10912260697,509.08944741900075,27848.19857002597,233.83374060475947,0.21323958977813814,90700325.25494167,0,False,2,0.9923754755328474,0,3.3545787291140493e-07,3.165994844347929e-10,15.82503810000344
2736,27339.10811739427,509.0904438260687,27848.19856122034,233.8337363059243,0.21323958585790898,90700325.25494167,0,False,2,0.9923948287065608,0,3.3467973201352236e-07,3.1620104456650634e-10,15.830746899999212
2737,27339.107111552843,509.09144087309534,27848.19855242594,233.83373200440028,0.21323958193522777,90700325.25494167,0,False,2,0.9924140838195894,0,3.339009272703159e-07,3.157977711637958e-10,15.836841299998923
2738,27339.10610509346,509.0924385494458,27848.198543642906,233.83372770023342,0.21323957801013652,90700325.25494167,0,False,2,0.9924332416156577,0,3.331214675730263e-07,3.153896642266556e-10,15.842556600000535
2739,27339.105098026892,509.09343684449095,27848.198534871382,233.83372339346988,0.21323957408267724,90700325.25494167,0,False,2,0.9924523028309865,0,3.3234135956384556e-07,3.14976331846914e-10,15.847892999998294
2740,27339.1040903639,509.09443574760775,27848.198526111508,233.8337190841556,0.21323957015289188,90700325.25494167,0,False,2,0.9924712681943859,0,3.315606110090387e-07,3.145580352966758e-10,15.853723000000173
2741,27339.10308211523,509.0954352481794,27848.19851736341,233.83371477233658,0.21323956622082238,90700325.25494167,0,False,2,0.9924901384273501,0,3.307792301380908e-07,3.141351664841016e-10,15.859341700001096
2742,27339.102073291644,509.09643533559523,27848.19850862724,233.83371045805882,0.2132395622865107,90700325.25494167,0,False,2,0.9925089142441474,0,3.2999722443052075e-07,3.137068109567977e-10,15.864650900002744
2743,27339.101063903872,509.09743599925105,27848.198499903123,233.83370614136822,0.21323955834999866,90700325.25494167,0,False,2,0.9925275963519118,0,3.2921460226867497e-07,3.1327401380320215e-10,15.870659799998975
2744,27339.10005396265,509.0984372285487,27848.1984911912,233.83370182231067,0.21323955441132814,90700325.25494167,0,False,2,0.9925461854507305,0,3.284313709536548e-07,3.128361218430319e-10,15.87614449999819
2745,27339.09904347871,509.09943901289716,27848.198482491607,233.8336975009321,0.21323955047054102,90700325.25494167,0,False,2,0.9925646822337327,0,3.2764753962544126e-07,3.1239339634839246e-10,15.882204599998659
2746,27339.098032462753,509.10044134171187,27848.198473804463,233.83369317727826,0.213239546527679,90700325.25494167,0,False,2,0.9925830873871752,0,3.268631160061286e-07,3.11946359863501e-10,15.888164099997084
2747,27339.097020925507,509.1014442044149,27848.19846512992,233.833688851395,0.21323954258278396,90700325.25494167,0,False,2,0.9926014015905278,0,3.26078108270574e-07,3.114938366638514e-10,15.893627400000696
2748,27339.096008877677,509.10244759043536,27848.19845646811,233.83368452332815,0.2132395386358976,90700325.25494167,0,False,2,0.9926196255165561,0,3.2529252496036275e-07,3.1103661056577193e-10,15.899120900001435
2749,27339.094996329943,509.1034514892095,27848.19844781915,233.83368019312334,0.21323953468706158,90700325.25494167,0,False,2,0.9926377598314053,0,3.245063749763011e-07,3.1057520411348047e-10,15.90453300000081
2750,27339.09398329301,509.10445589018,27848.19843918319,233.8336758608264,0.21323953073631768,90700325.25494167,0,False,2,0.9926558051946807,0,3.2371966640662605e-07,3.1010844158247e-10,15.910008700004255
2751,27339.09296977755,509.10546078279754,27848.198430560347,233.8336715264829,0.21323952678370747,90700325.25494167,0,False,2,0.9926737622595274,0,3.229324077818116e-07,3.0963736806118144e-10,15.91584320000402
2752,27339.091955794243,509.10646615651933,27848.19842195076,233.83366719013856,0.21323952282927264,90700325.25494167,0,False,2,0.9926916316727105,0,3.2214460873016346e-07,3.091613303693306e-10,15.921135700002196
2753,27339.09094135375,509.10747200081045,27848.19841335456,233.83366285183897,0.21323951887305476,90700325.25494167,0,False,2,0.9927094140746913,0,3.2135627718472217e-07,3.0868072041507987e-10,15.926407899998594
2754,27339.089926466724,509.10847830514297,27848.19840477187,233.8336585116297,0.21323951491509538,90700325.25494167,0,False,2,0.9927271100997054,0,3.205674223982103e-07,3.081955381984242e-10,15.931760200001008
2755,27339.088911143823,509.1094850589969,27848.19839620282,233.83365416955627,0.21323951095543606,90700325.25494167,0,False,2,0.9927447203758367,0,3.1977805331960115e-07,3.077056530833028e-10,15.937035200004175
2756,27339.087895395678,509.1104922518596,27848.19838764754,233.83364982566422,0.21323950699411826,90700325.25494167,0,False,2,0.992762245525093,0,3.189881793837766e-07,3.0721132634182253e-10,15.942469300003722
2757,27339.08687923292,509.1114998732262,27848.198379106147,233.83364547999898,0.2132395030311834,90700325.25494167,0,False,2,0.992779686163479,0,3.181978089000409e-07,3.0671255797397877e-10,15.947924300002342
2758,27339.085862666183,509.1125079125996,27848.198370578782,233.833641132606,0.21323949906667303,90700325.25494167,0,False,2,0.9927970429010681,0,3.1740695196662874e-07,3.0620882543554214e-10,15.953266000004078
2759,27339.08484570608,509.1135163594908,27848.19836206557,233.8336367835307,0.21323949510062848,90700325.25494167,0,False,2,0.9928143163420743,0,3.1661561723676685e-07,3.057006512707321e-10,15.95892769999773
2760,27339.083828363204,509.1145252034184,27848.198353566622,233.83363243281838,0.21323949113309107,90700325.25494167,0,False,2,0.9928315070849221,0,3.158238141921088e-07,3.051884273877127e-10,15.964398500000243
2761,27339.082810648164,509.11553443390926,27848.198345082074,233.8336280805144,0.2132394871641022,90700325.25494167,0,False,2,0.9928486157223152,0,3.1503155253452e-07,3.0467136997014214e-10,15.969416400002956
2762,27339.081792571553,509.1165440404984,27848.19833661205,233.83362372666406,0.21323948319370317,90700325.25494167,0,False,2,0.9928656428413056,0,3.142388416994561e-07,3.0414974029012787e-10,15.975943800003733
2763,27339.080774143935,509.11755401272904,27848.198328156665,233.83361937131252,0.21323947922193515,90700325.25494167,0,False,2,0.9928825890233606,0,3.134456908805667e-07,3.0362419152794697e-10,15.981108300002234
2764,27339.079755375897,509.1185643401528,27848.198319716048,233.8336150145051,0.21323947524883946,90700325.25494167,0,False,2,0.9928994548444284,0,3.126521100193793e-07,3.0309380923120076e-10,15.9862506999998
2765,27339.07873627799,509.1195750123293,27848.198311290318,233.8336106562869,0.21323947127445722,90700325.25494167,0,False,2,0.9929162408750043,0,3.1185810878418374e-07,3.025592465801663e-10,15.992408500002057
2766,27339.077716860767,509.1205860188273,27848.198302879595,233.83360629670307,0.21323946729882964,90700325.25494167,0,False,2,0.9929329476801945,0,3.1106369686997906e-07,3.0202037293878293e-10,15.997667100004037
2767,27339.07669713478,509.12159734922335,27848.198294484002,233.8336019357987,0.21323946332199784,90700325.25494167,0,False,2,0.9929495758197797,0,3.1026888423165294e-07,3.014770576709898e-10,16.002850199998647
2768,27339.07567711056,509.1226089931035,27848.198286103663,233.83359757361882,0.21323945934400285,90700325.25494167,0,False,2,0.9929661258482784,0,3.0947368041100144e-07,3.0092930077678246e-10,16.008523700002115
2769,27339.074656798617,509.1236209400621,27848.19827773868,233.83359321020842,0.2132394553648857,90700325.25494167,0,False,2,0.9929825983150071,0,3.0867809545988347e-07,3.0037788607249595e-10,16.01399870000023
2770,27339.07363620948,509.12463317970213,27848.19826938918,233.8335888456125,0.21323945138468747,90700325.25494167,0,False,2,0.9929989937641431,0,3.0788213957942533e-07,2.998218991057304e-10,16.019474400003674
2771,27339.072615353653,509.1256457016361,27848.198261055288,233.833584479876,0.2132394474034491,90700325.25494167,0,False,2,0.9930153127347828,0,3.070858222828257e-07,2.9926147051253785e-10,16.02553099999932
2772,27339.07159424163,509.12665849548506,27848.198252737115,233.83358011304375,0.21323944342121148,90700325.25494167,0,False,2,0.9930315557610018,0,3.062891543884767e-07,2.9869699220108407e-10,16.031137099998887
2773,27339.070572883888,509.12767155087914,27848.198244434767,233.83357574516063,0.21323943943801554,90700325.25494167,0,False,2,0.9930477233719127,0,3.0549214541637404e-07,2.9812872544347866e-10,16.036925400003383
2774,27339.069551290915,509.12868485745815,27848.19823614837,233.83357137627144,0.21323943545390214,90700325.25494167,0,False,2,0.9930638160917233,0,3.0469480596014183e-07,2.9755588642337737e-10,16.042191799999273
2775,27339.068529473167,509.1296984048704,27848.198227878038,233.8335670064209,0.21323943146891208,90700325.25494167,0,False,2,0.9930798344397928,0,3.038971459238242e-07,2.9697912832105977e-10,16.047501499997452
2776,27339.067507441105,509.13071218277486,27848.19821962388,233.83356263565375,0.2132394274830861,90700325.25494167,0,False,2,0.9930957789306873,0,3.030991757695985e-07,2.9639832050046546e-10,16.053639600002498
2777,27339.06648520517,509.1317261808383,27848.19821138601,233.83355826401467,0.21323942349646502,90700325.25494167,0,False,2,0.9931116500742366,0,3.023009060079915e-07,2.958133323255336e-10,16.059402600003523
2778,27339.065462775798,509.13274038873857,27848.198203164535,233.83355389154823,0.21323941950908942,90700325.25494167,0,False,2,0.9931274483755865,0,3.015023463522337e-07,2.952246863404881e-10,16.06484669999918
2779,27339.064440163413,509.13375479616224,27848.198194959576,233.83354951829907,0.21323941552100004,90700325.25494167,0,False,2,0.9931431743352542,0,3.0070350766304654e-07,2.946315987289838e-10,16.07023360000312
2780,27339.063417378435,509.1347693928061,27848.198186771242,233.83354514431173,0.2132394115322375,90700325.25494167,0,False,2,0.9931588284491802,0,2.9990440064860013e-07,2.940345920352445e-10,16.07550440000341
2781,27339.062394431254,509.13578416837686,27848.198178599632,233.83354076963062,0.2132394075428423,90700325.25494167,0,False,2,0.9931744112087808,0,2.9910503552705706e-07,2.9343405816743784e-10,16.08072330000141
2782,27339.061371332267,509.136799112591,27848.19817044486,233.83353639430024,0.21323940355285498,90700325.25494167,0,False,2,0.9931899231009995,0,2.9830542250377316e-07,2.9282947458133246e-10,16.08657530000346
2783,27339.060348091858,509.1378142151751,27848.19816230703,233.83353201836496,0.21323939956231605,90700325.25494167,0,False,2,0.9932053646083581,0,2.9750557250776375e-07,2.9222097191298176e-10,16.092119599998114
2784,27339.059324720394,509.138829465866,27848.19815418626,233.83352764186915,0.21323939557126598,90700325.25494167,0,False,2,0.9932207362090064,0,2.9670549582960623e-07,2.916085501623822e-10,16.097696600001655
2785,27339.058301228237,509.1398448544106,27848.198146082646,233.83352326485712,0.2132393915797451,90700325.25494167,0,False,2,0.993236038376772,0,2.959052035990395e-07,2.9099233996558766e-10,16.103006400000595
2786,27339.057277625732,509.1408603705666,27848.1981379963,233.8335188873731,0.21323938758779384,90700325.25494167,0,False,2,0.9932512715812086,0,2.9510470614441066e-07,2.903723413225948e-10,16.108423700003186
2787,27339.05625392322,509.1418760041019,27848.19812992732,233.83351450946128,0.21323938359545247,90700325.25494167,0,False,2,0.9932664362876443,0,2.943040137202755e-07,2.897486848694576e-10,16.11387900000409
2788,27339.055230131024,509.1428917447951,27848.19812187582,233.83351013116587,0.21323937960276126,90700325.25494167,0,False,2,0.9932815329572293,0,2.935031376624092e-07,2.891211093340584e-10,16.11912019999727
2789,27339.054206259454,509.1439075824352,27848.19811384189,233.83350575253093,0.21323937560976045,90700325.25494167,0,False,2,0.9932965620469821,0,2.927020884059646e-07,2.884901372606232e-10,16.12454720000096
2790,27339.053182318814,509.1449235068228,27848.198105825635,233.8335013736005,0.21323937161649018,90700325.25494167,0,False,2,0.9933115240098361,0,2.9190087671715724e-07,2.878553767409771e-10,16.13032160000148
2791,27339.0521583194,509.14593950776873,27848.198097827168,233.83349699441865,0.21323936762299062,90700325.25494167,0,False,2,0.9933264192946853,0,2.9109951357667034e-07,2.8721669713905957e-10,16.13554060000024
2792,27339.05113427148,509.1469555750952,27848.198089846577,233.83349261502931,0.21323936362930182,90700325.25494167,0,False,2,0.9933412483464289,0,2.902980094975951e-07,2.865747516351546e-10,16.1405620000005
2793,27339.050110185337,509.1479716986355,27848.198081883973,233.83348823547638,0.21323935963546387,90700325.25494167,0,False,2,0.9933560116060157,0,2.8949637494207197e-07,2.8592888704897214e-10,16.146383100000094
2794,27339.0490860712,509.14898786823437,27848.198073939435,233.83348385580368,0.21323935564151666,90700325.25494167,0,False,2,0.9933707095104878,0,2.886946216161162e-07,2.8528014846896935e-10,16.151871000001847
2795,27339.04806193933,509.1500040737477,27848.19806601308,233.83347947605506,0.21323935164750027,90700325.25494167,0,False,2,0.993385342493024,0,2.878927593136229e-07,2.846272295345683e-10,16.157167400000617
2796,27339.047037799955,509.15102030504323,27848.198058104997,233.83347509627424,0.21323934765345448,90700325.25494167,0,False,2,0.9933999109829825,0,2.870907997373675e-07,2.839710446981689e-10,16.162624000004143
2797,27339.046013663286,509.15203655200014,27848.198050215287,233.83347071650493,0.21323934365941918,90700325.25494167,0,False,2,0.9934144154059427,0,2.8628875316167194e-07,2.833113326876534e-10,16.16795049999928
2798,27339.04498953953,509.15305280450934,27848.198042344036,233.83346633679076,0.21323933966543418,90700325.25494167,0,False,2,0.9934288561837462,0,2.85486630773205e-07,2.8264848541119213e-10,16.174169700003404
2799,27339.043965438876,509.1540690524741,27848.19803449135,233.8334619571753,0.21323933567153922,90700325.25494167,0,False,2,0.9934432337345391,0,2.846844430171739e-07,2.8198184968849424e-10,16.179443799999717
2800,27339.042941371503,509.15508528580887,27848.198026657312,233.8334575777021,0.21323933167777392,90700325.25494167,0,False,2,0.9934575484728109,0,2.838822012494015e-07,2.813122093359034e-10,16.18469890000415
2801,27339.041917347586,509.1561014944409,27848.198018842028,233.83345319841465,0.21323932768417808,90700325.25494167,0,False,2,0.9934718008094354,0,2.8307991601780493e-07,2.8063878053707066e-10,16.190239499999734
2802,27339.04089337727,509.15711766830987,27848.19801104558,233.83344881935633,0.21323932369079118,90700325.25494167,0,False,2,0.9934859911517097,0,2.8227759822942086e-07,2.799623471083402e-10,16.195800800000143
2803,27339.03986947069,509.15813379736727,27848.198003268055,233.8334444405705,0.21323931969765275,90700325.25494167,0,False,2,0.9935001199033928,0,2.814752588467528e-07,2.792829090497101e-10,16.201047700000345
2804,27339.03884563798,509.15914987157737,27848.19799550956,233.83344006210052,0.21323931570480237,90700325.25494167,0,False,2,0.9935141874647448,0,2.8067290830037525e-07,2.785995519087729e-10,16.206352599998354
2805,27339.03782188925,509.1601658809173,27848.197987770167,233.8334356839896,0.2132393117122794,90700325.25494167,0,False,2,0.9935281942325633,0,2.798705579745021e-07,2.7791358204610507e-10,16.211717700003646
2806,27339.036798234592,509.16118181537666,27848.19798004997,233.8334313062809,0.21323930772012323,90700325.25494167,0,False,2,0.9935421406002222,0,2.7906821882655166e-07,2.772243462814153e-10,16.21695410000393
2807,27339.035774684104,509.1621976649585,27848.197972349062,233.83342692901758,0.21323930372837324,90700325.25494167,0,False,2,0.9935560269577076,0,2.7826590090098224e-07,2.7653158334258524e-10,16.222503400000278
2808,27339.03475124784,509.1632134196783,27848.197964667517,233.8334225522427,0.21323929973706865,90700325.25494167,0,False,2,0.9935698536916551,0,2.774636155745966e-07,2.7583633831807694e-10,16.227942099998472
2809,27339.033727935876,509.16422906956507,27848.19795700544,233.83341817599927,0.21323929574624872,90700325.25494167,0,False,2,0.9935836211853843,0,2.766613736682205e-07,2.7513730484730813e-10,16.232906899997033
2810,27339.032704758247,509.1652446046611,27848.197949362908,233.83341380033028,0.21323929175595263,90700325.25494167,0,False,2,0.9935973298189359,0,2.7585918587603694e-07,2.74435397382683e-10,16.238220200000796
2811,27339.03168172497,509.1662600150221,27848.197941739993,233.83340942527855,0.21323928776621945,90700325.25494167,0,False,2,0.9936109799691056,0,2.7505706300520943e-07,2.7373100783237434e-10,16.243747300002724
2812,27339.03065884608,509.1672752907172,27848.1979341368,233.83340505088694,0.21323928377708823,90700325.25494167,0,False,2,0.9936245720094791,0,2.7425501570344174e-07,2.7302282983579896e-10,16.248767999997654
2813,27339.029636131552,509.1682904218297,27848.19792655338,233.83340067719817,0.21323927978859797,90700325.25494167,0,False,2,0.9936381063104658,0,2.734530547816976e-07,2.723126922977695e-10,16.25431170000229
2814,27339.0286135914,509.16930539845583,27848.197918989856,233.83339630425505,0.21323927580078766,90700325.25494167,0,False,2,0.9936515832393333,0,2.7265119087835794e-07,2.7159837440529475e-10,16.259569900001225
2815,27339.027591235565,509.170320210707,27848.19791144627,233.83339193210008,0.21323927181369612,90700325.25494167,0,False,2,0.99366500316024,0,2.718494351001459e-07,2.708823582434794e-10,16.26473729999998
2816,27339.026569074016,509.1713348487078,27848.197903922723,233.83338756077592,0.21323926782736222,90700325.25494167,0,False,2,0.9936783664342679,0,2.710477977382201e-07,2.701628149075065e-10,16.270253200003935
2817,27339.025547116704,509.1723493025971,27848.1978964193,233.8333831903251,0.2132392638418247,90700325.25494167,0,False,2,0.9936916734194553,0,2.7024628962089025e-07,2.6944013630554876e-10,16.275534100001096
2818,27339.024525373527,509.173363562529,27848.197888936054,233.83337882078993,0.21323925985712222,90700325.25494167,0,False,2,0.9937049244708291,0,2.69444921251273e-07,2.6871562879818857e-10,16.280867699999362
2819,27339.023503854412,509.1743776186709,27848.197881473083,233.83337445221292,0.2132392558732935,90700325.25494167,0,False,2,0.9937181199404355,0,2.686437031724095e-07,2.679875941166657e-10,16.286824900002102
2820,27339.02248256925,509.1753914612057,27848.197874030455,233.83337008463633,0.21323925189037712,90700325.25494167,0,False,2,0.9937312601773719,0,2.6784264614994697e-07,2.6725707734944586e-10,16.292058699997142
2821,27339.02146152792,509.1764050803302,27848.197866608247,233.8333657181024,0.21323924790841156,90700325.25494167,0,False,2,0.9937443455278178,0,2.670417606497134e-07,2.6652381722441084e-10,16.297104199999012
2822,27339.020440740278,509.17741846625717,27848.197859206535,233.83336135265336,0.21323924392743532,90700325.25494167,0,False,2,0.993757376335065,0,2.662410572752098e-07,2.657878137415594e-10,16.302994199999375
2823,27339.019420216173,509.17843160921353,27848.197851825385,233.83335698833122,0.21323923994748675,90700325.25494167,0,False,2,0.9937703529395472,0,2.65440546465644e-07,2.65049458809066e-10,16.308864500002528
2824,27339.01839996544,509.17944449944144,27848.19784446488,233.8333526251781,0.21323923596860422,90700325.25494167,0,False,2,0.9937832756788707,0,2.646402384592691e-07,2.6430809924663663e-10,16.314239899998938
2825,27339.017379997884,509.1804571271985,27848.19783712508,233.8333482632359,0.213239231990826,90700325.25494167,0,False,2,0.9937961448878428,0,2.638401435672133e-07,2.635646495066804e-10,16.320019600003434
2826,27339.01636032332,509.1814694827577,27848.19782980608,233.83334390254663,0.21323922801419035,90700325.25494167,0,False,2,0.9938089608985013,0,2.6304027265771916e-07,2.6281780322860975e-10,16.325189900002442
2827,27339.015340951508,509.1824815564069,27848.197822507915,233.833339543152,0.2132392240387353,90700325.25494167,0,False,2,0.9938217240401428,0,2.622406358556092e-07,2.6206951995330373e-10,16.330375899997307
2828,27339.014321892228,509.18349333845055,27848.197815230676,233.83333518509386,0.21323922006449902,90700325.25494167,0,False,2,0.9938344346393507,0,2.614412431799038e-07,2.613181014119986e-10,16.33573510000133
2829,27339.01330315522,509.1845048192079,27848.19780797443,233.83333082841386,0.21323921609151955,90700325.25494167,0,False,2,0.9938470930200242,0,2.606421051544926e-07,2.6056433142104556e-10,16.341124200000195
2830,27339.012284750224,509.1855159890147,27848.19780073924,233.83332647315362,0.21323921211983476,90700325.25494167,0,False,2,0.993859699503404,0,2.5984323188487303e-07,2.5980820998044384e-10,16.3465389999983
2831,27339.01126668695,509.1865268382221,27848.19779352517,233.8333221193547,0.21323920814948263,90700325.25494167,0,False,2,0.9938722544081016,0,2.590446334962771e-07,2.5904973709019267e-10,16.35231229999772
2832,27339.010248975093,509.18753735719775,27848.19778633229,233.83331776705856,0.21323920418050088,90700325.25494167,0,False,2,0.9938847580501241,0,2.58246320119499e-07,2.5828891275029137e-10,16.357432299999346
2833,27339.00923162434,509.1885475363251,27848.197779160662,233.83331341630662,0.21323920021292736,90700325.25494167,0,False,2,0.9938972107429027,0,2.5744830174200044e-07,2.575257369607392e-10,16.362569099997927
2834,27339.008214644353,509.189557366004,27848.197772010357,233.8333090671402,0.2132391962467997,90700325.25494167,0,False,2,0.9939096127973173,0,2.5665058858504367e-07,2.567600790854766e-10,16.367953000000853
2835,27339.007198044776,509.1905668366509,27848.197764881428,233.83330471960053,0.21323919228215554,90700325.25494167,0,False,2,0.9939219645217233,0,2.558531906177612e-07,2.5599246166873867e-10,16.373278500002925
2836,27339.00618183524,509.1915759386986,27848.197757773938,233.8333003737288,0.21323918831903244,90700325.25494167,0,False,2,0.9939342662219772,0,2.550561175124536e-07,2.552226234384071e-10,16.378669400000945
2837,27339.005166025356,509.19258466259583,27848.197750687952,233.83329602956613,0.21323918435746783,90700325.25494167,0,False,2,0.9939465182014613,0,2.5425937912309456e-07,2.544504337584224e-10,16.384072400003788
2838,27339.004150624714,509.1935929988092,27848.197743623525,233.83329168715355,0.2132391803974992,90700325.25494167,0,False,2,0.9939587207611089,0,2.5346298542651033e-07,2.5367628453696114e-10,16.389403300003323
2839,27339.003135642903,509.19460093782135,27848.197736580725,233.83328734653202,0.21323917643916387,90700325.25494167,0,False,2,0.9939708741994294,0,2.526669460765485e-07,2.528996532297867e-10,16.394848099997034
2840,27339.00212108947,509.1956084701317,27848.1977295596,233.83328300774238,0.21323917248249913,90700325.25494167,0,False,2,0.9939829788125322,0,2.5187127081162273e-07,2.521213236532533e-10,16.40006820000417
2841,27339.001106973956,509.19661558625705,27848.197722560213,233.83327867082545,0.21323916852754213,90700325.25494167,0,False,2,0.9939950348941511,0,2.5107596941975055e-07,2.513407732631243e-10,16.405317900003865
2842,27339.00009330589,509.19762227673095,27848.19771558262,233.83327433582198,0.2132391645743301,90700325.25494167,0,False,2,0.9940070427356672,0,2.5028105099316613e-07,2.5055813269545845e-10,16.411017400001583
2843,27338.99908009477,509.19862853210435,27848.197708626874,233.83327000277257,0.2132391606229,90700325.25494167,0,False,2,0.9940190026261339,0,2.4948652569072004e-07,2.497736632223741e-10,16.416257199998654
2844,27338.99806735009,509.19963434294516,27848.197701693036,233.83326567171784,0.2132391566732889,90700325.25494167,0,False,2,0.994030914852299,0,2.4869240242337017e-07,2.4898697293569324e-10,16.421689100003277
2845,27338.997055081316,509.2006396998389,27848.197694781156,233.83326134269828,0.21323915272553376,90700325.25494167,0,False,2,0.9940427796986278,0,2.4789869122497757e-07,2.481984537435936e-10,16.427650199999334
2846,27338.996043297895,509.2016445933884,27848.197687891283,233.83325701575427,0.21323914877967134,90700325.25494167,0,False,2,0.9940545974473258,0,2.471054005312352e-07,2.474082362821345e-10,16.432929800001148
2847,27338.99503200926,509.20264901421376,27848.197681023474,233.83325269092614,0.21323914483573847,90700325.25494167,0,False,2,0.9940663683783618,0,2.4631254064836543e-07,2.466159286431381e-10,16.439002099999925
2848,27338.994021224826,509.2036529529528,27848.19767417778,233.8332483682542,0.21323914089377188,90700325.25494167,0,False,2,0.9940780927694888,0,2.455201203113981e-07,2.458217920987229e-10,16.444778099998075
2849,27338.993010953986,509.204656400261,27848.197667354245,233.83324404777858,0.2132391369538082,90700325.25494167,0,False,2,0.994089770896267,0,2.447281484114921e-07,2.450260879210079e-10,16.45043219999934
2850,27338.992001206116,509.2056593468118,27848.197660552927,233.83323972953937,0.21323913301588396,90700325.25494167,0,False,2,0.9941014030320847,0,2.439366344417503e-07,2.4422829356575567e-10,16.455890800003544
2851,27338.990991990573,509.20666178329617,27848.19765377387,233.83323541357663,0.21323912908003567,90700325.25494167,0,False,2,0.9941129894481797,0,2.431455874116444e-07,2.43428931577204e-10,16.461518000003707
2852,27338.9899833167,509.20766370042276,27848.19764701712,233.8332310999303,0.21323912514629978,90700325.25494167,0,False,2,0.9941245304136608,0,2.423550158116465e-07,2.426278713192937e-10,16.466851900004258
2853,27338.98897519381,509.2086650889185,27848.197640282728,233.83322678864016,0.2132391212147126,90700325.25494167,0,False,2,0.9941360261955283,0,2.415649292385672e-07,2.418251127920252e-10,16.473966099998506
2854,27338.98796763121,509.20966593952824,27848.197633570737,233.83322247974607,0.21323911728531042,90700325.25494167,0,False,2,0.9941474770586953,0,2.407753361527539e-07,2.410206559953986e-10,16.48051829999895
2855,27338.986960638176,509.21066624301466,27848.197626881192,233.83321817328766,0.21323911335812942,90700325.25494167,0,False,2,0.9941588832660063,0,2.399862451582694e-07,2.40214631565474e-10,16.48648050000338
2856,27338.98595422398,509.2116659901588,27848.197620214138,233.83321386930461,0.21323910943320576,90700325.25494167,0,False,2,0.9941702450782601,0,2.391976654938296e-07,2.394070395022517e-10,16.492890399997123
2857,27338.98494839786,509.21266517175974,27848.19761356962,233.83320956783646,0.2132391055105755,90700325.25494167,0,False,2,0.9941815627542269,0,2.3840960537486277e-07,2.385977491696725e-10,16.498295500001404
2858,27338.98394316904,509.21366377863495,27848.197606947677,233.83320526892257,0.21323910159027457,90700325.25494167,0,False,2,0.9941928365506698,0,2.3762207333508375e-07,2.37787152475916e-10,16.504361999999674
2859,27338.98293854673,509.21466180162025,27848.19760034835,233.83320097260238,0.2132390976723389,90700325.25494167,0,False,2,0.9942040667223634,0,2.3683507791036285e-07,2.3697498814886337e-10,16.51137359999848
2860,27338.981934540112,509.2156592315695,27848.19759377168,233.83319667891516,0.2132390937568043,90700325.25494167,0,False,2,0.9942152535221137,0,2.3604862775462808e-07,2.3616138682457484e-10,16.518299100003787
2861,27338.980931158356,509.2166560593552,27848.19758721771,233.8331923879001,0.21323908984370654,90700325.25494167,0,False,2,0.9942263972007759,0,2.3526273114385352e-07,2.353463485030511e-10,16.52551880000101
2862,27338.97992841061,509.2176522758684,27848.197580686476,233.83318809959636,0.21323908593308127,90700325.25494167,0,False,2,0.9942374980072748,0,2.34477396144687e-07,2.3452987318429273e-10,16.5310651999971
2863,27338.978926306,509.21864787201827,27848.19757417802,233.83318381404297,0.21323908202496414,90700325.25494167,0,False,2,0.9942485561886216,0,2.3369263149742003e-07,2.3371196086830034e-10,16.537843600002816
2864,27338.97792485364,509.21964283873314,27848.197567692372,233.83317953127883,0.2132390781193906,90700325.25494167,0,False,2,0.9942595719899339,0,2.3290844489558332e-07,2.3289287282719453e-10,16.54376780000166
2865,27338.976924062616,509.22063716695953,27848.197561229576,233.83317525134288,0.21323907421639618,90700325.25494167,0,False,2,0.9942705456544525,0,2.321248443512962e-07,2.320723477888563e-10,16.54923140000028
2866,27338.975923941995,509.22163084766294,27848.197554789658,233.83317097427386,0.2132390703160162,90700325.25494167,0,False,2,0.9942814774235601,0,2.3134183786464551e-07,2.3125077766146623e-10,16.5553934999989
2867,27338.97492450084,509.22262387182684,27848.197548372667,233.83316670011052,0.21323906641828597,90700325.25494167,0,False,2,0.9942923675367986,0,2.3055943392989416e-07,2.304275092647253e-10,16.560951400002523
2868,27338.97392574816,509.2236162304542,27848.197541978614,233.83316242889143,0.21323906252324068,90700325.25494167,0,False,2,0.9943032162318873,0,2.2977763993959914e-07,2.2960384895923445e-10,16.566533700002765
2869,27338.97292769299,509.22460791456683,27848.197535607556,233.8331581606552,0.21323905863091555,90700325.25494167,0,False,2,0.994314023744739,0,2.2899646368961217e-07,2.2877809847621438e-10,16.57258610000281
2870,27338.971930344305,509.22559891520467,27848.19752925951,233.83315389544018,0.21323905474134558,90700325.25494167,0,False,2,0.9943247903094784,0,2.2821591299267379e-07,2.2795182544838645e-10,16.578175599999668
2871,27338.97093371109,509.2265892234272,27848.19752293452,233.83314963328485,0.2132390508545658,90700325.25494167,0,False,2,0.994335516158458,0,2.27435995861003e-07,2.2712385415121102e-10,16.58442020000075
2872,27338.969937802285,509.22757883031227,27848.197516632597,233.8331453742274,0.21323904697061108,90700325.25494167,0,False,2,0.9943462015222756,0,2.266567192327404e-07,2.2629549094529027e-10,16.59000599999854
2873,27338.968942626834,509.2285677269576,27848.19751035379,233.83314111830612,0.2132390430895163,90700325.25494167,0,False,2,0.9943568466297904,0,2.258780910349097e-07,2.2546542947002394e-10,16.59531650000281
2874,27338.96794819364,509.2295559044787,27848.19750409812,233.83313686555908,0.2132390392113162,90700325.25494167,0,False,2,0.9943674517081394,0,2.2510011880410246e-07,2.2463471481389436e-10,16.600493899997673
2875,27338.966954511598,509.2305433540111,27848.197497865607,233.83313261602427,0.21323903533604543,90700325.25494167,0,False,2,0.9943780169827539,0,2.2432280961628954e-07,2.2380308570478247e-10,16.606317199999467
2876,27338.96596158958,509.231530066709,27848.19749165629,233.83312836973968,0.21323903146373863,90700325.25494167,0,False,2,0.9943885426773751,0,2.2354617062367593e-07,2.229701502345087e-10,16.611911300002248
2877,27338.96496943644,509.2325160337459,27848.197485470188,233.83312412674317,0.21323902759443034,90700325.25494167,0,False,2,0.99439902901407,0,2.2277020985407276e-07,2.2213656158337553e-10,16.61738680000417
2878,27338.963978061016,509.2335012463141,27848.19747930733,233.8331198870725,0.21323902372815495,90700325.25494167,0,False,2,0.994409476213247,0,2.2199493376999376e-07,2.213017972071431e-10,16.62275840000075
2879,27338.962987472114,509.23448569562566,27848.19747316774,233.8331156507654,0.2132390198649469,90700325.25494167,0,False,2,0.9944198844936719,0,2.2122034970030147e-07,2.204663796500539e-10,16.62853239999822
2880,27338.96199767853,509.2354693729114,27848.19746705144,233.8331114178594,0.21323901600484044,90700325.25494167,0,False,2,0.9944302540724818,0,2.204464645662657e-07,2.1963004763998869e-10,16.63472819999879
2881,27338.961008689035,509.2364522694215,27848.197460958458,233.8331071883921,0.21323901214786978,90700325.25494167,0,False,2,0.9944405851652022,0,2.196732854559162e-07,2.187926705408883e-10,16.640315700002247
2882,27338.96002051238,509.2374343764257,27848.197454888803,233.83310296240086,0.21323900829406905,90700325.25494167,0,False,2,0.9944508779857604,0,2.1890081945275506e-07,2.1795503216911665e-10,16.645488699999987
2883,27338.959033157298,509.23841568521306,27848.19744884251,233.83309873992303,0.2132390044434723,90700325.25494167,0,False,2,0.9944611327465004,0,2.1812907302204563e-07,2.1711608743619177e-10,16.650678099998913
2884,27338.95804663251,509.2393961870916,27848.1974428196,233.83309452099593,0.2132390005961136,90700325.25494167,0,False,2,0.9944713496581985,0,2.173580533090477e-07,2.1627648952241717e-10,16.655986899997515
2885,27338.95706094669,509.2403758733894,27848.19743682008,233.83309030565667,0.2132389967520267,90700325.25494167,0,False,2,0.9944815289300767,0,2.16587766667975e-07,2.1543663033597602e-10,16.66144720000011
2886,27338.95607610853,509.2413547354535,27848.197430843982,233.83308609394237,0.2132389929112455,90700325.25494167,0,False,2,0.9944916707698178,0,2.1581821957355598e-07,2.1459546478838567e-10,16.66675530000066
2887,27338.955092126664,509.2423327646509,27848.197424891314,233.83308188588998,0.21323898907380373,90700325.25494167,0,False,2,0.994501775383579,0,2.1504941905329936e-07,2.137541686041925e-10,16.672240100000636
2888,27338.954109009734,509.2433099523676,27848.1974189621,233.83307768153648,0.21323898523973508,90700325.25494167,0,False,2,0.9945118429760057,0,2.142813716617914e-07,2.1291195796703476e-10,16.67773180000222
2889,27338.953126766348,509.2442862900099,27848.197413056358,233.83307348091864,0.21323898140907308,90700325.25494167,0,False,2,0.9945218737502465,0,2.1351408347035062e-07,2.1206909414903507e-10,16.683010200002172
2890,27338.952145405092,509.24526176900326,27848.197407174095,233.83306928407322,0.21323897758185126,90700325.25494167,0,False,2,0.9945318679079651,0,2.1274756090543792e-07,2.1122596905837708e-10,16.68850370000291
2891,27338.95116493454,509.2462363807931,27848.197401315334,233.83306509103687,0.21323897375810302,90700325.25494167,0,False,2,0.9945418256493554,0,2.119818104386737e-07,2.1038206015081987e-10,16.694187000000966
2892,27338.95018536324,509.2472101168442,27848.197395480085,233.83306090184612,0.2132389699378617,90700325.25494167,0,False,2,0.9945517471731544,0,2.1121683822597322e-07,2.095377593345471e-10,16.699547399999574
2893,27338.94920669972,509.2481829686413,27848.19738966836,233.8330567165375,0.2132389661211606,90700325.25494167,0,False,2,0.9945616326766545,0,2.1045265055220038e-07,2.0869306660956062e-10,16.705126499997277
2894,27338.94822895249,509.24915492768935,27848.19738388018,233.83305253514735,0.21323896230803288,90700325.25494167,0,False,2,0.9945714823557184,0,2.096892535567696e-07,2.0784759006767982e-10,16.71062179999717
2895,27338.947252130034,509.2501259855127,27848.197378115547,233.833048357712,0.21323895849851165,90700325.25494167,0,False,2,0.9945812964047901,0,2.089266530928138e-07,2.070019828892103e-10,16.715933600004064
2896,27338.946276240822,509.25109613365566,27848.197372374478,233.8330441842676,0.21323895469262988,90700325.25494167,0,False,2,0.9945910750169095,0,2.08164855301285e-07,2.0615585316597156e-10,16.72190430000046
2897,27338.945301293297,509.25206536368285,27848.19736665698,233.83304001485033,0.21323895089042055,90700325.25494167,0,False,2,0.9946008183837234,0,2.0740386644645874e-07,2.0530946217008705e-10,16.727645500002836
2898,27338.94432729588,509.25303366717856,27848.19736096306,233.83303584949618,0.21323894709191651,90700325.25494167,0,False,2,0.9946105266954994,0,2.0664369185641164e-07,2.0446280990155873e-10,16.732611699997506
2899,27338.94335425699,509.25400103574714,27848.197355292737,233.83303168824114,0.21323894329715054,90700325.25494167,0,False,2,0.9946202001411376,0,2.0588433750047264e-07,2.0361537381614478e-10,16.73779939999804
2900,27338.942382185003,509.2549674610133,27848.197349646016,233.83302753112102,0.21323893950615536,90700325.25494167,0,False,2,0.9946298389081831,0,2.0512580925625036e-07,2.0276793773021248e-10,16.743226700004016
2901,27338.94141108827,509.25593293462197,27848.197344022894,233.8330233781716,0.21323893571896352,90700325.25494167,0,False,2,0.9946394431828375,0,2.0436811312112598e-07,2.0192050164376397e-10,16.748610000002373
2902,27338.94044097515,509.256897448238,27848.19733842339,233.83301922942854,0.2132389319356076,90700325.25494167,0,False,2,0.9946490131499722,0,2.0361125442473597e-07,2.0107241237649638e-10,16.75408199999947
2903,27338.939471853955,509.2578609935468,27848.197332847503,233.83301508492747,0.21323892815612006,90700325.25494167,0,False,2,0.9946585489931392,0,2.0285523907865714e-07,2.0022432310871648e-10,16.759391100000357
2904,27338.938503732985,509.25882356225395,27848.19732729524,233.8330109447038,0.2132389243805332,90700325.25494167,0,False,2,0.994668050894583,0,2.0210007236258462e-07,1.9937610320436538e-10,16.764698200000566
2905,27338.937536620524,509.25978514608573,27848.19732176661,233.83300680879304,0.21323892060887942,90700325.25494167,0,False,2,0.9946775190352524,0,2.0134575994390607e-07,1.985273607552619e-10,16.77023460000055
2906,27338.936570524816,509.26074573678864,27848.197316261605,233.83300267723038,0.21323891684119078,90700325.25494167,0,False,2,0.994686953594812,0,2.005923072315952e-07,1.9767901021383551e-10,16.775617899998906
2907,27338.93560545411,509.2617053261296,27848.19731078024,233.83299855005114,0.2132389130774995,90700325.25494167,0,False,2,0.9946963547516539,0,1.998397195073394e-07,1.9683013712766078e-10,16.780936800001655
2908,27338.934641416614,509.2626639058964,27848.197305322512,233.8329944272904,0.2132389093178376,90700325.25494167,0,False,2,0.994705722682908,0,1.9908800223039854e-07,1.959813946770452e-10,16.786359400000947
2909,27338.933678420522,509.26362146789745,27848.19729988842,233.83299030898323,0.213238905562237,90700325.25494167,0,False,2,0.9947150575644544,0,1.983371611691027e-07,1.9513265222592992e-10,16.791657800000394
2910,27338.93271647401,509.26457800396156,27848.19729447797,233.83298619516455,0.21323890181072963,90700325.25494167,0,False,2,0.9947243595709333,0,1.975872010674057e-07,1.9428364850219465e-10,16.79709020000155
2911,27338.93175558522,509.26553350593883,27848.19728909116,233.83298208586925,0.21323889806334723,90700325.25494167,0,False,2,0.9947336288757563,0,1.9683812722135643e-07,1.9343477541402504e-10,16.802570300002117
2912,27338.93079576229,509.26648796570004,27848.19728372799,233.83297798113205,0.21323889432012147,90700325.25494167,0,False,2,0.9947428656511177,0,1.9608994474031652e-07,1.925859023253621e-10,16.808132099999057
2913,27338.929837013322,509.26744137513657,27848.19727838846,233.83297388098762,0.21323889058108403,90700325.25494167,0,False,2,0.994752070068004,0,1.9534265942078377e-07,1.91737029236208e-10,16.813904800001183
2914,27338.9288793464,509.26839372616115,27848.19727307256,233.8329697854706,0.21323888684626643,90700325.25494167,0,False,2,0.994761242296206,0,1.9459627552534674e-07,1.9088841741868753e-10,16.819460799997614
2915,27338.927922769588,509.26934501070747,27848.197267780295,233.83296569461538,0.21323888311570005,90700325.25494167,0,False,2,0.9947703825043277,0,1.9385079835698022e-07,1.9003980560068034e-10,16.824610299998312
2916,27338.926967290932,509.2702952207303,27848.19726251166,233.83296160845643,0.21323887938941635,90700325.25494167,0,False,2,0.994779490859798,0,1.9310623337293146e-07,1.8919119378218866e-10,16.829921399999876
2917,27338.92601291845,509.2712443482057,27848.197257266656,233.83295752702804,0.21323887566744656,90700325.25494167,0,False,2,0.9947885675288797,0,1.9236258512708071e-07,1.8834271259927597e-10,16.835230900003808
2918,27338.92505966014,509.2721923851311,27848.197252045273,233.83295345036439,0.21323887194982188,90700325.25494167,0,False,2,0.9947976126766807,0,1.9161985859405801e-07,1.8749449268800597e-10,16.840669800003525
2919,27338.924107523973,509.27313932352496,27848.1972468475,233.8329493784996,0.21323886823657343,90700325.25494167,0,False,2,0.9948066264671631,0,1.9087805885990107e-07,1.8664666468444246e-10,16.846135500003584
2920,27338.923156517914,509.2740851554275,27848.19724167334,233.83294531146765,0.21323886452773216,90700325.25494167,0,False,2,0.9948156090631542,0,1.9013719081394957e-07,1.8579870604434203e-10,16.851463400002103
2921,27338.922206649884,509.2750298729003,27848.197236522785,233.83294124930254,0.21323886082332913,90700325.25494167,0,False,2,0.9948245606263549,0,1.8939725916651106e-07,1.849511393119527e-10,16.85682330000418
2922,27338.921257927796,509.27597346802645,27848.19723139582,233.832937192038,0.21323885712339505,90700325.25494167,0,False,2,0.9948334813173508,0,1.8865826877586298e-07,1.8410396448727688e-10,16.862225099997886
2923,27338.920310359536,509.2769159329112,27848.197226292446,233.83293313970782,0.21323885342796076,90700325.25494167,0,False,2,0.9948423712956209,0,1.8792022455121193e-07,1.8325692029819399e-10,16.86743430000206
2924,27338.919363952977,509.27785725968096,27848.197221212657,233.83292909234567,0.21323884973705692,90700325.25494167,0,False,2,0.9948512307195476,0,1.871831310096751e-07,1.8241000674470624e-10,16.87281510000321
2925,27338.91841871594,509.278797440484,27848.197216156426,233.83292504998496,0.21323884605071408,90700325.25494167,0,False,2,0.9948600597464253,0,1.8644699304111819e-07,1.8156400764318538e-10,16.8786179000017
2926,27338.91747465627,509.2797364674909,27848.197211123763,233.83292101265926,0.2132388423689628,90700325.25494167,0,False,2,0.9948688585324715,0,1.8571181536856792e-07,1.807177472690798e-10,16.883757700001297
2927,27338.916531781753,509.28067433289397,27848.197206114648,233.83291698040185,0.2132388386918334,90700325.25494167,0,False,2,0.9948776272328337,0,1.8497760253839803e-07,1.7987214007482284e-10,16.88898550000158
2928,27338.915590100158,509.28161102890755,27848.197201129064,233.832912953246,0.21323883501935628,90700325.25494167,0,False,2,0.9948863660016005,0,1.8424435930269635e-07,1.790271860604171e-10,16.89432630000374
2929,27338.914649619248,509.2825465477682,27848.197196167017,233.83290893122486,0.21323883135156166,90700325.25494167,0,False,2,0.9948950749918092,0,1.8351209040577737e-07,1.781819707734335e-10,16.899584999999206
2930,27338.91371034674,509.28348088173476,27848.197191228475,233.83290491437145,0.21323882768847963,90700325.25494167,0,False,2,0.994903754355456,0,1.8278080011747944e-07,1.7733793121055265e-10,16.905070900000283
2931,27338.91277229035,509.28441402308835,27848.19718631344,233.8329009027188,0.21323882403014033,90700325.25494167,0,False,2,0.9949124042435034,0,1.8205049317406538e-07,1.7649389164722207e-10,16.910539399999834
2932,27338.911835457755,509.28534596413243,27848.19718142189,233.83289689629967,0.2132388203765736,90700325.25494167,0,False,2,0.994921024805891,0,1.8132117425462664e-07,1.7565050526375257e-10,16.915866900002584
2933,27338.91089985661,509.2862766971931,27848.197176553804,233.83289289514687,0.2132388167278094,90700325.25494167,0,False,2,0.9949296161915413,0,1.805928479195637e-07,1.7480790269620856e-10,16.921333799997228
2934,27338.90996549456,509.28720621461895,27848.19717170918,233.83288889929304,0.2132388130838775,90700325.25494167,0,False,2,0.9949381785483716,0,1.7986551865109337e-07,1.7396543076428372e-10,16.926583799999207
2935,27338.90903237921,509.288134508781,27848.197166887992,233.83288490877075,0.21323880944480755,90700325.25494167,0,False,2,0.9949467120232998,0,1.791391910364448e-07,1.731238732843512e-10,16.931879100004153
2936,27338.908100518165,509.2890615720735,27848.19716209024,233.83288092361246,0.2132388058106292,90700325.25494167,0,False,2,0.994955216762254,0,1.7841386922411205e-07,1.7228231580398088e-10,16.93755680000322
2937,27338.907169918974,509.28998739691315,27848.197157315888,233.83287694385052,0.21323880218137192,90700325.25494167,0,False,2,0.9949636929101806,0,1.7768955817816865e-07,1.7144206468379346e-10,16.942845300000045
2938,27338.90624058919,509.2909119757395,27848.197152564928,233.8328729695172,0.21323879855706518,90700325.25494167,0,False,2,0.9949721406110532,0,1.7696626176912687e-07,1.7060207483529697e-10,16.94788040000276
2939,27338.905312536328,509.2918353010154,27848.19714783734,233.83286900064468,0.21323879493773826,90700325.25494167,0,False,2,0.9949805600078796,0,1.7624398545739247e-07,1.6976273816667933e-10,16.953079799997795
2940,27338.904385767884,509.2927573652266,27848.19714313311,233.83286503726495,0.21323879132342038,90700325.25494167,0,False,2,0.9949889512427104,0,1.755227327425679e-07,1.6892405467794317e-10,16.958094900001015
2941,27338.90346029133,509.2936781608821,27848.19713845221,233.83286107941,0.21323878771414073,90700325.25494167,0,False,2,0.9949973144566472,0,1.7480250875340105e-07,1.680862856412149e-10,16.96355400000175
2942,27338.902536114118,509.294597680514,27848.19713379463,233.8328571271117,0.21323878410992833,90700325.25494167,0,False,2,0.9950056497898503,0,1.740833174832402e-07,1.6724890851224939e-10,16.968883800000185
2943,27338.901613243666,509.29551591667786,27848.197129160344,233.83285318040177,0.2132387805108121,90700325.25494167,0,False,2,0.9950139573815467,0,1.7336516355988878e-07,1.6641244583529694e-10,16.97419020000234
2944,27338.900691687377,509.2964328619528,27848.19712454933,233.83284923931188,0.21323877691682097,90700325.25494167,0,False,2,0.9950222373700379,0,1.7264805131852054e-07,1.655767669742983e-10,16.9793942000033
2945,27338.899771452627,509.2973485089408,27848.19711996157,233.83284530387354,0.21323877332798363,90700325.25494167,0,False,2,0.995030489892707,0,1.7193198543340376e-07,1.64741741293194e-10,16.98516770000424
2946,27338.898852546765,509.29826285026815,27848.197115397033,233.8328413741182,0.2132387697443288,90700325.25494167,0,False,2,0.9950387150860271,0,1.712169702275399e-07,1.6390776070017277e-10,16.990412799998012
2947,27338.897934977125,509.29917587858444,27848.197110855708,233.83283745007725,0.21323876616588505,90700325.25494167,0,False,2,0.995046913085568,0,1.705030102868015e-07,1.6307430265098905e-10,16.995509400003357
2948,27338.897018751006,509.30008758656305,27848.197106337568,233.83283353178186,0.21323876259268087,90700325.25494167,0,False,2,0.9950550840260046,0,1.697901096031268e-07,1.6224175905383158e-10,17.000892900003237
2949,27338.896103875686,509.30099796690126,27848.197101842587,233.8328296192632,0.21323875902474465,90700325.25494167,0,False,2,0.9950632280411236,0,1.6907827302733154e-07,1.6141012990870304e-10,17.006230500002857
2950,27338.89519035842,509.3019070123204,27848.19709737074,233.83282571255225,0.21323875546210463,90700325.25494167,0,False,2,0.9950713452638311,0,1.6836750496931538e-07,1.6057941521560608e-10,17.011442100003478
2951,27338.89427820644,509.3028147155653,27848.197092922004,233.83282181168,0.21323875190478908,90700325.25494167,0,False,2,0.9950794358261598,0,1.676578098339635e-07,1.5974948433848122e-10,17.016701799999282
2952,27338.893367426954,509.30372106940536,27848.19708849636,233.8328179166772,0.21323874835282608,90700325.25494167,0,False,2,0.9950874998592755,0,1.6694919219317542e-07,1.58920337277331e-10,17.0218365000037
2953,27338.892458027134,509.304626066634,27848.19708409377,233.83281402757456,0.21323874480624358,90700325.25494167,0,False,2,0.9950955374934856,0,1.662416562100196e-07,1.5809249657640684e-10,17.026907200001006
2954,27338.891550014145,509.3055297000688,27848.197079714213,233.8328101444027,0.21323874126506956,90700325.25494167,0,False,2,0.9951035488582447,0,1.6553520688861206e-07,1.572653090554005e-10,17.032114399997226
2955,27338.890643395112,509.30643196255164,27848.197075357664,233.83280626719215,0.21323873772933177,90700325.25494167,0,False,2,0.9951115340821629,0,1.6482984821050352e-07,1.5643916662250113e-10,17.037266100000124
2956,27338.889738177146,509.30733284694855,27848.197071024093,233.8328023959733,0.213238734199058,90700325.25494167,0,False,2,0.9951194932930115,0,1.641255848327496e-07,1.5561406927771148e-10,17.042452499998035
2957,27338.888834367317,509.3082323461507,27848.197066713466,233.83279853077633,0.21323873067427576,90700325.25494167,0,False,2,0.9951274266177301,0,1.6342242145361257e-07,1.5479014765709651e-10,17.04806380000082
2958,27338.8879319727,509.30913045307307,27848.19706242577,233.83279467163155,0.2132387271550127,90700325.25494167,0,False,2,0.9951353341824339,0,1.627203627578753e-07,1.539667485803475e-10,17.053066500004206
2959,27338.887031000308,509.3100271606558,27848.197058160964,233.83279081856892,0.2132387236412961,90700325.25494167,0,False,2,0.9951432161124202,0,1.6201941284586452e-07,1.5314478649990307e-10,17.05797999999777
2960,27338.886131457155,509.31092246186347,27848.19705391902,233.83278697161848,0.21323872013315337,90700325.25494167,0,False,2,0.9951510725321739,0,1.6131957660174543e-07,1.5232386950757907e-10,17.063587900003768
2961,27338.885233350222,509.3118163496853,27848.197049699906,233.83278313081004,0.21323871663061172,90700325.25494167,0,False,2,0.9951589035653763,0,1.6062085856951116e-07,1.5150399760337818e-10,17.068558899998607
2962,27338.88433668646,509.3127088171359,27848.197045503595,233.83277929617336,0.21323871313369827,90700325.25494167,0,False,2,0.9951667093349094,0,1.5992326306797301e-07,1.5068517078730305e-10,17.073680300003616
2963,27338.883441472804,509.31359985725385,27848.19704133006,233.8327754677381,0.21323870964244007,90700325.25494167,0,False,2,0.9951744899628637,0,1.5922679527426246e-07,1.4986738905935634e-10,17.078750100001344
2964,27338.88254771615,509.31448946310394,27848.197037179256,233.83277164553368,0.21323870615686397,90700325.25494167,0,False,2,0.9951822455705438,0,1.5853145969469905e-07,1.4905104432772795e-10,17.083916800002044
2965,27338.881655423385,509.31537762777486,27848.19703305116,233.83276782958964,0.21323870267699685,90700325.25494167,0,False,2,0.9951899762784754,0,1.578372608247926e-07,1.4823561404817098e-10,17.088878100003058
2966,27338.880764601363,509.3162643443812,27848.197028945746,233.83276401993524,0.21323869920286545,90700325.25494167,0,False,2,0.9951976822064108,0,1.5714420357037604e-07,1.474212288567504e-10,17.09469550000358
2967,27338.8798752569,509.31714960606246,27848.197024862962,233.83276021659967,0.21323869573449636,90700325.25494167,0,False,2,0.9952053634733358,0,1.5645229253538632e-07,1.4660854193378127e-10,17.099994299998798
2968,27338.878987396805,509.3180334059836,27848.19702080279,233.83275641961202,0.21323869227191614,90700325.25494167,0,False,2,0.995213020197475,0,1.5576153250169162e-07,1.4579663882682905e-10,17.105450900002324
2969,27338.878101027854,509.31891573733475,27848.19701676519,233.83275262900128,0.21323868881515118,90700325.25494167,0,False,2,0.9952206524962992,0,1.5507192844047953e-07,1.4498604208014624e-10,17.1111213999975
2970,27338.877216156798,509.3197965933314,27848.19701275013,233.83274884479633,0.21323868536422785,90700325.25494167,0,False,2,0.9952282604865293,0,1.5438348487958497e-07,1.4417662105767307e-10,17.11641999999847
2971,27338.876332790358,509.3206759672148,27848.197008757572,233.83274506702588,0.2132386819191723,90700325.25494167,0,False,2,0.995235844284145,0,1.5369620690443172e-07,1.4336863703153727e-10,17.121792999998434
2972,27338.87545093523,509.3215538522517,27848.197004787482,233.8327412957186,0.2132386784800107,90700325.25494167,0,False,2,0.9952434040043884,0,1.5301009961272657e-07,1.4256182872961649e-10,17.127622200001497
2973,27338.874570598087,509.32243024173437,27848.19700083982,233.83273753090302,0.2132386750467691,90700325.25494167,0,False,2,0.9952509397617704,0,1.5232516727707515e-07,1.4175645742403855e-10,17.132978699999512
2974,27338.873691785575,509.3233051289808,27848.196996914558,233.83273377260753,0.21323867161947335,90700325.25494167,0,False,2,0.9952584516700772,0,1.5164141532760635e-07,1.409521312066184e-10,17.138678100003744
2975,27338.872814504313,509.32417850733475,27848.196993011647,233.83273002086048,0.2132386681981493,90700325.25494167,0,False,2,0.9952659398423759,0,1.5095884888080468e-07,1.401495032576717e-10,17.144197499997972
2976,27338.871938760898,509.3250503701658,27848.196989131065,233.83272627569008,0.21323866478282266,90700325.25494167,0,False,2,0.9952734043910191,0,1.5027747271967086e-07,1.393476591247628e-10,17.149625999998534
2977,27338.871064561892,509.32592071086947,27848.196985272763,233.83272253712437,0.21323866137351905,90700325.25494167,0,False,2,0.9952808454276518,0,1.49597292063315e-07,1.3854764389639538e-10,17.15521019999869
2978,27338.870191913833,509.32678952286733,27848.1969814367,233.8327188051913,0.21323865797026392,90700325.25494167,0,False,2,0.9952882630632165,0,1.4891831186984304e-07,1.377490656643844e-10,17.16071560000273
2979,27338.869320823243,509.3276567996067,27848.19697762285,233.8327150799188,0.21323865457308278,90700325.25494167,0,False,2,0.9952956574079583,0,1.4824053748353696e-07,1.369514018844817e-10,17.16621870000381
2980,27338.8684512966,509.32852253456156,27848.19697383116,233.83271136133456,0.2132386511820008,90700325.25494167,0,False,2,0.995303028571431,0,1.4756397404814365e-07,1.3615569764519148e-10,17.173616000000038
2981,27338.867583340365,509.32938672123123,27848.196970061595,233.83270764946622,0.21323864779704327,90700325.25494167,0,False,2,0.9953103766625025,0,1.4688862670578867e-07,1.3536116913014028e-10,17.179016499998397
2982,27338.866716960976,509.3302493531422,27848.196966314117,233.83270394434126,0.2132386444182352,90700325.25494167,0,False,2,0.9953177017893594,0,1.4621450061638326e-07,1.3456807761145615e-10,17.184359799997765
2983,27338.865852164847,509.33111042384644,27848.196962588692,233.83270024598718,0.21323864104560172,90700325.25494167,0,False,2,0.9953250040595131,0,1.4554160140932333e-07,1.337761618170162e-10,17.190222600002016
2984,27338.86498895834,509.33196992692285,27848.196958885263,233.83269655443115,0.21323863767916754,90700325.25494167,0,False,2,0.9953322835798047,0,1.4486993451046763e-07,1.3298633619926249e-10,17.19549890000053
2985,27338.864127347824,509.33282785597663,27848.196955203803,233.83269286970042,0.21323863431895757,90700325.25494167,0,False,2,0.9953395404564105,0,1.441995050495465e-07,1.3219742503363272e-10,17.201039400002628
2986,27338.86326733962,509.33368420463916,27848.196951544258,233.83268919182203,0.21323863096499643,90700325.25494167,0,False,2,0.9953467747948471,0,1.4353031875766666e-07,1.3141047340863187e-10,17.206780100001197
2987,27338.862408940025,509.33453896656886,27848.196947906596,233.83268552082288,0.21323862761730866,90700325.25494167,0,False,2,0.995353986699976,0,1.4286238092899127e-07,1.306246975078858e-10,17.212259300002188
2988,27338.86155215532,509.33539213545055,27848.19694429077,233.83268185672986,0.21323862427591878,90700325.25494167,0,False,2,0.9953611762760091,0,1.4219569723355623e-07,1.2984061987564837e-10,17.217937800000072
2989,27338.86069699174,509.33624370499575,27848.196940696733,233.8326781995696,0.2132386209408511,90700325.25494167,0,False,2,0.9953683436265139,0,1.4153027335992538e-07,1.2905810987585947e-10,17.22356910000235
2990,27338.859843455506,509.33709366894277,27848.19693712445,233.83267454936876,0.2132386176121299,90700325.25494167,0,False,2,0.9953754888544187,0,1.4086611511993468e-07,1.2827703687245887e-10,17.22903590000351
2991,27338.858991552814,509.3379420210566,27848.19693357387,233.8326709061538,0.2132386142897793,90700325.25494167,0,False,2,0.9953826120620162,0,1.4020322778030775e-07,1.2749766213757493e-10,17.234806300002674
2992,27338.85814128982,509.33878875512937,27848.19693004495,233.83266726995106,0.21323861097382338,90700325.25494167,0,False,2,0.9953897133509696,0,1.395416176645017e-07,1.2671985503514742e-10,17.24040419999801
2993,27338.857292672663,509.3396338649801,27848.196926537643,233.83266364078676,0.21323860766428598,90700325.25494167,0,False,2,0.9953967928223176,0,1.3888129007127018e-07,1.2594374620124194e-10,17.245989800001553
2994,27338.856445707457,509.3404773444547,27848.196923051913,233.8326600186871,0.21323860436119105,90700325.25494167,0,False,2,0.9954038505764784,0,1.382222513491534e-07,1.2516894372767222e-10,17.251727100003336
2995,27338.855600400282,509.3413191874265,27848.19691958771,233.83265640367807,0.21323860106456224,90700325.25494167,0,False,2,0.9954108867132545,0,1.375645073429099e-07,1.2439597015869268e-10,17.257046600003378
2996,27338.85475675718,509.3421593877956,27848.196916144974,233.83265279578546,0.21323859777442314,90700325.25494167,0,False,2,0.9954179013318379,0,1.369080638246257e-07,1.23625086766432e-10,17.26264000000083
2997,27338.853914784188,509.34299793948963,27848.196912723677,233.83264919503515,0.21323859449079724,90700325.25494167,0,False,2,0.995424894530815,0,1.362529271933451e-07,1.2285524846238892e-10,17.268644000003405
2998,27338.853074487306,509.3438348364635,27848.19690932377,233.83264560145278,0.21323859121370803,90700325.25494167,0,False,2,0.9954318664081699,0,1.3559910355084172e-07,1.2208710842688085e-10,17.27409710000211
2999,27338.852235872502,509.34467007269944,27848.196905945202,233.83264201506384,0.2132385879431787,90700325.25494167,0,False,2,0.9954388170612908,0,1.349465988754366e-07,1.213209279320365e-10,17.27946179999708
3000,27338.851398945713,509.3455036422069,27848.19690258792,233.83263843589378,0.21323858467923248,90700325.25494167,0,False,2,0.9954457465869727,0,1.3429541931129327e-07,1.2055657634179556e-10,17.28470599999855
3001,27338.85056371286,509.34633553902324,27848.19689925188,233.83263486396785,0.2132385814218924,90700325.25494167,0,False,2,0.9954526550814233,0,1.3364557170892368e-07,1.197936617479714e-10,17.29000690000248
3002,27338.849730179827,509.34716575721325,27848.19689593704,233.8326312993113,0.21323857817118141,90700325.25494167,0,False,2,0.9954595426402668,0,1.329970616944974e-07,1.1903257605875577e-10,17.295762300003844
3003,27338.848898352477,509.3479942908692,27848.196892643347,233.83262774194912,0.21323857492712245,90700325.25494167,0,False,2,0.9954664093585487,0,1.3234989658698564e-07,1.1827305800202503e-10,17.301087500003632
3004,27338.848068236635,509.3488211341114,27848.196889370745,233.83262419190626,0.21323857168973812,90700325.25494167,0,False,2,0.9954732553307397,0,1.3170408212415108e-07,1.1751576075809729e-10,17.306909899998573
3005,27338.847239838105,509.34964628108787,27848.196886119193,233.83262064920757,0.21323856845905118,90700325.25494167,0,False,2,0.9954800806507402,0,1.310596252910636e-07,1.167599005105965e-10,17.312370999999985
3006,27338.846413162668,509.3504697259745,27848.196882888642,233.83261711387772,0.21323856523508405,90700325.25494167,0,False,2,0.9954868854118847,0,1.3041653268987392e-07,1.1600573853165137e-10,17.31783859999996
3007,27338.845588216063,509.35129146297487,27848.19687967904,233.83261358594126,0.2132385620178592,90700325.25494167,0,False,2,0.9954936697069463,0,1.2977481075428012e-07,1.1525353609339071e-10,17.324930399998266
3008,27338.844765004014,509.3521114863208,27848.196876490336,233.83261006542273,0.21323855880739895,90700325.25494167,0,False,2,0.9955004336281402,0,1.2913446674527165e-07,1.1450303192369078e-10,17.332300200003374
3009,27338.8439435322,509.3529297902726,27848.19687332247,233.83260655234633,0.21323855560372543,90700325.25494167,0,False,2,0.9955071772671289,0,1.284955070046907e-07,1.1375474856680683e-10,17.338503600003605
3010,27338.843123806288,509.3537463691179,27848.196870175405,233.83260304673635,0.2132385524068607,90700325.25494167,0,False,2,0.9955139007150252,0,1.2785793896618094e-07,1.130079022063623e-10,17.343961099999433
3011,27338.84230583191,509.35456121717334,27848.196867049082,233.83259954861688,0.2132385492168268,90700325.25494167,0,False,2,0.9955206040623972,0,1.272217691789029e-07,1.1226301538661242e-10,17.349258200003533
3012,27338.84148961467,509.3553743287835,27848.196863943456,233.83259605801186,0.21323854603364553,90700325.25494167,0,False,2,0.9955272873992719,0,1.2658700480397327e-07,1.1151982683543325e-10,17.355652400001418
3013,27338.840675160136,509.35618569832184,27848.196860858458,233.8325925749451,0.21323854285733862,90700325.25494167,0,False,2,0.9955339508151392,0,1.2595365313956816e-07,1.1077912036920677e-10,17.360996199997317
3014,27338.839862473866,509.3569953201893,27848.196857794053,233.83258909944038,0.21323853968792775,90700325.25494167,0,False,2,0.9955405943989568,0,1.2532172084798076e-07,1.10039589627303e-10,17.366300499998033
3015,27338.839051561365,509.3578031888166,27848.196854750182,233.83258563152128,0.2132385365254344,90700325.25494167,0,False,2,0.9955472182391527,0,1.2469121605069786e-07,1.093022796982304e-10,17.372059300003457
3016,27338.83824242813,509.35860929866226,27848.196851726792,233.83258217121124,0.21323853336988,90700325.25494167,0,False,2,0.9955538224236301,0,1.2406214553729263e-07,1.0856679867380169e-10,17.377443299999868
3017,27338.83743507962,509.35941364421393,27848.196848723834,233.83257871853365,0.2132385302212858,90700325.25494167,0,False,2,0.9955604070397711,0,1.234345167664758e-07,1.0783314655401927e-10,17.382758699997794
3018,27338.836629521255,509.360216219988,27848.196845741244,233.83257527351168,0.213238527079673,90700325.25494167,0,False,2,0.9955669721744406,0,1.228083375137775e-07,1.0710171524707555e-10,17.388367200001085
3019,27338.835825758437,509.3610170205296,27848.196842778965,233.83257183616843,0.21323852394506265,90700325.25494167,0,False,2,0.9955735179139898,0,1.2218361522292095e-07,1.0637237411690974e-10,17.394257899999502
3020,27338.835023796542,509.3618160404129,27848.196839836954,233.83256840652692,0.21323852081747574,90700325.25494167,0,False,2,0.9955800443442603,0,1.2156035741455808e-07,1.0564460061927094e-10,17.399487200003932
3021,27338.834223640915,509.3626132742412,27848.19683691516,233.83256498460995,0.21323851769693303,90700325.25494167,0,False,2,0.9955865515505881,0,1.2093857185838835e-07,1.0491865602628812e-10,17.405072399997152
3022,27338.833425296863,509.3634087166468,27848.19683401351,233.83256157044025,0.2132385145834553,90700325.25494167,0,False,2,0.9955930396178063,0,1.2031826633251262e-07,1.0419519351828054e-10,17.41033089999837
3023,27338.832628769673,509.3642023622916,27848.196831131965,233.83255816404042,0.21323851147706313,90700325.25494167,0,False,2,0.9955995086302503,0,1.196994487628695e-07,1.0347329864280708e-10,17.415721800003666
3024,27338.831834064593,509.3649942058662,27848.19682827046,233.83255476543292,0.213238508377777,90700325.25494167,0,False,2,0.9956059586717599,0,1.190821272717737e-07,1.0275375521625037e-10,17.421197499999835
3025,27338.831041186844,509.3657842420911,27848.196825428935,233.83255137464008,0.21323850528561727,90700325.25494167,0,False,2,0.9956123898256845,0,1.1846630995735317e-07,1.020361713304227e-10,17.426095599999826
3026,27338.83025014163,509.3665724657161,27848.196822607344,233.83254799168412,0.21323850220060422,90700325.25494167,0,False,2,0.9956188021748851,0,1.1785200463612981e-07,1.0132041634926296e-10,17.431089800003974
3027,27338.829460934103,509.3673588715203,27848.196819805624,233.8325446165871,0.21323849912275797,90700325.25494167,0,False,2,0.9956251958017389,0,1.1723921959808338e-07,1.0060688218096381e-10,17.437975499997265
3028,27338.828673569413,509.3681434543129,27848.196817023727,233.83254124937108,0.2132384960520986,90700325.25494167,0,False,2,0.9956315707881428,0,1.1662796332524186e-07,9.989504628127382e-11,17.44457340000372
3029,27338.82788805265,509.36892620893246,27848.19681426158,233.83253789005775,0.21323849298864594,90700325.25494167,0,False,2,0.9956379272155162,0,1.1601824395009476e-07,9.918582310263952e-11,17.450278600001184
3030,27338.82710438889,509.36970713024743,27848.196811519138,233.83253453866888,0.2132384899324198,90700325.25494167,0,False,2,0.9956442651648055,0,1.1541007024126009e-07,9.847829819261904e-11,17.455664699999033
3031,27338.826322583176,509.3704862131565,27848.196808796332,233.83253119522604,0.21323848688343988,90700325.25494167,0,False,2,0.9956505847164865,0,1.1480345055685411e-07,9.777312473153207e-11,17.46090489999915
3032,27338.82554264053,509.3712634525878,27848.196806093118,233.83252785975066,0.21323848384172572,90700325.25494167,0,False,2,0.9956568859505683,0,1.1419839364651674e-07,9.706964953906346e-11,17.466297899998608
3033,27338.824764565925,509.37203884349987,27848.196803409424,233.83252453226402,0.2132384808072967,90700325.25494167,0,False,2,0.995663168946597,0,1.1359490788742242e-07,9.636865643159653e-11,17.4721864000021
3034,27338.823988364315,509.3728123808816,27848.196800745198,233.83252121278733,0.21323847778017221,90700325.25494167,0,False,2,0.9956694337836582,0,1.1299300236272429e-07,9.566962286487954e-11,17.47808829999849
3035,27338.823214040625,509.37358405975164,27848.196798100376,233.83251790134162,0.21323847476037136,90700325.25494167,0,False,2,0.9956756805403812,0,1.1239268613017686e-07,9.497281011104184e-11,17.48364820000279
3036,27338.822441599747,509.37435387515956,27848.196795474905,233.83251459794784,0.21323847174791333,90700325.25494167,0,False,2,0.9956819092949419,0,1.1179396780545317e-07,9.42779568979586e-11,17.49050420000276
3037,27338.821671046542,509.3751218221846,27848.196792868726,233.83251130262678,0.21323846874281702,90700325.25494167,0,False,2,0.995688120125066,0,1.1119685682261465e-07,9.358519386169557e-11,17.496592299998156
3038,27338.820902385836,509.3758878959372,27848.196790281774,233.83250801539907,0.21323846574510125,90700325.25494167,0,False,2,0.9956943131080321,0,1.1060136192419646e-07,9.289478227438219e-11,17.50197350000235
3039,27338.820135622427,509.3766520915582,27848.196787713987,233.83250473628522,0.21323846275478475,90700325.25494167,0,False,2,0.9957004883206757,0,1.1000749260576105e-07,9.220659149995715e-11,17.50739849999809
3040,27338.819370761084,509.3774144042189,27848.196785165303,233.83250146530565,0.21323845977188613,90700325.25494167,0,False,2,0.995706645839391,0,1.094152581055932e-07,9.152062153842272e-11,17.512853000000177
3041,27338.818607806552,509.3781748291215,27848.196782635674,233.83249820248062,0.2132384567964239,90700325.25494167,0,False,2,0.9957127857401356,0,1.0882466793271513e-07,9.08363498455266e-11,17.518128100004105
3042,27338.817846763523,509.37893336149926,27848.19678012502,233.8324949478302,0.21323845382841627,90700325.25494167,0,False,2,0.9957189080984321,0,1.082357316331063e-07,9.015495214584357e-11,17.52350429999933
3043,27338.817087636686,509.3796899966162,27848.1967776333,233.8324917013745,0.21323845086788165,90700325.25494167,0,False,2,0.995725012989373,0,1.0764845887070607e-07,8.947512207873958e-11,17.52903299999889
3044,27338.816330430673,509.38044472976753,27848.19677516044,233.83248846313325,0.21323844791483804,90700325.25494167,0,False,2,0.995731100487622,0,1.0706285905995943e-07,8.879790473272588e-11,17.53432640000392
3045,27338.815575150104,509.3811975562792,27848.196772706382,233.83248523312625,0.21323844496930347,90700325.25494167,0,False,2,0.995737170667418,0,1.06478942281627e-07,8.812264692748639e-11,17.54178690000117
3046,27338.814821799555,509.3819484715086,27848.196770271064,233.83248201137306,0.21323844203129577,90700325.25494167,0,False,2,0.9957432236025777,0,1.0589671839427141e-07,8.744974057121425e-11,17.547533700002532
3047,27338.814070383567,509.38269747084456,27848.196767854413,233.83247879789312,0.2132384391008327,90700325.25494167,0,False,2,0.9957492593664994,0,1.0531619714697179e-07,8.677944693603903e-11,17.552885299999616
3048,27338.813320906676,509.3834445497072,27848.196765456385,233.8324755927058,0.2132384361779319,90700325.25494167,0,False,2,0.9957552780321647,0,1.0473738888788287e-07,8.611072093345336e-11,17.55828240000119
3049,27338.812573373354,509.38418970354786,27848.196763076903,233.83247239583022,0.2132384332626108,90700325.25494167,0,False,2,0.9957612796721423,0,1.0416030372564269e-07,8.544473828803255e-11,17.56358220000402
3050,27338.811827788057,509.38493292784983,27848.196760715906,233.83246920728547,0.21323843035488682,90700325.25494167,0,False,2,0.9957672643585914,0,1.0358495202409108e-07,8.478097645552399e-11,17.568844699999318
3051,27338.81108415521,509.38567421812735,27848.19675837334,233.83246602709048,0.21323842745477722,90700325.25494167,0,False,2,0.9957732321632631,0,1.0301134361176021e-07,8.411917416380228e-11,17.574659099998826
3052,27338.810342479206,509.38641356992736,27848.196756049132,233.832462855264,0.2132384245622991,90700325.25494167,0,False,2,0.9957791831575041,0,1.0243948966530856e-07,8.345985395712439e-11,17.579580700003135
3053,27338.8096027644,509.3871509788276,27848.196753743225,233.83245969182465,0.21323842167746945,90700325.25494167,0,False,2,0.9957851174122604,0,1.0186940052520012e-07,8.280275456336497e-11,17.584578100002545
3054,27338.80886501511,509.38788644043814,27848.19675145555,233.83245653679094,0.21323841880030514,90700325.25494167,0,False,2,0.9957910349980785,0,1.0130108674430066e-07,8.214800661858979e-11,17.589725300000282
3055,27338.808129235644,509.3886199504011,27848.196749186045,233.83245339018126,0.21323841593082293,90700325.25494167,0,False,2,0.9957969359851093,0,1.0073455904686203e-07,8.149561012280094e-11,17.594728099997155
3056,27338.807395430245,509.3893515043905,27848.196746934635,233.83245025201376,0.21323841306903937,90700325.25494167,0,False,2,0.9958028204431102,0,1.0016982831352042e-07,8.084582634812804e-11,17.59958799999731
3057,27338.806663603158,509.3900810981125,27848.196744701272,233.8324471223066,0.21323841021497106,90700325.25494167,0,False,2,0.9958086884414489,0,9.960690578247843e-08,8.01977408421266e-11,17.604879799997434
3058,27338.805933758576,509.3908087273052,27848.19674248588,233.83244400107773,0.21323840736863434,90700325.25494167,0,False,2,0.9958145400491045,0,9.904580232489121e-08,7.955239869330894e-11,17.610025800000585
3059,27338.805205900666,509.3915343877391,27848.196740288404,233.83244088834493,0.21323840453004542,90700325.25494167,0,False,2,0.9958203753346718,0,9.848652894546411e-08,7.890914672135807e-11,17.615112799998315
3060,27338.804480033556,509.3922580752172,27848.196738108774,233.83243778412591,0.21323840169922045,90700325.25494167,0,False,2,0.9958261943663633,0,9.792909711509837e-08,7.826824619840356e-11,17.62026309999783
3061,27338.80375616134,509.39297978557477,27848.196735946913,233.83243468843813,0.21323839887617538,90700325.25494167,0,False,2,0.9958319972120115,0,9.73735182949423e-08,7.763021966870277e-11,17.625400800003263
3062,27338.803034288092,509.39369951467955,27848.19673380277,233.83243160129902,0.21323839606092607,90700325.25494167,0,False,2,0.9958377839390721,0,9.681980359805419e-08,7.699389140768314e-11,17.63048649999837
3063,27338.802314417844,509.3944172584319,27848.196731676275,233.83242852272585,0.21323839325348826,90700325.25494167,0,False,2,0.9958435546146265,0,9.626796491959491e-08,7.636030650385731e-11,17.635478399999556
3064,27338.8015965546,509.39513301276463,27848.196729567364,233.8324254527357,0.21323839045387757,90700325.25494167,0,False,2,0.9958493093053841,0,9.571801373159624e-08,7.572881177690797e-11,17.641464699998323
3065,27338.800880702318,509.3958467736435,27848.196727475963,233.83242239134555,0.21323838766210945,90700325.25494167,0,False,2,0.9958550480776853,0,9.516996221222706e-08,7.510006040715639e-11,17.646751200001745
3066,27338.80016686494,509.39655853706665,27848.19672540201,233.8324193385722,0.21323838487819927,90700325.25494167,0,False,2,0.9958607709975038,0,9.462382170455516e-08,7.447352985034899e-11,17.65234960000089
3067,27338.79945504637,509.39726829906556,27848.196723345434,233.83241629443242,0.21323838210216225,90700325.25494167,0,False,2,0.9958664781304494,0,9.407960476297336e-08,7.384948137861543e-11,17.657972400003928
3068,27338.798745250482,509.39797605570425,27848.196721306187,233.8324132589427,0.21323837933401346,90700325.25494167,0,False,2,0.9958721695417696,0,9.353732305833805e-08,7.322726181163806e-11,17.66400219999923
3069,27338.79803748109,509.39868180307974,27848.19671928417,233.8324102321194,0.21323837657376785,90700325.25494167,0,False,2,0.9958778452963533,0,9.299698901905494e-08,7.260856941824958e-11,17.6699265999996
3070,27338.797331742022,509.39938553732225,27848.196717279345,233.83240721397888,0.2132383738214403,90700325.25494167,0,False,2,0.9958835054587327,0,9.245861471657223e-08,7.199118338536532e-11,17.67536200000177
3071,27338.796628037035,509.40008725459484,27848.19671529163,233.8324042045372,0.21323837107704546,90700325.25494167,0,False,2,0.9958891500930859,0,9.192221307109488e-08,7.137680198181805e-11,17.680642799998168
3072,27338.795926369858,509.400786951094,27848.19671332095,233.83240120381032,0.21323836834059792,90700325.25494167,0,False,2,0.9958947792632387,0,9.138779606019782e-08,7.07650332994179e-11,17.68656259999989
3073,27338.79522674421,509.40148462304916,27848.196711367258,233.83239821181414,0.21323836561211212,90700325.25494167,0,False,2,0.995900393032668,0,9.085537677927312e-08,7.015509352178301e-11,17.691871200004243
3074,27338.79452916375,509.40218026672306,27848.196709430475,233.8323952285643,0.2132383628916024,90700325.25494167,0,False,2,0.9959059914645038,0,9.032496773364543e-08,6.954789710136277e-11,17.69712140000047
3075,27338.793833632117,509.4028738784123,27848.196707510528,233.83239225407635,0.21323836017908282,90700325.25494167,0,False,2,0.9959115746215307,0,8.979658193387625e-08,6.89433134020951e-11,17.703091100003803
3076,27338.793140152913,509.40356545444604,27848.19670560736,233.83238928836576,0.21323835747456762,90700325.25494167,0,False,2,0.9959171425661918,0,8.927023235269345e-08,6.834081987972586e-11,17.70854710000276
3077,27338.792448729702,509.40425499118743,27848.19670372089,233.83238633144768,0.21323835477807054,90700325.25494167,0,False,2,0.9959226953605903,0,8.874593182161441e-08,6.774120035064071e-11,17.713992099997995
3078,27338.791759366024,509.404942485033,27848.19670185106,233.83238338333732,0.21323835208960545,90700325.25494167,0,False,2,0.9959282330664909,0,8.822369379324861e-08,6.714367099845747e-11,17.71937109999999
3079,27338.79107206538,509.40562793241287,27848.196699997796,233.83238044404962,0.21323834940918604,90700325.25494167,0,False,2,0.9959337557453242,0,8.770353161064844e-08,6.654875436743384e-11,17.724950499999977
3080,27338.790386831228,509.4063113297907,27848.196698161017,233.83237751359937,0.2132383467368257,90700325.25494167,0,False,2,0.9959392634581864,0,8.718545865460543e-08,6.595684236576368e-11,17.73050830000284
3081,27338.789703667015,509.4069926736637,27848.196696340678,233.83237459200134,0.213238344072538,90700325.25494167,0,False,2,0.995944756265844,0,8.666948836377479e-08,6.536649799674445e-11,17.735904699999082
3082,27338.78902257613,509.40767196056294,27848.19669453669,233.83237167926998,0.21323834141633602,90700325.25494167,0,False,2,0.9959502342287342,0,8.615563449940631e-08,6.477928889314612e-11,17.74144260000321
3083,27338.788343561948,509.4083491870535,27848.196692749003,233.83236877541975,0.213238338768233,90700325.25494167,0,False,2,0.9959556974069682,0,8.564391074962855e-08,6.419403933039411e-11,17.746963400000823
3084,27338.787666627795,509.4090243497337,27848.19669097753,233.83236588046486,0.21323833612824192,90700325.25494167,0,False,2,0.995961145860333,0,8.513433109730835e-08,6.361179439700239e-11,17.75239539999893
3085,27338.78699177697,509.409697445236,27848.196689222208,233.83236299441944,0.2132383334963756,90700325.25494167,0,False,2,0.9959665796482935,0,8.462690931481263e-08,6.303177027658839e-11,17.75784740000381
3086,27338.78631901274,509.41036847022724,27848.196687482967,233.83236011729744,0.21323833087264685,90700325.25494167,0,False,2,0.9959719988299949,0,8.412165968100029e-08,6.245435887734587e-11,17.763322899998457
3087,27338.785648338322,509.41103742140723,27848.19668575973,233.83235724911265,0.21323832825706815,90700325.25494167,0,False,2,0.9959774034642646,0,8.361859652453094e-08,6.187969083534062e-11,17.768759799997497
3088,27338.78497975693,509.4117042955106,27848.19668405244,233.83235438987876,0.21323832564965203,90700325.25494167,0,False,2,0.9959827936096145,0,8.311773382302921e-08,6.130698233418973e-11,17.77493990000221
3089,27338.784313271713,509.41236908930574,27848.19668236102,233.8323515396093,0.21323832305041085,90700325.25494167,0,False,2,0.9959881693242431,0,8.261908663915762e-08,6.073714782634338e-11,17.78041839999787
3090,27338.7836488858,509.41303179959493,27848.196680685396,233.83234869831762,0.21323832045935676,90700325.25494167,0,False,2,0.9959935306660377,0,8.212266878778886e-08,6.016992603967504e-11,17.78570480000053
3091,27338.78298660229,509.4136924232148,27848.196679025506,233.83234586601696,0.21323831787650183,90700325.25494167,0,False,2,0.995998877692576,0,8.162849532974879e-08,5.960492506599395e-11,17.791053200002352
3092,27338.782326424232,509.41435095703605,27848.196677381267,233.8323430427204,0.21323831530185797,90700325.25494167,0,False,2,0.9960042104611292,0,8.113658133860379e-08,5.904292872168637e-11,17.79633759999706
3093,27338.78166835466,509.4150073979637,27848.196675752624,233.83234022844084,0.213238312735437,90700325.25494167,0,False,2,0.9960095290286626,0,8.064694108960892e-08,5.848289191824089e-11,17.801819300002535
3094,27338.781012396554,509.41566174293666,27848.19667413949,233.83233742319112,0.21323831017725056,90700325.25494167,0,False,2,0.9960148334518387,0,8.015958993783444e-08,5.7925990380236186e-11,17.807476200003293
3095,27338.780358552875,509.41631398892855,27848.196672541802,233.83233462698385,0.21323830762731022,90700325.25494167,0,False,2,0.996020123787019,0,7.967454335383475e-08,5.737130965522489e-11,17.813328199998068
3096,27338.77970682655,509.4169641329469,27848.196670959496,233.83233183983154,0.21323830508562733,90700325.25494167,0,False,2,0.9960254000902657,0,7.919181590244684e-08,5.681898037927258e-11,17.821459600003436
3097,27338.779057220454,509.41761217203367,27848.196669392488,233.83232906174652,0.21323830255221318,90700325.25494167,0,False,2,0.9960306624173441,0,7.871142348215807e-08,5.6269655732701547e-11,17.828205899997556
3098,27338.778409737446,509.41825810326566,27848.19666784071,233.832326292741,0.21323830002707886,90700325.25494167,0,False,2,0.9960359108237242,0,7.823338131945753e-08,5.572268253519251e-11,17.83416230000148
3099,27338.77776438035,509.41890192375337,27848.196666304102,233.83232353282705,0.2132382975102354,90700325.25494167,0,False,2,0.9960411453645828,0,7.775770515778337e-08,5.5178060786746914e-11,17.840354200001457
3100,27338.777121151932,509.41954363064207,27848.196664782576,233.8323207820165,0.2132382950016936,90700325.25494167,0,False,2,0.9960463660948056,0,7.728441047028444e-08,5.463644366768709e-11,17.84752390000358
3101,27338.77648005496,509.4201832211115,27848.19666327607,233.83231804032118,0.21323829250146425,90700325.25494167,0,False,2,0.9960515730689885,0,7.68135135347471e-08,5.409704736162943e-11,17.85503130000143
3102,27338.77584109213,509.42082069237586,27848.196661784506,233.83231530775265,0.21323829000955785,90700325.25494167,0,False,2,0.9960567663414408,0,7.634502973642803e-08,5.3560525048896294e-11,17.865472800003772
3103,27338.775204266138,509.421456041684,27848.19666030782,233.83231258432244,0.21323828752598495,90700325.25494167,0,False,2,0.9960619459661855,0,7.587897537102444e-08,5.302622354916814e-11,17.871834199999284
3104,27338.77456957962,509.42208926631895,27848.196658845936,233.83230987004177,0.2132382850507558,90700325.25494167,0,False,2,0.9960671119969619,0,7.54153666358974e-08,5.249479604276735e-11,17.87755289999768
3105,27338.77393703519,509.4227203635986,27848.19665739879,233.83230716492187,0.21323828258388058,90700325.25494167,0,False,2,0.996072264487228,0,7.49542197117937e-08,5.19655893493743e-11,17.88298339999892
3106,27338.773306635412,509.4233493308754,27848.196655966287,233.83230446897372,0.21323828012536936,90700325.25494167,0,False,2,0.9960774034901616,0,7.449555104651284e-08,5.14396485575041e-11,17.888645400002133
3107,27338.772678382844,509.42397616553666,27848.19665454838,233.8323017822082,0.213238277675232,90700325.25494167,0,False,2,0.9960825290586621,0,7.403937710097851e-08,5.0915536670451715e-11,17.894307200003823
3108,27338.772052279983,509.4246008650039,27848.196653144987,233.83229910463604,0.21323827523347835,90700325.25494167,0,False,2,0.996087641245353,0,7.358571421757553e-08,5.0394429412796475e-11,17.90014119999978
3109,27338.771428329303,509.42522342673345,27848.196651756036,233.83229643626777,0.213238272800118,90700325.25494167,0,False,2,0.9960927401025831,0,7.313457950373438e-08,4.9875804240282844e-11,17.905893299997842
3110,27338.770806533234,509.42584384821686,27848.19665038145,233.83229377711382,0.21323827037516044,90700325.25494167,0,False,2,0.9960978256824283,0,7.268598948467577e-08,4.935992242504063e-11,17.911687200001325
3111,27338.77018689418,509.4264621269793,27848.19664902116,233.83229112718448,0.21323826795861506,90700325.25494167,0,False,2,0.9961028980366938,0,7.223996112586912e-08,4.884665333100692e-11,17.917519399998127
3112,27338.769569414522,509.4270782605819,27848.196647675104,233.83228848648992,0.21323826555049114,90700325.25494167,0,False,2,0.9961079572169154,0,7.179651161484788e-08,4.8335474413925957e-11,17.92342759999883
3113,27338.768954096573,509.4276922466199,27848.196646343193,233.83228585504003,0.2132382631507977,90700325.25494167,0,False,2,0.9961130032743615,0,7.135565749659204e-08,4.782756139837739e-11,17.92958969999745
3114,27338.768340942646,509.4283040827234,27848.19664502537,233.83228323284467,0.21323826075954372,90700325.25494167,0,False,2,0.9961180362600346,0,7.091741668246245e-08,4.7321607923719836e-11,17.93586730000243
3115,27338.767729954983,509.42891376655723,27848.19664372154,233.8322806199135,0.21323825837673802,90700325.25494167,0,False,2,0.996123056224674,0,7.048180599568027e-08,4.681918162272584e-11,17.941538999999466
3116,27338.767121135832,509.42952129582136,27848.196642431652,233.83227801625605,0.21323825600238927,90700325.25494167,0,False,2,0.9961280632187556,0,7.004884295158047e-08,4.6318584226561084e-11,17.94750180000119
3117,27338.766514487383,509.4301266682503,27848.19664115563,233.83227542188175,0.21323825363650611,90700325.25494167,0,False,2,0.9961330572924953,0,6.961854488838207e-08,4.582059955161242e-11,17.952803699998185
3118,27338.765910011778,509.4307298816135,27848.19663989339,233.83227283679975,0.21323825127909685,90700325.25494167,0,False,2,0.9961380384958499,0,6.919092985836798e-08,4.532575014213829e-11,17.958323799997743
3119,27338.76530771116,509.4313309337154,27848.196638644877,233.8322702610192,0.21323824893016985,90700325.25494167,0,False,2,0.9961430068785194,0,6.876601525028211e-08,4.4832860273561235e-11,17.96413770000072
3120,27338.7647075876,509.43192982239503,27848.196637409997,233.83226769454896,0.21323824658973317,90700325.25494167,0,False,2,0.9961479624899473,0,6.834381830983865e-08,4.4343236306525475e-11,17.969675599997572
3121,27338.764109643165,509.4325265455269,27848.19663618869,233.83226513739785,0.2132382442577949,90700325.25494167,0,False,2,0.9961529053793241,0,6.792435751305223e-08,4.385583315251776e-11,17.975158100001863
3122,27338.763513879865,509.4331211010199,27848.196634980886,233.83226258957453,0.21323824193436286,90700325.25494167,0,False,2,0.9961578355955873,0,6.750765078076395e-08,4.337104271973217e-11,17.981056399999943
3123,27338.762920299683,509.4337134868182,27848.1966337865,233.83226005108742,0.2132382396194448,90700325.25494167,0,False,2,0.996162753187424,0,6.709371544805932e-08,4.2889126280298545e-11,17.98619239999971
3124,27338.762328904573,509.43430370090084,27848.196632605475,233.83225752194488,0.2132382373130483,90700325.25494167,0,False,2,0.996167658203272,0,6.668257013115931e-08,4.240943065389639e-11,17.991668200003915
3125,27338.761739696434,509.4348917412815,27848.196631437717,233.83225500215505,0.21323823501518083,90700325.25494167,0,False,2,0.9961725506913216,0,6.627423286617749e-08,4.193300092904151e-11,17.997484799998347
3126,27338.761152677158,509.4354776060096,27848.196630283168,233.83225249172602,0.2132382327258497,90700325.25494167,0,False,2,0.9961774306995176,0,6.586872147150229e-08,4.145866138115602e-11,18.002656099997694
3127,27338.760567848585,509.43606129316873,27848.196629141756,233.83224999066567,0.21323823044506218,90700325.25494167,0,False,2,0.9961822982755598,0,6.546605469872673e-08,4.098693455449836e-11,18.008356500002265
3128,27338.75998521252,509.436642800878,27848.1966280134,233.83224749898173,0.21323822817282523,90700325.25494167,0,False,2,0.9961871534669052,0,6.506625064360807e-08,4.051808172119834e-11,18.01393310000276
3129,27338.75940477074,509.43722212729136,27848.19662689803,233.83224501668172,0.2132382259091458,90700325.25494167,0,False,2,0.9961919963207703,0,6.466932753771276e-08,4.005184160912837e-11,18.019288399998914
3130,27338.758826524983,509.4377992705977,27848.19662579558,233.8322425437732,0.21323822365403067,90700325.25494167,0,False,2,0.996196826884131,0,6.427530393546317e-08,3.958782231009642e-11,18.02468460000091
3131,27338.758250476945,509.43837422902106,27848.196624705968,233.8322400802633,0.21323822140748644,90700325.25494167,0,False,2,0.9962016452037252,0,6.38841981972853e-08,3.912680764048974e-11,18.029926800001704
3132,27338.757676628302,509.43894700082063,27848.196623629123,233.83223762615924,0.21323821916951968,90700325.25494167,0,False,2,0.9962064513260545,0,6.349602871934326e-08,3.86684056921163e-11,18.035232800000813
3133,27338.75710498068,509.43951758429034,27848.19662256497,233.832235181468,0.21323821694013673,90700325.25494167,0,False,2,0.9962112452973847,0,6.311081407143913e-08,3.8212616464977145e-11,18.041416100000788
3134,27338.756535535682,509.4400859777597,27848.19662151344,233.8322327461964,0.2132382147193438,90700325.25494167,0,False,2,0.9962160271637484,0,6.272857274250621e-08,3.7759309323008913e-11,18.047320199999376
3135,27338.755968294867,509.4406521795925,27848.19662047446,233.83223032035113,0.213238212507147,90700325.25494167,0,False,2,0.9962207969709452,0,6.23493234964984e-08,3.73087455383414e-11,18.05233109999972
3136,27338.75540325977,509.4412161881883,27848.196619447957,233.83222790393873,0.2132382103035523,90700325.25494167,0,False,2,0.9962255547645451,0,6.197308471304653e-08,3.6860663838846816e-11,18.058223699998052
3137,27338.754840431873,509.4417780019815,27848.196618433856,233.83222549696555,0.2132382081085655,90700325.25494167,0,False,2,0.9962303005898873,0,6.159987516544777e-08,3.641532549665495e-11,18.063288999997894
3138,27338.75427981264,509.44233761944156,27848.196617432084,233.83222309943787,0.21323820592219234,90700325.25494167,0,False,2,0.9962350344920842,0,6.122971302974245e-08,3.5972599875702395e-11,18.068268399998487
3139,27338.75372140349,509.4428950390731,27848.19661644256,233.8322207113617,0.21323820374443828,90700325.25494167,0,False,2,0.9962397565160214,0,6.086261711252223e-08,3.553274824811894e-11,18.074596700003895
3140,27338.753165205817,509.4434502594156,27848.196615465233,233.83221833274308,0.2132382015753088,90700325.25494167,0,False,2,0.996244466706359,0,6.049860573833399e-08,3.509485616145467e-11,18.07962309999857
3141,27338.752611220967,509.4440032790438,27848.19661450001,233.83221596358774,0.21323819941480915,90700325.25494167,0,False,2,0.9962491651075346,0,6.013769820794554e-08,3.466009934029023e-11,18.084529300002032
3142,27338.75205945026,509.44455409656746,27848.19661354683,233.8322136039013,0.21323819726294446,90700325.25494167,0,False,2,0.9962538517637619,0,5.977991193895176e-08,3.422782460430449e-11,18.089928900000814
3143,27338.75150989498,509.44510271063155,27848.196612605614,233.83221125368925,0.21323819511971973,90700325.25494167,0,False,2,0.9962585267190355,0,5.9425266155888754e-08,3.379803195349837e-11,18.095154800001183
3144,27338.750962556365,509.44564911991597,27848.19661167628,233.83220891295693,0.21323819298513985,90700325.25494167,0,False,2,0.9962631900171289,0,5.9073778997020756e-08,3.3371374568194933e-11,18.1004643999986
3145,27338.750417435636,509.44619332313596,27848.196610758772,233.8322065817095,0.2132381908592095,90700325.25494167,0,False,2,0.996267841701599,0,5.87254688047379e-08,3.294680735987964e-11,18.10657219999848
3146,27338.749874533976,509.4467353190416,27848.196609853017,233.83220425995208,0.21323818874193334,90700325.25494167,0,False,2,0.9962724818157848,0,5.83803537272083e-08,3.2524722236746626e-11,18.111941000002844
3147,27338.74933385251,509.4472751064181,27848.196608958926,233.83220194768944,0.21323818663331578,90700325.25494167,0,False,2,0.9962771104028102,0,5.8038452528369986e-08,3.210590301518346e-11,18.11718960000144
3148,27338.74879539235,509.44781268408565,27848.196608076432,233.83219964492636,0.2132381845333611,90700325.25494167,0,False,2,0.9962817275055854,0,5.7699782628144067e-08,3.168943524273993e-11,18.12272490000032
3149,27338.748259154578,509.44834805089977,27848.19660720548,233.83219735166745,0.21323818244207357,90700325.25494167,0,False,2,0.9962863331668075,0,5.7364362747191995e-08,3.127505764728793e-11,18.128146299997752
3150,27338.747725140227,509.4488812057508,27848.196606345977,233.83219506791716,0.21323818035945719,90700325.25494167,0,False,2,0.9962909274289622,0,5.703221027954135e-08,3.0863815317343935e-11,18.13351580000017
3151,27338.74719335029,509.4494121475642,27848.196605497855,233.83219279367967,0.21323817828551583,90700325.25494167,0,False,2,0.996295510334325,0,5.67033433191107e-08,3.045518570865099e-11,18.1401177000007
3152,27338.746663785743,509.4499408753006,27848.196604661043,233.83219052895922,0.21323817622025332,90700325.25494167,0,False,2,0.9963000819249631,0,5.6377779482950806e-08,3.004903818514545e-11,18.145256299998437
3153,27338.746136447517,509.4504673879554,27848.196603835473,233.83218827375975,0.21323817416367324,90700325.25494167,0,False,2,0.9963046422427353,0,5.6055536225313444e-08,2.9645372746828107e-11,18.150427499997022
3154,27338.74561133651,509.4509916845596,27848.19660302107,233.83218602808515,0.21323817211577917,90700325.25494167,0,False,2,0.996309191329295,0,5.573663100401826e-08,2.924432002976423e-11,18.155785700000706
3155,27338.74508845358,509.4515137641783,27848.19660221776,233.83218379193903,0.2132381700765744,90700325.25494167,0,False,2,0.99631372922609,0,5.5421081094119694e-08,2.8846141306083575e-11,18.161221499998646
3156,27338.744567799557,509.4520336259122,27848.19660142547,233.832181565325,0.2132381680460622,90700325.25494167,0,False,2,0.9963182559743646,0,5.510890338945084e-08,2.8450314031529013e-11,18.167016799998237
3157,27338.74404937523,509.4525512688971,27848.196600644125,233.83217934824637,0.2132381660242456,90700325.25494167,0,False,2,0.9963227716151607,0,5.480011491030694e-08,2.8057230114294755e-11,18.172410300001502
3158,27338.74353318136,509.45306669230354,27848.196599873663,233.83217714070645,0.21323816401112763,90700325.25494167,0,False,2,0.996327276189319,0,5.449473224332343e-08,2.7666497646188105e-11,18.177702699998918
3159,27338.743019218666,509.4535798953368,27848.196599114002,233.8321749427083,0.21323816200671106,90700325.25494167,0,False,2,0.9963317697374797,0,5.419277185122727e-08,2.7278639171467757e-11,18.182996900002763
3160,27338.742507487834,509.45409087723795,27848.196598365073,233.83217275425483,0.21323816001099855,90700325.25494167,0,False,2,0.996336252300085,0,5.389425023359995e-08,2.6893262781940996e-11,18.188383599997906
3161,27338.74199798953,509.45459963728183,27848.196597626815,233.8321705753489,0.2132381580239927,90700325.25494167,0,False,2,0.9963407239173789,0,5.359918292861422e-08,2.6510107205479527e-11,18.19365619999735
3162,27338.741490724355,509.45510617477913,27848.196596899135,233.8321684059931,0.2132381560456959,90700325.25494167,0,False,2,0.9963451846294094,0,5.330758581413001e-08,2.613021753060008e-11,18.199060999999347
3163,27338.7409856929,509.4556104890747,27848.196596181977,233.83216624618993,0.21323815407611044,90700325.25494167,0,False,2,0.9963496344760289,0,5.3019474305512785e-08,2.5752418032722853e-11,18.20461900000373
3164,27338.74048289571,509.45611257954874,27848.19659547526,233.83216409594172,0.2132381521152384,90700325.25494167,0,False,2,0.9963540734968964,0,5.2734863524069556e-08,2.5377492528235565e-11,18.210375000002387
3165,27338.73998233331,509.45661244561626,27848.19659477893,233.83216195525077,0.21323815016308187,90700325.25494167,0,False,2,0.9963585017314777,0,5.2453768355628735e-08,2.500452656468733e-11,18.217371400001866
3166,27338.73948400616,509.45711008672674,27848.196594092886,233.83215982411897,0.2132381482196426,90700325.25494167,0,False,2,0.9963629192190472,0,5.217620316098778e-08,2.463508777485299e-11,18.223990200000117
3167,27338.738987914716,509.45760550236486,27848.19659341708,233.83215770254833,0.21323814628492244,90700325.25494167,0,False,2,0.9963673259986886,0,5.1902182181890626e-08,2.426747788989452e-11,18.22960299999977
3168,27338.73849405939,509.45809869204993,27848.19659275144,233.8321555905406,0.21323814435892297,90700325.25494167,0,False,2,0.9963717221092964,0,5.16317195125027e-08,2.3902480726199657e-11,18.234749199997168
3169,27338.73800244055,509.4585896553357,27848.196592095886,233.8321534880973,0.21323814244164557,90700325.25494167,0,False,2,0.996376107589577,0,5.1364828315288727e-08,2.3540226919833586e-11,18.24103859999741
3170,27338.737513058535,509.4590783918109,27848.196591450345,233.83215139521997,0.21323814053309165,90700325.25494167,0,False,2,0.9963804824780496,0,5.1101521765665857e-08,2.3180716470796965e-11,18.24641220000194
3171,27338.737025913662,509.45956490109916,27848.19659081476,233.8321493119099,0.21323813863326235,90700325.25494167,0,False,2,0.9963848468130476,0,5.0841812723060946e-08,2.282316556270323e-11,18.251439699997718
3172,27338.736541006187,509.46004918285837,27848.196590189043,233.8321472381682,0.21323813674215877,90700325.25494167,0,False,2,0.99638920063272,0,5.0585712959976295e-08,2.2468880556198325e-11,18.257606200000737
3173,27338.73605833636,509.4605312367812,27848.19658957314,233.83214517399594,0.2132381348597818,90700325.25494167,0,False,2,0.996393543975031,0,5.033323471461378e-08,2.211642445457298e-11,18.26276710000093
3174,27338.735577904376,509.4610110625947,27848.19658896697,233.83214311939398,0.21323813298613226,90700325.25494167,0,False,2,0.9963978768777637,0,5.008438944532425e-08,2.176697298240862e-11,18.2678212000028
3175,27338.7350997104,509.4614886600609,27848.19658837046,233.832141074363,0.2132381311212108,90700325.25494167,0,False,2,0.9964021993785185,0,4.9839187543695815e-08,2.14200035954477e-11,18.2733842000016
3176,27338.73462375457,509.4619640289759,27848.196587783546,233.8321390389036,0.2132381292650179,90700325.25494167,0,False,2,0.9964065115147163,0,4.9597639478192774e-08,2.1075516293690793e-11,18.278662999997323
3177,27338.734150036988,509.4624371691705,27848.19658720616,233.8321370130162,0.21323812741755396,90700325.25494167,0,False,2,0.9964108133235979,0,4.9359755654553304e-08,2.073338044107392e-11,18.284003000000666
3178,27338.733678557714,509.4629080805101,27848.196586638223,233.83213499670106,0.21323812557881927,90700325.25494167,0,False,2,0.9964151048422265,0,4.912554509385527e-08,2.0393987945791292e-11,18.289697699998214
3179,27338.73320931677,509.46337676289386,27848.196586079666,233.8321329899583,0.2132381237488139,90700325.25494167,0,False,2,0.9964193861074879,0,4.889501658603368e-08,2.0057208171778924e-11,18.295123000003514
3180,27338.732742314176,509.46384321625607,27848.196585530433,233.83213099278797,0.21323812192753788,90700325.25494167,0,False,2,0.996423657156092,0,4.8668178420557926e-08,1.972238793871458e-11,18.30042500000127
3181,27338.732277549872,509.46430744056477,27848.196584990437,233.83212900518984,0.21323812011499105,90700325.25494167,0,False,2,0.9964279180245732,0,4.8445038886166796e-08,1.9390702971179802e-11,18.30713729999843
3182,27338.73181502379,509.4647694358226,27848.196584459612,233.8321270271636,0.21323811831117306,90700325.25494167,0,False,2,0.9964321687492921,0,4.8225604281985696e-08,1.9061369452787793e-11,18.31223139999929
3183,27338.731354735835,509.4652292020663,27848.1965839379,233.8321250587089,0.21323811651608365,90700325.25494167,0,False,2,0.9964364093664367,0,4.800988162205094e-08,1.8734126111409916e-11,18.317392999997537
3184,27338.730896685855,509.46568673936673,27848.196583425222,233.832123099825,0.21323811472972212,90700325.25494167,0,False,2,0.9964406399120224,0,4.779787612994215e-08,1.8409756763434077e-11,18.323225100000855
3185,27338.730440873675,509.4661420478291,27848.196582921504,233.8321211505112,0.21323811295208783,90700325.25494167,0,False,2,0.9964448604218941,0,4.758959420565201e-08,1.8088000136731664e-11,18.328612199999043
3186,27338.7299872991,509.4665951275922,27848.19658242669,233.83211921076668,0.21323811118318003,90700325.25494167,0,False,2,0.9964490709317265,0,4.7385039684401867e-08,1.7768203050980305e-11,18.33404100000189
3187,27338.729535961873,509.4670459788295,27848.1965819407,233.83211728059032,0.21323810942299773,90700325.25494167,0,False,2,0.9964532714770257,0,4.7184216465039184e-08,1.7451410594697063e-11,18.34000730000116
3188,27338.72908686173,509.46749460174823,27848.19658146348,233.832115359981,0.21323810767153986,90700325.25494167,0,False,2,0.9964574620931298,0,4.69871283383077e-08,1.7136577679365825e-11,18.34544299999834
3189,27338.72863999835,509.46794099658933,27848.19658099494,233.83211344893732,0.21323810592880518,90700325.25494167,0,False,2,0.9964616428152095,0,4.6793777165060285e-08,1.6824749393503677e-11,18.35071389999939
3190,27338.728195371397,509.4683851636278,27848.196580535026,233.8321115474579,0.21323810419479242,90700325.25494167,0,False,2,0.9964658136782705,0,4.660416512200645e-08,1.6515011284659025e-11,18.356552800003556
3191,27338.727752980492,509.4688271031725,27848.196580083666,233.83210965554107,0.21323810246950003,90700325.25494167,0,False,2,0.9964699747171526,0,4.6418293081290715e-08,1.620788589709065e-11,18.361692200000107
3192,27338.727312825224,509.4692668155662,27848.19657964079,233.8321077731851,0.21323810075292648,90700325.25494167,0,False,2,0.9964741259665322,0,4.6236161976191396e-08,1.5903242594734416e-11,18.366754700000456
3193,27338.72687490515,509.46970430118495,27848.196579206335,233.83210590038806,0.21323809904507,90700325.25494167,0,False,2,0.9964782674609225,0,4.605777072728929e-08,1.5600820105461584e-11,18.372412600001553
3194,27338.72643921979,509.4701395604388,27848.19657878023,233.83210403714796,0.21323809734592875,90700325.25494167,0,False,2,0.9964823992346745,0,4.588311884721362e-08,1.5301010337466348e-11,18.377877799997805
3195,27338.726005768636,509.4705725937715,27848.196578362407,233.83210218346255,0.21323809565550067,90700325.25494167,0,False,2,0.9964865213219783,0,4.57122036688405e-08,1.5003552018619947e-11,18.383276200002
3196,27338.725574551132,509.47100340166025,27848.196577952793,233.83210033932951,0.21323809397378368,90700325.25494167,0,False,2,0.9964906337568638,0,4.5545023183495255e-08,1.4708837057116586e-11,18.38890160000301
3197,27338.725145566714,509.47143198461544,27848.19657755133,233.8320985047464,0.21323809230077556,90700325.25494167,0,False,2,0.9964947365732013,0,4.5381573074598816e-08,1.4416081636569103e-11,18.39438450000307
3198,27338.724718814767,509.4718583431815,27848.19657715795,233.83209667971062,0.2132380906364739,90700325.25494167,0,False,2,0.9964988298047033,0,4.5221849660433615e-08,1.4125938937300867e-11,18.39992709999933
3199,27338.724294294643,509.4722824779359,27848.196576772578,233.83209486421936,0.21323808898087618,90700325.25494167,0,False,2,0.9965029134849246,0,4.5065847553458755e-08,1.3838278323247682e-11,18.405607400003646
3200,27338.72387200567,509.47270438948937,27848.19657639516,233.83209305826978,0.21323808733397975,90700325.25494167,0,False,2,0.9965069876472635,0,4.491356084243508e-08,1.3552707886216128e-11,18.411079600002267
3201,27338.72345194713,509.47312407848585,27848.196576025617,233.8320912618588,0.21323808569578187,90700325.25494167,0,False,2,0.9965110523249632,0,4.476498257234931e-08,1.3269880806529588e-11,18.416954400003306
3202,27338.72303411828,509.473541545603,27848.196575663882,233.83208947498323,0.2132380840662796,90700325.25494167,0,False,2,0.9965151075511118,0,4.462010520156817e-08,1.298953581205924e-11,18.42212400000426
3203,27338.722618518354,509.47395679155085,27848.196575309903,233.8320876976398,0.21323808244546993,90700325.25494167,0,False,2,0.9965191533586435,0,4.4478920370846964e-08,1.2711019722482412e-11,18.42719550000038
3204,27338.72220514653,509.4743698170731,27848.1965749636,233.83208592982498,0.2132380808333497,90700325.25494167,0,False,2,0.9965231897803403,0,4.4341418503162254e-08,1.243537762631631e-11,18.43302969999786
3205,27338.721794001962,509.4747806229461,27848.196574624908,233.8320841715352,0.2132380792299156,90700325.25494167,0,False,2,0.9965272168488313,0,4.420758895718385e-08,1.2162086979302863e-11,18.43873110000277
3206,27338.721385083794,509.4751892099795,27848.196574293775,233.83208242276677,0.2132380776351643,90700325.25494167,0,False,2,0.9965312345965956,0,4.4077421886236256e-08,1.1890625237183959e-11,18.443994599998405
3207,27338.720978391102,509.47559557901536,27848.19657397012,233.83208068351573,0.21323807604909217,90700325.25494167,0,False,2,0.9965352430559612,0,4.395090419451923e-08,1.1622168124541443e-11,18.449580300002708
3208,27338.720573922954,509.4759997309289,27848.196573653884,233.83207895377808,0.21323807447169557,90700325.25494167,0,False,2,0.9965392422591071,0,4.382802350823923e-08,1.1355670552858744e-11,18.454634000001533
3209,27338.720171678367,509.47640166662796,27848.196573344994,233.83207723354965,0.2132380729029707,90700325.25494167,0,False,2,0.9965432322380638,0,4.37087665420388e-08,1.1091916338523874e-11,18.4596612000023
3210,27338.71977165634,509.47680138705323,27848.19657304339,233.83207552282616,0.21323807134291364,90700325.25494167,0,False,2,0.9965472130247143,0,4.359311786073962e-08,1.0830252301214068e-11,18.465422000001126
3211,27338.719373855845,509.47719889317773,27848.196572749024,233.83207382160322,0.21323806979152043,90700325.25494167,0,False,2,0.9965511846507942,0,4.3481063387089154e-08,1.0570417168800386e-11,18.470562000002246
3212,27338.718978275796,509.477594186007,27848.196572461802,233.83207212987614,0.21323806824878674,90700325.25494167,0,False,2,0.9965551471478941,0,4.3372586031709434e-08,1.0313847937993954e-11,18.475732200000493
3213,27338.7185849151,509.47798726657936,27848.196572181678,233.83207044764026,0.21323806671470835,90700325.25494167,0,False,2,0.9965591005474584,0,4.326766874084078e-08,1.0058976976019625e-11,18.48174250000011
3214,27338.71819377262,509.4783781359654,27848.196571908586,233.83206877489076,0.21323806518928085,90700325.25494167,0,False,2,0.9965630448807884,0,4.316629445930355e-08,9.806457463200788e-12,18.48705570000311
3215,27338.717804847183,509.4787667952681,27848.196571642453,233.8320671116226,0.21323806367249964,90700325.25494167,0,False,2,0.9965669801790412,0,4.306844349768145e-08,9.556550671666983e-12,18.49249840000266
3216,27338.717418137607,509.47915324562246,27848.19657138323,233.83206545783068,0.21323806216436011,90700325.25494167,0,False,2,0.9965709064732313,0,4.2974096601132674e-08,9.308472785030736e-12,18.497542600001907
3217,27338.717033642642,509.47953748819594,27848.196571130837,233.83206381350973,0.21323806066485743,90700325.25494167,0,False,2,0.9965748237942318,0,4.2883233440427704e-08,9.063138255744701e-12,18.50256459999946
3218,27338.716651361032,509.4799195241882,27848.19657088522,233.83206217865433,0.2132380591739866,90700325.25494167,0,False,2,0.9965787321727745,0,4.279583286707533e-08,8.819893903486014e-12,18.508598500004155
3219,27338.716271291483,509.48029935483055,27848.196570646312,233.83206055325897,0.2132380576917427,90700325.25494167,0,False,2,0.9965826316394507,0,4.2711872626039356e-08,8.57887036431956e-12,18.513672599998245
3220,27338.715893432673,509.48067698138664,27848.19657041406,233.83205893731798,0.2132380562181205,90700325.25494167,0,False,2,0.9965865222247129,0,4.2631330641624724e-08,8.339937002180958e-12,18.5190539000032
3221,27338.715517783236,509.481052405152,27848.19657018839,233.8320573308255,0.21323805475311466,90700325.25494167,0,False,2,0.9965904039588748,0,4.2554182400855666e-08,8.103616361328987e-12,18.524696300002688
3222,27338.715144341782,509.481425627454,27848.196569969237,233.83205573377566,0.2132380532967198,90700325.25494167,0,False,2,0.9965942768721122,0,4.248040418238689e-08,7.869516533569996e-12,18.529994900003658
3223,27338.71477310689,509.4817966496517,27848.196569756543,233.8320541461623,0.21323805184893038,90700325.25494167,0,False,2,0.9965981409944639,0,4.240997062340526e-08,7.637637518904224e-12,18.53525919999811
3224,27338.714404077124,509.4821654731357,27848.19656955026,233.83205256797933,0.21323805040974075,90700325.25494167,0,False,2,0.9966019963558324,0,4.2342856363436563e-08,7.407456773073359e-12,18.540940200000477
3225,27338.714037250968,509.48253209932847,27848.196569350297,233.83205099922023,0.21323804897914503,90700325.25494167,0,False,2,0.9966058429859845,0,4.227903424614622e-08,7.1804112927886205e-12,18.546102500004054
3226,27338.71367262693,509.482896529684,27848.196569156615,233.83204943987866,0.21323804755713743,90700325.25494167,0,False,2,0.9966096809145529,0,4.2218477519137525e-08,6.954933445274598e-12,18.55126900000323
3227,27338.71331020346,509.4832587656877,27848.19656896915,233.83204788994797,0.2132380461437119,90700325.25494167,0,False,2,0.996613510171036,0,4.216115802069297e-08,6.7316764108546855e-12,18.557034400000703
3228,27338.712949978973,509.4836188088567,27848.19656878783,233.83204634942138,0.21323804473886218,90700325.25494167,0,False,2,0.9966173307847989,0,4.210704705623308e-08,6.511032097723015e-12,18.562162700000044
3229,27338.712591951866,509.48397666073885,27848.196568612606,233.83204481829202,0.21323804334258212,90700325.25494167,0,False,2,0.9966211427850742,0,4.2056115166439066e-08,6.292086053427317e-12,18.567318200002774
3230,27338.71223612049,509.48433232291376,27848.196568443404,233.83204329655288,0.21323804195486523,90700325.25494167,0,False,2,0.996624946200963,0,4.20083331087126e-08,6.075883366484913e-12,18.572921799997857
3231,27338.711882483185,509.48468579699204,27848.19656828018,233.83204178419683,0.21323804057570506,90700325.25494167,0,False,2,0.9966287410614353,0,4.1963670302247136e-08,5.861248312314232e-12,18.578115800002706
3232,27338.711531038236,509.48503708461527,27848.19656812285,233.83204028121654,0.21323803920509488,90700325.25494167,0,False,2,0.9966325273953309,0,4.192209499805598e-08,5.649487251561882e-12,18.583372100001725
3233,27338.711181783918,509.48538618745675,27848.196567971376,233.83203878760463,0.213238037843028,90700325.25494167,0,False,2,0.9966363052313604,0,4.188357611318686e-08,5.439293823581626e-12,18.58937870000227
3234,27338.71083471847,509.4857331072197,27848.19656782569,233.8320373033536,0.21323803648949757,90700325.25494167,0,False,2,0.996640074598105,0,4.1848081509084603e-08,5.2314518447615005e-12,18.594394899999315
3235,27338.710489840094,509.48607784563904,27848.196567685733,233.8320358284557,0.21323803514449657,90700325.25494167,0,False,2,0.9966438355240186,0,4.18155776192821e-08,5.025700042972396e-12,18.599320300003455
3236,27338.71014714696,509.48642040448016,27848.19656755144,233.83203436290316,0.2132380338080178,90700325.25494167,0,False,2,0.9966475880374271,0,4.178603230551372e-08,4.822299690343775e-12,18.605059399997117
3237,27338.709806637227,509.4867607855393,27848.196567422765,233.83203290668808,0.21323803248005418,90700325.25494167,0,False,2,0.9966513321665301,0,4.1759411451717495e-08,4.620597606552578e-12,18.61025189999782
3238,27338.70946830899,509.48709899064323,27848.196567299634,233.83203145980232,0.2132380311605982,90700325.25494167,0,False,2,0.9966550679394014,0,4.1735680468890845e-08,4.421508244051488e-12,18.61559159999888
3239,27338.70913216035,509.4874350216495,27848.196567182,233.83203002223777,0.21323802984964252,90700325.25494167,0,False,2,0.9966587953839894,0,4.1714804816049154e-08,4.224117150388141e-12,18.620844600001874
3240,27338.708798189346,509.4877688804461,27848.19656706979,233.83202859398602,0.2132380285471794,90700325.25494167,0,False,2,0.996662514528118,0,4.169674968736066e-08,4.029338778015221e-12,18.626014399997075
3241,27338.708466394008,509.4881005689515,27848.19656696296,233.83202717503866,0.21323802725320126,90700325.25494167,0,False,2,0.9966662253994871,0,4.1681479680262435e-08,3.836128038415696e-12,18.63138489999983
3242,27338.708136772333,509.4884300891142,27848.196566861447,233.83202576538713,0.21323802596770022,90700325.25494167,0,False,2,0.996669928025674,0,4.1668959146107874e-08,3.6452687479776e-12,18.63669060000393
3243,27338.707809322277,509.4887574429135,27848.19656676519,233.83202436502268,0.21323802469066835,90700325.25494167,0,False,2,0.996673622434133,0,4.165915148733839e-08,3.456499634571778e-12,18.642098099997384
3244,27338.70748404178,509.4890826323585,27848.196566674138,233.8320229739365,0.21323802342209758,90700325.25494167,0,False,2,0.9966773086521971,0,4.1652020896902324e-08,3.2695594260690685e-12,18.647744000001694
3245,27338.707160928734,509.48940565948885,27848.196566588224,233.83202159211956,0.2132380221619797,90700325.25494167,0,False,2,0.9966809867070775,0,4.164752975259876e-08,3.0851013027928548e-12,18.653141299997515
3246,27338.706839981023,509.48972652637383,27848.1965665074,233.83202021956285,0.2132380209103065,90700325.25494167,0,False,2,0.9966846566258658,0,4.1645641620289886e-08,2.9023414483553658e-12,18.658460500002548
3247,27338.70652119649,509.4900452351129,27848.196566431605,233.83201885625712,0.2132380196670695,90700325.25494167,0,False,2,0.9966883184355335,0,4.1646318728984463e-08,2.721671770950677e-12,18.664219199999934
3248,27338.706204572944,509.4903617878354,27848.19656636078,233.832017502193,0.2132380184322602,90700325.25494167,0,False,2,0.9966919721629327,0,4.164952444063812e-08,2.5432229066435627e-12,18.66931029999978
3249,27338.705890108173,509.49067618670034,27848.19656629487,233.832016157361,0.21323801720586993,90700325.25494167,0,False,2,0.9966956178347974,0,4.165522036902727e-08,2.366733583304839e-12,18.674671699998726
3250,27338.705577799934,509.49098843389675,27848.19656623383,233.8320148217516,0.21323801598789002,90700325.25494167,0,False,2,0.9966992554777439,0,4.1663369288788435e-08,2.1919425288053142e-12,18.68005870000343
3251,27338.705267645943,509.4912985316429,27848.196566177587,233.832013495355,0.2132380147783115,90700325.25494167,0,False,2,0.996702885118271,0,4.1673931824695564e-08,2.0196335595330138e-12,18.6854405999984
3252,27338.704959643903,509.4916064821871,27848.19656612609,233.83201217816136,0.21323801357712543,90700325.25494167,0,False,2,0.9967065067827613,0,4.168687142879312e-08,1.8491534951647832e-12,18.69127490000392
3253,27338.70465379148,509.491912287807,27848.196566079285,233.8320108701607,0.21323801238432272,90700325.25494167,0,False,2,0.9967101204974814,0,4.170214886055141e-08,1.6807636078300314e-12,18.697064200001478
3254,27338.704350086315,509.49221595080945,27848.196566037124,233.83200957134298,0.21323801119989416,90700325.25494167,0,False,2,0.9967137262885827,0,4.1719725813616406e-08,1.513941353270245e-12,18.702142699999968
3255,27338.704048526015,509.49251747353105,27848.196565999548,233.83200828169788,0.2132380100238304,90700325.25494167,0,False,2,0.9967173241821018,0,4.173956392018205e-08,1.3493399118087871e-12,18.707786200000555
3256,27338.703749108154,509.4928168583371,27848.19656596649,233.8320070012151,0.21323800885612199,90700325.25494167,0,False,2,0.996720914203962,0,4.176162484917716e-08,1.187089919510407e-12,18.713767699999153
3257,27338.703451830293,509.49311410762294,27848.196565937917,233.83200572988417,0.21323800769675944,90700325.25494167,0,False,2,0.9967244963799724,0,4.178587006828745e-08,1.0260156517933096e-12,18.7189498000007
3258,27338.703156689946,509.4934092238119,27848.196565913757,233.83200446769447,0.213238006545733,90700325.25494167,0,False,2,0.9967280707358299,0,4.1812261189861156e-08,8.675541053687752e-13,18.72405869999784
3259,27338.702863684608,509.4937022093571,27848.196565893966,233.8320032146353,0.21323800540303298,90700325.25494167,0,False,2,0.9967316372971192,0,4.1840759800452736e-08,7.106601917196553e-13,18.730041800001345
3260,27338.70257281174,509.4939930667404,27848.19656587848,233.83200197069579,0.2132380042686494,90700325.25494167,0,False,2,0.9967351960893136,0,4.187132641782699e-08,5.561177272339564e-13,18.73557250000158
3261,27338.702284068782,509.4942817984725,27848.196565867256,233.832000735865,0.21323800314257235,90700325.25494167,0,False,2,0.9967387471377752,0,4.190392434506651e-08,4.030122594591754e-13,18.741613999998663
3262,27338.701997453143,509.4945684070928,27848.196565860235,233.83199951013182,0.21323800202479165,90700325.25494167,0,False,2,0.996742290467756,0,4.193851365838369e-08,2.5212760478331344e-13,18.74692089999735
3263,27338.701712962204,509.4948528951694,27848.19656585737,233.83199829348507,0.21323800091529713,90700325.25494167,0,False,2,0.9967458261043984,0,4.1975056612725974e-08,1.028105828831698e-13,18.75193749999744
3264,27338.701714150808,509.4948517053533,27848.19656585616,233.83199829856824,0.2132380009199326,90700325.25494167,0,True,3,0.0,0,4.1973892107892616e-08,4.35018095299861e-14,18.760489599997527
3265,27338.70171533938,509.4948505155741,27848.196565854952,233.83199830365123,0.21323800092456793,90700325.25494167,0,False,3,0.28175352512532087,0,4.1972727161121314e-08,4.337117346533338e-14,18.765525399998296
3266,27338.701716862783,509.4948489906172,27848.1965658534,233.8319983101662,0.21323800093050913,90700325.25494167,0,False,3,0.434042782780302,0,4.1971234598912063e-08,5.578159960752456e-14,18.77088260000164
3267,27338.701718712473,509.4948471390455,27848.19656585152,233.83199831807653,0.21323800093772277,90700325.25494167,0,False,3,0.5310638054044795,0,4.196942242946272e-08,6.75388454264445e-14,18.77677979999862
3268,27338.701720883175,509.4948449661345,27848.19656584931,233.8319983273597,0.2132380009461884,90700325.25494167,0,False,3,0.5987785940560388,0,4.1967295493858754e-08,7.929609124536671e-14,18.78197199999704
3269,27338.701723371272,509.49484247551044,27848.19656584678,233.83199833800023,0.21323800095589177,90700325.25494167,0,False,3,0.6489233261224006,0,4.196485750680981e-08,9.079206493498226e-14,18.787348500001826
3270,27338.70172617409,509.49483966984144,27848.196565843933,233.8319983499867,0.21323800096682255,90700325.25494167,0,False,3,0.6876458540105597,0,4.196211181839292e-08,1.0228803862460082e-13,18.79260780000186
3271,27338.70172928958,509.4948365511857,27848.196565840764,233.8319983633103,0.21323800097897275,90700325.25494167,0,False,3,0.718499853459134,0,4.195905932105565e-08,1.1378401231422277e-13,18.797959600000468
3272,27338.701732716087,509.4948331211889,27848.196565837276,233.83199837796403,0.2132380009923359,90700325.25494167,0,False,3,0.7436910466053832,0,4.1955702649411915e-08,1.252799860038485e-13,18.80347040000197
3273,27338.701736452276,509.4948293812032,27848.19656583348,233.83199839394211,0.21323800100690674,90700325.25494167,0,False,3,0.7646647176173088,0,4.195204254193497e-08,1.3625341543485958e-13,18.80884650000371
3274,27338.701740497003,509.49482533236494,27848.196565829367,233.8319984112397,0.21323800102268092,90700325.25494167,0,False,3,0.782409243228014,0,4.194808092509465e-08,1.4774938912449397e-13,18.814167999997153
3275,27338.70174484929,509.4948209756475,27848.19656582494,233.83199842985258,0.2132380010396545,90700325.25494167,0,False,3,0.7976243809601435,0,4.1943818098994815e-08,1.5898409068482379e-13,18.820241200002783
3276,27338.701749508306,509.49481631189843,27848.196565820203,233.83199844977722,0.21323800105782437,90700325.25494167,0,False,3,0.8108199838000861,0,4.193925483426087e-08,1.700881561805041e-13,18.825960300004226
3277,27338.70175447329,509.4948113418656,27848.196565815157,233.83199847101034,0.21323800107718743,90700325.25494167,0,False,3,0.8223766390185732,0,4.193439230567109e-08,1.8119222167618994e-13,18.830966200002877
3278,27338.701759743584,509.4948060662174,27848.1965658098,233.83199849354915,0.21323800109774121,90700325.25494167,0,False,3,0.8325843815233085,0,4.192923172142282e-08,1.922962871718817e-13,18.836330400001316
3279,27338.70176531858,509.4948004855579,27848.196565804137,233.831998517391,0.2132380011194833,90700325.25494167,0,False,3,0.8416682316299193,0,4.1923772583163224e-08,2.0340035266757975e-13,18.842056499997852
3280,27338.701771197724,509.4947946004381,27848.196565798164,233.83199854253363,0.21323800114241154,90700325.25494167,0,False,3,0.8498055224352064,0,4.191801654919194e-08,2.1450441816328446e-13,18.847042800000054
3281,27338.701777380513,509.4947884113656,27848.196565791877,233.8319985689748,0.213238001166524,90700325.25494167,0,False,3,0.8571379479988086,0,4.19119633007262e-08,2.2573911972365106e-13,18.852315199997975
3282,27338.701783866476,509.4947819188117,27848.19656578529,233.83199859671248,0.21323800119181877,90700325.25494167,0,False,3,0.8637801230052086,0,4.190561404292173e-08,2.365819130900604e-13,18.857495000003837
3283,27338.701790655177,509.494775123217,27848.196565778395,233.8319986257449,0.21323800121829425,90700325.25494167,0,False,3,0.8698257810419169,0,4.189896917486244e-08,2.4755534252113227e-13,18.862738900003023
3284,27338.701797746195,509.49476802499674,27848.19656577119,233.83199865607014,0.2132380012459487,90700325.25494167,0,False,3,0.8753523399411488,0,4.1892029214541734e-08,2.586594080168671e-13,18.868433700001333
3285,27338.701805139142,509.49476062454414,27848.196565763687,233.83199868768665,0.21323800127478068,90700325.25494167,0,False,3,0.8804243161473297,0,4.188479453847232e-08,2.6950220138330046e-13,18.873652700000093
3286,27338.701812833635,509.49475292223445,27848.19656575587,233.8319987205927,0.21323800130478865,90700325.25494167,0,False,3,0.8850959137641199,0,4.1877265390971324e-08,2.807369029437076e-13,18.878592100001697
3287,27338.70182082933,509.49474491842693,27848.196565747756,233.8319987547869,0.2132380013359713,90700325.25494167,0,False,3,0.8894130125262103,0,4.186944234379575e-08,2.913184241808486e-13,18.884011800000735
3288,27338.70182912587,509.49473661346747,27848.196565739338,233.83199879026765,0.21323800136832718,90700325.25494167,0,False,3,0.8934147117832398,0,4.186132614806361e-08,3.0229185361196414e-13,18.88926000000356
3289,27338.701837722925,509.49472800769087,27848.196565730617,233.83199882703363,0.21323800140185512,90700325.25494167,0,False,3,0.8971345422701921,0,4.185291689383449e-08,3.131346469784344e-13,18.894764000004216
3290,27338.701846620163,509.49471910142245,27848.196565721584,233.8319988650833,0.2132380014365537,90700325.25494167,0,False,3,0.9006014263404838,0,4.1844214656026226e-08,3.2436934853888025e-13,18.900079500002903
3291,27338.70185581728,509.4947098949788,27848.196565712256,233.83199890441546,0.2132380014724218,90700325.25494167,0,False,3,0.9038404456605403,0,4.183522108558111e-08,3.3495086977606075e-13,18.905204599999706
3292,27338.701865313953,509.4947003886703,27848.196565702623,233.83199894502872,0.21323800150945818,90700325.25494167,0,False,3,0.906873460036305,0,4.182593547155655e-08,3.4592429920721757e-13,18.91043350000109
3293,27338.701875109888,509.49469058280124,27848.196565692688,233.83199898692175,0.21323800154766162,90700325.25494167,0,False,3,0.9097196100592845,0,4.181635852861739e-08,3.567670925737304e-13,18.915584900001704
3294,27338.701885204788,509.49468047767084,27848.196565682458,233.83199903009336,0.21323800158703102,90700325.25494167,0,False,3,0.9123957282937485,0,4.1806491329537247e-08,3.673486138109439e-13,18.92087039999751
3295,27338.701895598348,509.494670073575,27848.196565671922,233.83199907454218,0.21323800162756518,90700325.25494167,0,False,3,0.914916677883027,0,4.179633303214604e-08,3.7832204324213525e-13,18.926657600000908
3296,27338.701906290284,509.49465937080555,27848.19656566109,233.83199912026706,0.21323800166926296,90700325.25494167,0,False,3,0.917295633120554,0,4.1785884633890596e-08,3.89034200544028e-13,18.932651100003568
3297,27338.701917280305,509.4946483696525,27848.196565649956,233.8319991672667,0.21323800171212326,90700325.25494167,0,False,3,0.9195443132877347,0,4.177514702571676e-08,3.9974635784593307e-13,18.93800470000133
3298,27338.70192856812,509.4946370704035,27848.196565638522,233.83199921553987,0.21323800175614493,90700325.25494167,0,False,3,0.9216731786097809,0,4.1764120177862395e-08,4.105891512125065e-13,18.94396190000407
3299,27338.70194015345,509.49462547334474,27848.196565626793,233.8319992650854,0.2132380018013269,90700325.25494167,0,False,3,0.9236915953126076,0,4.175280462350427e-08,4.2117067244978187e-13,18.949152200002572
3300,27338.701952036005,509.49461357876135,27848.196565614766,233.83199931590204,0.21323800184766803,90700325.25494167,0,False,3,0.9256079753284939,0,4.174120058390136e-08,4.318828297517262e-13,18.95433590000175
3301,27338.7019642155,509.49460138693837,27848.196565602437,233.83199936798854,0.2132380018951672,90700325.25494167,0,False,3,0.9274298950868183,0,4.172930876029768e-08,4.427256231183401e-13,18.960168300000078
3302,27338.701976691656,509.4945888981602,27848.196565589817,233.83199942134377,0.21323800194382334,90700325.25494167,0,False,3,0.9291641969594342,0,4.171712899298619e-08,4.531765082910008e-13,18.96519480000279
3303,27338.701989464185,509.4945761127113,27848.196565576898,233.83199947596646,0.2132380019936353,90700325.25494167,0,False,3,0.9308170762496849,0,4.1704662745572145e-08,4.638886655929873e-13,18.970261200003733
3304,27338.702002532806,509.49456303087715,27848.19656556368,233.83199953185536,0.21323800204460197,90700325.25494167,0,False,3,0.9323941560762216,0,4.169190946775037e-08,4.746008228949887e-13,18.976067499999772
3305,27338.70201589723,509.49454965294336,27848.196565550174,233.83199958900934,0.2132380020967223,90700325.25494167,0,False,3,0.9339005520751649,0,4.167886985353574e-08,4.850517080676932e-13,18.98150280000118
3306,27338.70202955717,509.49453597919694,27848.196565536367,233.8319996474271,0.21323800214999508,90700325.25494167,0,False,3,0.9353409285021578,0,4.166554500088017e-08,4.957638653697248e-13,18.98729209999874
3307,27338.702043512345,509.4945220099258,27848.19656552227,233.83199970710743,0.21323800220441927,90700325.25494167,0,False,3,0.936719547040866,0,4.165193407678615e-08,5.062147505424602e-13,18.992596900003264
3308,27338.702057762457,509.4945077454196,27848.19656550788,233.8319997680491,0.2132380022599937,90700325.25494167,0,False,3,0.9380403094021824,0,4.1638038678570605e-08,5.167962717798674e-13,18.997563400000217
3309,27338.70207230722,509.49449318596936,27848.19656549319,233.83199983025085,0.21323800231671725,90700325.25494167,0,False,3,0.9393067946178,0,4.162385920494723e-08,5.275084290819471e-13,19.002882100001443
3310,27338.702087146346,509.49447833186787,27848.196565478214,233.8319998937115,0.2132380023745888,90700325.25494167,0,False,3,0.9405222917844157,0,4.160939554643387e-08,5.376980421254185e-13,19.008221900003264
3311,27338.70210227953,509.4944631834102,27848.196565462942,233.8319999584297,0.21323800243360713,90700325.25494167,0,False,3,0.9416898288939467,0,4.159464792199685e-08,5.484101994275317e-13,19.01338140000007
3312,27338.70211770649,509.4944477408928,27848.196565447382,233.83200002440424,0.2132380024937712,90700325.25494167,0,False,3,0.9428121982856035,0,4.157961747925625e-08,5.587304485356931e-13,19.01915960000042
3313,27338.702133426912,509.4944320046153,27848.196565431528,233.8320000916338,0.21323800255507974,90700325.25494167,0,False,3,0.9438919791733417,0,4.1564304549365954e-08,5.693119697731847e-13,19.024399200003245
3314,27338.702149440505,509.494415974879,27848.196565415383,233.8320001601171,0.2132380026175316,90700325.25494167,0,False,3,0.9449315576338684,0,4.1548709551737866e-08,5.797628549460376e-13,19.029505700003938
3315,27338.702165746967,509.49439965198775,27848.196565398954,233.83200022985292,0.21323800268112564,90700325.25494167,0,False,3,0.9459331443834135,0,4.153283292319987e-08,5.899524679895953e-13,19.03484980000212
3316,27338.702182345987,509.49438303624817,27848.196565382237,233.83200030083987,0.21323800274586063,90700325.25494167,0,False,3,0.9468987906238281,0,4.151667509124521e-08,6.002727170978277e-13,19.040141500001482
3317,27338.702199237257,509.4943661279695,27848.196565365226,233.83200037307665,0.2132380028117354,90700325.25494167,0,False,3,0.9478304021985741,0,4.150023645202944e-08,6.108542383353921e-13,19.04538870000397
3318,27338.702216420468,509.4943489274636,27848.19656534793,233.83200044656192,0.2132380028787487,90700325.25494167,0,False,3,0.9487297522654735,0,4.1483518138094185e-08,6.210438513790051e-13,19.051170400001865
3319,27338.7022338953,509.4943314350452,27848.196565330345,233.83200052129433,0.2132380029468993,90700325.25494167,0,False,3,0.9495984926646243,0,4.1466519858033006e-08,6.31494736551951e-13,19.056349899998168
3320,27338.702251661445,509.49431365103203,27848.19656531248,233.83200059727258,0.213238003016186,90700325.25494167,0,False,3,0.9504381641357491,0,4.144924212420962e-08,6.415537135309454e-13,19.061866000003647
3321,27338.702269718575,509.4942955757448,27848.196565294318,233.83200067449525,0.21323800308660754,90700325.25494167,0,False,3,0.9512502055187321,0,4.143168592835778e-08,6.521352347685877e-13,19.06757479999942
3322,27338.70228806637,509.4942772095071,27848.196565275877,233.83200075296097,0.21323800315816263,90700325.25494167,0,False,3,0.9520359620535963,0,4.141385177275672e-08,6.621942117476215e-13,19.072897700003523
3323,27338.702306704512,509.494258552646,27848.19656525716,233.83200083266837,0.21323800323085007,90700325.25494167,0,False,3,0.9527966928812224,0,4.1395740127786744e-08,6.72122552662018e-13,19.078165699997044
3324,27338.702325632657,509.4942396054913,27848.196565238148,233.832000913616,0.21323800330466852,90700325.25494167,0,False,3,0.9535335778332711,0,4.1377350799485884e-08,6.827040738997214e-13,19.083500400003686
3325,27338.702344850484,509.4942203683762,27848.19656521886,233.83200099580247,0.21323800337961668,90700325.25494167,0,False,3,0.9542477235887569,0,4.1358685479523274e-08,6.926324148141589e-13,19.089657800002897
3326,27338.702364357647,509.4942008416372,27848.196565199283,233.8320010792263,0.21323800345569321,90700325.25494167,0,False,3,0.9549401692652046,0,4.133974389133218e-08,7.029526639225897e-13,19.094952100000228
3327,27338.702384153814,509.4941810256142,27848.196565179427,233.8320011638861,0.21323800353289687,90700325.25494167,0,False,3,0.9556118915041254,0,4.132052671244278e-08,7.130116409017267e-13,19.100319299999683
3328,27338.702404238644,509.49416092064996,27848.196565159295,233.83200124978038,0.21323800361122627,90700325.25494167,0,False,3,0.9562638091034213,0,4.1301034485486587e-08,7.229399818162274e-13,19.105911799997557
3329,27338.702424611787,509.4941405270914,27848.19656513888,233.83200133690764,0.2132380036906801,90700325.25494167,0,False,3,0.9568967872431737,0,4.1281268049554455e-08,7.331295948600652e-13,19.111352799998713
3330,27338.702445272895,509.4941198452882,27848.19656511818,233.8320014252664,0.21323800377125696,90700325.25494167,0,False,3,0.9575116413458903,0,4.126122794193578e-08,7.431885718392674e-13,19.116862000002584
3331,27338.702466221614,509.4940988755938,27848.19656509721,233.83200151485516,0.21323800385295547,90700325.25494167,0,False,3,0.9581091406076137,0,4.1240914138138756e-08,7.531169127538338e-13,19.122576499998104
3332,27338.70248745759,509.49407761836517,27848.196565075956,233.83200160567242,0.2132380039357743,90700325.25494167,0,False,3,0.9586900112322029,0,4.122032767007603e-08,7.631758897330808e-13,19.128226499997254
3333,27338.702508980467,509.4940560739625,27848.19656505443,233.83200169771658,0.21323800401971196,90700325.25494167,0,False,3,0.9592549393975224,0,4.1199469093756526e-08,7.729735945830341e-13,19.133410800001002
3334,27338.702530789873,509.4940342427497,27848.196565032624,233.83200179098614,0.2132380041047671,90700325.25494167,0,False,3,0.9598045739791348,0,4.11783394254625e-08,7.830325715623269e-13,19.138728099998843
3335,27338.70255288545,509.4940121250946,27848.196565010545,233.8320018854795,0.21323800419093827,90700325.25494167,0,False,3,0.9603395290543362,0,4.115693801834084e-08,7.928302764123261e-13,19.144454300003417
3336,27338.702575266816,509.4939897213682,27848.196564988186,233.8320019811951,0.21323800427822404,90700325.25494167,0,False,3,0.9608603862069443,0,4.1135266564836936e-08,8.028892533916658e-13,19.14951010000368
3337,27338.702597933614,509.49396703194515,27848.196564965558,233.83200207813135,0.21323800436662294,90700325.25494167,0,False,3,0.9613676966511135,0,4.111332503505908e-08,8.125563221770535e-13,19.154758600001514
3338,27338.70262088545,509.4939440572038,27848.196564942657,233.8320021762866,0.21323800445613347,90700325.25494167,0,False,3,0.9618619831905493,0,4.109111443364108e-08,8.223540270271234e-13,19.160049199999776
3339,27338.70264412195,509.4939207975261,27848.196564919475,233.83200227565922,0.21323800454675418,90700325.25494167,0,False,3,0.9623437420278342,0,4.106863486176974e-08,8.324130040065353e-13,19.165302399997017
3340,27338.702667642734,509.49389725329763,27848.196564896032,233.8320023762476,0.21323800463848355,90700325.25494167,0,False,3,0.9628134444370816,0,4.104588726502879e-08,8.418188006626771e-13,19.171249899998656
3341,27338.702691447405,509.49387342490786,27848.196564872313,233.83200247805007,0.2132380047313201,90700325.25494167,0,False,3,0.9632715383118254,0,4.1022872791762514e-08,8.517471415774791e-13,19.177115200000117
3342,27338.702715535575,509.49384931274983,27848.196564848324,233.83200258106493,0.21323800482526226,90700325.25494167,0,False,3,0.9637184495988772,0,4.099959087136547e-08,8.614142103629879e-13,19.182272500002
3343,27338.702739906847,509.49382491722037,27848.196564824066,233.8320026852905,0.21323800492030848,90700325.25494167,0,False,3,0.9641545836278388,0,4.0976043209440456e-08,8.710812791485216e-13,19.188051999997697
3344,27338.702764560825,509.4938002387195,27848.196564799546,233.83200279072506,0.21323800501645723,90700325.25494167,0,False,3,0.9645803263450347,0,4.0952229142349404e-08,8.804870758047615e-13,19.193248399998993
3345,27338.7027894971,509.49377527765176,27848.196564774753,233.8320028973669,0.21323800511370694,90700325.25494167,0,False,3,0.964996045459788,0,4.09281509247935e-08,8.902847806550049e-13,19.19825950000086
3346,27338.702814715267,509.4937500344248,27848.19656474969,233.83200300521426,0.21323800521205602,90700325.25494167,0,False,3,0.9654020915102275,0,4.09038081101913e-08,8.999518494406146e-13,19.203535000000556
3347,27338.70284021491,509.4937245094504,27848.196564724363,233.8320031142654,0.21323800531150283,90700325.25494167,0,False,3,0.9657987988551446,0,4.087920112790312e-08,9.094882821615906e-13,19.208779000000504
3348,27338.702865995627,509.4936987031439,27848.19656469877,233.83200322451856,0.2132380054120458,90700325.25494167,0,False,3,0.9661864865978228,0,4.08543316112437e-08,9.190247148825925e-13,19.21416170000157
3349,27338.702892056994,509.4936726159244,27848.19656467292,233.83200333597193,0.21323800551368327,90700325.25494167,0,False,3,0.966565459447225,0,4.0829199083196875e-08,9.282998754743006e-13,19.220047499999055
3350,27338.702918398587,509.49364624821516,27848.1965646468,233.8320034486237,0.2132380056164136,90700325.25494167,0,False,3,0.9669360085214439,0,4.0803805273194886e-08,9.378363081953546e-13,19.225444399999105
3351,27338.702945019977,509.4936196004422,27848.19656462042,233.83200356247207,0.21323800572023513,90700325.25494167,0,False,3,0.9672984120978823,0,4.07781501547444e-08,9.473727409164355e-13,19.230572200001916
3352,27338.702971920746,509.4935926730364,27848.19656459378,233.83200367751522,0.21323800582514624,90700325.25494167,0,False,3,0.9676529363142448,0,4.075223419370901e-08,9.56517265443562e-13,19.236362000003282
3353,27338.702999100446,509.493565466432,27848.19656456688,233.83200379375123,0.21323800593114514,90700325.25494167,0,False,3,0.9679998358240649,0,4.072605872855749e-08,9.660536981646965e-13,19.24160999999731
3354,27338.703026558647,509.493537981067,27848.196564539714,233.83200391117828,0.21323800603823018,90700325.25494167,0,False,3,0.9683393544101703,0,4.0699624167894655e-08,9.754594948211978e-13,19.24677150000207
3355,27338.703054294914,509.4935102173831,27848.1965645123,233.8320040297945,0.21323800614639965,90700325.25494167,0,False,3,0.9686717255592106,0,4.067293062543062e-08,9.84473383283744e-13,19.25241829999868
3356,27338.70308230879,509.493482175826,27848.196564484617,233.83200414959794,0.21323800625565179,90700325.25494167,0,False,3,0.9689971730000947,0,4.0645979819829963e-08,9.940098160049606e-13,19.257469399999536
3357,27338.70311059984,509.49345385684495,27848.196564456684,233.8320042705867,0.21323800636598486,90700325.25494167,0,False,3,0.9693159112089641,0,4.061877173039555e-08,1.0030237044675613e-12,19.26266829999804
3358,27338.7031391676,509.493425260893,27848.196564428494,233.83200439275885,0.2132380064773971,90700325.25494167,0,False,3,0.969628145883101,0,4.059130633808253e-08,1.0122988650595113e-12,19.268237600001157
3359,27338.70316801162,509.49339638842724,27848.19656440005,233.83200451611248,0.21323800658988676,90700325.25494167,0,False,3,0.9699340743859814,0,4.0563586021175717e-08,1.0214433895868281e-12,19.273702200000116
3360,27338.703197131443,509.4933672399082,27848.196564371352,233.83200464064555,0.21323800670345197,90700325.25494167,0,False,3,0.9702338861655042,0,4.053561020194911e-08,1.0304572780495115e-12,19.27897230000235
3361,27338.703226526595,509.4933378158005,27848.196564342397,233.8320047663561,0.213238006818091,90700325.25494167,0,False,3,0.970527763147263,0,4.050737958778095e-08,1.0397324386415458e-12,19.284426400001394
3362,27338.70325619662,509.49330811657234,27848.19656431319,233.83200489324219,0.213238006933802,90700325.25494167,0,False,3,0.9708158801045849,0,4.0478895724891145e-08,1.0487463271042855e-12,19.28986309999891
3363,27338.70328614104,509.49327814269583,27848.196564283735,233.83200502130174,0.2132380070505831,90700325.25494167,0,False,3,0.9710984050069197,0,4.045015837796275e-08,1.0577602155670535e-12,19.295438699999067
3364,27338.703316359384,509.4932478946468,27848.19656425403,233.83200515053272,0.21323800716843247,90700325.25494167,0,False,3,0.9713754993480485,0,4.042116894551334e-08,1.066643467965188e-12,19.300968900002772
3365,27338.703346851173,509.49321737290455,27848.196564224076,233.83200528093315,0.21323800728734832,90700325.25494167,0,False,3,0.9716473184554572,0,4.0391927636056e-08,1.075657356428013e-12,19.30661279999913
3366,27338.703377615922,509.4931865779527,27848.196564193877,233.83200541250088,0.21323800740732862,90700325.25494167,0,False,3,0.9719140117821313,0,4.036243560259837e-08,1.0844099727615424e-12,19.312509399998817
3367,27338.70340865315,509.49315551027814,27848.196564163427,233.8320055452339,0.21323800752837163,90700325.25494167,0,False,3,0.9721757231819224,0,4.033269292624147e-08,1.0934238612244251e-12,19.31776710000122
3368,27338.70343996236,509.49312417037186,27848.19656413273,233.83200567913008,0.21323800765047532,90700325.25494167,0,False,3,0.972432591169558,0,4.0302700799067044e-08,1.1023071136226747e-12,19.322906699999294
3369,27338.703471543064,509.4930925587286,27848.196564101792,233.8320058141873,0.21323800777363783,90700325.25494167,0,False,3,0.9726847491662854,0,4.027245986793456e-08,1.110929093891628e-12,19.32807540000067
3370,27338.70350339476,509.4930606758465,27848.196564070608,233.83200595040347,0.21323800789785718,90700325.25494167,0,False,3,0.9729323257320669,0,4.024197072093995e-08,1.119812346289936e-12,19.333190700002888
3371,27338.70353551695,509.4930285222277,27848.19656403918,233.8320060877764,0.21323800802313145,90700325.25494167,0,False,3,0.9731754447851788,0,4.0211233893865465e-08,1.1285649626236106e-12,19.338635000000068
3372,27338.703567909135,509.4929960983783,27848.196564007514,233.832006226304,0.21323800814945867,90700325.25494167,0,False,3,0.9734142258100047,0,4.018025071334491e-08,1.1370563068279885e-12,19.344001400000707
3373,27338.703600570792,509.49296340480777,27848.1965639756,233.832006365984,0.2132380082768368,90700325.25494167,0,False,3,0.9736487840537572,0,4.0149021211337296e-08,1.1459395592263853e-12,19.349047700001393
3374,27338.70363350142,509.49293044202955,27848.19656394345,233.83200650681428,0.2132380084052639,90700325.25494167,0,False,3,0.9738792307128099,0,4.0117546515468296e-08,1.1545615394954855e-12,19.35428910000337
3375,27338.7036667005,509.4928972105604,27848.19656391106,233.83200664879263,0.21323800853473798,90700325.25494167,0,False,3,0.9741056731092769,0,4.008582732813385e-08,1.1630528836999519e-12,19.35983519999718
3376,27338.703700167513,509.49286371092126,27848.196563878435,233.8320067919168,0.21323800866525697,90700325.25494167,0,False,3,0.9743282148584276,0,4.0053864778758e-08,1.171544227904448e-12,19.364798299997346
3377,27338.703733901937,509.4928299436366,27848.196563845573,233.83200693618457,0.2132380087968188,90700325.25494167,0,False,3,0.9745469560274896,0,4.0021658603794734e-08,1.1800355721089736e-12,19.369871299997612
3378,27338.70376790324,509.49279590923436,27848.196563812475,233.83200708159367,0.2132380089294215,90700325.25494167,0,False,3,0.9747619932863513,0,3.998921025450199e-08,1.1885269163135294e-12,19.375287200004095
3379,27338.703802170894,509.4927616082466,27848.19656377914,233.83200722814186,0.21323800906306292,90700325.25494167,0,False,3,0.9749734200506426,0,3.9956520510352886e-08,1.1970182605181153e-12,19.380587300001935
3380,27338.703836704364,509.49272704120887,27848.196563745572,233.83200737582683,0.213238009197741,90700325.25494167,0,False,3,0.9751813266176402,0,3.9923589502836e-08,1.2053789686580673e-12,19.38589199999842
3381,27338.703871503116,509.4926922086603,27848.196563711776,233.8320075246463,0.21323800933345366,90700325.25494167,0,False,3,0.9753858002954143,0,3.9890418399706016e-08,1.213609040733385e-12,19.391793900002085
3382,27338.703906566603,509.4926571111436,27848.196563677746,233.8320076745979,0.21323800947019877,90700325.25494167,0,False,3,0.9755869255256047,0,3.9857008290004924e-08,1.2219697488733973e-12,19.39706930000102
3383,27338.70394189428,509.4926217492056,27848.196563643487,233.83200782567934,0.2132380096079742,90700325.25494167,0,False,3,0.9757847840001912,0,3.9823359561706296e-08,1.2301998209487752e-12,19.402289500001643
3384,27338.703977485595,509.49258612339634,27848.19656360899,233.83200797788825,0.2132380097467778,90700325.25494167,0,False,3,0.9759794547725988,0,3.9789472534324726e-08,1.2386911651535135e-12,19.408218900003703
3385,27338.704013340008,509.4925502342697,27848.196563574278,233.8320081312223,0.21323800988660746,90700325.25494167,0,False,3,0.9761710143634545,0,3.9755348643542995e-08,1.2465293290349575e-12,19.41354760000104
3386,27338.704049456952,509.4925140823831,27848.196563539335,233.8320082856791,0.21323801002746098,90700325.25494167,0,False,3,0.9763595368612947,0,3.972098838518391e-08,1.2547594011104266e-12,19.41887310000311
3387,27338.70408583587,509.49247766829734,27848.196563504167,233.83200844125628,0.2132380101693362,90700325.25494167,0,False,3,0.9765450940185029,0,3.9686392019422394e-08,1.2628588371212612e-12,19.42427499999758
3388,27338.704122476192,509.4924409925775,27848.19656346877,233.83200859795133,0.21323801031223083,90700325.25494167,0,False,3,0.9767277553427384,0,3.9651561189818785e-08,1.2710889091967921e-12,19.4294205000042
3389,27338.704159377365,509.49240405579155,27848.196563433157,233.83200875576193,0.21323801045614277,90700325.25494167,0,False,3,0.9769075881841018,0,3.96164965641792e-08,1.278796437013691e-12,19.43462659999932
3390,27338.7041965388,509.49236685851156,27848.196563397312,233.8320089146856,0.21323801060106976,90700325.25494167,0,False,3,0.9770846578182681,0,3.958119830557543e-08,1.2871571451539494e-12,19.440093199998955
3391,27338.70423395994,509.492329401313,27848.196563361253,233.83200907471988,0.21323801074700954,90700325.25494167,0,False,3,0.9772590275258022,0,3.954566712390928e-08,1.2948646729709093e-12,19.44517839999753
3392,27338.7042716402,509.4922916847747,27848.196563324975,233.8320092358623,0.21323801089395986,90700325.25494167,0,False,3,0.9774307586678609,0,3.9509904598052586e-08,1.3027028368525653e-12,19.450302099998225
3393,27338.704309579,509.49225370947937,27848.19656328848,233.83200939811042,0.2132380110419185,90700325.25494167,0,False,3,0.9775999107584725,0,3.947391096000543e-08,1.3105410007342518e-12,19.455816200003028
3394,27338.704347775747,509.49221547601303,27848.19656325176,233.83200956146166,0.21323801119088312,90700325.25494167,0,False,3,0.9777665415335723,0,3.943768691363277e-08,1.3185098006806358e-12,19.461191399997915
3395,27338.70438622986,509.49217698496557,27848.196563214824,233.83200972591354,0.2132380113408514,90700325.25494167,0,False,3,0.9779307070169622,0,3.940123355522349e-08,1.3263479645623844e-12,19.466631499999494
3396,27338.704424940748,509.4921382369299,27848.196563177677,233.8320098914635,0.21323801149182112,90700325.25494167,0,False,3,0.9780924615833548,0,3.9364551098885665e-08,1.33392485631483e-12,19.471838199999183
3397,27338.704463907816,509.4920992325028,27848.196563140318,233.8320100581091,0.21323801164378992,90700325.25494167,0,False,3,0.9782518580186513,0,3.932764078671049e-08,1.3415017480673061e-12,19.476942599998438
3398,27338.704503130455,509.4920599722848,27848.19656310274,233.83201022584763,0.21323801179675542,90700325.25494167,0,False,3,0.9784089475775907,0,3.9290503161207934e-08,1.3493399119491473e-12,19.482572200002323
3399,27338.704542608077,509.4920204568792,27848.196563064957,233.83201039467662,0.21323801195071534,90700325.25494167,0,False,3,0.9785637800389086,0,3.9253139448758746e-08,1.3567861676370175e-12,19.488132099999348
3400,27338.704582340062,509.49198068689344,27848.196563026955,233.83201056459342,0.21323801210566729,90700325.25494167,0,False,3,0.9787164037581244,0,3.9215549911579105e-08,1.3646243315189211e-12,19.49337060000107
3401,27338.704622325815,509.49194066293813,27848.196562988753,233.83201073559545,0.21323801226160885,90700325.25494167,0,False,3,0.9788668657180801,0,3.917773511220353e-08,1.3718093150775172e-12,19.498848199997155
3402,27338.704662564705,509.49190038562705,27848.196562950332,233.83201090768006,0.21323801241853768,90700325.25494167,0,False,3,0.9790152115773374,0,3.9139696841423406e-08,1.3796474789594832e-12,19.504021699998702
3403,27338.704703056137,509.4918598555783,27848.196562911715,233.8320110808447,0.2132380125764514,90700325.25494167,0,False,3,0.9791614857165423,0,3.910143465089595e-08,1.3867018264534722e-12,19.50920269999915
3404,27338.704743799473,509.49181907341233,27848.196562872887,233.8320112550866,0.2132380127353475,90700325.25494167,0,False,3,0.9793057312828535,0,3.9062950370911745e-08,1.3942787182061641e-12,19.514914500003215
3405,27338.7047847941,509.4917780397537,27848.196562833855,233.83201143040316,0.21323801289522362,90700325.25494167,0,False,3,0.9794479902325275,0,3.9024243954019436e-08,1.4015943378295505e-12,19.520206499997585
3406,27338.704826039386,509.4917367552303,27848.196562794616,233.8320116067917,0.2132380130560773,90700325.25494167,0,False,3,0.9795883033717538,0,3.898531681704132e-08,1.4090405935176363e-12,19.525453499998548
3407,27338.70486753471,509.49169522047316,27848.196562755184,233.83201178424954,0.21323801321790614,90700325.25494167,0,False,3,0.9797267103958175,0,3.8946169583177355e-08,1.4159643049470777e-12,19.530960199997935
3408,27338.70490927943,509.4916534361169,27848.196562715548,233.83201196277395,0.21323801338070758,90700325.25494167,0,False,3,0.9798632499266725,0,3.890680237030878e-08,1.4232799245705559e-12,19.536268299998483
3409,27338.704951272906,509.4916114027992,27848.196562675705,233.83201214236217,0.21323801354447916,90700325.25494167,0,False,3,0.9799979595489997,0,3.8867216895940566e-08,1.4307261802587346e-12,19.541414899998927
3410,27338.70499351451,509.49156912116183,27848.196562635672,233.83201232301155,0.2132380137092184,90700325.25494167,0,False,3,0.9801308758448195,0,3.882741382400022e-08,1.4375192556235976e-12,19.546712100003788
3411,27338.705036003594,509.49152659184864,27848.196562595444,233.83201250471927,0.21323801387492283,90700325.25494167,0,False,3,0.9802620344267278,0,3.878739332567942e-08,1.4445736031178294e-12,19.551811700002872
3412,27338.705078739506,509.4914838155082,27848.196562555015,233.83201268748257,0.21323801404158985,90700325.25494167,0,False,3,0.9803914699698173,0,3.8747156601705444e-08,1.4517585866767615e-12,19.55698090000078
3413,27338.7051217216,509.4914407927915,27848.19656251439,233.8320128712987,0.21323801420921695,90700325.25494167,0,False,3,0.980519216242345,0,3.870670437219364e-08,1.4588129341710546e-12,19.56230940000387
3414,27338.705164949224,509.4913975243531,27848.19656247358,233.83201305616484,0.2132380143778016,90700325.25494167,0,False,3,0.9806453061352034,0,3.866603725977586e-08,1.4654753734713679e-12,19.567466599997715
3415,27338.705208421714,509.4913540108507,27848.196562432564,233.83201324207818,0.21323801454734123,90700325.25494167,0,False,3,0.980769771690249,0,3.862515646234184e-08,1.4727909930950626e-12,19.572747999998683
3416,27338.705252138425,509.49131025294554,27848.19656239137,233.83201342903595,0.2132380147178333,90700325.25494167,0,False,3,0.98089264412754,0,3.8584062789024316e-08,1.479192160266095e-12,19.578104100000928
3417,27338.70529609868,509.49126625130197,27848.196562349982,233.83201361703524,0.21323801488927516,90700325.25494167,0,False,3,0.9810139538715308,0,3.8542756218788794e-08,1.4862465077605102e-12,19.583188299999165
3418,27338.705340301814,509.4912220065874,27848.196562308403,233.83201380607323,0.21323801506166423,90700325.25494167,0,False,3,0.9811337305762713,0,3.850123848011277e-08,1.4930395831256145e-12,19.588341700000456
3419,27338.70538474717,509.4911775194726,27848.196562266643,233.8320139961471,0.21323801523499797,90700325.25494167,0,False,3,0.9812520031496537,0,3.845950936793938e-08,1.4995713863614067e-12,19.593660500002443
3420,27338.705429434063,509.4911327906317,27848.196562224693,233.83201418725395,0.2132380154092737,90700325.25494167,0,False,3,0.9813687997767477,0,3.84175709022107e-08,1.5063644617265712e-12,19.598931300002732
3421,27338.705474361814,509.4910878207417,27848.196562182555,233.8320143793908,0.21323801558448874,90700325.25494167,0,False,3,0.9814841479422676,0,3.837542288579942e-08,1.5131575370917664e-12,19.604311499999312
3422,27338.705519529758,509.49104261048325,27848.19656214024,233.83201457255487,0.21323801576064047,90700325.25494167,0,False,3,0.9815980744522028,0,3.833306654710959e-08,1.5194280681983049e-12,19.60988709999947
3423,27338.705564937205,509.49099716053973,27848.196562097746,233.8320147667432,0.21323801593772632,90700325.25494167,0,False,3,0.9817106054546547,0,3.8290503000483403e-08,1.525959871434216e-12,19.615281099999265
3424,27338.705610583467,509.4909514715979,27848.196562055065,233.83201496195284,0.21323801611574347,90700325.25494167,0,False,3,0.9818217664599063,0,3.8247732284513834e-08,1.5326223107348292e-12,19.621147300000302
3425,27338.705656467864,509.49090554434724,27848.19656201221,233.83201515818087,0.21323801629468936,90700325.25494167,0,False,3,0.9819315823597653,0,3.8204755237908296e-08,1.5388928418414558e-12,19.62709370000084
3426,27338.705702589694,509.490859379481,27848.196561969176,233.83201535542432,0.21323801647456123,90700325.25494167,0,False,3,0.9820400774462043,0,3.8161573033700345e-08,1.545294009012784e-12,19.632097699999576
3427,27338.70574894827,509.4908129776951,27848.196561925964,233.8320155536802,0.21323801665535638,90700325.25494167,0,False,3,0.9821472754293311,0,3.811818690976485e-08,1.5516951761841415e-12,19.637901200003398
3428,27338.705795542883,509.4907663396886,27848.19656188257,233.83201575294552,0.21323801683707205,90700325.25494167,0,False,3,0.9822531994547181,0,3.807459638597837e-08,1.5582269794202022e-12,19.643414199999825
3429,27338.70584237285,509.4907194661639,27848.196561839013,233.83201595321736,0.2132380170197056,90700325.25494167,0,False,3,0.9823578721201132,0,3.8030803732723606e-08,1.5641056023329268e-12,19.648841700000048
3430,27338.70588943745,509.49067235782616,27848.196561795277,233.83201615449263,0.2132380172032542,90700325.25494167,0,False,3,0.9824613154915618,0,3.7986808617448644e-08,1.5705067695043729e-12,19.654788500003633
3431,27338.70593673599,509.4906250153835,27848.196561751374,233.83201635676835,0.21323801738771514,90700325.25494167,0,False,3,0.9825635511189639,0,3.7942611674783936e-08,1.5765160284818281e-12,19.66020800000115
3432,27338.70598426775,509.4905774395476,27848.1965617073,233.83201656004147,0.21323801757308564,90700325.25494167,0,False,3,0.9826646000510836,0,3.7898215291057354e-08,1.5826559235239856e-12,19.665583699999843
3433,27338.706032032023,509.4905296310326,27848.196561663055,233.83201676430892,0.21323801775936288,90700325.25494167,0,False,3,0.9827644828500429,0,3.785361822001831e-08,1.5887958185661723e-12,19.671120699997118
3434,27338.706080028085,509.4904815905559,27848.196561618643,233.83201696956763,0.2132380179465441,90700325.25494167,0,False,3,0.9828632196053112,0,3.780882256596122e-08,1.5948050775437138e-12,19.676583100001153
3435,27338.706128255224,509.49043331883763,27848.196561574063,233.8320171758146,0.21323801813462653,90700325.25494167,0,False,3,0.9829608299472161,0,3.776382876924959e-08,1.600814336521284e-12,19.68190340000001
3436,27338.706176712723,509.4903848166013,27848.196561529323,233.8320173830467,0.2132380183236073,90700325.25494167,0,False,3,0.9830573330599938,0,3.7718637694850053e-08,1.6065623233695336e-12,19.687260400001833
3437,27338.706225399845,509.4903360845727,27848.196561484416,233.83201759126078,0.21323801851348362,90700325.25494167,0,False,3,0.9831527476943955,0,3.7673250288552384e-08,1.612571582347161e-12,19.692376500002865
3438,27338.706274315868,509.4902871234814,27848.19656143935,233.8320178004538,0.21323801870425266,90700325.25494167,0,False,3,0.9832470921798697,0,3.762766678272418e-08,1.618319569195467e-12,19.697659899997234
3439,27338.70632346006,509.4902379340593,27848.19656139412,233.8320180106226,0.2132380188959115,90700325.25494167,0,False,3,0.9833403844363346,0,3.758188843913984e-08,1.6240675560438006e-12,19.70291030000226
3440,27338.706372831693,509.49018851704136,27848.196561348734,233.83201822176403,0.21323801908845735,90700325.25494167,0,False,3,0.9834326419855582,0,3.753591537499746e-08,1.6298155428921625e-12,19.70831239999825
3441,27338.706422430023,509.4901388731655,27848.19656130319,233.83201843387496,0.2132380192818873,90700325.25494167,0,False,3,0.9835238819621621,0,3.748974932243098e-08,1.6354328936758765e-12,19.713547500003187
3442,27338.706472254315,509.4900890031721,27848.196561257486,233.83201864695226,0.2132380194761985,90700325.25494167,0,False,3,0.9836141211242594,0,3.7443390832926605e-08,1.6411808805242942e-12,19.718620899999223
3443,27338.706522303826,509.4900389078051,27848.196561211633,233.83201886099272,0.21323801967138803,90700325.25494167,0,False,3,0.9837033758637466,0,3.739684016181793e-08,1.6465369591787115e-12,19.723898800002644
3444,27338.70657257781,509.48998858781056,27848.19656116562,233.83201907599314,0.213238019867453,90700325.25494167,0,False,3,0.9837916622162577,0,3.735009847040664e-08,1.6522849460271843e-12,19.72941179999907
3445,27338.70662307552,509.4899380439378,27848.196561119457,233.83201929195033,0.21323802006439044,90700325.25494167,0,False,3,0.9838789958707959,0,3.7303166932144e-08,1.657641024681656e-12,19.734690199999022
3446,27338.7066737962,509.48988727693865,27848.19656107314,233.83201950886112,0.21323802026219751,90700325.25494167,0,False,3,0.9839653921790542,0,3.725604518284355e-08,1.6632583754655078e-12,19.7401738999979
3447,27338.70672473911,509.4898362875681,27848.196561026678,233.83201972672225,0.21323802046087123,90700325.25494167,0,False,3,0.9840508661644373,0,3.720873541757722e-08,1.6683531819906793e-12,19.745788500003982
3448,27338.70677590348,509.4897850765834,27848.196560980065,233.83201994553048,0.21323802066040864,90700325.25494167,0,False,3,0.9841354325307938,0,3.71612373156683e-08,1.6738398967099083e-12,19.750909700000193
3449,27338.70682728856,509.4897336447449,27848.196560933306,233.8320201652826,0.2132380208608068,90700325.25494167,0,False,3,0.9842191056708731,0,3.7113551986314304e-08,1.6790653392998097e-12,19.755949799997325
3450,27338.70687889358,509.48968199281575,27848.196560886394,233.83202038597528,0.2132380210620627,90700325.25494167,0,False,3,0.9843018996745135,0,3.706568057568453e-08,1.684552054019093e-12,19.761384199999156
3451,27338.706930717788,509.48963012156156,27848.19656083935,233.83202060760536,0.2132380212641734,90700325.25494167,0,False,3,0.9843838283365739,0,3.701762399107846e-08,1.689254952350336e-12,19.766626199998427
3452,27338.706982760403,509.4895780317507,27848.196560792152,233.83202083016945,0.21323802146713589,90700325.25494167,0,False,3,0.9844649051646158,0,3.696938207205344e-08,1.6948723031343503e-12,19.771936400000413
3453,27338.707035020663,509.48952572415436,27848.19656074482,233.83202105366433,0.2132380216709472,90700325.25494167,0,False,3,0.9845451433863492,0,3.692095605155865e-08,1.6997058375303228e-12,19.77743680000276
3454,27338.70708749779,509.48947319954624,27848.196560697335,233.83202127808667,0.21323802187560426,90700325.25494167,0,False,3,0.9846245559568461,0,3.687234680342791e-08,1.7050619161850342e-12,19.782806100003654
3455,27338.70714019102,509.48942045870274,27848.196560649725,233.8320215034332,0.2132380220811041,90700325.25494167,0,False,3,0.9847031555655302,0,3.6823555246375567e-08,1.7096341784517e-12,19.788156399998115
3456,27338.70719309957,509.4893675024029,27848.196560601973,233.83202172970053,0.21323802228744368,90700325.25494167,0,False,3,0.9847809546429579,0,3.677458213641383e-08,1.7147289849771055e-12,19.793871200003196
3457,27338.707246222657,509.48931433142826,27848.196560554086,233.83202195688534,0.21323802249461993,90700325.25494167,0,False,3,0.9848579653673867,0,3.672542810565941e-08,1.7195625193731786e-12,19.79920320000383
3458,27338.707299559497,509.4892609465632,27848.19656050606,233.8320221849843,0.21323802270262981,90700325.25494167,0,False,3,0.9849341996711478,0,3.667609388399693e-08,1.7245266898339562e-12,19.804552800000238
3459,27338.707353109312,509.48920734859433,27848.196560457905,233.83202241399405,0.21323802291147026,90700325.25494167,0,False,3,0.9850096692468265,0,3.662658048285057e-08,1.7292295881654e-12,19.810059299998102
3460,27338.707406871305,509.48915353831103,27848.196560409615,233.83202264391122,0.2132380231211382,90700325.25494167,0,False,3,0.9850843855532553,0,3.657688822607833e-08,1.734063122561548e-12,19.81542189999891
3461,27338.707460844693,509.48909951650546,27848.196560361197,233.83202287473242,0.21323802333163058,90700325.25494167,0,False,3,0.9851583598213295,0,3.6527018674914535e-08,1.7386353848283608e-12,19.820781100002932
3462,27338.707515028676,509.4890452839715,27848.19656031265,233.83202310645424,0.21323802354294424,90700325.25494167,0,False,3,0.9852316030596494,0,3.647697197976839e-08,1.743338283159878e-12,19.826186999998754
3463,27338.707569422462,509.4889908415066,27848.19656026397,233.83202333907332,0.21323802375507617,90700325.25494167,0,False,3,0.9853041260599963,0,3.642674891066586e-08,1.7480411814914196e-12,19.831395400004112
3464,27338.70762402526,509.48893618990996,27848.196560215172,233.83202357258622,0.21323802396802316,90700325.25494167,0,False,3,0.9853759394026456,0,3.637635041441427e-08,1.7522215355642625e-12,19.83661420000135
3465,27338.70767883626,509.4888813299835,27848.196560166245,233.83202380698953,0.21323802418178217,90700325.25494167,0,False,3,0.9854470534615268,0,3.632577680593595e-08,1.7569244338958518e-12,19.842948099998466
3466,27338.70773385466,509.4888262625314,27848.19656011719,233.83202404227978,0.21323802439634998,90700325.25494167,0,False,3,0.9855174784092318,0,3.627503013110403e-08,1.7614966961627843e-12,19.847888399999647
3467,27338.707789079654,509.4887709883607,27848.196560068016,233.8320242784536,0.21323802461172356,90700325.25494167,0,False,3,0.9855872242218772,0,3.6224109631696114e-08,1.765807686300378e-12,19.853051199999754
3468,27338.70784451044,509.48871550828056,27848.19656001872,233.83202451550747,0.21323802482789966,90700325.25494167,0,False,3,0.9856563006838277,0,3.6173016884741935e-08,1.7701186764379945e-12,19.858326399997168
3469,27338.707900146204,509.4886598231024,27848.196559969307,233.83202475343793,0.21323802504487518,90700325.25494167,0,False,3,0.985724717392284,0,3.6121753058666966e-08,1.774429666575634e-12,19.863497099999222
3470,27338.70795598613,509.4886039336403,27848.196559919772,233.83202499224151,0.2132380252626469,90700325.25494167,0,False,3,0.9857924837617377,0,3.607031781827941e-08,1.7787406567132964e-12,19.86871699999756
3471,27338.70801202941,509.4885478407108,27848.19655987012,233.83202523191474,0.21323802548121168,90700325.25494167,0,False,3,0.9858596090283016,0,3.601871281558884e-08,1.782921010786299e-12,19.874519600001804
3472,27338.708068275228,509.4884915451322,27848.19655982036,233.83202547245418,0.21323802570056638,90700325.25494167,0,False,3,0.9859261022539157,0,3.5966938654992526e-08,1.786840092729959e-12,19.879621100000804
3473,27338.708124722754,509.4884350477257,27848.19655977048,233.8320257138562,0.21323802592070773,90700325.25494167,0,False,3,0.9859919723304367,0,3.591499548137872e-08,1.7911510828676885e-12,19.88481260000117
3474,27338.708181371177,509.4883783493148,27848.19655972049,233.83202595611738,0.2132380261416325,90700325.25494167,0,False,3,0.98605722798361,0,3.586288509133133e-08,1.7950701648113917e-12,19.890183600000455
3475,27338.70823821966,509.488321450725,27848.196559670385,233.83202619923415,0.21323802636333758,90700325.25494167,0,False,3,0.9861218777769333,0,3.581060747415978e-08,1.7992505188844828e-12,19.895325600002252
3476,27338.708295267388,509.48826435278414,27848.196559620174,233.83202644320298,0.21323802658581964,90700325.25494167,0,False,3,0.9861859301154119,0,3.5758163691000926e-08,1.8030389647635456e-12,19.90048999999999
3477,27338.708352513524,509.48820705632244,27848.196559569846,233.83202668802033,0.2132380268090755,90700325.25494167,0,False,3,0.9862493932492103,0,3.570555448473738e-08,1.8072193188366803e-12,19.90592910000123
3478,27338.708409957246,509.48814956217245,27848.19655951942,233.83202693368267,0.2132380270331019,90700325.25494167,0,False,3,0.9863122752772026,0,3.5652781076475476e-08,1.8107464925864173e-12,19.911308299997472
3479,27338.70846759772,509.4880918711687,27848.196559468888,233.83202718018643,0.21323802725789565,90700325.25494167,0,False,3,0.9863745841504266,0,3.5599842943483514e-08,1.814534938465542e-12,19.916588899999624
3480,27338.708525434104,509.48803398414805,27848.19655941825,233.832027427528,0.2132380274834534,90700325.25494167,0,False,3,0.9864363276754428,0,3.5546741761764543e-08,1.8183233843446875e-12,19.921956899997895
3481,27338.708583465563,509.48797590194937,27848.196559367512,233.83202767570384,0.21323802770977196,90700325.25494167,0,False,3,0.9864975135176035,0,3.549347885474905e-08,1.821981194159169e-12,19.927156400000968
3482,27338.708641691257,509.48791762541407,27848.19655931667,233.83202792471033,0.213238027936848,90700325.25494167,0,False,3,0.9865581492042313,0,3.5440053635572124e-08,1.82563900397367e-12,19.932355600001756
3483,27338.708700110343,509.4878591553854,27848.19655926573,233.8320281745439,0.2132380281646783,90700325.25494167,0,False,3,0.9866182421277148,0,3.5386467906335593e-08,1.8292968137881913e-12,19.9378097000008
3484,27338.708758721976,509.48780049270914,27848.196559214684,233.8320284252009,0.21323802839325948,90700325.25494167,0,False,3,0.9866777995485188,0,3.533272209363786e-08,1.8329546236027324e-12,19.94308070000261
3485,27338.708817525316,509.48774163823254,27848.19655916355,233.8320286766777,0.21323802862258828,90700325.25494167,0,False,3,0.9867368285981162,0,3.527881699249176e-08,1.8362205252232365e-12,19.94830930000171
3486,27338.708876519515,509.48768259280536,27848.19655911232,233.83202892897077,0.21323802885266147,90700325.25494167,0,False,3,0.9867953362818408,0,3.5224753230726564e-08,1.8396170629084448e-12,19.953779399998893
3487,27338.708935703708,509.48762335727946,27848.196559060987,233.83202918207638,0.2132380290834756,90700325.25494167,0,False,3,0.9868533294816652,0,3.517053137035147e-08,1.843274872723044e-12,19.95899079999799
3488,27338.708995077057,509.4875639325089,27848.196559009564,233.8320294359909,0.21323802931502744,90700325.25494167,0,False,3,0.9869108149589054,0,3.511615261415172e-08,1.846540774343604e-12,19.964232999998785
3489,27338.709054638704,509.48750431934934,27848.196558958054,233.8320296907107,0.2132380295473136,90700325.25494167,0,False,3,0.9869677993568551,0,3.506161806735013e-08,1.8496760398994954e-12,19.969667899997148
3490,27338.70911438779,509.4874445186588,27848.19655890645,233.8320299462321,0.2132380297803308,90700325.25494167,0,False,3,0.9870242892033497,0,3.500692735898559e-08,1.853072577584778e-12,19.97501729999931
3491,27338.70917432346,509.4873845312972,27848.196558854757,233.8320302025514,0.2132380300140756,90700325.25494167,0,False,3,0.9870802909132663,0,3.495208203122745e-08,1.856207843140705e-12,19.98049809999793
3492,27338.709234444854,509.4873243581268,27848.19655880298,233.83203045966502,0.21323803024854476,90700325.25494167,0,False,3,0.9871358107909564,0,3.489708285032727e-08,1.8592124726319624e-12,19.985751000000164
3493,27338.709294751105,509.48726400001107,27848.196558751115,233.83203071756915,0.21323803048373483,90700325.25494167,0,False,3,0.9871908550326172,0,3.4841930442703444e-08,1.862478374252612e-12,19.99081440000009
3494,27338.70935524135,509.48720345781624,27848.196558699165,233.83203097626017,0.21323803071964248,90700325.25494167,0,False,3,0.9872454297286025,0,3.478662535408751e-08,1.8654830037439034e-12,19.99611530000402
3495,27338.709415914724,509.4871427324099,27848.196558647134,233.83203123573435,0.21323803095626429,90700325.25494167,0,False,3,0.9872995408656738,0,3.473116818859585e-08,1.8683569971705235e-12,20.001372500002617
3496,27338.709476770353,509.48708182466197,27848.196558595017,233.83203149598796,0.2132380311935969,90700325.25494167,0,False,3,0.987353194329194,0,3.4675560669844015e-08,1.8714922627265366e-12,20.006653199998254
3497,27338.70953780737,509.48702073544405,27848.196558542815,233.8320317570173,0.21323803143163692,90700325.25494167,0,False,3,0.9874063959052665,0,3.461980241921736e-08,1.874496892217879e-12,20.012071500001184
3498,27338.70959902491,509.4869594656297,27848.19655849054,233.83203201881864,0.21323803167038097,90700325.25494167,0,False,3,0.9874591512828198,0,3.456389494164381e-08,1.877109613515171e-12,20.017306000001554
3499,27338.709660422097,509.48689801609424,27848.19655843819,233.83203228138825,0.2132380319098256,90700325.25494167,0,False,3,0.9875114660556398,0,3.450783854261571e-08,1.8798529708771675e-12,20.022944800002733
3500,27338.70972199805,509.48683638771513,27848.196558385764,233.83203254472235,0.21323803214996742,90700325.25494167,0,False,3,0.9875633457243508,0,3.445163475079263e-08,1.882596328239179e-12,20.02824800000235
3501,27338.70978375189,509.48677458137155,27848.19655833326,233.83203280881722,0.21323803239080297,90700325.25494167,0,False,3,0.9876147956983485,0,3.4395283120084416e-08,1.885339685601206e-12,20.033374799997546
3502,27338.709845682737,509.4867125979443,27848.19655828068,233.8320330736691,0.21323803263232888,90700325.25494167,0,False,3,0.987665821297684,0,3.433878532920335e-08,1.8880830429632484e-12,20.03873079999903
3503,27338.70990778972,509.486650438316,27848.196558228035,233.8320333392742,0.21323803287454168,90700325.25494167,0,False,3,0.9877164277549009,0,3.428214157918378e-08,1.8904344921312362e-12,20.044239700000617
3504,27338.70997007194,509.48658810337145,27848.196558175314,233.83203360562874,0.2132380331174379,90700325.25494167,0,False,3,0.987766620216829,0,3.422535291456964e-08,1.8931778494933084e-12,20.04943210000056
3505,27338.710032528525,509.4865255939967,27848.196558122523,233.83203387272894,0.2132380333610141,90700325.25494167,0,False,3,0.9878164037463318,0,3.4168420057574656e-08,1.8956599347260147e-12,20.0547430000006
3506,27338.710095158585,509.4864629110801,27848.196558069667,233.832034140571,0.21323803360526686,90700325.25494167,0,False,3,0.9878657833240136,0,3.411134397457327e-08,1.8980113838940446e-12,20.06043669999781
3507,27338.71015796123,509.48640005551107,27848.19655801674,233.8320344091512,0.21323803385019272,90700325.25494167,0,False,3,0.9879147638498831,0,3.405412480126245e-08,1.9004934691267786e-12,20.065441700004158
3508,27338.710220935573,509.4863370281813,27848.196557963754,233.83203467846562,0.21323803409578815,90700325.25494167,0,False,3,0.9879633501449782,0,3.399676385644193e-08,1.9027142822301443e-12,20.07086479999998
3509,27338.710284080717,509.48627382998376,27848.1965579107,233.83203494851048,0.21323803434204966,90700325.25494167,0,False,3,0.9880115469529512,0,3.3939262047258636e-08,1.9050657313982142e-12,20.076991399997496
3510,27338.710347395772,509.4862104618135,27848.196557857587,233.832035219282,0.21323803458897386,90700325.25494167,0,False,3,0.9880593589416159,0,3.388161951766906e-08,1.9072865445016057e-12,20.082067800001823
3511,27338.71041087984,509.4861469245669,27848.196557804407,233.83203549077632,0.2132380348365572,90700325.25494167,0,False,3,0.9881067907044573,0,3.3823837110144164e-08,1.909637993669702e-12,20.08715839999786
3512,27338.710474532032,509.48608321914213,27848.196557751173,233.83203576298965,0.21323803508479622,90700325.25494167,0,False,3,0.9881538467621062,0,3.376591617950785e-08,1.9115975346437343e-12,20.093206800003827
3513,27338.710538351435,509.4860193464391,27848.196557697873,233.83203603591804,0.21323803533368732,90700325.25494167,0,False,3,0.9882005315637787,0,3.3707857002548766e-08,1.9139489838118563e-12,20.09822929999791
3514,27338.710602337167,509.48595530735895,27848.196557644525,233.83203630955774,0.2132380355832271,90700325.25494167,0,False,3,0.9882468494886808,0,3.3649660165649903e-08,1.9156472526565267e-12,20.10386180000205
3515,27338.710666488314,509.485891102805,27848.19655759112,233.83203658390488,0.213238035833412,90700325.25494167,0,False,3,0.9882928048473806,0,3.3591326716309655e-08,1.9177374296952868e-12,20.10956260000239
3516,27338.710730803978,509.4858267336817,27848.19655753766,233.83203685895558,0.2132380360842385,90700325.25494167,0,False,3,0.9883384018831489,0,3.3532857330605295e-08,1.9196969706693652e-12,20.114709100002074
3517,27338.71079528325,509.48576220089507,27848.196557484145,233.83203713470593,0.213238036335703,90700325.25494167,0,False,3,0.9883836447732678,0,3.3474252652669445e-08,1.9216565116434554e-12,20.119911599998886
3518,27338.710859925224,509.48569750535285,27848.196557430576,233.83203741115213,0.2132380365878021,90700325.25494167,0,False,3,0.9884285376303082,0,3.3415513750090556e-08,1.9236160526175565e-12,20.125062300001446
3519,27338.710924729,509.48563264796417,27848.196557376963,233.83203768829026,0.2132380368405322,90700325.25494167,0,False,3,0.9884730845033793,0,3.3356641352007325e-08,1.9251836853975866e-12,20.13030489999801
3520,27338.71098969366,509.48556762963983,27848.1965573233,233.83203796611645,0.21323803709388975,90700325.25494167,0,False,3,0.9885172893793485,0,3.329763545103258e-08,1.927012590307014e-12,20.135689800001273
3521,27338.711054818297,509.4855024512917,27848.196557269588,233.83203824462677,0.21323803734787117,90700325.25494167,0,False,3,0.9885611561840327,0,3.3238497712999624e-08,1.928710859151758e-12,20.141188900000998
3522,27338.711120101998,509.4854371138338,27848.196557215833,233.83203852381735,0.21323803760247295,90700325.25494167,0,False,3,0.9886046887833632,0,3.3179228801344747e-08,1.930278491931817e-12,20.14647359999799
3523,27338.71118554385,509.485371618181,27848.19655716203,233.83203880368424,0.21323803785769146,90700325.25494167,0,False,3,0.9886478909845237,0,3.311982877459308e-08,1.9319767607765795e-12,20.152302100003
3524,27338.711251142937,509.4853059652498,27848.196557108186,233.8320390842236,0.2132380381135232,90700325.25494167,0,False,3,0.9886907665370621,0,3.3060299270409556e-08,1.9335443935566572e-12,20.15751889999956
3525,27338.711316898338,509.4852401559584,27848.196557054296,233.83203936543143,0.21323803836996458,90700325.25494167,0,False,3,0.9887333191339783,0,3.300064043432252e-08,1.9351120263367434e-12,20.1625658999983
3526,27338.711382809146,509.485174191226,27848.19655700037,233.83203964730387,0.21323803862701202,90700325.25494167,0,False,3,0.9887755524127849,0,3.294085337291755e-08,1.936418386987447e-12,20.167973199997505
3527,27338.711448874434,509.48510807197334,27848.19655694641,233.83203992983695,0.21323803888466192,90700325.25494167,0,False,3,0.9888174699565481,0,3.288093821887392e-08,1.9377247476381585e-12,20.173715999997512
3528,27338.71151509328,509.4850417991224,27848.196556892402,233.83204021302674,0.21323803914291067,90700325.25494167,0,False,3,0.9888590752949011,0,3.282089664500366e-08,1.93929238041827e-12,20.17904709999857
3529,27338.711581464762,509.4849753735968,27848.19655683836,233.8320404968693,0.21323803940175473,90700325.25494167,0,False,3,0.9889003719050378,0,3.276072859633215e-08,1.9405987410689977e-12,20.184447400002682
3530,27338.711647987962,509.48490879632146,27848.196556784285,233.8320407813607,0.21323803966119045,90700325.25494167,0,False,3,0.9889413632126827,0,3.270043541716369e-08,1.941774465655036e-12,20.19135030000325
3531,27338.711714661953,509.4848420682222,27848.196556730174,233.83204106649694,0.21323803992121426,90700325.25494167,0,False,3,0.9889820525930406,0,3.264001765350089e-08,1.9430808263057784e-12,20.198278100004245
3532,27338.711781485807,509.4847751902263,27848.196556676034,233.83204135227408,0.2132380401818225,90700325.25494167,0,False,3,0.989022443371725,0,3.2579475870238877e-08,1.944125914827133e-12,20.20380219999788
3533,27338.711848458595,509.484708163263,27848.196556621857,233.83204163868817,0.2132380404430116,90700325.25494167,0,False,3,0.989062538825665,0,3.25188112146687e-08,1.9454322754778897e-12,20.209344100003364
3534,27338.711915579395,509.48464098826184,27848.19655656766,233.8320419257352,0.2132380407047779,90700325.25494167,0,False,3,0.9891023421839937,0,3.245802375650741e-08,1.9462160918698622e-12,20.216635299999325
3535,27338.71198284727,509.48457366615406,27848.196556513427,233.83204221341126,0.2132380409671178,90700325.25494167,0,False,3,0.9891418566289175,0,3.239711529471179e-08,1.9473918164559336e-12,20.222117199999047
3536,27338.712050261296,509.48450619787246,27848.19655645917,233.83204250171232,0.21323804123002768,90700325.25494167,0,False,3,0.9891810852965646,0,3.233608580598908e-08,1.9483062689126148e-12,20.22746819999884
3537,27338.712117820534,509.48443858435013,27848.196556404884,233.83204279063438,0.21323804149350387,90700325.25494167,0,False,3,0.9892200312778167,0,3.227493595219726e-08,1.9493513574340005e-12,20.232567600003676
3538,27338.71218552405,509.48437082652225,27848.196556350573,233.83204308017346,0.2132380417575427,90700325.25494167,0,False,3,0.9892586976191228,0,3.2213666883761274e-08,1.950265809890693e-12,20.237916799997038
3539,27338.71225337092,509.48430292532464,27848.196556296243,233.8320433703256,0.21323804202214067,90700325.25494167,0,False,3,0.9892970873232942,0,3.215227927990922e-08,1.950918990217993e-12,20.243550799998047
3540,27338.712321360195,509.4842348816947,27848.19655624189,233.83204366108677,0.21323804228729396,90700325.25494167,0,False,3,0.9893352033502844,0,3.209077412496685e-08,1.9517028066099957e-12,20.248678399999335
3541,27338.712389490945,509.4841666965709,27848.196556187515,233.83204395245295,0.21323804255299902,90700325.25494167,0,False,3,0.9893730486179503,0,3.2029152112892105e-08,1.9526172590667027e-12,20.25381809999817
3542,27338.71245776223,509.48409837089235,27848.196556133124,233.83204424442016,0.21323804281925215,90700325.25494167,0,False,3,0.9894106260027984,0,3.196741343971029e-08,1.9531398033293153e-12,20.25918510000338
3543,27338.712526173113,509.48402990559987,27848.196556078714,233.83204453698434,0.21323804308604968,90700325.25494167,0,False,3,0.9894479383407154,0,3.190555914091623e-08,1.9537929836566313e-12,20.264514100002998
3544,27338.71259472265,509.4839613016352,27848.196556024282,233.83204483014148,0.21323804335338797,90700325.25494167,0,False,3,0.9894849884276828,0,3.1843590392467844e-08,1.9545768000486515e-12,20.270079399997485
3545,27338.712663409904,509.483892559941,27848.196555969844,233.8320451238876,0.21323804362126336,90700325.25494167,0,False,3,0.9895217790204763,0,3.178150795619996e-08,1.9548380721818735e-12,20.275969399997848
3546,27338.712732233926,509.48382368146144,27848.196555915387,233.8320454182186,0.2132380438896721,90700325.25494167,0,False,3,0.9895583128373504,0,3.17193116204359e-08,1.9554912525091996e-12,20.28117999999813
3547,27338.712801193782,509.4837546671408,27848.196555860923,233.83204571313053,0.2132380441586106,90700325.25494167,0,False,3,0.9895945925587106,0,3.165700334743977e-08,1.955752524642426e-12,20.286267299998144
3548,27338.712870288517,509.4836855179255,27848.19655580644,233.83204600861924,0.21323804442807512,90700325.25494167,0,False,3,0.9896306208277688,0,3.159458363559056e-08,1.9564057049697586e-12,20.291726299998118
3549,27338.71293951719,509.4836162347621,27848.196555751954,233.8320463046808,0.213238044698062,90700325.25494167,0,False,3,0.9896664002511865,0,3.15320527484153e-08,1.956536341038288e-12,20.296924399997806
3550,27338.713008878854,509.48354681859877,27848.196555697454,233.83204660131108,0.21323804496856752,90700325.25494167,0,False,3,0.9897019333997055,0,3.1469411569032946e-08,1.957058885300924e-12,20.302063000002818
3551,27338.713078372562,509.48347727038436,27848.196555642946,233.83204689850604,0.213238045239588,90700325.25494167,0,False,3,0.9897372228087635,0,3.140666140575809e-08,1.9573201574341586e-12,20.30806229999871
3552,27338.713147997365,509.4834075910687,27848.196555588434,233.83204719626164,0.21323804551111974,90700325.25494167,0,False,3,0.9897722709790996,0,3.134380246672477e-08,1.957450793502692e-12,20.313401799998246
3553,27338.713217752316,509.48333778160264,27848.19655553392,233.83204749457383,0.21323804578315905,90700325.25494167,0,False,3,0.9898070803773446,0,3.1280835707680415e-08,1.957581429571227e-12,20.318639999997686
3554,27338.713287636463,509.4832678429379,27848.1965554794,233.83204779343853,0.2132380460557022,90700325.25494167,0,False,3,0.9898416534366021,0,3.121776187925276e-08,1.957712065639762e-12,20.324285200003942
3555,27338.71335764885,509.4831977760273,27848.196555424875,233.83204809285166,0.2132380463287455,90700325.25494167,0,False,3,0.9898759925570155,0,3.115458162282889e-08,1.957973337773001e-12,20.329316199997265
3556,27338.713427788534,509.48312758182436,27848.19655537036,233.8320483928092,0.21323804660228526,90700325.25494167,0,False,3,0.9899101001063246,0,3.1091296096800724e-08,1.9575814295827242e-12,20.33441970000422
3557,27338.713498054552,509.48305726128336,27848.196555315837,233.83204869330703,0.2132380468763177,90700325.25494167,0,False,3,0.9899439784204114,0,3.102790633758449e-08,1.957842701715964e-12,20.340331200000946
3558,27338.71356844595,509.4829868153598,27848.19655526131,233.83204899434102,0.21323804715083908,90700325.25494167,0,False,3,0.989977629803833,0,3.096441216508853e-08,1.957973337784501e-12,20.345886100003554
3559,27338.71363896178,509.4829162450098,27848.196555206792,233.83204929590718,0.2132380474258458,90700325.25494167,0,False,3,0.9900110565303464,0,3.0900815141544285e-08,1.957712065658926e-12,20.35084310000093
3560,27338.713709601085,509.4828455511902,27848.196555152274,233.83204959800136,0.213238047701334,90700325.25494167,0,False,3,0.9900442608434212,0,3.083711534225674e-08,1.9577120656627587e-12,20.356388200001675
3561,27338.71378036291,509.48277473485905,27848.19655509777,233.83204990061952,0.21323804797730003,90700325.25494167,0,False,3,0.9900772449567418,0,3.0773314490614355e-08,1.957189521407772e-12,20.361561199999414
3562,27338.71385124629,509.482703796975,27848.196555043265,233.83205020375755,0.21323804825374015,90700325.25494167,0,False,3,0.9901100110547005,0,3.070941216525985e-08,1.9571895214116026e-12,20.366955500001495
3563,27338.713922250274,509.48263273849733,27848.196554988772,233.8320505074113,0.2132380485306506,90700325.25494167,0,False,3,0.9901425612928814,0,3.064541073068643e-08,1.956797613221317e-12,20.3732708000025
3564,27338.7139933739,509.4825615603863,27848.19655493429,233.83205081157672,0.21323804880802763,90700325.25494167,0,False,3,0.9901748977985322,0,3.058130956277887e-08,1.9564057050310293e-12,20.378595499998482
3565,27338.71406461621,509.48249026360287,27848.196554879814,233.83205111624972,0.21323804908586755,90700325.25494167,0,False,3,0.99020702267103,0,3.051711008654485e-08,1.9561444329054454e-12,20.384613599999284
3566,27338.71413597624,509.48241884910857,27848.196554825347,233.83205142142614,0.21323804936416654,90700325.25494167,0,False,3,0.9902389379823359,0,3.045281270603124e-08,1.9558831607798595e-12,20.38973100000294
3567,27338.714207453035,509.48234731786596,27848.1965547709,233.8320517271019,0.2132380496429209,90700325.25494167,0,False,3,0.9902706457774411,0,3.0388419165514604e-08,1.9550993443954467e-12,20.395030600004247
3568,27338.714279045627,509.482275670838,27848.196554716465,233.83205203327293,0.2132380499221269,90700325.25494167,0,False,3,0.9903021480748041,0,3.0323929307132785e-08,1.9547074362051493e-12,20.400474300004134
3569,27338.714350753053,509.4822039089886,27848.19655466204,233.83205233993502,0.21323805020178072,90700325.25494167,0,False,3,0.9903334468667806,0,3.025934403756336e-08,1.9543155280148495e-12,20.405952400004026
3570,27338.714422574358,509.4821320332823,27848.19655460764,233.8320526470841,0.21323805048187863,90700325.25494167,0,False,3,0.9903645441200436,0,3.019466410822146e-08,1.9535317116304262e-12,20.41131509999832
3571,27338.714494508567,509.48206004468415,27848.19655455325,233.83205295471606,0.2132380507624169,90700325.25494167,0,False,3,0.9903954417759961,0,3.012989075009697e-08,1.953009167375413e-12,20.41668980000395
3572,27338.71456655472,509.4819879441599,27848.19655449888,233.83205326282675,0.21323805104339175,90700325.25494167,0,False,3,0.9904261417511763,0,3.0065025057725795e-08,1.952355987055689e-12,20.422381500000483
3573,27338.714638711863,509.4819157326756,27848.196554444537,233.83205357141208,0.2132380513247994,90700325.25494167,0,False,3,0.9904566459376537,0,3.000006669648728e-08,1.9514415346065453e-12,20.42767350000213
3574,27338.714710979013,509.4818434111988,27848.19655439021,233.83205388046787,0.21323805160663611,90700325.25494167,0,False,3,0.9904869562034191,0,2.993501743714473e-08,1.950788354286813e-12,20.432811200000287
3575,27338.714783355215,509.48177098069687,27848.19655433591,233.83205418999003,0.2132380518888981,90700325.25494167,0,False,3,0.9905170743927663,0,2.9869877787467095e-08,1.9498739018376596e-12,20.438357600003656
3576,27338.7148558395,509.4816984421378,27848.196554281636,233.8320544999744,0.2132380521715816,90700325.25494167,0,False,3,0.9905470023266669,0,2.980464808011366e-08,1.948959449388501e-12,20.443731400002434
3577,27338.714928430887,509.4816257964907,27848.19655422738,233.83205481041682,0.2132380524546828,90700325.25494167,0,False,3,0.9905767418031377,0,2.9739329918390958e-08,1.948306269068755e-12,20.449019699997734
3578,27338.715001128425,509.4815530447247,27848.196554173148,233.83205512131318,0.213238052738198,90700325.25494167,0,False,3,0.990606294597602,0,2.9673923911805428e-08,1.9473918166195865e-12,20.454244699998526
3579,27338.71507393114,509.4814801878096,27848.19655411895,233.83205543265936,0.21323805302212334,90700325.25494167,0,False,3,0.9906356624632424,0,2.9608430354746968e-08,1.946216092040994e-12,20.459465699997963
3580,27338.71514683806,509.48140722671576,27848.196554064776,233.83205574445117,0.2132380533064551,90700325.25494167,0,False,3,0.9906648471313493,0,2.9542850439329166e-08,1.945301639591814e-12,20.46489460000157
3581,27338.71521984822,509.481334162414,27848.196554010636,233.8320560566845,0.2132380535911895,90700325.25494167,0,False,3,0.9906938503116604,0,2.947718518762971e-08,1.9441259150132087e-12,20.470375600001717
3582,27338.715292960653,509.48126099587574,27848.196553956528,233.8320563693552,0.21323805387632275,90700325.25494167,0,False,3,0.9907226736926963,0,2.9411435415450696e-08,1.942950190434597e-12,20.476456500000495
3583,27338.71536617438,509.48118772807265,27848.196553902453,233.8320566824591,0.21323805416185102,90700325.25494167,0,False,3,0.990751318942088,0,2.934560132326879e-08,1.941774465855978e-12,20.48177630000282
3584,27338.715439488427,509.481114359977,27848.196553848404,233.83205699599202,0.21323805444777055,90700325.25494167,0,False,3,0.9907797877068997,0,2.9279684058415736e-08,1.9408600134067736e-12,20.48711590000312
3585,27338.715512901836,509.4810408925616,27848.196553794398,233.83205730994985,0.21323805473407756,90700325.25494167,0,False,3,0.9908080816139436,0,2.9213684804225283e-08,1.9392923806340092e-12,20.492530700001225
3586,27338.715586413622,509.48096732679943,27848.19655374042,233.83205762432843,0.21323805502076826,90700325.25494167,0,False,3,0.9908362022700918,0,2.9147604236047357e-08,1.93824729212008e-12,20.49774260000413
3587,27338.715660022815,509.4808936636641,27848.19655368648,233.83205793912356,0.21323805530783882,90700325.25494167,0,False,3,0.9908641512625809,0,2.908144254892634e-08,1.9369409314767226e-12,20.503311100001156
3588,27338.71573372845,509.4808199041294,27848.19655363258,233.83205825433112,0.2132380555952855,90700325.25494167,0,False,3,0.9908919301593098,0,2.9015201510099106e-08,1.9355039347686454e-12,20.509112799998547
3589,27338.71580752955,509.48074604916974,27848.196553578717,233.83205856994695,0.2132380558831045,90700325.25494167,0,False,3,0.9909195405091346,0,2.8948881271095375e-08,1.934197574125272e-12,20.514443500003836
3590,27338.71588142514,509.48067209975954,27848.1965535249,233.8320588859669,0.213238056171292,90700325.25494167,0,False,3,0.9909469838421562,0,2.8882482974334368e-08,1.9324993052877546e-12,20.519727600003534
3591,27338.715955414245,509.4805980568741,27848.19655347112,233.83205920238672,0.21323805645984417,90700325.25494167,0,False,3,0.9909742616700042,0,2.8816007443780298e-08,1.9311929446443643e-12,20.525090700000874
3592,27338.716029495896,509.48052392148844,27848.196553417383,233.83205951920235,0.2132380567487573,90700325.25494167,0,False,3,0.9910013754861141,0,2.8749455775563114e-08,1.9296253118715413e-12,20.530475500003377
3593,27338.716103669114,509.48044969457845,27848.196553363694,233.83205983640957,0.2132380570380275,90700325.25494167,0,False,3,0.9910283267660007,0,2.8682827795357658e-08,1.9279270430339964e-12,20.536254200000258
3594,27338.71617793292,509.48037537711986,27848.19655331004,233.8320601540042,0.21323805732765103,90700325.25494167,0,False,3,0.9910551169675261,0,2.861612554866379e-08,1.926620682390581e-12,20.542109599999094
3595,27338.71625228635,509.48030097008916,27848.19655325644,233.83206047198212,0.21323805761762404,90700325.25494167,0,False,3,0.9910817475311627,0,2.8549349442439175e-08,1.924791777488304e-12,20.54715060000308
3596,27338.716326728423,509.48022647446265,27848.196553202884,233.8320607903391,0.21323805790794279,90700325.25494167,0,False,3,0.9911082198802526,0,2.8482500046072703e-08,1.9230935086507304e-12,20.55295130000013
3597,27338.716401258163,509.48015189121696,27848.19655314938,233.83206110907102,0.2132380581986034,90700325.25494167,0,False,3,0.9911345354212603,0,2.8415578559854747e-08,1.9212646037484332e-12,20.558068600003025
3598,27338.716475874593,509.48007722132957,27848.196553095924,233.83206142817366,0.21323805848960212,90700325.25494167,0,False,3,0.9911606955440235,0,2.834858531923254e-08,1.9195663349108394e-12,20.56307509999897
3599,27338.716550576733,509.48000246577715,27848.19655304251,233.83206174764285,0.2132380587809351,90700325.25494167,0,False,3,0.9911867016219974,0,2.8281521887443024e-08,1.9179987021379506e-12,20.56855550000182
3600,27338.716625363624,509.4799276255374,27848.19655298916,233.8320620674745,0.2132380590725986,90700325.25494167,0,False,3,0.9912125550124953,0,2.8214389198154003e-08,1.9157778890414787e-12,20.573927500001446
3601,27338.71670023427,509.4798527015879,27848.196552935857,233.8320623876643,0.21323805936458873,90700325.25494167,0,False,3,0.9912382570569258,0,2.8147186869422212e-08,1.914079620203854e-12,20.579069999999774
3602,27338.7167751877,509.4797776949065,27848.196552882604,233.83206270820816,0.2132380596569017,90700325.25494167,0,False,3,0.9912638090810245,0,2.807991701189589e-08,1.912250715301505e-12,20.584887400000298
3603,27338.71685022294,509.47970260647094,27848.19655282941,233.8320630291019,0.21323805994953376,90700325.25494167,0,False,3,0.9912892123950827,0,2.801258006560118e-08,1.910160538269714e-12,20.590088999997533
3604,27338.716925339013,509.4796274372596,27848.196552776273,233.8320633503413,0.21323806024248104,90700325.25494167,0,False,3,0.9913144682941718,0,2.794517714763852e-08,1.908070361237911e-12,20.595332199998666
3605,27338.71700053494,509.47955218825047,27848.19655272319,233.8320636719222,0.21323806053573977,90700325.25494167,0,False,3,0.9913395780583627,0,2.787770844002047e-08,1.906110820270812e-12,20.60083399999712
3606,27338.717075809745,509.47947686042204,27848.196552670168,233.83206399384045,0.2132380608293061,90700325.25494167,0,False,3,0.991364542952944,0,2.781017574171332e-08,1.9040206432389857e-12,20.60621810000157
3607,27338.717151162447,509.47940145475303,27848.1965526172,233.83206431609182,0.21323806112317623,90700325.25494167,0,False,3,0.9913893642286339,0,2.7742578839841254e-08,1.902061102271864e-12,20.611386800002947
3608,27338.717226592074,509.47932597222166,27848.196552564295,233.83206463867214,0.2132380614173463,90700325.25494167,0,False,3,0.991414043121789,0,2.767491946723498e-08,1.8997096531105808e-12,20.617577600001823
3609,27338.717302097648,509.47925041380665,27848.196552511454,233.8320649615773,0.21323806171181264,90700325.25494167,0,False,3,0.9914385808546111,0,2.7607198201046837e-08,1.897488840014001e-12,20.623300200000813
3610,27338.717377678186,509.4791747804868,27848.196552458674,233.832065284803,0.2132380620065713,90700325.25494167,0,False,3,0.9914629786353482,0,2.753941592634115e-08,1.895268026917409e-12,20.62831279999955
3611,27338.717453332712,509.47909907324083,27848.196552405952,233.83206560834515,0.21323806230161851,90700325.25494167,0,False,3,0.9914872376584933,0,2.7471573473085688e-08,1.8931778498855213e-12,20.6337910000002
3612,27338.717529060254,509.47902329304736,27848.1965523533,233.83206593219953,0.21323806259695047,90700325.25494167,0,False,3,0.9915113591049804,0,2.740367195096224e-08,1.890695764659469e-12,20.63932439999917
3613,27338.717604859827,509.4789474408855,27848.196552300713,233.83206625636197,0.21323806289256333,90700325.25494167,0,False,3,0.9915353441423755,0,2.7335712195998135e-08,1.8883443154981206e-12,20.644627800000308
3614,27338.717680730457,509.4788715177337,27848.19655224819,233.8320665808283,0.21323806318845334,90700325.25494167,0,False,3,0.9915591939250656,0,2.7267694883694513e-08,1.8859928663367587e-12,20.65030619999743
3615,27338.71775667116,509.4787955245712,27848.19655219573,233.83206690559427,0.2132380634846166,90700325.25494167,0,False,3,0.9915829095944441,0,2.7199620807624974e-08,1.8837720532401017e-12,20.655608900000516
3616,27338.717832680974,509.4787194623763,27848.19655214335,233.83206723065584,0.21323806378104943,90700325.25494167,0,False,3,0.9916064922790935,0,2.7131491216444524e-08,1.8810286958845577e-12,20.661169200000586
3617,27338.717908758903,509.4786433321279,27848.19655209103,233.83206755600867,0.21323806407774787,90700325.25494167,0,False,3,0.9916299430949642,0,2.7063306894190028e-08,1.878677246723155e-12,20.66659929999878
3618,27338.71798490398,509.47856713480456,27848.196552038782,233.83206788164867,0.21323806437470816,90700325.25494167,0,False,3,0.9916532631455512,0,2.6995068615420013e-08,1.8761951614970197e-12,20.671960699997726
3619,27338.71806111522,509.478490871385,27848.196551986606,233.83206820757167,0.21323806467192655,90700325.25494167,0,False,3,0.9916764535220672,0,2.6926777116352583e-08,1.8735824402061512e-12,20.677312400002847
3620,27338.71813739166,509.47841454284776,27848.19655193451,233.83206853377345,0.21323806496939918,90700325.25494167,0,False,3,0.9916995153036131,0,2.6858433691609347e-08,1.8707084467858287e-12,20.68250750000152
3621,27338.7182137323,509.4783381501711,27848.196551882473,233.8320688602498,0.21323806526712216,90700325.25494167,0,False,3,0.9917224495573455,0,2.6790039057523572e-08,1.8686182697538093e-12,20.687739599998167
3622,27338.71829013619,509.4782616943333,27848.196551830522,233.83206918699662,0.2132380655650918,90700325.25494167,0,False,3,0.9917452573386418,0,2.6721594577092096e-08,1.865483004204017e-12,20.693375900002138
3623,27338.718366602323,509.4781851763126,27848.196551778634,233.83206951400965,0.21323806586330424,90700325.25494167,0,False,3,0.9917679396912622,0,2.6653100021424923e-08,1.8632621911072498e-12,20.69871850000345
3624,27338.718443129746,509.478108597087,27848.196551726833,233.8320698412848,0.2132380661617557,90700325.25494167,0,False,3,0.9917904976475093,0,2.6584557581969872e-08,1.860126925557426e-12,20.703916300000856
3625,27338.718519717477,509.47803195763436,27848.19655167511,233.83207016881784,0.2132380664604423,90700325.25494167,0,False,3,0.9918129322283843,0,2.6515967084632624e-08,1.8572529321370263e-12,20.709743999999773
3626,27338.718596364524,509.4779552589325,27848.196551623456,233.83207049660456,0.21323806675936027,90700325.25494167,0,False,3,0.9918352444437422,0,2.6447330288066718e-08,1.854901482975495e-12,20.714740199997323
3627,27338.718673069932,509.4778785019586,27848.19655157189,233.83207082464088,0.21323806705850584,90700325.25494167,0,False,3,0.9918574352924432,0,2.637864755677531e-08,1.8516355813609012e-12,20.71981429999869
3628,27338.718749832708,509.4778016876903,27848.1965515204,233.8320711529225,0.21323806735787515,90700325.25494167,0,False,3,0.9918795057625014,0,2.6309920640068165e-08,1.849022860069897e-12,20.72570740000083
3629,27338.718826651886,509.4777248171045,27848.19655146899,233.83207148144535,0.2132380676574644,90700325.25494167,0,False,3,0.9919014568312324,0,2.6241149320668096e-08,1.846018230584713e-12,20.730809900000168
3630,27338.71890352649,509.47764789117815,27848.196551417666,233.83207181020524,0.21323806795726982,90700325.25494167,0,False,3,0.9919232894653975,0,2.617233487102822e-08,1.8430136010995124e-12,20.73633990000235
3631,27338.71898045554,509.4775709108877,27848.196551366425,233.83207213919795,0.21323806825728756,90700325.25494167,0,False,3,0.9919450046213456,0,2.6103478526529513e-08,1.840008971614295e-12,20.74281830000109
3632,27338.71905743805,509.4774938772098,27848.19655131526,233.8320724684193,0.21323806855751382,90700325.25494167,0,False,3,0.9919666032451533,0,2.603458134415063e-08,1.8372656142585062e-12,20.74819430000207
3633,27338.719134473067,509.4774167911202,27848.196551264187,233.8320727978652,0.21323806885794483,90700325.25494167,0,False,3,0.9919880862727625,0,2.596564374741745e-08,1.833999712643811e-12,20.75364989999798
3634,27338.719211559597,509.4773396535951,27848.196551213194,233.8320731275314,0.21323806915857674,90700325.25494167,0,False,3,0.9920094546301157,0,2.589666689120332e-08,1.831125719223267e-12,20.75884770000266
3635,27338.719288696684,509.4772624656096,27848.196551162295,233.8320734574138,0.21323806945940582,90700325.25494167,0,False,3,0.9920307092332891,0,2.5827651855569533e-08,1.827729181543814e-12,20.76435219999985
3636,27338.71936588334,509.47718522813926,27848.19655111148,233.8320737875082,0.2132380697604282,90700325.25494167,0,False,3,0.9920518509886238,0,2.5758599472084993e-08,1.824724552058513e-12,20.769867299997713
3637,27338.719443118596,509.4771079421586,27848.196551060755,233.83207411781044,0.21323807006164014,90700325.25494167,0,False,3,0.9920728807928552,0,2.568951066296388e-08,1.821458650443748e-12,20.77532710000378
3638,27338.71952040147,509.47703060864245,27848.196551010114,233.83207444831632,0.2132380703630378,90700325.25494167,0,False,3,0.9920937995332392,0,2.5620386238141905e-08,1.8184540209584132e-12,20.780568599999242
3639,27338.719597731004,509.4769532285648,27848.19655095957,233.83207477902172,0.2132380706646174,90700325.25494167,0,False,3,0.9921146080876776,0,2.555122732727247e-08,1.8150574832788892e-12,20.78592870000284
3640,27338.71967510621,509.47687580289966,27848.19655090911,233.83207510992247,0.21323807096637512,90700325.25494167,0,False,3,0.9921353073248413,0,2.548203493239518e-08,1.8119222177287955e-12,20.79109469999821
3641,27338.71975252613,509.47679833262015,27848.19655085875,233.8320754410144,0.2132380712683072,90700325.25494167,0,False,3,0.9921558981042907,0,2.5412809842636594e-08,1.8083950439845108e-12,20.796334099999513
3642,27338.71982998978,509.4767208186993,27848.19655080848,233.8320757722934,0.21323807157040986,90700325.25494167,0,False,3,0.9921763812765954,0,2.5343552838580417e-08,1.8051291423696568e-12,20.802103800000623
3643,27338.719907496186,509.47664326210986,27848.196550758297,233.8320761037552,0.21323807187267926,90700325.25494167,0,False,3,0.9921967576834512,0,2.5274265184943388e-08,1.8019938768195103e-12,20.807459100004053
3644,27338.719985044387,509.476565663824,27848.19655070821,233.83207643539578,0.21323807217511165,90700325.25494167,0,False,3,0.9922170281577958,0,2.5204947837455055e-08,1.798597339139896e-12,20.81292950000352
3645,27338.72006263341,509.4764880248134,27848.196550658224,233.8320767672109,0.21323807247770324,90700325.25494167,0,False,3,0.9922371935239224,0,2.513560206881576e-08,1.794939529330812e-12,20.81880999999703
3646,27338.72014026228,509.4764103460494,27848.196550608332,233.83207709919648,0.21323807278045026,90700325.25494167,0,False,3,0.9922572545975911,0,2.5066227707576265e-08,1.79154299165116e-12,20.824251099998946
3647,27338.720217930037,509.47633262850263,27848.19655055854,233.83207743134832,0.2132380730833489,90700325.25494167,0,False,3,0.9922772121861395,0,2.4996827072250835e-08,1.7880158179067638e-12,20.82990869999776
3648,27338.720295635696,509.47625487314383,27848.19655050884,233.83207776366226,0.21323807338639536,90700325.25494167,0,False,3,0.9922970670885916,0,2.4927400089278325e-08,1.784619280227075e-12,20.83519740000338
3649,27338.720373378295,509.4761770809424,27848.196550459237,233.83207809613418,0.2132380736895859,90700325.25494167,0,False,3,0.9923168200957635,0,2.485794839691493e-08,1.7812227425473678e-12,20.840543700003764
3650,27338.72045115687,509.47609925286787,27848.19655040974,233.83207842875996,0.21323807399291672,90700325.25494167,0,False,3,0.9923364719903692,0,2.478847256403637e-08,1.7774342966734622e-12,20.846116400003666
3651,27338.72052897045,509.4760213898892,27848.19655036034,233.83207876153543,0.21323807429638408,90700325.25494167,0,False,3,0.9923560235471243,0,2.471897332062191e-08,1.7739071229289902e-12,20.851367299997946
3652,27338.720606818068,509.47594349297464,27848.19655031104,233.83207909445645,0.21323807459998415,90700325.25494167,0,False,3,0.9923754755328474,0,2.464945247628377e-08,1.7702493131197722e-12,20.856654199997138
3653,27338.72068469876,509.47586556309165,27848.19655026185,233.83207942751892,0.21323807490371322,90700325.25494167,0,False,3,0.9923948287065608,0,2.4579910479178205e-08,1.7663302311810798e-12,20.862143999998807
3654,27338.720762611545,509.47578760120774,27848.196550212753,233.83207976071864,0.21323807520756746,90700325.25494167,0,False,3,0.9924140838195894,0,2.451034861054789e-08,1.7630643295660055e-12,20.867448900004092
3655,27338.720840555477,509.4757096082894,27848.196550163768,233.83208009405158,0.21323807551154317,90700325.25494167,0,False,3,0.9924332416156577,0,2.4440767211255975e-08,1.759014611562546e-12,20.872894799998903
3656,27338.720918529576,509.47563158530244,27848.196550114877,233.83208042751352,0.21323807581563653,90700325.25494167,0,False,3,0.9924523028309865,0,2.4371167725514637e-08,1.755618073882706e-12,20.879446500002814
3657,27338.720996532888,509.47555353321263,27848.1965500661,233.8320807611004,0.21323807611984383,90700325.25494167,0,False,3,0.9924712681943859,0,2.4301551414861938e-08,1.7515683558792058e-12,20.884813999997277
3658,27338.72107456444,509.4754754529844,27848.196550017426,233.83208109480805,0.21323807642416126,90700325.25494167,0,False,3,0.9924901384273501,0,2.4231918600373894e-08,1.7477799100051419e-12,20.890113499997824
3659,27338.72115262327,509.47539734558205,27848.196549968852,233.83208142863234,0.21323807672858505,90700325.25494167,0,False,3,0.9925089142441474,0,2.4162270725084702e-08,1.7442527362605158e-12,20.89581609999732
3660,27338.721230708423,509.4753192119691,27848.19654992039,233.8320817625692,0.2132380770331115,90700325.25494167,0,False,3,0.9925275963519118,0,2.4092608710552573e-08,1.7402030182569546e-12,20.901104500000656
3661,27338.72130881893,509.47524105310833,27848.19654987204,233.8320820966145,0.21323807733773684,90700325.25494167,0,False,3,0.9925461854507305,0,2.402293331783723e-08,1.7362839363181017e-12,20.906610800004273
3662,27338.721386953832,509.47516286996205,27848.196549823795,233.8320824307641,0.21323807764245728,90700325.25494167,0,False,3,0.9925646822337327,0,2.3953245945261533e-08,1.7323648543792285e-12,20.911872600001516
3663,27338.72146511217,509.4750846634918,27848.19654977566,233.83208276501395,0.21323807794726918,90700325.25494167,0,False,3,0.9925830873871752,0,2.388354692576e-08,1.7284457724403348e-12,20.917130399997404
3664,27338.72154329298,509.4750064346582,27848.19654972764,233.83208309935992,0.2132380782521687,90700325.25494167,0,False,3,0.9926014015905278,0,2.3813838221669662e-08,1.7243960544366906e-12,20.922466000003624
3665,27338.7216214953,509.47492818442134,27848.19654967972,233.83208343379786,0.2132380785571521,90700325.25494167,0,False,3,0.9926196255165561,0,2.3744120083124133e-08,1.7207382446272163e-12,20.92778150000231
3666,27338.72169971818,509.47484991374074,27848.19654963192,233.8320837683237,0.21323807886221566,90700325.25494167,0,False,3,0.9926377598314053,0,2.367439354885733e-08,1.7164272544940707e-12,20.93303449999803
3667,27338.721777960658,509.474771623575,27848.196549584234,233.8320841029334,0.21323807916735568,90700325.25494167,0,False,3,0.9926558051946807,0,2.360466032027728e-08,1.7123775364903643e-12,20.93921190000401
3668,27338.721856221775,509.47469331488185,27848.196549536657,233.83208443762277,0.21323807947256837,90700325.25494167,0,False,3,0.9926737622595274,0,2.3534920328373593e-08,1.7084584545513681e-12,20.944768200002727
3669,27338.721934500572,509.47461498861855,27848.196549489192,233.8320847723878,0.21323807977785003,90700325.25494167,0,False,3,0.9926916316727105,0,2.346517552024075e-08,1.7044087365476206e-12,20.94988320000266
3670,27338.722012796105,509.47453664574135,27848.196549441847,233.83208510722434,0.21323808008319695,90700325.25494167,0,False,3,0.9927094140746913,0,2.3395426228672187e-08,1.7000977464143895e-12,20.95564000000013
3671,27338.722091107404,509.4744582872058,27848.196549394608,233.83208544212835,0.21323808038860537,90700325.25494167,0,False,3,0.9927271100997054,0,2.332567385663843e-08,1.696309300540063e-12,20.961387499999546
3672,27338.722169433528,509.4743799139668,27848.196549347493,233.83208577709573,0.21323808069407157,90700325.25494167,0,False,3,0.9927447203758367,0,2.3255919303900493e-08,1.6918676743420578e-12,20.966447500002687
3673,27338.72224777352,509.4743015269782,27848.196549300497,233.83208611212243,0.21323808099959188,90700325.25494167,0,False,3,0.992762245525093,0,2.3186163341696548e-08,1.6875566842087623e-12,20.972449699998833
3674,27338.722326126415,509.4742231271929,27848.196549253607,233.83208644720432,0.21323808130516253,90700325.25494167,0,False,3,0.992779686163479,0,2.311640756618235e-08,1.6837682383343738e-12,20.97760769999877
3675,27338.72240449128,509.4741447155633,27848.196549206845,233.83208678233737,0.2132380816107798,90700325.25494167,0,False,3,0.9927970429010681,0,2.304665264038933e-08,1.6791959760715713e-12,20.983149600004253
3676,27338.722482867157,509.4740662930408,27848.1965491602,233.83208711751755,0.2132380819164401,90700325.25494167,0,False,3,0.9928143163420743,0,2.2976899696297577e-08,1.675015622002944e-12,20.988620700001775
3677,27338.72256125309,509.47398786057585,27848.196549113665,233.8320874527407,0.21323808222213952,90700325.25494167,0,False,3,0.9928315070849221,0,2.29071495137971e-08,1.6709659039990287e-12,20.993871799997578
3678,27338.722639648142,509.4739094191181,27848.19654906726,233.83208778800287,0.21323808252787457,90700325.25494167,0,False,3,0.9928486157223152,0,2.2837403465070918e-08,1.6663936417361602e-12,20.99920569999813
3679,27338.72271805135,509.4738309696164,27848.196549020966,233.8320881232999,0.2132380828336414,90700325.25494167,0,False,3,0.9928656428413056,0,2.276766195249981e-08,1.6623439237322025e-12,21.00473780000175
3680,27338.722796461785,509.47375251301844,27848.196548974804,233.83208845862788,0.21323808313943646,90700325.25494167,0,False,3,0.9928825890233606,0,2.2697926848086844e-08,1.6576410254045565e-12,21.010098200000357
3681,27338.722874878484,509.4736740502712,27848.196548928754,233.83208879398262,0.2132380834452559,90700325.25494167,0,False,3,0.9928994548444284,0,2.2628198695192868e-08,1.653591307400556e-12,21.01543749999837
3682,27338.722953300516,509.47359558232057,27848.196548882835,233.83208912936016,0.21323808375109615,90700325.25494167,0,False,3,0.9929162408750043,0,2.255847822768575e-08,1.6488884090728657e-12,21.020720000000438
3683,27338.72303172692,509.4735171101117,27848.196548837033,233.8320894647564,0.21323808405695344,90700325.25494167,0,False,3,0.9929329476801945,0,2.2488766957017855e-08,1.6447080550040887e-12,21.026312800000596
3684,27338.723110156767,509.4734386345886,27848.196548791355,233.83208980016735,0.21323808436282418,90700325.25494167,0,False,3,0.9929495758197797,0,2.2419066234769463e-08,1.6402664288058224e-12,21.032121199998073
3685,27338.72318858911,509.4733601566944,27848.196548745804,233.832090135589,0.21323808466870464,90700325.25494167,0,False,3,0.9929661258482784,0,2.2349375997814355e-08,1.6356941665427995e-12,21.03736460000073
3686,27338.723267023008,509.4732816773712,27848.19654870038,233.8320904710173,0.21323808497459118,90700325.25494167,0,False,3,0.9929825983150071,0,2.2279698281282947e-08,1.631121904279754e-12,21.04258750000008
3687,27338.72334545751,509.4732031975601,27848.196548655073,233.83209080644818,0.21323808528048008,90700325.25494167,0,False,3,0.9929989937641431,0,2.221003374078392e-08,1.6269415502108915e-12,21.047849399998086
3688,27338.72342389169,509.47312471820106,27848.196548609892,233.83209114187767,0.2132380855863677,90700325.25494167,0,False,3,0.9930153127347828,0,2.2140383453105986e-08,1.6223692879478027e-12,21.053123600002436
3689,27338.723502324607,509.47304624023343,27848.19654856484,233.83209147730176,0.21323808589225038,90700325.25494167,0,False,3,0.9930315557610018,0,2.207074884074107e-08,1.6177970256846914e-12,21.058427900003153
3690,27338.723580755322,509.4729677645948,27848.196548519918,233.8320918127164,0.21323808619812448,90700325.25494167,0,False,3,0.9930477233719127,0,2.2001129862847318e-08,1.6130941273568223e-12,21.063934300000255
3691,27338.7236591829,509.4728892922228,27848.19654847512,233.83209214811768,0.21323808650398637,90700325.25494167,0,False,3,0.9930638160917233,0,2.1931528749491058e-08,1.6086525011584023e-12,21.069158700003754
3692,27338.723737606397,509.4728108240526,27848.19654843045,233.8320924835015,0.21323808680983233,90700325.25494167,0,False,3,0.9930798344397928,0,2.1861946062751136e-08,1.6040802388952248e-12,21.074761500000022
3693,27338.72381602489,509.47273236101967,27848.19654838591,233.83209281886388,0.21323808711565875,90700325.25494167,0,False,3,0.9930957789306873,0,2.1792382203670558e-08,1.5993773405672888e-12,21.080353899997135
3694,27338.72389443744,509.47265390405744,27848.196548341497,233.8320931542009,0.21323808742146205,90700325.25494167,0,False,3,0.9931116500742366,0,2.172283959313135e-08,1.5948050783040667e-12,21.085618600001908
3695,27338.723972843116,509.47257545409866,27848.196548297215,233.83209348950848,0.2132380877272385,90700325.25494167,0,False,3,0.9931274483755865,0,2.1653318171386937e-08,1.590102179976086e-12,21.091007700000773
3696,27338.724051240988,509.47249701207494,27848.19654825306,233.8320938247827,0.21323808803298452,90700325.25494167,0,False,3,0.9931431743352542,0,2.1583819285430676e-08,1.5855299177128199e-12,21.09675779999816
3697,27338.724129630125,509.4724185789164,27848.19654820904,233.83209416001955,0.21323808833869648,90700325.25494167,0,False,3,0.9931588284491802,0,2.1514343948923024e-08,1.5806963833200577e-12,21.101799399999436
3698,27338.7242080096,509.47234015555273,27848.196548165153,233.8320944952151,0.21323808864437077,90700325.25494167,0,False,3,0.9931744112087808,0,2.1444893550894625e-08,1.5759934849920098e-12,21.10701759999938
3699,27338.72428637848,509.47226174291194,27848.196548121392,233.83209483036532,0.2132380889500037,90700325.25494167,0,False,3,0.9931899231009995,0,2.1375469089764322e-08,1.5714212227286772e-12,21.11257750000368
3700,27338.724364735845,509.472183341921,27848.196548077765,233.8320951654663,0.21323808925559176,90700325.25494167,0,False,3,0.9932053646083581,0,2.1306070894722985e-08,1.5665876883358476e-12,21.117774700003793
3701,27338.724443080762,509.47210495350544,27848.196548034266,233.83209550051404,0.21323808956113124,90700325.25494167,0,False,3,0.9932207362090064,0,2.123670095551558e-08,1.5620154260724712e-12,21.12318740000046
3702,27338.724521412318,509.4720265785902,27848.19654799091,233.83209583550465,0.21323808986661866,90700325.25494167,0,False,3,0.993236038376772,0,2.116735965958603e-08,1.5569206195501205e-12,21.128412899997784
3703,27338.724599729583,509.4719482180985,27848.196547947682,233.83209617043414,0.2132380901720503,90700325.25494167,0,False,3,0.9932512715812086,0,2.1098048512614063e-08,1.5522177212219611e-12,21.13371090000146
3704,27338.724678031635,509.4718698729527,27848.196547904587,233.83209650529858,0.21323809047742265,90700325.25494167,0,False,3,0.9932664362876443,0,2.10287683940572e-08,1.54751482289378e-12,21.139745699998457
3705,27338.724756317555,509.4717915440735,27848.19654786163,233.83209684009404,0.21323809078273206,90700325.25494167,0,False,3,0.9932815329572293,0,2.0959520227564444e-08,1.5425506524360993e-12,21.14516729999741
3706,27338.72483458642,509.4717132323809,27848.196547818803,233.83209717481654,0.21323809108797498,90700325.25494167,0,False,3,0.9932965620469821,0,2.089030550623049e-08,1.5378477541078735e-12,21.15007550000155
3707,27338.724912837315,509.4716349387931,27848.196547776108,233.8320975094622,0.21323809139314778,90700325.25494167,0,False,3,0.9933115240098361,0,2.0821124592777997e-08,1.5331448557796263e-12,21.15594090000377
3708,27338.72499106933,509.4715566642274,27848.196547733558,233.8320978440271,0.21323809169824698,90700325.25494167,0,False,3,0.9933264192946853,0,2.0751979079368995e-08,1.5279194131923995e-12,21.161056400000234
3709,27338.725069281543,509.4714784095998,27848.196547691143,233.83209817850732,0.21323809200326893,90700325.25494167,0,False,3,0.9933412483464289,0,2.0682869729692022e-08,1.5230858787993675e-12,21.166679300004034
3710,27338.725147473036,509.4714001758249,27848.196547648862,233.83209851289894,0.2132380923082101,90700325.25494167,0,False,3,0.9933560116060157,0,2.061379809588369e-08,1.5182523444063138e-12,21.17269340000348
3711,27338.725225642895,509.47132196381597,27848.19654760671,233.83209884719804,0.21323809261306687,90700325.25494167,0,False,3,0.9933707095104878,0,2.05447645582399e-08,1.5136800821427178e-12,21.177717899998243
3712,27338.725303790226,509.4712437744852,27848.196547564712,233.8320991814008,0.2132380929178358,90700325.25494167,0,False,3,0.993385342493024,0,2.0475770742465824e-08,1.5080627313611792e-12,21.182952600000135
3713,27338.725381914097,509.4711656087435,27848.19654752284,233.83209951550322,0.21323809322251325,90700325.25494167,0,False,3,0.9933999109829825,0,2.0406817214902645e-08,1.503621105162279e-12,21.188637200000812
3714,27338.725460013608,509.4710874674996,27848.196547481108,233.83209984950145,0.21323809352709566,90700325.25494167,0,False,3,0.9934144154059427,0,2.0337905210908857e-08,1.4985262986396558e-12,21.194042199997057
3715,27338.72553808785,509.4710093516621,27848.19654743951,233.83210018339162,0.21323809383157952,90700325.25494167,0,False,3,0.9934288561837462,0,2.0269036122604058e-08,1.4936927642464911e-12,21.199428500003705
3716,27338.725616135922,509.4709312621375,27848.19654739806,233.8321005171699,0.21323809413596137,90700325.25494167,0,False,3,0.9934432337345391,0,2.020021097081192e-08,1.4884673216590818e-12,21.20565760000318
3717,27338.725694156914,509.47085319983137,27848.196547356747,233.83210085083235,0.21323809444023756,90700325.25494167,0,False,3,0.9934575484728109,0,2.013143053057709e-08,1.4835031512011316e-12,21.210939900003723
3718,27338.72577214992,509.47077516564724,27848.196547315565,233.83210118437512,0.21323809474440464,90700325.25494167,0,False,3,0.9934718008094354,0,2.0062695846243325e-08,1.4788002528726418e-12,21.21617839999817
3719,27338.725850114046,509.4706971604879,27848.196547274532,233.83210151779437,0.21323809504845906,90700325.25494167,0,False,3,0.9934859911517097,0,1.9994007899466026e-08,1.4734441742204235e-12,21.221484200003033
3720,27338.725928048385,509.47061918525424,27848.196547233638,233.83210185108624,0.21323809535239732,90700325.25494167,0,False,3,0.9935001199033928,0,1.9925368570623646e-08,1.4684800037624066e-12,21.22695969999768
3721,27338.726005952045,509.4705412408461,27848.196547192892,233.8321021842469,0.21323809565621596,90700325.25494167,0,False,3,0.9935141874647448,0,1.985677785981706e-08,1.463123925110142e-12,21.232400400003826
3722,27338.726083824113,509.470463328162,27848.196547152274,233.8321025172725,0.2132380959599114,90700325.25494167,0,False,3,0.9935281942325633,0,1.9788237684413462e-08,1.4585516628463068e-12,21.23781869999948
3723,27338.726161663708,509.47038544809845,27848.196547111806,233.83210285015917,0.21323809626348014,90700325.25494167,0,False,3,0.9935421406002222,0,1.9719748037665192e-08,1.4531955841939976e-12,21.24319999999716
3724,27338.72623946993,509.47030760155087,27848.19654707148,233.83210318290313,0.21323809656691875,90700325.25494167,0,False,3,0.9935560269577076,0,1.965131134727157e-08,1.4481007776711499e-12,21.24866219999967
3725,27338.726317241875,509.47022978941317,27848.19654703129,233.8321035155005,0.2132380968702237,90700325.25494167,0,False,3,0.9935698536916551,0,1.9582928070359904e-08,1.443136607213023e-12,21.25396919999912
3726,27338.726394978665,509.470152012578,27848.196546991243,233.83210384794756,0.21323809717339157,90700325.25494167,0,False,3,0.9935836211853843,0,1.951459862703897e-08,1.4380418006901314e-12,21.25918719999754
3727,27338.726472679402,509.4700742719362,27848.196546951338,233.8321041802404,0.21323809747641878,90700325.25494167,0,False,3,0.9935973298189359,0,1.9446324976693897e-08,1.4329469941672179e-12,21.264628700002504
3728,27338.7265503432,509.46999656837716,27848.196546911575,233.83210451237528,0.21323809777930194,90700325.25494167,0,False,3,0.9936109799691056,0,1.9378108202933167e-08,1.4278521876442825e-12,21.269912199997634
3729,27338.726627969176,509.46991890278895,27848.196546871965,233.8321048443484,0.2132380980820376,90700325.25494167,0,False,3,0.9936245720094791,0,1.9309948628798845e-08,1.4223654729270948e-12,21.275261499999033
3730,27338.726705556433,509.4698412760576,27848.196546832492,233.83210517615598,0.2132380983846223,90700325.25494167,0,False,3,0.9936381063104658,0,1.924184817619733e-08,1.4174013024688584e-12,21.281239700001606
3731,27338.726783104095,509.46976368906866,27848.196546793162,233.83210550779418,0.21323809868705254,90700325.25494167,0,False,3,0.9936515832393333,0,1.9173807433959587e-08,1.4123064959458568e-12,21.286650800000643
3732,27338.72686061127,509.4696861427049,27848.196546753974,233.83210583925924,0.2132380989893249,90700325.25494167,0,False,3,0.99366500316024,0,1.9105827227142946e-08,1.4072116894228338e-12,21.292545299998892
3733,27338.726938077092,509.4696086378483,27848.196546714942,233.83210617054746,0.21323809929143597,90700325.25494167,0,False,3,0.9936783664342679,0,1.9037909154281707e-08,1.4015943386408123e-12,21.298012799998105
3734,27338.727015500663,509.469531175379,27848.19654667604,233.832106501655,0.2132380995933823,90700325.25494167,0,False,3,0.9936916734194553,0,1.897005465481698e-08,1.396891440311978e-12,21.30311939999956
3735,27338.727092881112,509.46945375617577,27848.19654663729,233.83210683257812,0.21323809989516043,90700325.25494167,0,False,3,0.9937049244708291,0,1.8902263489489617e-08,1.391535361659401e-12,21.308709199998702
3736,27338.727170217564,509.4693763811154,27848.19654659868,233.83210716331308,0.21323810019676698,90700325.25494167,0,False,3,0.9937181199404355,0,1.8834537802820465e-08,1.3864405551362912e-12,21.31391679999797
3737,27338.72724750915,509.46929905107345,27848.196546560222,233.83210749385614,0.21323810049819852,90700325.25494167,0,False,3,0.9937312601773719,0,1.8766878003202628e-08,1.3809538404189252e-12,21.31890459999704
3738,27338.727324754982,509.46922176692397,27848.196546521907,233.83210782420358,0.21323810079945166,90700325.25494167,0,False,3,0.9937443455278178,0,1.869928616505543e-08,1.375859033895772e-12,21.324215599997842
3739,27338.727401954202,509.4691445295387,27848.19654648374,233.83210815435163,0.213238101100523,90700325.25494167,0,False,3,0.993757376335065,0,1.863176203156959e-08,1.370502955243107e-12,21.329342400000314
3740,27338.727479105928,509.4690673397885,27848.196546445717,233.8321084842966,0.21323810140140914,90700325.25494167,0,False,3,0.9937703529395472,0,1.856430770214905e-08,1.365408148719911e-12,21.334450299997116
3741,27338.7275562093,509.4689901985422,27848.196546407842,233.83210881403477,0.2132381017021067,90700325.25494167,0,False,3,0.9937832756788707,0,1.8496923604761935e-08,1.3600520700672028e-12,21.340051500003028
3742,27338.727633263436,509.46891310666723,27848.1965463701,233.83210914356238,0.2132381020026122,90700325.25494167,0,False,3,0.9937961448878428,0,1.842961175005214e-08,1.355218535673456e-12,21.345319500003825
3743,27338.727710267496,509.4688360650289,27848.196546332525,233.83210947287583,0.21323810230292245,90700325.25494167,0,False,3,0.9938089608985013,0,1.8362371917437563e-08,1.3493399127617214e-12,21.350512099998014
3744,27338.727787220596,509.4687590744913,27848.196546295087,233.83210980197137,0.21323810260303397,90700325.25494167,0,False,3,0.9938217240401428,0,1.829520580389272e-08,1.3443757423031863e-12,21.35623569999734
3745,27338.72786412188,509.4686821359166,27848.196546257797,233.83211013084528,0.21323810290294337,90700325.25494167,0,False,3,0.9938344346393507,0,1.822811522657566e-08,1.339019663650392e-12,21.36121540000022
3746,27338.727940970486,509.468605250165,27848.19654622065,233.83211045949395,0.21323810320264736,90700325.25494167,0,False,3,0.9938470930200242,0,1.8161099741048428e-08,1.3339248571270693e-12,21.366301900001417
3747,27338.72801776556,509.4685284180955,27848.196546183655,233.83211078791365,0.21323810350214256,90700325.25494167,0,False,3,0.993859699503404,0,1.809416164370485e-08,1.3284381424094862e-12,21.372270200001367
3748,27338.728094506245,509.46845164056543,27848.19654614681,233.83211111610075,0.21323810380142563,90700325.25494167,0,False,3,0.9938722544081016,0,1.8027301617910452e-08,1.323082063756628e-12,21.377338700003747
3749,27338.72817119168,509.4683749184297,27848.19654611011,233.83211144405158,0.21323810410049326,90700325.25494167,0,False,3,0.9938847580501241,0,1.796052050685577e-08,1.3178566211684954e-12,21.38225400000374
3750,27338.728247821018,509.46829825254207,27848.19654607356,233.8321117717625,0.2132381043993421,90700325.25494167,0,False,3,0.9938972107429027,0,1.7893819686432628e-08,1.3125005425155951e-12,21.38791140000103
3751,27338.7283243934,509.4682216437544,27848.196546037154,233.83211209922987,0.21323810469796883,90700325.25494167,0,False,3,0.9939096127973173,0,1.782720032711846e-08,1.307275099927421e-12,21.392986400001973
3752,27338.72840090798,509.46814509291664,27848.196546000898,233.83211242645,0.21323810499637014,90700325.25494167,0,False,3,0.9939219645217233,0,1.7760662688942368e-08,1.3019190212744787e-12,21.39797389999876
3753,27338.728477363915,509.4680686008771,27848.19654596479,233.83211275341938,0.21323810529454273,90700325.25494167,0,False,3,0.9939342662219772,0,1.7694208838807615e-08,1.2965629426215156e-12,21.403376800000842
3754,27338.728553760346,509.4679921684822,27848.19654592883,233.83211308013426,0.21323810559248324,90700325.25494167,0,False,3,0.9939465182014613,0,1.762783970152073e-08,1.2913375000332795e-12,21.408753399999114
3755,27338.72863009644,509.46791579657656,27848.196545893017,233.8321134065911,0.21323810589018846,90700325.25494167,0,False,3,0.9939587207611089,0,1.756155582348346e-08,1.285981421380275e-12,21.414187599999423
3756,27338.728706371352,509.4678394860033,27848.196545857354,233.8321137327863,0.21323810618765507,90700325.25494167,0,False,3,0.9939708741994294,0,1.7495358546235574e-08,1.2806253427272498e-12,21.41965219999838
3757,27338.728782584243,509.46776323760315,27848.196545821847,233.83211405871626,0.2132381064848798,90700325.25494167,0,False,3,0.9939829788125322,0,1.7429248838493998e-08,1.2750079919447073e-12,21.424959500000114
3758,27338.728858734263,509.4676870522154,27848.19654578648,233.83211438437735,0.21323810678185934,90700325.25494167,0,False,3,0.9939950348941511,0,1.7363228251029746e-08,1.2700438214858862e-12,21.43023859999812
3759,27338.728934820585,509.4676109306775,27848.196545751263,233.83211470976602,0.21323810707859045,90700325.25494167,0,False,3,0.9940070427356672,0,1.729729721376829e-08,1.264557106768051e-12,21.435917700000573
3760,27338.729010842373,509.4675348738249,27848.196545716197,233.8321150348787,0.2132381073750699,90700325.25494167,0,False,3,0.9940190026261339,0,1.7231457181598766e-08,1.259201028114944e-12,21.441251600001124
3761,27338.729086798787,509.46745888249126,27848.19654568128,233.83211535971182,0.2132381076712944,90700325.25494167,0,False,3,0.994030914852299,0,1.716570962147346e-08,1.2538449494618167e-12,21.446702799999912
3762,27338.729162689,509.4673829575084,27848.196545646508,233.83211568426182,0.2132381079672607,90700325.25494167,0,False,3,0.9940427796986278,0,1.7100054403259596e-08,1.2486195068734184e-12,21.45195170000079
3763,27338.729238512184,509.4673070997061,27848.19654561189,233.83211600852516,0.21323810826296558,90700325.25494167,0,False,3,0.9940545974473258,0,1.7034493574280798e-08,1.2431327921555017e-12,21.457252100000915
3764,27338.72931426751,509.4672313099124,27848.196545577423,233.83211633249832,0.21323810855840586,90700325.25494167,0,False,3,0.9940663683783618,0,1.696902763255091e-08,1.2376460774375646e-12,21.462876999998116
3765,27338.729389954147,509.4671555889532,27848.196545543102,233.8321166561777,0.21323810885357822,90700325.25494167,0,False,3,0.9940780927694888,0,1.6903658550225397e-08,1.2324206348491065e-12,21.46803809999983
3766,27338.72946557128,509.46707993765284,27848.196545508934,233.83211697955986,0.21323810914847954,90700325.25494167,0,False,3,0.994089770896267,0,1.683838614702835e-08,1.2269339201311292e-12,21.473355499998434
3767,27338.72954111808,509.46700435683334,27848.19654547491,233.8321173026412,0.21323810944310653,90700325.25494167,0,False,3,0.9941014030320847,0,1.677321245803256e-08,1.2217084775426318e-12,21.479168999998365
3768,27338.729616593722,509.46692884731516,27848.19654544104,233.83211762541828,0.21323810973745608,90700325.25494167,0,False,3,0.9941129894481797,0,1.6708137946488264e-08,1.2163523988893652e-12,21.484262999998464
3769,27338.729691997403,509.4668534099163,27848.196545407318,233.83211794788758,0.21323811003152493,90700325.25494167,0,False,3,0.9941245304136608,0,1.6643164663267837e-08,1.2108656841713285e-12,21.48953939999774
3770,27338.729767328292,509.46677804545357,27848.196545373747,233.83211827004558,0.2132381103253099,90700325.25494167,0,False,3,0.9941360261955283,0,1.6578292415269263e-08,1.2055096055180223e-12,21.495185200001288
3771,27338.729842585584,509.46670275474094,27848.196545340325,233.83211859188884,0.21323811061880787,90700325.25494167,0,False,3,0.9941474770586953,0,1.6513522744301544e-08,1.2001535268646968e-12,21.500377299998945
3772,27338.72991776846,509.4666275385912,27848.19654530705,233.83211891341386,0.2132381109120156,90700325.25494167,0,False,3,0.9941588832660063,0,1.6448857089786106e-08,1.194797448211352e-12,21.505834700001287
3773,27338.729992876113,509.4665523978144,27848.196545273928,233.83211923461718,0.21323811120492997,90700325.25494167,0,False,3,0.9941702450782601,0,1.638429593375243e-08,1.1894413695579879e-12,21.511614000002737
3774,27338.73006790773,509.46647733321913,27848.19654524095,233.83211955549532,0.21323811149754782,90700325.25494167,0,False,3,0.9941815627542269,0,1.631984072097995e-08,1.184215926969356e-12,21.516706900001736
3775,27338.730142862514,509.4664023456118,27848.196545208128,233.83211987604489,0.21323811178986601,90700325.25494167,0,False,3,0.9941928365506698,0,1.6255492370807374e-08,1.1785985761864513e-12,21.521779000002425
3776,27338.73021773966,509.466327435797,27848.196545175455,233.83212019626242,0.21323811208188143,90700325.25494167,0,False,3,0.9942040667223634,0,1.6191252371781038e-08,1.1732424975330297e-12,21.52715200000239
3777,27338.730292538352,509.4662526045768,27848.196545142928,233.83212051614444,0.21323811237359086,90700325.25494167,0,False,3,0.9942152535221137,0,1.6127121327187825e-08,1.1680170549443409e-12,21.532388899999205
3778,27338.730367257805,509.4661778527516,27848.196545110557,233.83212083568762,0.21323811266499132,90700325.25494167,0,False,3,0.9942263972007759,0,1.6063099903014163e-08,1.1623997041613785e-12,21.53778489999968
3779,27338.730441897213,509.46610318111976,27848.196545078332,233.83212115488843,0.21323811295607956,90700325.25494167,0,False,3,0.9942374980072748,0,1.599919031874765e-08,1.1571742615726522e-12,21.54342020000331
3780,27338.730516455777,509.4660285904775,27848.196545046256,233.83212147374354,0.21323811324685252,90700325.25494167,0,False,3,0.9942485561886216,0,1.593539231521347e-08,1.1518181829191558e-12,21.54869350000081
3781,27338.73059093271,509.4659540816187,27848.19654501433,233.83212179224955,0.21323811353730715,90700325.25494167,0,False,3,0.9942595719899339,0,1.587170801190179e-08,1.1464621042656405e-12,21.55408069999976
3782,27338.730665327217,509.4658796553357,27848.19654498255,233.83212211040302,0.2132381138274403,90700325.25494167,0,False,3,0.9942705456544525,0,1.580813789433795e-08,1.141106025612107e-12,21.559636899997713
3783,27338.730739638508,509.4658053124183,27848.196544950926,233.83212242820065,0.2132381141172489,90700325.25494167,0,False,3,0.9942814774235601,0,1.574468324129836e-08,1.1356193108938026e-12,21.564855999997235
3784,27338.730813865794,509.4657310536542,27848.196544919447,233.832122745639,0.2132381144067299,90700325.25494167,0,False,3,0.9942923675367986,0,1.5681345169702082e-08,1.130393868304985e-12,21.570195200001763
3785,27338.730888008293,509.46565687982957,27848.196544888124,233.83212306271477,0.21323811469588025,90700325.25494167,0,False,3,0.9943032162318873,0,1.5618125009068482e-08,1.1247765175218908e-12,21.57569720000174
3786,27338.730962065216,509.4655827917277,27848.196544856943,233.83212337942456,0.21323811498469686,90700325.25494167,0,False,3,0.994314023744739,0,1.555502288523535e-08,1.1196817109977898e-12,21.580927200004226
3787,27338.73103603578,509.4655087901301,27848.19654482591,233.83212369576503,0.21323811527317665,90700325.25494167,0,False,3,0.9943247903094784,0,1.5492040533293287e-08,1.1143256323441653e-12,21.58629579999979
3788,27338.73110991922,509.46543487581613,27848.196544795035,233.8321240117329,0.21323811556131667,90700325.25494167,0,False,3,0.994335516158458,0,1.5429179091449187e-08,1.1087082815610163e-12,21.591711499997473
3789,27338.731183714735,509.46536104956334,27848.196544764298,233.83212432732478,0.2132381158491138,90700325.25494167,0,False,3,0.9943462015222756,0,1.5366439365352165e-08,1.1037441111016157e-12,21.596946199999365
3790,27338.731257421576,509.4652873121462,27848.19654473372,233.83212464253742,0.21323811613656513,90700325.25494167,0,False,3,0.9943568466297904,0,1.530382195159749e-08,1.0979961242536773e-12,21.602312000002712
3791,27338.73133103895,509.4652136643382,27848.19654470329,233.83212495736745,0.21323811642366752,90700325.25494167,0,False,3,0.9943674517081394,0,1.5241329234851213e-08,1.0927706816647347e-12,21.608080099998915
3792,27338.731404566093,509.4651401069094,27848.196544673003,233.83212527181158,0.213238116710418,90700325.25494167,0,False,3,0.9943780169827539,0,1.5178960638801514e-08,1.087545239075775e-12,21.613290599998436
3793,27338.731478002243,509.4650666406287,27848.196544642873,233.83212558586658,0.2132381169968136,90700325.25494167,0,False,3,0.9943885426773751,0,1.5116718755738984e-08,1.0819278882925362e-12,21.61843450000015
3794,27338.731551346616,509.4649932662623,27848.196544612878,233.8321258995291,0.21323811728285133,90700325.25494167,0,False,3,0.99439902901407,0,1.5054603872906406e-08,1.077094353897804e-12,21.62383370000316
3795,27338.73162459847,509.4649199845741,27848.196544583043,233.83212621279597,0.21323811756852823,90700325.25494167,0,False,3,0.994409476213247,0,1.4992616427491345e-08,1.0713463670497763e-12,21.629035700003442
3796,27338.73169775703,509.46484679632636,27848.196544553357,233.83212652566382,0.21323811785384125,90700325.25494167,0,False,3,0.9944198844936719,0,1.493075855037043e-08,1.065990288395993e-12,21.63430640000297
3797,27338.731770821534,509.4647737022785,27848.196544523813,233.83212683812948,0.2132381181387875,90700325.25494167,0,False,3,0.9944302540724818,0,1.4869031135859713e-08,1.060895481871702e-12,21.640076900002896
3798,27338.731843791233,509.4647007031878,27848.19654449442,233.83212715018965,0.213238118423364,90700325.25494167,0,False,3,0.9944405851652022,0,1.4807435082898442e-08,1.0554087671531306e-12,21.645310699997935
3799,27338.73191666537,509.4646277998097,27848.19654446518,233.83212746184117,0.21323811870756781,90700325.25494167,0,False,3,0.9944508779857604,0,1.4745970787965512e-08,1.0500526884992967e-12,21.650706500004162
3800,27338.731989443182,509.46455499289686,27848.19654443608,233.83212777308074,0.21323811899139597,90700325.25494167,0,False,3,0.9944611327465004,0,1.4684640295149138e-08,1.0449578819749556e-12,21.656034899999213
3801,27338.732062123927,509.4644822832002,27848.19654440713,233.83212808390522,0.21323811927484557,90700325.25494167,0,False,3,0.9944713496581985,0,1.4623444036390222e-08,1.0396018033210885e-12,21.661395700000867
3802,27338.732134706857,509.4644096714679,27848.196544378327,233.83212839431135,0.2132381195579137,90700325.25494167,0,False,3,0.9944815289300767,0,1.456238307607465e-08,1.0342457246672045e-12,21.667188699997496
3803,27338.732207191224,509.46433715844586,27848.19654434967,233.832128704296,0.21323811984059746,90700325.25494167,0,False,3,0.9944916707698178,0,1.4501459130729989e-08,1.0290202820780592e-12,21.673465300002135
3804,27338.73227957629,509.46426474487816,27848.196544321167,233.83212901385596,0.21323812012289392,90700325.25494167,0,False,3,0.994501775383579,0,1.4440672309446305e-08,1.023533567359387e-12,21.678526199997577
3805,27338.7323518613,509.46419243150626,27848.19654429281,233.83212932298804,0.2132381204048002,90700325.25494167,0,False,3,0.9945118429760057,0,1.4380024522778063e-08,1.018308124770209e-12,21.684084200001962
3806,27338.732424045524,509.4641202190693,27848.196544264592,233.83212963168907,0.21323812068631337,90700325.25494167,0,False,3,0.9945218737502465,0,1.4319515754230146e-08,1.0132133182457708e-12,21.689178900000115
3807,27338.73249612822,509.46404810830387,27848.196544236525,233.83212993995593,0.21323812096743064,90700325.25494167,0,False,3,0.9945318679079651,0,1.4259148418596694e-08,1.0078572395918054e-12,21.69428280000284
3808,27338.73256810866,509.46397609994483,27848.196544208604,233.8321302477855,0.2132381212481491,90700325.25494167,0,False,3,0.9945418256493554,0,1.4198922420443878e-08,1.0026317970025798e-12,21.69959270000254
3809,27338.732639986112,509.46390419472414,27848.196544180835,233.83213055517461,0.2132381215284659,90700325.25494167,0,False,3,0.9945517471731544,0,1.4138839262295353e-08,9.97145082283826e-13,21.705343800000264
3810,27338.732711759836,509.46383239337194,27848.19654415321,233.83213086212012,0.2132381218083782,90700325.25494167,0,False,3,0.9945616326766545,0,1.4078900452924198e-08,9.920502757593247e-13,21.710592900002666
3811,27338.732783429114,509.46376069661545,27848.19654412573,233.83213116861896,0.21323812208788312,90700325.25494167,0,False,3,0.9945714823557184,0,1.4019105820103732e-08,9.866941971052953e-13,21.715947999997297
3812,27338.732854993214,509.46368910517975,27848.196544098395,233.83213147466802,0.2132381223669779,90700325.25494167,0,False,3,0.9945812964047901,0,1.3959457462590412e-08,9.815993905807631e-13,21.721139799999946
3813,27338.732926451412,509.4636176197877,27848.1965440712,233.83213178026415,0.21323812264565964,90700325.25494167,0,False,3,0.9945910750169095,0,1.3899956112420669e-08,9.76504584056216e-13,21.726440999998886
3814,27338.732997802996,509.46354624115975,27848.196544044156,233.83213208540437,0.21323812292392563,90700325.25494167,0,False,3,0.9946008183837234,0,1.3840602911860966e-08,9.711485054021402e-13,21.732436099999177
3815,27338.733069047244,509.4634749700135,27848.196544017257,233.83213239008555,0.213238123201773,90700325.25494167,0,False,3,0.9946105266954994,0,1.3781398693432983e-08,9.659230628128059e-13,21.73753790000046
3816,27338.733140183438,509.4634038070649,27848.196543990503,233.8321326943046,0.21323812347919893,90700325.25494167,0,False,3,0.9946202001411376,0,1.3722344545498032e-08,9.606976202234562e-13,21.743298100001994
3817,27338.733211210867,509.463332753027,27848.196543963895,233.83213299805854,0.21323812375620074,90700325.25494167,0,False,3,0.9946298389081831,0,1.3663441739898436e-08,9.554721776340916e-13,21.74865690000297
3818,27338.733282128822,509.46326180861024,27848.196543937433,233.8321333013443,0.2132381240327756,90700325.25494167,0,False,3,0.9946394431828375,0,1.3604691244055238e-08,9.50246735044712e-13,21.75410589999956
3819,27338.733352936586,509.4631909745231,27848.196543911108,233.8321336041588,0.21323812430892067,90700325.25494167,0,False,3,0.9946490131499722,0,1.3546093699890112e-08,9.45282564584832e-13,21.760165400002734
3820,27338.733423633465,509.46312025147154,27848.196543884937,233.8321339064991,0.21323812458463334,90700325.25494167,0,False,3,0.9946585489931392,0,1.3487650316398342e-08,9.39795849865908e-13,21.765859699997236
3821,27338.733494218744,509.46304964015894,27848.196543858903,233.83213420836216,0.21323812485991078,90700325.25494167,0,False,3,0.994668050894583,0,1.342936278894657e-08,9.348316794059993e-13,21.77106459999777
3822,27338.733564691727,509.4629791412862,27848.19654383301,233.83213450974495,0.21323812513475024,90700325.25494167,0,False,3,0.9946775190352524,0,1.3371231266959015e-08,9.297368728813187e-13,21.776612000001478
3823,27338.73363505172,509.46290875555167,27848.196543807273,233.83213481064453,0.21323812540914908,90700325.25494167,0,False,3,0.994686953594812,0,1.3313257361355729e-08,9.2425015816235e-13,21.781872100000328
3824,27338.73370529802,509.4628384836516,27848.19654378167,233.8321351110579,0.21323812568310452,90700325.25494167,0,False,3,0.9946963547516539,0,1.325544162987111e-08,9.194166237671564e-13,21.787451600001077
3825,27338.73377542993,509.46276832627933,27848.19654375621,233.8321354109821,0.21323812595661384,90700325.25494167,0,False,3,0.994705722682908,0,1.3197785807977177e-08,9.141911811776748e-13,21.794962200001464
3826,27338.733845446764,509.462698284126,27848.19654373089,233.83213571041412,0.21323812622967436,90700325.25494167,0,False,3,0.9947150575644544,0,1.3140290367433829e-08,9.092270107176956e-13,21.801562300002843
3827,27338.73391534784,509.4626283578803,27848.19654370572,233.8321360093511,0.21323812650228344,90700325.25494167,0,False,3,0.9947243595709333,0,1.3082956404931998e-08,9.038709320634276e-13,21.80839040000137
3828,27338.73398513246,509.462558548228,27848.19654368069,233.83213630779008,0.21323812677443837,90700325.25494167,0,False,3,0.9947336288757563,0,1.302578469910593e-08,8.98776125538662e-13,21.813950900002965
3829,27338.734054799945,509.4624888558528,27848.1965436558,233.8321366057281,0.21323812704613646,90700325.25494167,0,False,3,0.9947428656511177,0,1.2968777235091606e-08,8.938119550786414e-13,21.819803099999262
3830,27338.734124349616,509.4624192814356,27848.196543631053,233.83213690316228,0.2132381273173751,90700325.25494167,0,False,3,0.994752070068004,0,1.291193406707772e-08,8.885865124890898e-13,21.825805599997693
3831,27338.734193780787,509.46234982565477,27848.196543606442,233.8321372000897,0.21323812758815158,90700325.25494167,0,False,3,0.994761242296206,0,1.2855257023827398e-08,8.837529780938009e-13,21.832294200001343
3832,27338.73426309279,509.4622804891864,27848.196543581977,233.83213749650747,0.21323812785846333,90700325.25494167,0,False,3,0.9947703825043277,0,1.2798746096802243e-08,8.785275355042223e-13,21.83934169999702
3833,27338.734332284945,509.46221127270394,27848.19654355765,233.8321377924127,0.21323812812830767,90700325.25494167,0,False,3,0.994779490859798,0,1.2742403720893641e-08,8.73563365044148e-13,21.845220100003644
3834,27338.734401356585,509.462142176878,27848.196543533464,233.83213808780258,0.21323812839768203,90700325.25494167,0,False,3,0.9947885675288797,0,1.2686229386970794e-08,8.684685585193016e-13,21.850699200003874
3835,27338.73447030704,509.46207320237687,27848.196543509417,233.83213838267417,0.21323812866658376,90700325.25494167,0,False,3,0.9947976126766807,0,1.2630225371181428e-08,8.635043880592011e-13,21.856402500001423
3836,27338.734539135647,509.4620043498663,27848.196543485512,233.83213867702466,0.21323812893501026,90700325.25494167,0,False,3,0.9948066264671631,0,1.2574392240567311e-08,8.584095815343282e-13,21.861742699999013
3837,27338.73460784174,509.4619356200092,27848.19654346175,233.83213897085122,0.213238129202959,90700325.25494167,0,False,3,0.9948156090631542,0,1.2518731012177819e-08,8.533147750094424e-13,21.86703529999795
3838,27338.734676424654,509.46186701346653,27848.19654343812,233.832139264151,0.21323812947042736,90700325.25494167,0,False,3,0.9948245606263549,0,1.2463242430792817e-08,8.484812406140626e-13,21.872594300002675
3839,27338.73474488374,509.4617985308957,27848.196543414633,233.83213955692122,0.2132381297374128,90700325.25494167,0,False,3,0.9948334813173508,0,1.2407928107309361e-08,8.433864340891511e-13,21.87784439999814
3840,27338.73481321833,509.4617301729522,27848.19654339128,233.832139849159,0.21323813000391267,90700325.25494167,0,False,3,0.9948423712956209,0,1.2352788400669246e-08,8.385528996937463e-13,21.883097400001134
3841,27338.73488142778,509.46166194028865,27848.196543368067,233.83214014086164,0.21323813026992455,90700325.25494167,0,False,3,0.9948512307195476,0,1.2297825318256117e-08,8.335887292335695e-13,21.888886300002923
3842,27338.73494951144,509.4615938335552,27848.196543344995,233.83214043202634,0.21323813053544585,90700325.25494167,0,False,3,0.9948600597464253,0,1.224303882343788e-08,8.2849392270862e-13,21.89394799999718
3843,27338.735017468665,509.461525853399,27848.196543322065,233.8321407226503,0.21323813080047405,90700325.25494167,0,False,3,0.9948688585324715,0,1.2188430677472958e-08,8.233991161836579e-13,21.899217700003646
3844,27338.735085298795,509.46145800046503,27848.19654329926,233.83214101273074,0.21323813106500658,90700325.25494167,0,False,3,0.9948776272328337,0,1.2134001827866645e-08,8.189574899824849e-13,21.904623599999468
3845,27338.735153001202,509.46139027539556,27848.196543276597,233.83214130226494,0.21323813132904101,90700325.25494167,0,False,3,0.9948863660016005,0,1.207975262705984e-08,8.137320473927382e-13,21.910081599999103
3846,27338.735220575243,509.46132267882996,27848.196543254075,233.8321415912502,0.21323813159257482,90700325.25494167,0,False,3,0.9948950749918092,0,1.2025684888875332e-08,8.087678769324999e-13,21.91581469999801
3847,27338.73528802028,509.46125521140493,27848.196543231687,233.83214187968377,0.21323813185560553,90700325.25494167,0,False,3,0.994903754355456,0,1.1971799534609113e-08,8.039343425370101e-13,21.921304000003147
3848,27338.735355335677,509.4611878737546,27848.196543209433,233.83214216756292,0.21323813211813067,90700325.25494167,0,False,3,0.9949124042435034,0,1.1918096842935141e-08,7.991008081415087e-13,21.927541800003382
3849,27338.735422520804,509.4611206665108,27848.196543187314,233.83214245488494,0.21323813238014772,90700325.25494167,0,False,3,0.994921024805891,0,1.1864578659180677e-08,7.942672737459956e-13,21.93344320000324
3850,27338.73548957503,509.46105359030196,27848.19654316533,233.83214274164717,0.21323813264165428,90700325.25494167,0,False,3,0.9949296161915413,0,1.1811246077503074e-08,7.89433739350471e-13,21.938853300001938
3851,27338.73555649773,509.46098664575413,27848.196543143484,233.8321430278469,0.21323813290264793,90700325.25494167,0,False,3,0.9949381785483716,0,1.1758099474095015e-08,7.844695688901738e-13,21.94415960000333
3852,27338.73562328828,509.46091983349083,27848.196543121772,233.83214331348154,0.2132381331631262,90700325.25494167,0,False,3,0.9949467120232998,0,1.17051402127196e-08,7.796360344946262e-13,21.949763000004168
3853,27338.735689946057,509.4608531541326,27848.19654310019,233.8321435985483,0.21323813342308662,90700325.25494167,0,False,3,0.994955216762254,0,1.1652369335073002e-08,7.749331361638285e-13,21.955444799998077
3854,27338.735756470443,509.4607866082976,27848.196543078742,233.83214388304464,0.21323813368252686,90700325.25494167,0,False,3,0.9949636929101806,0,1.1599787667324258e-08,7.702302378330197e-13,21.96098080000229
3855,27338.73582286083,509.4607201966008,27848.196543057427,233.83214416696788,0.21323813394144447,90700325.25494167,0,False,3,0.9949721406110532,0,1.1547396832199921e-08,7.653967034374388e-13,21.966270700002497
3856,27338.735889116597,509.4606539196547,27848.19654303625,233.83214445031547,0.21323813419983714,90700325.25494167,0,False,3,0.9949805600078796,0,1.1495196987000623e-08,7.60432532977085e-13,21.97260610000376
3857,27338.735955237134,509.46058777806917,27848.196543015205,233.8321447330847,0.2132381344577024,90700325.25494167,0,False,3,0.9949889512427104,0,1.1443189351961485e-08,7.557296346462432e-13,21.97811119999824
3858,27338.736021221834,509.4605217724513,27848.196542994287,233.832145015273,0.21323813471503789,90700325.25494167,0,False,3,0.9949973144566472,0,1.1391375628375794e-08,7.511573723801526e-13,21.983201399998507
3859,27338.7360870701,509.46045590340486,27848.196542973506,233.83214529687785,0.2132381349718413,90700325.25494167,0,False,3,0.9950056497898503,0,1.1339755922329182e-08,7.461932019197659e-13,21.989036400002078
3860,27338.73615278132,509.4603901715317,27848.19654295285,233.83214557789663,0.21323813522811025,90700325.25494167,0,False,3,0.9950139573815467,0,1.1288331468580864e-08,7.417515757184161e-13,21.99473279999802
3861,27338.736218354905,509.4603245774304,27848.196542932335,233.83214585832678,0.21323813548384243,90700325.25494167,0,False,3,0.9950222373700379,0,1.1237103889592435e-08,7.36656769193246e-13,21.999997600003553
3862,27338.73628379024,509.46025912169677,27848.196542911937,233.8321461381657,0.21323813573903544,90700325.25494167,0,False,3,0.995030489892707,0,1.1186074030158559e-08,7.324764151213998e-13,22.005598499999905
3863,27338.736349086757,509.46019380492436,27848.19654289168,233.83214641741097,0.21323813599368707,90700325.25494167,0,False,3,0.9950387150860271,0,1.1135242313667313e-08,7.273816085962085e-13,22.01143669999874
3864,27338.736414243846,509.460128627703,27848.19654287155,233.83214669605994,0.21323813624779495,90700325.25494167,0,False,3,0.995046913085568,0,1.1084610132058322e-08,7.229399823948179e-13,22.016945299998042
3865,27338.736479260926,509.4600635906206,27848.196542851547,233.83214697411015,0.21323813650135678,90700325.25494167,0,False,3,0.9950550840260046,0,1.103417811448446e-08,7.182370840638927e-13,22.02258409999922
3866,27338.736544137413,509.4599986942614,27848.196542831676,233.83214725155912,0.21323813675437034,90700325.25494167,0,False,3,0.9950632280411236,0,1.0983947878413459e-08,7.135341857329573e-13,22.027929199997743
3867,27338.73660887272,509.45993393920776,27848.19654281193,233.8321475284043,0.21323813700683328,90700325.25494167,0,False,3,0.9950713452638311,0,1.0933920466579738e-08,7.090925595315372e-13,22.033030200000212
3868,27338.73667346628,509.4598693260387,27848.196542792317,233.8321478046433,0.2132381372587434,90700325.25494167,0,False,3,0.9950794358261598,0,1.0884095933862421e-08,7.042590251358194e-13,22.0392675999974
3869,27338.736737917498,509.4598048553303,27848.19654277283,233.83214808027358,0.21323813751009843,90700325.25494167,0,False,3,0.9950874998592755,0,1.0834476640379109e-08,6.998173989343798e-13,22.048399100000097
3870,27338.736802225812,509.459740527656,27848.196542753467,233.83214835529273,0.21323813776089617,90700325.25494167,0,False,3,0.9950955374934856,0,1.0785062349791504e-08,6.952451366681679e-13,22.05838390000281
3871,27338.736866390645,509.4596763435864,27848.196542734233,233.83214862969825,0.2132381380111343,90700325.25494167,0,False,3,0.9951035488582447,0,1.0735854602827673e-08,6.906728744019465e-13,22.064516500002355
3872,27338.736930411436,509.4596123036893,27848.196542715126,233.83214890348776,0.2132381382608107,90700325.25494167,0,False,3,0.9951115340821629,0,1.0686854409246205e-08,6.861006121357156e-13,22.071075400002883
3873,27338.73699428761,509.45954840852914,27848.19654269614,233.83214917665882,0.2132381385099231,90700325.25494167,0,False,3,0.9951194932930115,0,1.0638062406241064e-08,6.817896219990016e-13,22.076874700003827
3874,27338.737058018618,509.45948465866866,27848.196542677288,233.83214944920906,0.21323813875846934,90700325.25494167,0,False,3,0.9951274266177301,0,1.0589480396646291e-08,6.769560876032258e-13,22.08256590000383
3875,27338.737121603892,509.4594210546662,27848.19654265856,233.83214972113603,0.21323813900644722,90700325.25494167,0,False,3,0.9951353341824339,0,1.0541108844030093e-08,6.725144614017301e-13,22.089532300000428
3876,27338.737185042875,509.4593575970785,27848.196542639955,233.83214999243742,0.21323813925385462,90700325.25494167,0,False,3,0.9951432161124202,0,1.0492948392725355e-08,6.680728352002255e-13,22.09476839999843
3877,27338.737248335012,509.45929428645866,27848.19654262147,233.83215026311078,0.21323813950068932,90700325.25494167,0,False,3,0.9951510725321739,0,1.0445000566634638e-08,6.637618450634754e-13,22.099730900001305
3878,27338.73731147976,509.4592311233571,27848.196542603117,233.83215053315385,0.21323813974694922,90700325.25494167,0,False,3,0.9951589035653763,0,1.0397266174612518e-08,6.59058946732426e-13,22.105202099999588
3879,27338.737374476557,509.45916810832153,27848.19654258488,233.83215080256417,0.21323813999263208,90700325.25494167,0,False,3,0.9951667093349094,0,1.0349746024144185e-08,6.548785926604219e-13,22.110593700002937
3880,27338.73743732487,509.4591052418963,27848.196542566766,233.8321510713395,0.21323814023773588,90700325.25494167,0,False,3,0.9951744899628637,0,1.0302441201354733e-08,6.504369664588821e-13,22.115889799999422
3881,27338.737500024155,509.4590425246232,27848.19654254878,233.8321513394775,0.2132381404822585,90700325.25494167,0,False,3,0.9951822455705438,0,1.0255352824428741e-08,6.458647041925698e-13,22.121637099997315
3882,27338.73756257387,509.45897995704127,27848.196542530914,233.83215160697586,0.21323814072619782,90700325.25494167,0,False,3,0.9951899762784754,0,1.020848206094615e-08,6.415537140557764e-13,22.126980699998967
3883,27338.73762497348,509.4589175396861,27848.196542513168,233.83215187383226,0.2132381409695517,90700325.25494167,0,False,3,0.9951976822064108,0,1.0161829639321707e-08,6.372427239189748e-13,22.13222649999807
3884,27338.737687222452,509.45885527309065,27848.19654249554,233.83215214004449,0.21323814121231816,90700325.25494167,0,False,3,0.9952053634733358,0,1.0115396034355902e-08,6.329317337821649e-13,22.137515299997176
3885,27338.73774932026,509.4587931577851,27848.196542478043,233.8321524056102,0.21323814145449502,90700325.25494167,0,False,3,0.995213020197475,0,1.0069182630252388e-08,6.283594715158184e-13,22.14293069999985
3886,27338.737811266365,509.45873119429643,27848.19654246066,233.83215267052717,0.21323814169608027,90700325.25494167,0,False,3,0.9952206524962992,0,1.0023190786694429e-08,6.241791174437561e-13,22.148423400001775
3887,27338.73787306025,509.45866938314845,27848.1965424434,233.83215293479316,0.21323814193707188,90700325.25494167,0,False,3,0.9952282604865293,0,9.97742090379195e-09,6.198681273069216e-13,22.154320499997993
