iteration,data_term,regularization_term,objective,residual_norm,residual_relative,L,backtracks,restarted,restarts_total,momentum,extrapolated_negative_count,projected_gradient_relative,objective_relative_change,elapsed_s
1,220415.334523796,32.676731821394576,220448.01125561737,663.9508031831816,0.6054754824409854,90708488.20258515,0,False,0,0.0,0,0.24132807046057797,0.633345091366275,0.007729500001005363
2,183897.41478228808,41.751106095723934,183939.1658883838,606.460905223557,0.5530488214057051,90708488.20258515,0,False,0,0.28175352512532087,27,0.19633941825372678,0.16561204231005852,0.013364999998884741
3,152791.89797352487,52.80327185042284,152844.7012453753,552.7963421976033,0.5041105912953645,90708488.20258515,0,False,0,0.434042782780302,648,0.14684874105540807,0.16904754619729523,0.018671799996809568
4,131739.55079758534,66.75928330399614,131806.31008088932,513.3021542865087,0.46809472631795973,90708488.20258515,0,False,0,0.5310638054044795,697,0.10978891683754471,0.13764553820358588,0.02379069999733474
5,117640.11995283514,80.24468569597032,117720.36463853111,485.0569450133358,0.44233712254772584,90708488.20258515,0,False,0,0.5987785940560388,552,0.08554827383834457,0.10686852119381601,0.028928699997777585
6,107675.63129091333,92.74162296509286,107768.37291387843,464.0595463750602,0.4231890019195654,90708488.20258515,0,False,0,0.6489233261224006,406,0.0698659881911705,0.08453925329921462,0.03392359999998007
7,100142.23430147956,104.38961459749159,100246.62391607705,447.53152805468255,0.4081166353852589,90708488.20258515,0,False,0,0.6876458540105597,296,0.05876267592741439,0.06979551416084083,0.03888390000065556
8,94166.09208608535,115.55183179762591,94281.64391788298,433.9725615429744,0.3957518310191549,90708488.20258515,0,False,0,0.718499853459134,209,0.050874629883716195,0.05950305122681983,0.04392129999905592
9,89168.08664256871,126.54093789204065,89294.62758046076,422.29867781599484,0.3851060868651218,90708488.20258515,0,False,0,0.7436910466053832,171,0.04497346243920238,0.052894881020167483,0.04892669999389909
10,84878.28003431845,137.6977632697411,85015.97779758819,412.0152425197846,0.3757283318909995,90708488.20258515,0,False,0,0.7646647176173088,138,0.040206158653229754,0.04791609415714517,0.05407639999612002
11,81109.09150011328,149.1938382706184,81258.2853383839,402.7631847627419,0.3672911192132528,90708488.20258515,0,False,0,0.782409243228014,121,0.03679112554827446,0.04419983815455092,0.05917549999867333
12,77701.87152527407,161.13540990108123,77863.00693517514,394.2128144169696,0.35949379509626206,90708488.20258515,0,False,0,0.7976243809601435,102,0.03359571516999643,0.04178378105161575,0.06414940000104252
13,74593.22882215894,173.67767010797107,74766.9064922669,386.24662800381554,0.35222920480042275,90708488.20258515,0,False,0,0.8108199838000861,86,0.031117616171723015,0.03976343278761245,0.0691581999999471
14,71733.11918893966,186.90067742062547,71920.01986636028,378.76937360071673,0.3454104854083458,90708488.20258515,0,False,0,0.8223766390185732,80,0.028827523225955057,0.038076827830252395,0.07426069999928586
15,69096.93693370136,200.8334257351672,69297.77035943653,371.7443662887209,0.3390041829067302,90708488.20258515,0,False,0,0.8325843815233085,65,0.0269647654552916,0.03646063379565714,0.07929729999887059
16,66650.11335704318,215.4418170765645,66865.55517411976,365.10303575030207,0.3329477660871096,90708488.20258515,0,False,0,0.8416682316299193,50,0.025197214509989872,0.035098029456088704,0.08447370000067167
17,64359.36449325376,230.73426270918816,64590.09875596294,358.77392461898273,0.32717607095957024,90708488.20258515,0,False,0,0.8498055224352064,47,0.023681604412389663,0.03403032267108919,0.08951669999805745
18,62215.51236430365,246.78716416073752,62462.299528464384,352.7478203031272,0.3216806963017047,90708488.20258515,0,False,0,0.8571379479988086,40,0.02219612641600308,0.032943117729822655,0.09622579999995651
19,60193.80214451005,263.6426990324099,60457.444843542464,346.96916907561126,0.3164109811013255,90708488.20258515,0,False,0,0.8637801230052086,33,0.020941248168288837,0.032097036133104544,0.10571839999465737
20,58306.29031903677,281.3923133703395,58587.682632407115,341.48584251484505,0.3114105808023211,90708488.20258515,0,False,0,0.8698257810419169,42,0.0195084023941708,0.030926914228249263,0.1115704999974696
21,56557.91258118683,299.9727451888976,56857.88532637573,336.3269616940837,0.3067060517335548,90708488.20258515,0,False,0,0.8753523399411488,35,0.018431413623908183,0.02952493132190504,0.1170983999982127
22,54927.586967522075,319.20564488254735,55246.79261240462,331.4440736158125,0.3022532082386416,90708488.20258515,0,False,0,0.8804243161473297,35,0.01733349858489024,0.02833543148365629,0.12276289999863366
23,53412.124732270546,339.01419046517856,53751.13892273572,326.83979173983863,0.29805443360536443,90708488.20258515,0,False,0,0.8850959137641199,34,0.016520650970314913,0.02707222662068311,0.1279964999994263
24,51999.953651506556,359.2826765407401,52359.23632804729,322.4901662113329,0.2940878872849392,90708488.20258515,0,False,0,0.8894130125262103,40,0.015448441882925736,0.02589531352422525,0.13326969999616267
25,50719.910631970815,379.94303993870165,51099.853671909514,318.4961872047162,0.29044566506862957,90708488.20258515,0,False,0,0.8934147117832398,37,0.0146052422497313,0.024052731561005698,0.1390294999946491
26,49551.799709303676,400.7205790555156,49952.52028835919,314.80724168704785,0.2870816115027624,90708488.20258515,0,False,0,0.8971345422701921,45,0.013748011456555099,0.022452772387898855,0.14434349999646656
27,48497.37509080081,421.45751156511596,48918.832602365925,311.4398018584035,0.28401074805163873,90708488.20258515,0,False,0,0.9006014263404838,50,0.01312983645806111,0.02069340405701522,0.14980199999990873
28,47545.531790427616,441.9471478974848,47987.478938325105,308.368389399522,0.2812098403166067,90708488.20258515,0,False,0,0.9038404456605403,39,0.012443632560300538,0.019038754902662495,0.15569529999629594
29,46682.78984558565,461.97892933815774,47144.7687749238,305.5578172640512,0.2786468002366779,90708488.20258515,0,False,0,0.906873460036305,25,0.012207857430192605,0.017561042631232555,0.16086969999741996
30,45874.30617014536,481.4460014443687,46355.75217158973,302.90033400491774,0.27622336622516913,90708488.20258515,0,False,0,0.9097196100592845,20,0.011637396886830973,0.01673603718582131,0.16590049999649636
31,45116.510039069086,500.44682264260143,45616.95686171169,300.38811574051687,0.27393240346355696,90708488.20258515,0,False,0,0.9123957282937485,19,0.010972933910842622,0.015937510994176698,0.1714250999939395
32,44400.23808860377,519.1574207586962,44919.39550936247,297.9940874869962,0.27174922150967074,90708488.20258515,0,False,0,0.914916677883027,19,0.010334083065862669,0.015291711686596852,0.17674299999634968
33,43715.806532057206,537.7603057324527,44253.56683778966,295.6883715402322,0.26964657404159675,90708488.20258515,0,False,0,0.917295633120554,19,0.009718542693112184,0.014822743361139678,0.18203709999943385
34,43071.465427893534,556.4599812455249,43627.92540913906,293.5011598883164,0.26765199398567224,90708488.20258515,0,False,0,0.9195443132877347,18,0.009036149044423404,0.01413764976151798,0.187760699998762
35,42481.92686375017,575.3155346713136,43057.24239842148,291.4855978045919,0.2658139460170848,90708488.20258515,0,False,0,0.9216731786097809,15,0.008489360733142158,0.013080681819402752,0.19309019999491284
36,41937.0084181141,594.1982689065816,42531.20668702068,289.61011176446897,0.26410363734736025,90708488.20258515,0,False,0,0.9236915953126076,16,0.008271572402282134,0.012217124973616005,0.19835479999892414
37,41429.65485185844,612.9918963057245,42042.64674816417,287.8529306846065,0.26250121431094686,90708488.20258515,0,False,0,0.9256079753284939,17,0.007946869323004365,0.01148709328780017,0.20387029999983497
38,40950.9719765231,631.5732952633948,41582.54527178649,286.18515676576624,0.26098032418886097,90708488.20258515,0,False,0,0.9274298950868183,17,0.007557960373553899,0.010943684852518648,0.20886709999467712
39,40520.36098406612,649.8688235008694,41170.22980756699,284.67652163136364,0.259604557217196,90708488.20258515,0,False,0,0.9291641969594342,14,0.007342755428577958,0.009915589859268523,0.21406669999851147
40,40115.8649514289,667.6667698023651,40783.531721231266,283.2520607212908,0.2583055510971496,90708488.20258515,0,False,0,0.9308170762496849,8,0.007395916258577683,0.009392662808616378,0.22133299999404699
41,39716.269370046626,684.9240756746486,40401.19344572128,281.83778799176883,0.2570158358665858,90708488.20258515,0,False,0,0.9323941560762216,16,0.007225029395551519,0.009374820163280489,0.22817669999494683
42,39343.91969952771,701.7568445828707,40045.67654411058,280.51352801434626,0.2558082058059501,90708488.20258515,0,False,0,0.9339005520751649,17,0.006850644071025576,0.008799663358666127,0.23378460000094492
43,38996.500495630615,718.1296716259864,39714.630167256604,279.2722703586255,0.25467626790584075,90708488.20258515,0,False,0,0.9353409285021578,12,0.006673270644820528,0.008266719541854355,0.23948440000094706
44,38657.02663974279,734.0167407624435,39391.04338050524,278.05404740712834,0.2535653360028411,90708488.20258515,0,False,0,0.936719547040866,5,0.006583384829328422,0.008147798063046115,0.24468489999708254
45,38319.149174302845,749.5087670053471,39068.65794130819,276.83623019504813,0.25245477410507083,90708488.20258515,0,False,0,0.9380403094021824,10,0.006338867411138231,0.008184232036783139,0.25172489999386016
46,37988.6651299926,764.7792341472341,38753.44436413984,275.63985608033033,0.25136376677317845,90708488.20258515,0,False,0,0.9393067946178,13,0.00607703809086515,0.008068195678538288,0.2570733999964432
47,37677.91134158007,779.9543539701433,38457.86569555021,274.51015041917873,0.250333556286313,90708488.20258515,0,False,0,0.9405222917844157,9,0.005594711419803847,0.007627158654912803,0.26229030000104103
48,37390.528900995996,795.03179272797,38185.560693723965,273.4612546632374,0.2493770386334777,90708488.20258515,0,False,0,0.9416898288939467,9,0.005455269357350397,0.007080606188131523,0.26743039999564644
49,37118.18772559338,809.9583726839937,37928.14609827737,272.4635304975452,0.24846718579849464,90708488.20258515,0,False,0,0.9428121982856035,10,0.005247143170226745,0.006741150077937724,0.2724990999995498
50,36854.313311603044,824.6864579987977,37678.99976960184,271.49332703255544,0.2475824298674614,90708488.20258515,0,False,0,0.9438919791733417,4,0.00518571952804146,0.006568903421484324,0.27788950000103796
51,36592.17257741227,839.2023180109851,37431.37489542325,270.52605263601606,0.24670034503664312,90708488.20258515,0,False,0,0.9449315576338684,2,0.005107951089012749,0.006571959863392257,0.28380859999742825
52,36331.070802261995,853.5811910198252,37184.65199328182,269.5591616037637,0.24581860980654152,90708488.20258515,0,False,0,0.9459331443834135,9,0.004975709694594073,0.00659133956021472,0.2903078999952413
53,36084.21180816958,867.928514904884,36952.14032307446,268.6418128593149,0.24498205358739267,90708488.20258515,0,False,0,0.9468987906238281,8,0.004682790758725348,0.006252893539231333,0.2975656999988132
54,35848.562716252105,882.2222296927852,36730.78494594489,267.7631890916005,0.2441808117678324,90708488.20258515,0,False,0,0.9478304021985741,3,0.004552403150381535,0.005990326275940951,0.30309229999693343
55,35618.04856872976,896.4400921972651,36514.488660927025,266.9009125826653,0.24339447747507753,90708488.20258515,0,False,0,0.9487297522654735,7,0.0044781434087895425,0.005888692151180008,0.308329399995273
56,35390.412277159354,910.6184113043305,36301.03068846368,266.04665860393493,0.2426154591541129,90708488.20258515,0,False,0,0.9495984926646243,9,0.004303656861542974,0.005845843123958587,0.3135935999962385
57,35172.182103099956,924.8136392829746,36096.99574238293,265.22511986273076,0.24186627478188266,90708488.20258515,0,False,0,0.9504381641357491,8,0.004145596947121636,0.005620637822429373,0.31927039999573026
58,34964.04424007613,939.0057557550298,35903.04999583116,264.4391961872375,0.24114956879357796,90708488.20258515,0,False,0,0.9512502055187321,6,0.004072550549263294,0.005372905488753746,0.3246445999975549
59,34759.35188372235,953.1435874655772,35712.49547118793,263.66399785986084,0.2404426435530247,90708488.20258515,0,False,0,0.9520359620535963,4,0.0040155723710617545,0.005307474564566416,0.3298648999989382
60,34557.40405929279,967.2483995303492,35524.65245882314,262.8969534220311,0.23974315407455427,90708488.20258515,0,False,0,0.9527966928812224,8,0.003919727276509132,0.005259868006601216,0.33508359999541426
61,34359.54961673723,981.3722657744153,35340.92188251165,262.1432799700852,0.23905585797560816,90708488.20258515,0,False,0,0.9535335778332711,9,0.003813231771161572,0.005171917628876344,0.34058169999480015
62,34170.15091268868,995.5504586108422,35165.701371299525,261.4197808609313,0.23839607871175253,90708488.20258515,0,False,0,0.9542477235887569,6,0.003647688459112769,0.00495800623975319,0.346352399996249
63,33986.27648517016,1009.7766611829703,34996.05314635313,260.7154636195182,0.23775379193464252,90708488.20258515,0,False,0,0.9549401692652046,6,0.003570720883911484,0.004824252562323513,0.35235099999408703
64,33808.73471177952,1024.0779294181423,34832.81264119766,260.03359287514957,0.23713197475190906,90708488.20258515,0,False,0,0.9556118915041254,9,0.003388413049756379,0.004664540440397575,0.35823659999732627
65,33639.85118361183,1038.4685275157142,34678.319711127544,259.38331165906504,0.23653896495187052,90708488.20258515,0,False,0,0.9562638091034213,9,0.0033259327245695395,0.0044352700329285495,0.3637008000005153
66,33475.91901262212,1052.9177922644756,34528.836804886596,258.75053241538313,0.23596191569459107,90708488.20258515,0,False,0,0.9568967872431737,7,0.003202025433165376,0.004310557936086567,0.36903959999472136
67,33321.517488957965,1067.42327447118,34388.94076342914,258.1531231225296,0.23541712129405565,90708488.20258515,0,False,0,0.9575116413458903,9,0.0030730738461512684,0.004051571219962313,0.37439339999400545
68,33181.19490197973,1081.9194947864446,34263.11439676618,257.60898626398784,0.23492090753038525,90708488.20258515,0,False,0,0.9581091406076137,9,0.0030499644274438295,0.003658919520916864,0.37978089999523945
69,33043.540730984125,1096.2935881765138,34139.83431916064,257.0740777713075,0.2344331093740841,90708488.20258515,0,False,0,0.9586900112322029,6,0.003068335809772277,0.003598040626954005,0.38531729999522213
70,32909.519016693375,1110.5518059580202,34020.070822651396,256.5522130744281,0.23395720622343336,90708488.20258515,0,False,0,0.9592549393975224,10,0.0029786575813467156,0.003508028052790748,0.3915683999948669
71,32780.50124478831,1124.7082105148106,33905.20945530312,256.0488283308022,0.23349815546389052,90708488.20258515,0,False,0,0.9598045739791348,13,0.0029263074812786484,0.003376282428894841,0.39688569999998435
72,32655.032258131403,1138.7683835390578,33793.80064167046,255.55833877270138,0.23305086418809184,90708488.20258515,0,False,0,0.9603395290543362,12,0.002861928299394869,0.003285890735449665,0.40266909999627387
73,32540.75410761391,1152.741553049857,33693.495660663764,255.1107763604427,0.23264271938852904,90708488.20258515,0,False,0,0.9608603862069443,12,0.0026904185498902553,0.0029681473850860962,0.4084538999959477
74,32433.254689887428,1166.5504422631252,33599.805132150555,254.6890444832185,0.23225813018312577,90708488.20258515,0,False,0,0.9613676966511135,8,0.0026227134753952935,0.0027806710665106197,0.414018199997372
75,32332.59882103743,1180.147238459568,33512.746059496996,254.29352654378533,0.23189744620768024,90708488.20258515,0,False,0,0.9618619831905493,8,0.0026689430884910066,0.002591058856179356,0.4203261000002385
76,32233.181646968827,1193.4816845803841,33426.663331549214,253.90227114765565,0.2315406493658156,90708488.20258515,0,False,0,0.9623437420278342,9,0.0026434426137297053,0.002568656349287353,0.426008999995247
77,32135.963500528265,1206.5794202607326,33342.542920789,253.5190860685967,0.23119121207393328,90708488.20258515,0,False,0,0.9628134444370816,7,0.0025768145293886837,0.002516566189267876,0.431452699995134
78,32041.071799804387,1219.463563946519,33260.5353637509,253.1445112966283,0.23084962676417772,90708488.20258515,0,False,0,0.9632715383118254,7,0.0025024439210871766,0.0024595471687002784,0.43765399999392685
79,31951.102558597522,1232.1677754089835,33183.270334006505,252.78885481206453,0.23052529357481777,90708488.20258515,0,False,0,0.9637184495988772,7,0.002325403130307295,0.002323024235761564,0.4432286000010208
80,31870.364223437777,1244.6994624112956,33115.06368584907,252.46926238034513,0.2302338482134264,90708488.20258515,0,False,0,0.9641545836278388,6,0.0021921697148098275,0.002055452867390765,0.44878419999440666
81,31796.211108005467,1256.994666954376,33053.205774959846,252.17537987680504,0.2299658484613984,90708488.20258515,0,False,0,0.9645803263450347,6,0.002186304140083705,0.0018679689544325471,0.4560750999953598
82,31723.861596292674,1269.0006400474483,32992.86223634012,251.88831491870627,0.22970406582153494,90708488.20258515,0,False,0,0.964996045459788,3,0.0021951773808871694,0.0018256485930764974,0.4617117999951006
83,31651.956422523548,1280.7219973678923,32932.67841989144,251.60268846943407,0.22944359499848319,90708488.20258515,0,False,0,0.9654020915102275,2,0.0021501546164585925,0.0018241465689628404,0.46763349999673665
84,31580.563528223927,1292.2045926793976,32872.768120903325,251.31877577381252,0.2291846869957691,90708488.20258515,0,False,0,0.9657987988551446,7,0.0020467175873545413,0.0018191748094175035,0.4734201999963261
85,31513.34752207851,1303.5137294290928,32816.8612515076,251.05118012898689,0.2289406589723476,90708488.20258515,0,False,0,0.9661864865978228,5,0.0018896244223712614,0.0017007046437374086,0.47925479999685194
86,31449.04900188741,1314.657059164424,32763.706061051835,250.79493217322957,0.2287069792269616,90708488.20258515,0,False,0,0.966565459447225,4,0.0018278448346077385,0.0016197524208176781,0.48496589999558637
87,31385.707905142717,1325.6588083132697,32711.366713455987,250.5422435644046,0.2284765453505326,90708488.20258515,0,False,0,0.9669360085214439,4,0.001754049683798162,0.0015974794639629078,0.4904190999950515
88,31325.506769258183,1336.5643910838237,32662.071160342006,250.30184485639808,0.2282573189816351,90708488.20258515,0,False,0,0.9672984120978823,5,0.0016093233823745057,0.0015069854324889294,0.49597699999867473
89,31269.061390125844,1347.3846743373451,32616.44606446319,250.07623393727698,0.22805157801491904,90708488.20258515,0,False,0,0.9676529363142448,6,0.0015703762238364635,0.0013968831203274282,0.501594399996975
90,31214.10776474353,1358.1058831581115,32572.21364790164,249.85638981120147,0.2278510959495925,90708488.20258515,0,False,0,0.9679998358240649,2,0.0015446612548325194,0.0013561384485032196,0.5071272999994108
91,31160.06284954551,1368.7233582641998,32528.78620780971,249.6399921869311,0.22765375684656555,90708488.20258515,0,False,0,0.9683393544101703,3,0.001523950675033797,0.0013332664632920604,0.5128438999963691
92,31106.897227223693,1379.2520587466436,32486.149285970336,249.42693209524785,0.22745946133373185,90708488.20258515,0,False,0,0.9686717255592106,6,0.001496073762769033,0.0013107443224898842,0.5185504999972181
93,31054.880596544102,1389.7043140638925,32444.584910607995,249.21830027726335,0.22726920408870543,90708488.20258515,0,False,0,0.9689971730000947,6,0.0014710984814910383,0.0012794491275791508,0.5242106000005151
94,31004.83667253915,1400.070198709948,32404.9068712491,249.01741574652624,0.22708601181364552,90708488.20258515,0,False,0,0.9693159112089641,6,0.0013836155305457433,0.0012229479732355285,0.530096999995294
95,30958.759303751027,1410.3269402571952,32369.086244008224,248.83231021614145,0.22691720885448816,90708488.20258515,0,False,0,0.969628145883101,4,0.001399970040023868,0.0011054075045855676,0.5355488999994122
96,30913.489819298775,1420.408328900808,32333.898148199583,248.65031598330526,0.2267512431754052,90708488.20258515,0,False,0,0.9699340743859814,6,0.0014155329470151468,0.0010870895626580732,0.5410054999956628
97,30868.902936215338,1430.2947021175144,32299.19763833285,248.47093566940717,0.22658766120279947,90708488.20258515,0,False,0,0.9702338861655042,4,0.0014259502788208896,0.0010731928982916188,0.5466783999945619
98,30824.84735950653,1439.9818312163595,32264.82919072289,248.29356560131208,0.22642591243009585,90708488.20258515,0,False,0,0.970527763147263,6,0.0014246052649794817,0.0010640650580488046,0.5523379000005662
99,30782.800165917055,1449.476392694579,32232.276558611633,248.12416313578592,0.2262714295391205,90708488.20258515,0,False,0,0.9708158801045849,5,0.001371340290611713,0.0010089200199645107,0.5579584999941289
100,30742.8726214476,1458.7596915217757,32201.632312969377,247.96319332291074,0.2261246366221728,90708488.20258515,0,False,0,0.9710984050069197,5,0.0013813153481227677,0.00095073165516347,0.5634751999969012
101,30703.611066454127,1467.8104057592702,32171.4214722134,247.80480651696055,0.22598019922216483,90708488.20258515,0,False,0,0.9713754993480485,4,0.0013819708530869788,0.000938177309223279,0.5688876999993226
102,30664.883484208713,1476.6286485118621,32141.512132720574,247.64847459335869,0.22583763572738486,90708488.20258515,0,False,0,0.9716473184554572,1,0.0013768149428845721,0.000929686601465742,0.5745629999946686
103,30626.329755314604,1485.2300544037162,32111.55980971832,247.49274637982668,0.22569562277286187,90708488.20258515,0,False,0,0.9719140117821313,2,0.001347579740966752,0.0009318890436321852,0.5803878999940935
104,30588.010918070446,1493.649940273294,32081.66085834374,247.33786979785543,0.22555438644520284,90708488.20258515,0,False,0,0.9721757231819224,3,0.0012997360517301027,0.0009310962018584776,0.5861172000004444
105,30550.038873020865,1501.9336824678624,32051.972555488726,247.18429914952472,0.22541434103530045,90708488.20258515,0,False,0,0.972432591169558,4,0.0012416881845741497,0.0009253979395300959,0.5923773999966215
106,30512.503481292108,1510.1325935493376,32022.636074841444,247.03240063316434,0.2252758204897503,90708488.20258515,0,False,0,0.9726847491662854,4,0.0011847578419577204,0.0009152784776816535,0.5983747999998741
107,30475.58737676402,1518.300041342082,31993.8874181061,246.88291709538763,0.22513950223135162,90708488.20258515,0,False,0,0.9729323257320669,3,0.0011336040165064126,0.0008977604675690883,0.6049434999949881
108,30439.31657745843,1526.4799924113872,31965.796569869817,246.735958374366,0.2250054864246339,90708488.20258515,0,False,0,0.9731754447851788,3,0.0011023333300661166,0.0008780067226337,0.6106638999990537
109,30403.503854593302,1534.708472410863,31938.212327004167,246.5907697161161,0.2248730847881311,90708488.20258515,0,False,0,0.9734142258100047,2,0.0010819096926687594,0.000862929938422083,0.6162082999944687
110,30368.072299366817,1543.0150122652385,31911.087311632054,246.44704217891038,0.2247420155891596,90708488.20258515,0,False,0,0.9736487840537572,1,0.0010691899139019035,0.0008492966072862367,0.621857899997849
111,30332.951727904627,1551.422595803978,31884.374323708606,246.30449337316048,0.22461202130868127,90708488.20258515,0,False,0,0.9738792307128099,4,0.0010593445750721354,0.0008371067918363186,0.6274499999999534
112,30298.257416182852,1559.948038721876,31858.205454904728,246.1635936371699,0.22448353086147388,90708488.20258515,0,False,0,0.9741056731092769,4,0.0010423133070166092,0.0008207427418269547,0.6332350999946357
113,30263.89599115354,1568.5917792117289,31832.487770365267,246.02396627626968,0.22435620072903378,90708488.20258515,0,False,0,0.9743282148584276,2,0.0010260547853303003,0.000807254651422974,0.6390719999981229
114,30229.84816584258,1577.3494975340432,31807.197663376624,245.8855350192141,0.22422996135745868,90708488.20258515,0,False,0,0.9745469560274896,0,0.0010066699745932485,0.0007944747256664932,0.6447626000008313
115,30196.0989747014,1586.2057325609032,31782.3047072623,245.7482409894378,0.22410475905554636,90708488.20258515,0,False,0,0.9747619932863513,2,0.0009900134696797114,0.0007826202225600454,0.6525474999943981
116,30162.849509359265,1595.150224027006,31757.99973338627,245.61290482936462,0.22398134219029195,90708488.20258515,0,False,0,0.9749734200506426,4,0.0009708479872039544,0.0007647328946058867,0.6585478999986663
117,30129.977295419405,1604.1650154339748,31734.142310853378,245.47903085770648,0.22385925873593449,90708488.20258515,0,False,0,0.9751813266176402,4,0.0009620195625590738,0.0007512256040424192,0.6642328999951133
118,30097.434916143236,1613.2373348411008,31710.67225098434,245.3464282036453,0.22373833463198625,90708488.20258515,0,False,0,0.9753858002954143,5,0.0009576576465272393,0.0007395838727619465,0.6701252999991993
119,30065.205192396603,1622.358351772081,31687.563544168683,245.21502887219862,0.22361850787190302,90708488.20258515,0,False,0,0.9755869255256047,4,0.0009543541666086112,0.0007287359483505882,0.6759117999972659
120,30033.25979816819,1631.5227256038572,31664.782523772046,245.08471922242802,0.22349967482330468,90708488.20258515,0,False,0,0.9757847840001912,1,0.0009539865395447622,0.0007189262236865395,0.6820727999947849
121,30001.56105009866,1640.7285665492798,31642.289616647937,244.95534715575678,0.223381696783205,90708488.20258515,0,False,0,0.9759794547725988,3,0.0009519541509072638,0.0007103445952051979,0.6884177999963867
122,29970.12407745049,1649.9781678545835,31620.102245305075,244.82697595424608,0.2232646314603022,90708488.20258515,0,False,0,0.9761710143634545,7,0.0009455328261407492,0.0007011936118297796,0.6941264999986743
123,29939.027897319313,1659.271996512725,31598.299893832038,244.6999301075475,0.22314877476587067,90708488.20258515,0,False,0,0.9763595368612947,6,0.0009392248765208029,0.0006895092022124867,0.7002126999941538
124,29908.450418424214,1668.6003635065508,31577.050781930764,244.57493910220734,0.22303479193928732,90708488.20258515,0,False,0,0.9765450940185029,5,0.0009299592249862054,0.0006724764298291148,0.706097399997816
125,29878.21421819998,1677.9494155722573,31556.163633772238,244.45128029200413,0.22292202397906058,90708488.20258515,0,False,0,0.9767277553427384,8,0.0009306869346610236,0.0006614660850619631,0.7121580999955768
126,29848.214667348704,1687.3082588718644,31535.52292622057,244.32852746803312,0.2228100822132573,90708488.20258515,0,False,0,0.9769075881841018,4,0.0009292636996256911,0.000654094325001497,0.7183606999969925
127,29818.418395248576,1696.6752868793183,31515.093682127896,244.20654534737014,0.22269884327355952,90708488.20258515,0,False,0,0.9770846578182681,1,0.000926689117485711,0.0006478168806798749,0.7243277999950806
128,29788.784230624435,1706.0551806828782,31494.839411307312,244.08516640969574,0.2225881543934584,90708488.20258515,0,False,0,0.9772590275258022,6,0.0009144885234491357,0.0006426847727274851,0.7301690999956918
129,29759.36732148265,1715.4578422205236,31474.82516370317,243.96461760461352,0.22247822253470484,90708488.20258515,0,False,0,0.9774307586678609,7,0.0008964316583166676,0.0006354770488829536,0.7359968999953708
130,29730.18559267814,1724.8943326088477,31455.079925286987,243.84497367252882,0.2223691158551846,90708488.20258515,0,False,0,0.9775999107584725,2,0.0008778973928280848,0.0006273343319140828,0.7417216999965603
131,29701.20117614651,1734.3771080906267,31435.578284237137,243.7260805746751,0.22226069388259753,90708488.20258515,0,False,0,0.9777665415335723,0,0.0008642405081492256,0.0006199838339680271,0.747852000000421
132,29672.372153685657,1743.9199209120166,31416.292074597673,243.60776733793057,0.22215280070172688,90708488.20258515,0,False,0,0.9779307070169622,2,0.0008503014517616019,0.0006135153444635226,0.7540862999958335
133,29643.707377059705,1753.5375611336713,31397.244938193377,243.4900711612681,0.22204547023536625,90708488.20258515,0,False,0,0.9780924615833548,2,0.0008360505321404249,0.0006062821277275392,0.7608631999974023
134,29615.199277817228,1763.2432858052798,31378.442563622506,243.37296184176756,0.22193867494062006,90708488.20258515,0,False,0,0.9782518580186513,3,0.0008250578057347782,0.000598854281892687,0.7667004999966593
135,29586.843368643862,1773.0486584878622,31359.892027131726,243.25642178016128,0.22183239876821922,90708488.20258515,0,False,0,0.9784089475775907,5,0.0008103492576585532,0.0005911872921406964,0.7723081000003731
136,29558.68663744972,1782.9618694490987,31341.64850689882,243.1406450491144,0.22172681869850627,90708488.20258515,0,False,0,0.9785637800389086,3,0.0008022681676210017,0.0005817469083478742,0.7783332999970298
137,29530.65099443129,1792.9852180745868,31323.636212505877,243.02531141603868,0.221621642702343,90708488.20258515,0,False,0,0.9787164037581244,1,0.0007934313088044388,0.0005747079445734015,0.7847684000007575
138,29502.719332496185,1803.119480773997,31305.83881327018,242.91035108655285,0.22151680713226266,90708488.20258515,0,False,0,0.9788668657180801,1,0.000784748844975464,0.0005681779444428274,0.7908413999975892
139,29474.895006856947,1813.3629510486792,31288.257957905626,242.7957784099919,0.22141232507382894,90708488.20258515,0,False,0,0.9790152115773374,2,0.0007746607368073535,0.0005615839099351146,0.7971953999949619
140,29447.224755270327,1823.7110706403002,31270.935825910627,242.68178652412433,0.22130837265482572,90708488.20258515,0,False,0,0.9791614857165423,1,0.000761593561265502,0.0005536304391987452,0.80362199999945
141,29419.684885802842,1834.154870799751,31253.839756602592,242.56827857658075,0.22120486155284297,90708488.20258515,0,False,0,0.9793057312828535,0,0.0007495363539018517,0.0005467079528163227,0.8126014000008581
142,29392.28655270546,1844.684732296007,31236.971285001466,242.45530125243894,0.2211018343413211,90708488.20258515,0,False,0,0.9794479902325275,2,0.0007368812427308192,0.0005397247740595801,0.8205569999990985
143,29365.05041678777,1855.2901682147017,31220.340585002472,242.342940548256,0.2209993694429485,90708488.20258515,0,False,0,0.9795883033717538,3,0.0007238392089765027,0.0005324043694011747,0.8278959999952349
144,29338.006632969384,1865.959691398901,31203.966324368284,242.2313218102456,0.22089758116447622,90708488.20258515,0,False,0,0.9797267103958175,2,0.000711124601413797,0.000524474119351963,0.836916399995971
145,29311.17254985124,1876.6752507276994,31187.847800578937,242.1205177173188,0.2207965357838552,90708488.20258515,0,False,0,0.9798632499266725,1,0.0006985617751477704,0.0005165536849320432,0.8430860000007669
146,29284.576373108408,1887.4238900522982,31172.000263160706,242.01064593570428,0.22069634060424134,90708488.20258515,0,False,0,0.9799979595489997,1,0.0006883825265454546,0.0005081318056815902,0.8490545999957249
147,29258.214534905208,1898.1939985415331,31156.40853344674,241.9016929866561,0.2205969833339857,90708488.20258515,0,False,0,0.9801308758448195,3,0.0006786966968273334,0.0005001838054130403,0.8561316999985138
148,29232.127514133354,1908.976243657997,31141.103757791352,241.7938275230919,0.2204986177724454,90708488.20258515,0,False,0,0.9802620344267278,3,0.0006705910654939567,0.0004912240009614662,0.8626530999972601
149,29206.29845152136,1919.7556907731541,31126.054142294517,241.68698124442435,0.22040118163438652,90708488.20258515,0,False,0,0.9803914699698173,2,0.0006631236539347401,0.00048327174315617154,0.8693676999973832
150,29181.52580010201,1930.5239953871078,31112.049795489118,241.58446059339997,0.2203076901582989,90708488.20258515,0,False,0,0.980519216242345,3,0.0006245812969363575,0.0004499236151610302,0.8759328999949503
151,29159.161473543525,1941.2348709411667,31100.396344484692,241.49186931879726,0.22022325356090175,90708488.20258515,0,False,0,0.9806453061352034,1,0.000645282541835138,0.0003745639095150634,0.8819873999964329
152,29137.56338096824,1951.7804003482925,31089.343781316533,241.4024166447728,0.22014167914198257,90708488.20258515,0,False,0,0.980769771690249,3,0.0007127223590495771,0.0003553833541455636,0.8880357999951229
153,29116.52833116654,1962.1164696864153,31078.644800852955,241.3152640475382,0.22006220222802506,90708488.20258515,0,False,0,0.98089264412754,3,0.0007713906582239917,0.0003441365806507444,0.893397299994831
154,29095.948397892244,1972.2154369880798,31068.163834880324,241.22996662061803,0.21998441709625344,90708488.20258515,0,False,0,0.9810139538715308,0,0.0008152504527791344,0.0003372401222701643,0.8987321999957203
155,29075.691215704304,1982.0635535623421,31057.754769266645,241.14597743153132,0.21990782498349706,90708488.20258515,0,False,0,0.9811337305762713,2,0.0008306852650333269,0.00033503961383109704,0.9040760999996564
156,29055.76513519438,1991.6630463292597,31047.42818152364,241.06333248834994,0.21983245872653323,90708488.20258515,0,False,0,0.9812520031496537,2,0.0008177048803138862,0.00033249627411008245,0.9099649999989197
157,29036.166455134284,2001.0255335386228,31037.19198867291,240.98201781516514,0.21975830558033616,90708488.20258515,0,False,0,0.9813687997767477,2,0.0007873583477554329,0.000329695354825631,0.9158237000010558
158,29016.90328970503,2010.171603147092,31027.074892852124,240.9020684415351,0.21968539748934895,90708488.20258515,0,False,0,0.9814841479422676,3,0.0007390495869479424,0.00032596685371783223,0.9217254999966826
159,28998.001392529874,2019.128842689506,31017.130235219378,240.82359266703864,0.21961383321501513,90708488.20258515,0,False,0,0.9815980744522028,2,0.0006770159249566909,0.00032051547453599595,0.9272815999938757
160,28979.519936426903,2027.9328499727728,31007.452786399677,240.74683772139937,0.21954383821309953,90708488.20258515,0,False,0,0.9817106054546547,2,0.0006106262494229859,0.0003120033589926412,0.9331753999940702
161,28962.128366914254,2036.622084130027,30998.75045104428,240.67458680514756,0.21947795056274255,90708488.20258515,0,False,0,0.9818217664599063,3,0.0005521376836125733,0.0002806530228504577,0.9386793999947258
162,28945.37695144675,2045.1973551882206,30990.57430663497,240.60497480911215,0.21941446941823434,90708488.20258515,0,False,0,0.9819315823597653,3,0.0005241987045427055,0.0002637572253830796,0.9439887999978964
163,28929.60678994975,2053.666631460978,30983.27342141073,240.53942209105662,0.2193546900439197,90708488.20258515,0,False,0,0.9820400774462043,2,0.0005045121572907008,0.00023558405701048414,0.9510674999983166
164,28914.50388116677,2062.0052906281267,30976.509171794896,240.47662622869098,0.2192974247241417,90708488.20258515,0,False,0,0.9821472754293311,3,0.0005163042326478853,0.000218319398464814,0.9574776999943424
165,28899.686181376164,2070.194257301533,30969.880438677697,240.41500028648863,0.21924122628759046,90708488.20258515,0,False,0,0.9822531994547181,2,0.0005242385313973797,0.0002139922571790154,0.9636203999980353
166,28885.132525592635,2078.2318964635383,30963.364422056173,240.35445710696789,0.2191860152528977,90708488.20258515,0,False,0,0.9823578721201132,0,0.000527852398413674,0.0002103985074926826,0.9699639999962528
167,28870.82203149837,2086.1209156834952,30956.942947181866,240.2949106056904,0.2191317131172337,90708488.20258515,0,False,0,0.9824613154915618,1,0.0005241473535492314,0.00020738944214126828,0.9758557999957702
168,28856.863314316153,2093.8679763128375,30950.73129062899,240.23681364152395,0.2190787328553854,90708488.20258515,0,False,0,0.9825635511189639,1,0.0005248120473529202,0.0002006547146296795,0.981533699996362
169,28843.114249404935,2101.4727916569436,30944.587041061877,240.17957552383564,0.21902653579988793,90708488.20258515,0,False,0,0.9826646000510836,0,0.0005218648617421218,0.00019851710479534815,0.9874660999994376
170,28829.563541731448,2108.944024044188,30938.507565775635,240.12314982829727,0.21897507961508572,90708488.20258515,0,False,0,0.9827644828500429,0,0.0005164371724859497,0.00019646328704192868,0.9927868999948259
171,28816.200656060493,2116.2926805549596,30932.49333661545,240.06749324329812,0.2189243248038982,90708488.20258515,0,False,0,0.9828632196053112,0,0.0005098647923123802,0.0001943929954409683,0.9980548999956227
172,28803.01444890773,2123.531210303641,30926.54565921137,240.0125598751354,0.21887422951456204,90708488.20258515,0,False,0,0.9829608299472161,0,0.0005032081347079197,0.0001922792753677228,1.0034081999983755
173,28789.99271425535,2130.672627289671,30920.66534154502,239.9582993532641,0.21882474781275518,90708488.20258515,0,False,0,0.9830573330599938,2,0.0004971046802403799,0.00019013819814041048,1.009298899996793
174,28777.157478416542,2137.7295359718773,30914.88701438842,239.90480394696786,0.2187759638414424,90708488.20258515,0,False,0,0.9831527476943955,2,0.0004899369674593595,0.00018687589975098832,1.016980299995339
175,28764.491288426558,2144.708012199605,30909.199300626162,239.8520014026423,0.2187278117105219,90708488.20258515,0,False,0,0.9832470921798697,0,0.0004820223367319539,0.00018397976869883413,1.025475299997197
176,28751.963224319225,2151.6117718526802,30903.574996171905,239.79976323724435,0.2186801742526794,90708488.20258515,0,False,0,0.9833403844363346,1,0.00047266540099196363,0.00018196215306499815,1.0311360999985482
177,28739.573963394443,2158.4464746307262,30898.02043802517,239.74809264473595,0.21863305438057887,90708488.20258515,0,False,0,0.9834326419855582,1,0.00046189956028951464,0.00017973836837395377,1.039041099997121
178,28727.3262709836,2165.2170410720078,30892.543312055608,239.6970015289453,0.21858646294965736,90708488.20258515,0,False,0,0.9835238819621621,1,0.0004498865175496534,0.00017726462381460864,1.0465358000001288
179,28715.224546176538,2171.927689595397,30887.152235771937,239.6465086170735,0.21854041703777824,90708488.20258515,0,False,0,0.9836141211242594,3,0.0004368785486985941,0.00017451060047773569,1.053038199999719
180,28703.274732471953,2178.582026182426,30881.85675865438,239.59663909358977,0.2184949396113701,90708488.20258515,0,False,0,0.9837033758637466,4,0.0004226221460837076,0.00017144594869527525,1.0592448999959743
181,28691.663918617745,2185.1827006102585,30876.846619228003,239.54817435588086,0.21845074324877065,90708488.20258515,0,False,0,0.9837916622162577,3,0.00040226948382571205,0.00016223569280601966,1.065462699996715
182,28680.40834768217,2191.7076520224236,30872.11599970459,239.50118307717048,0.21840789057503143,90708488.20258515,0,False,0,0.9838789958707959,3,0.00039625463568789096,0.00015320928272728493,1.0718579999957
183,28669.38281702283,2198.1324541456997,30867.51527116853,239.4551432607904,0.21836590556665345,90708488.20258515,0,False,0,0.9839653921790542,2,0.00039559037499651715,0.000149025370859098,1.0805478999973275
184,28658.58574137507,2204.447449652175,30863.033191027247,239.41004883410835,0.21832478268583183,90708488.20258515,0,False,0,0.9840508661644373,2,0.00039998747142651483,0.00014520378792746345,1.0890964999998687
185,28648.004356568654,2210.6474948690916,30858.651851437746,239.36584700649613,0.21828447379130234,90708488.20258515,0,False,0,0.9841354325307938,2,0.000403931057126253,0.0001419607581141789,1.0951932999960263
186,28637.626694572216,2216.7325945281555,30854.359289100372,239.3224882645683,0.2182449337304109,90708488.20258515,0,False,0,0.9842191056708731,2,0.00040274896741036576,0.00013910401394200795,1.1016844999976456
187,28627.444365366788,2222.7075620207443,30850.15192738753,239.27993800302937,0.21820613094561153,90708488.20258515,0,False,0,0.9843018996745135,3,0.00039467357059748507,0.00013636198611089253,1.108604099994409
188,28617.57907262007,2228.5810484637095,30846.160121083776,239.2387053660844,0.2181685297398793,90708488.20258515,0,False,0,0.9843838283365739,2,0.0003913997526808634,0.00012939340827722442,1.1155072999972617
189,28608.051220894766,2234.344869563534,30842.3960904583,239.19887633889405,0.2181322085255098,90708488.20258515,0,False,0,0.9844649051646158,3,0.00040571990888588655,0.00012202590567839872,1.1252886000002036
190,28598.694763343938,2239.984512976073,30838.67927632001,239.15975733113603,0.21809653479790628,90708488.20258515,0,False,0,0.9845451433863492,5,0.00040748871835262924,0.00012050990225885169,1.135093799995957
191,28589.518562813682,2245.5039881845323,30835.022550998216,239.12138575549315,0.21806154267475045,90708488.20258515,0,False,0,0.9846245559568461,3,0.00039859938827636464,0.00011857593799752597,1.142343499996059
192,28580.523366557572,2250.9116273172726,30831.434993874846,239.08376509732975,0.21802723533444446,90708488.20258515,0,False,0,0.9847031555655302,3,0.00038011974094321525,0.00011634682988918138,1.1499827000006917
193,28571.691903882762,2256.2201137588545,30827.912017641618,239.04682346303105,0.21799354721517128,90708488.20258515,0,False,0,0.9847809546429579,5,0.00035307800051540895,0.00011426572373057814,1.1585143999982392
194,28563.051760304217,2261.4458297897327,30824.49759009395,239.01067658288497,0.21796058385464778,90708488.20258515,0,False,0,0.9848579653673867,3,0.0003267852855988548,0.00011075766486275056,1.1652010999969207
195,28554.574735625338,2266.6052924952783,30821.180028120616,238.97520681286306,0.21792823796996308,90708488.20258515,0,False,0,0.9849341996711478,2,0.00030352350351045684,0.00010762744676169379,1.1732014999943203
196,28546.250619671053,2271.7171141531903,30817.967733824244,238.94037172345344,0.21789647086844735,90708488.20258515,0,False,0,0.9850096692468265,4,0.00028259128382261743,0.00010422359862411459,1.1799987999984296
197,28538.070973007518,2276.8004689471472,30814.871441954667,238.90613626697626,0.2178652505891319,90708488.20258515,0,False,0,0.9850843855532553,2,0.00026545468531714985,0.00010047034562173557,1.189705699995102
198,28530.020018173385,2281.8737665770095,30811.893784750395,238.87243465152434,0.21783451713451904,90708488.20258515,0,False,0,0.9851583598213295,0,0.0002582389199985651,9.663052496846902e-05,1.1978382999950554
199,28522.072111768095,2286.9537552330103,30809.025867001106,238.8391597362882,0.2178041727998798,90708488.20258515,0,False,0,0.9852316030596494,2,0.0002585592183283109,9.307826936324229e-05,1.20500589999574
200,28514.21580310953,2292.055019305091,30806.270822414623,238.80626374996754,0.2177741740212167,90708488.20258515,0,False,0,0.9853041260599963,2,0.00026047464055489614,8.942329427670848e-05,1.2114128999965033
201,28506.421311173377,2297.187453225513,30803.60876439889,238.77362212427644,0.21774440720119298,90708488.20258515,0,False,0,0.9853759394026456,0,0.00026713733334719954,8.64128615591932e-05,1.2181644999946002
202,28498.66730162902,2302.358086757375,30801.025388386395,238.74114560179618,0.21771479094344845,90708488.20258515,0,False,0,0.9854470534615268,0,0.0002726673378421396,8.386601817514512e-05,1.2247876999972505
203,28490.9412888386,2307.571036910015,30798.512325748616,238.70878194502438,0.21768527761113,90708488.20258515,0,False,0,0.9855174784092318,1,0.0002753638384078628,8.159022649703959e-05,1.2311284999959753
204,28483.28771609693,2312.8269564480725,30796.114672545,238.67671740702707,0.21765603705366687,90708488.20258515,0,False,0,0.9855872242218772,2,0.0002601462618902535,7.784964345857401e-05,1.2368838999973377
205,28475.762915784107,2318.1030964620563,30793.866012246162,238.64518815925916,0.21762728464247652,90708488.20258515,0,False,0,0.9856563006838277,1,0.00023830343163841168,7.301766221970658e-05,1.242939399999159
206,28468.348238833594,2323.3657284852575,30791.71396731885,238.61411625816942,0.21759894929863408,90708488.20258515,0,False,0,0.985724717392284,2,0.00023113773369995934,6.9885506628374e-05,1.2488814999960596
207,28461.056003539794,2328.595325807397,30789.65132934719,238.5835535133962,0.21757107826881142,90708488.20258515,0,False,0,0.9857924837617377,1,0.00023759735159123254,6.69867865702044e-05,1.2559369999944465
208,28453.88868803424,2333.775226380804,30787.663914415043,238.5535105087923,0.21754368120472278,90708488.20258515,0,False,0,0.9858596090283016,4,0.00025066668629080183,6.454814674219292e-05,1.262142200001108
209,28446.86509012166,2338.892416644275,30785.757506765935,238.52406624959949,0.21751683015347859,90708488.20258515,0,False,0,0.9859261022539157,4,0.00026477005500988017,6.192115304389791e-05,1.26823489999515
210,28439.989230253934,2343.9334426246496,30783.922672878583,238.49523781515612,0.21749054069020973,90708488.20258515,0,False,0,0.9859919723304367,4,0.00028318256168656747,5.960008900050205e-05,1.274177499995858
211,28433.259760774905,2348.8875152374158,30782.14727601232,238.46701977747324,0.21746480786497982,90708488.20258515,0,False,0,0.98605722798361,2,0.0002870237484961867,5.767286012013152e-05,1.2806645999953616
212,28426.688733532872,2353.749730145368,30780.43846367824,238.43946289795602,0.21743967796854732,90708488.20258515,0,False,0,0.9861218777769333,1,0.0002971173502266445,5.551309721046083e-05,1.2877421999946819
213,28420.23608193697,2358.518322705642,30778.754404642612,238.412399350105,0.21741499795518926,90708488.20258515,0,False,0,0.9861859301154119,2,0.00029679650431675204,5.4711989811868724e-05,1.2934629999945173
214,28413.983811322738,2363.1965023358734,30777.18031365861,238.38617330425328,0.21739108168354918,90708488.20258515,0,False,0,0.9862493932492103,1,0.00029354813277535877,5.114212756332215e-05,1.2993764999991981
215,28407.84639073368,2367.7837791969587,30775.63016993064,238.36042620675806,0.21736760217843729,90708488.20258515,0,False,0,0.9863122752772026,1,0.0002859584618303326,5.0366658419417456e-05,1.3054594999994151
216,28401.825813026564,2372.2873648369705,30774.113177863535,238.33516657441285,0.2173445672065581,90708488.20258515,0,False,0,0.9863745841504266,1,0.00026874602827122715,4.92919904069244e-05,1.3116300999972736
217,28395.913690796868,2376.7175117101788,30772.631202507047,238.31035936692666,0.21732194481368095,90708488.20258515,0,False,0,0.9864363276754428,1,0.0002469308582883872,4.8156557686087304e-05,1.3182196999987355
218,28390.12482807759,2381.0871098951066,30771.211937972697,238.28606685275406,0.21729979178416753,90708488.20258515,0,False,0,0.9864975135176035,3,0.0002232001395251059,4.6121000346387335e-05,1.3251037999943946
219,28384.492499906202,2385.408987220679,30769.90148712688,238.26242884645578,0.21727823561886314,90708488.20258515,0,False,0,0.9865581492042313,4,0.0002055438673580817,4.258691040372175e-05,1.3311235000001034
220,28378.966234639593,2389.689012811569,30768.655247451163,238.23923369016947,0.21725708330098747,90708488.20258515,0,False,0,0.9866182421277148,2,0.0001903410531025004,4.0501906586851737e-05,1.3379922999956761
221,28373.52624047808,2393.9355539916423,30767.461794469724,238.21639842999087,0.2172362591825332,90708488.20258515,0,False,0,0.9866777995485188,2,0.00018108717163625046,3.878794740429091e-05,1.3435556999975233
222,28368.162845642008,2398.1571719117214,30766.320017553728,238.1938825647796,0.21721572632936695,90708488.20258515,0,False,0,0.9867368285981162,3,0.0001683138795021891,3.710988327939969e-05,1.3492406000004848
223,28362.914415820014,2402.3612305654615,30765.275646385475,238.17184726923549,0.21719563172124787,90708488.20258515,0,False,0,0.9867953362818408,2,0.00016779734344542357,3.394527417178822e-05,1.3550891999984742
224,28357.725409439547,2406.5433969783317,30764.26880641788,238.1500594559638,0.2171757627992001,90708488.20258515,0,False,0,0.9868533294816652,2,0.00016737995643729704,3.272650566070925e-05,1.3607444999943255
225,28352.59457857611,2410.7059873686308,30763.30056594474,238.12851395234512,0.2171561148461659,90708488.20258515,0,False,0,0.9869108149589054,1,0.00016780900471610863,3.147289081472706e-05,1.366677099998924
226,28347.514679562228,2414.8499798678204,30762.364659430048,238.10718040228113,0.21713666017956224,90708488.20258515,0,False,0,0.9869677993568551,0,0.00016842749409769043,3.042282516749252e-05,1.3723838999940199
227,28342.482133930833,2418.977053974992,30761.459187905824,238.08604383260618,0.2171173851449366,90708488.20258515,0,False,0,0.9870242892033497,0,0.00016918803400206735,2.943439277988396e-05,1.3782460000002175
228,28337.4934684108,2423.088799544003,30760.582267954804,238.06508970620115,0.2170982764854796,90708488.20258515,0,False,0,0.9870802909132663,1,0.0001700356124396305,2.8507098628320324e-05,1.3878600999960327
229,28332.552713909754,2427.186637843322,30759.739351753076,238.0443350046783,0.21707934968720294,90708488.20258515,0,False,0,0.9871358107909564,1,0.00016943445444846802,2.7402478743241027e-05,1.3953668999965885
230,28327.659341124978,2431.2697350147705,30758.92907613975,238.0237775564659,0.21706060276978906,90708488.20258515,0,False,0,0.9871908550326172,0,0.00017032906465941906,2.6342083203656502e-05,1.4008585999981733
231,28322.80615353049,2435.3361807558686,30758.14233428636,238.0033871756051,0.21704200820580982,90708488.20258515,0,False,0,0.9872454297286025,1,0.0001711205236990823,2.5577673768882123e-05,1.4072287999952096
232,28317.99392476359,2439.385212936852,30757.37913770044,237.98316715584565,0.21702356899892866,90708488.20258515,0,False,0,0.9872995408656738,1,0.00017122466582147812,2.481283094484718e-05,1.4149744999958784
233,28313.221170170807,2443.416006146885,30756.637176317694,237.96311130160828,0.21700527949922188,90708488.20258515,0,False,0,0.987353194329194,0,0.000171730430702142,2.412303660289385e-05,1.4209768000000622
234,28308.486634274443,2447.427889154305,30755.914523428746,237.94321437802947,0.21698713493286964,90708488.20258515,0,False,0,0.9874063959052665,1,0.0001719956758669852,2.3495835542912126e-05,1.42649359999632
235,28303.794505449994,2451.420368439566,30755.21487388956,237.9234940288579,0.21696915138970452,90708488.20258515,0,False,0,0.9874591512828198,1,0.00017154064392422753,2.2748455054192132e-05,1.431854199996451
236,28299.141982138906,2455.392151600691,30754.5341337396,237.90393852199634,0.21695131817089583,90708488.20258515,0,False,0,0.9875114660556398,0,0.00017130601173463088,2.2134137340683756e-05,1.4373693999950774
237,28294.52748348761,2459.3424350708256,30753.869918558437,237.8845412526321,0.21693362925332837,90708488.20258515,0,False,0,0.9875633457243508,0,0.0001707741334721694,2.159730914058754e-05,1.442965299997013
238,28289.95066426623,2463.270871734911,30753.221536001143,237.8653008081096,0.21691608334876167,90708488.20258515,0,False,0,0.9876147956983485,2,0.0001699065015590178,2.1082958307722824e-05,1.4482596999951056
239,28285.420816876125,2467.177387410759,30752.598204286885,237.84625629543183,0.21689871611997583,90708488.20258515,0,False,0,0.987665821297684,2,0.0001675656597097127,2.0268826585471727e-05,1.4539170999996713
240,28280.933985636206,2471.0610833241894,30751.995068960394,237.82739112909684,0.21688151244218337,90708488.20258515,0,False,0,0.9877164277549009,0,0.00016648050086994054,1.9612499811724334e-05,1.4598314999966533
241,28276.484939688453,2474.9213029159023,30751.406242604357,237.8086833557112,0.21686445229546503,90708488.20258515,0,False,0,0.987766620216829,1,0.00016502923175034767,1.9147582285861172e-05,1.4656612999970093
242,28272.074566520285,2478.7581021048627,30750.832668625146,237.79013674465259,0.2168475391172227,90708488.20258515,0,False,0,0.9878164037463318,1,0.00016267593206399492,1.8651959350597865e-05,1.4716549999939161
243,28267.702603641013,2482.5717679644245,30750.27437160544,237.77175022967305,0.21683077193511482,90708488.20258515,0,False,0,0.9878657833240136,1,0.00016062852374070337,1.8155509014106846e-05,1.4776796999940416
244,28263.369195715677,2486.3628114591597,30749.732007174836,237.75352445638183,0.21681415133789067,90708488.20258515,0,False,0,0.9879147638498831,1,0.00015744383972869576,1.763771028669965e-05,1.4831163999988348
245,28259.074266197844,2490.131438818976,30749.20570501682,237.7354591397667,0.21679767706563957,90708488.20258515,0,False,0,0.9879633501449782,0,0.0001550834763357908,1.711566650060042e-05,1.4886457999964477
246,28254.81635120278,2493.877781721266,30748.694132924044,237.71754815832497,0.21678134353599032,90708488.20258515,0,False,0,0.9880115469529512,0,0.00015253034013538275,1.663692056577916e-05,1.4941990000006626
247,28250.595175827555,2497.6023631981784,30748.197539025732,237.6997903904316,0.21676514972610145,90708488.20258515,0,False,0,0.9880593589416159,0,0.00014984282297106905,1.6150080916108787e-05,1.499659299995983
248,28246.410422025998,2501.3057775367456,30747.716199562743,237.68218453231196,0.21674909444702403,90708488.20258515,0,False,0,0.9881067907044573,0,0.00014708225078186312,1.5654233467773464e-05,1.5052491999958875
249,28242.261761790287,2504.988628893336,30747.250390683625,237.66472923759758,0.21673317647096668,90708488.20258515,0,False,0,0.9881538467621062,0,0.00014430904020477193,1.5149381375031583e-05,1.5108169999948586
250,28238.148896909206,2508.6514676208835,30746.80036453009,237.64742328461804,0.21671739468385362,90708488.20258515,0,False,0,0.9882005315637787,0,0.00014157428472549597,1.4636305614899161e-05,1.5164660999944317
251,28234.071600855616,2512.294732277277,30746.366333132893,237.6302657527261,0.21670174824612062,90708488.20258515,0,False,0,0.9882468494886808,0,0.0001389149770245567,1.4116311032347843e-05,1.5221820999940974
252,28230.029757345692,2515.9186982290753,30745.948455574766,237.61325618469056,0.2166862367408057,90708488.20258515,0,False,0,0.9882928048473806,1,0.0001363687374889882,1.3591120121318e-05,1.5277520999952685
253,28226.0255979968,2519.523429001054,30745.549026997855,237.59640400476098,0.21667086876214806,90708488.20258515,0,False,0,0.9883384018831489,1,0.00013288790855058358,1.2991258912973348e-05,1.5340587999962736
254,28222.062543644905,2523.108234189678,30745.17077783458,237.57972364511625,0.2166556574712591,90708488.20258515,0,False,0,0.9883836447732678,0,0.0001305128403144929,1.2302566558222104e-05,1.5405153999963659
255,28218.13748450391,2526.6713623744563,30744.808846878368,237.56320205159682,0.21664059096368216,90708488.20258515,0,False,0,0.9884285376303082,0,0.00012826053015791442,1.1771961158650515e-05,1.5458393999942928
256,28214.251693126804,2530.211509958752,30744.463203085557,237.54684461439098,0.21662567415488213,90708488.20258515,0,False,0,0.9884730845033793,0,0.00012617036992771158,1.1242346456996362e-05,1.551277399994433
257,28210.406485671287,2533.7272651004278,30744.133750771714,237.53065690841376,0.21661091212878142,90708488.20258515,0,False,0,0.9885172893793485,2,0.00012427077375007432,1.0715825859983043e-05,1.5568295999983093
258,28206.626331594794,2537.2170435325106,30743.843375127304,237.51474199129112,0.21659639886653873,90708488.20258515,0,False,0,0.9885611561840327,3,0.00012102850080456344,9.444912215259408e-06,1.5623446999961743
259,28202.943137908398,2540.667480885966,30743.610618794366,237.49923426364305,0.2165822569318739,90708488.20258515,0,False,0,0.9886046887833632,1,0.00012447757163410838,7.570827436834354e-06,1.5680034999968484
260,28199.357025546527,2544.0599493820373,30743.416974928565,237.48413431446963,0.21656848686191274,90708488.20258515,0,False,0,0.9886478909845237,0,0.0001348077582285552,6.29867025712647e-06,1.5736868999956641
261,28195.86474538651,2547.3841110991857,30743.248856485694,237.4694285392817,0.21655507625033746,90708488.20258515,0,False,0,0.9886907665370621,1,0.00014679263834207543,5.4684371294142545e-06,1.5788421999968705
262,28192.46709258702,2550.632512054608,30743.099604641626,237.45512035998306,0.21654202821767876,90708488.20258515,0,False,0,0.9887333191339783,2,0.00015714082952350282,4.854784371194286e-06,1.5847451000008732
263,28189.163331797863,2553.800248345967,30742.96358014383,237.44120675147295,0.2165293400052619,90708488.20258515,0,False,0,0.9887755524127849,0,0.00016441343041690893,4.424553787493467e-06,1.5903170999954455
264,28185.951787806247,2556.8849941781186,30742.836781984366,237.42768072744275,0.2165170052420747,90708488.20258515,0,False,0,0.9888174699565481,1,0.00016744367067357083,4.124461167646371e-06,1.5957839999973658
265,28182.94429081156,2559.8866179714796,30742.83090878304,237.41501338715528,0.21650545353683537,90708488.20258515,0,False,0,0.9888590752949011,1,0.00017958865346977276,1.9104292064137065e-07,1.601277999994636
266,28182.98657118798,2559.822541392771,30742.80911258075,237.41519147345218,0.21650561593875733,90708488.20258515,0,True,1,0.0,0,0.00017416079809512495,7.089848801416288e-07,1.6103067000003648
267,28183.027570186983,2559.761031454019,30742.788601641,237.41536416241888,0.21650577341870153,90708488.20258515,0,False,1,0.28175352512532087,0,0.00016910448401898982,6.671784505809756e-07,1.6160176999983378
268,28183.07858361383,2559.685316979912,30742.76390059374,237.4155790322692,0.21650596936458436,90708488.20258515,0,False,1,0.434042782780302,0,0.00016309212708688351,8.034745181874167e-07,1.6217016999944462
269,28183.138360545323,2559.597642428546,30742.73600297387,237.41583081397636,0.21650619897143156,90708488.20258515,0,False,1,0.5310638054044795,0,0.00015643767773400173,9.074532127858278e-07,1.6272243999992497
270,28183.20563213233,2559.5001787983265,30742.705810930656,237.41611416301265,0.2165064573654174,90708488.20258515,0,False,1,0.5987785940560388,1,0.00014934496171714685,9.820870598823977e-07,1.632713999999396
271,28183.279038258894,2559.3950417011993,30742.674079960092,237.41642335044514,0.21650673932216624,90708488.20258515,0,False,1,0.6489233261224006,0,0.00014238773675088296,1.0321463165730224e-06,1.6380600999982562
272,28183.357094915744,2559.28426900868,30742.641363924424,237.41675212552187,0.21650703914144087,90708488.20258515,0,False,1,0.6876458540105597,0,0.00013568452160639386,1.064189653222092e-06,1.6433809000009205
273,28183.43827764834,2559.1698105916435,30742.608088239984,237.41709406716416,0.21650735096767834,90708488.20258515,0,False,1,0.718499853459134,0,0.00012948020052881945,1.082395102167823e-06,1.6493776999996044
274,28183.52103505349,2559.0534775691685,30742.57451262266,237.41744264081984,0.2165076688418361,90708488.20258515,0,False,1,0.7436910466053832,0,0.00012396604136076042,1.0921525339121687e-06,1.6550090999953682
275,28183.603838854582,2558.936906235256,30742.54074508984,237.41779140938272,0.21650798689373518,90708488.20258515,0,False,1,0.7646647176173088,0,0.00011926498465500257,1.0983963886614908e-06,1.6605053999955999
276,28183.685238330523,2558.8215278250836,30742.506766155606,237.41813426244644,0.2165082995511236,90708488.20258515,0,False,1,0.782409243228014,0,0.00011542819525547457,1.1052741058125998e-06,1.6655781000008574
277,28183.763914697123,2558.708542341743,30742.472457038864,237.41846564535422,0.216508601748553,90708488.20258515,0,False,1,0.7976243809601435,0,0.00011244030057899265,1.1160155872281603e-06,1.6707663999986835
278,28183.838735672703,2558.5988987455103,30742.437634418213,237.4187807890214,0.21650888913696043,90708488.20258515,0,False,1,0.8108199838000861,0,0.00011020269494765885,1.1327202358301575e-06,1.6763060999946902
279,28183.908798279626,2558.493289008423,30742.40208728805,237.4190758902057,0.21650915824806183,90708488.20258515,0,False,1,0.8223766390185732,0,0.00010856938715655295,1.1562885996698899e-06,1.6843777999965823
280,28183.97345736777,2558.3921510971563,30742.365608464926,237.41934823163749,0.21650940660390236,90708488.20258515,0,False,1,0.8325843815233085,0,0.00010737599084191142,1.1865963830685865e-06,1.690990299997793
281,28184.032338898916,2558.2956796751014,30742.32801857402,237.41959623796396,0.21650963276787333,90708488.20258515,0,False,1,0.8416682316299193,0,0.00010646377623441568,1.2227390496419153e-06,1.696586499994737
282,28184.08533775795,2558.203844170126,30742.289181928078,237.419819466522,0.21650983633629772,90708488.20258515,0,False,1,0.8498055224352064,0,0.00010569574226694044,1.263295542145729e-06,1.701957899997069
283,28184.132600680583,2558.1164134039136,30742.249014084497,237.4200185354242,0.21651001787284985,90708488.20258515,0,False,1,0.8571379479988086,0,0.00010496728895585337,1.3065989765204416e-06,1.7086385000002338
284,28184.174496826174,2558.03298507821,30742.207481904385,237.42019499960898,0.21651017879552198,90708488.20258515,0,False,1,0.8637801230052086,0,0.00010420893059564831,1.3509805379867882e-06,1.7145613999964553
285,28184.21157909309,2557.953018683056,30742.164597776147,237.42035118790088,0.21651032122803496,90708488.20258515,0,False,1,0.8698257810419169,0,0.00010338365958711382,1.3949593002581072e-06,1.7204292999958852
286,28184.244539629213,2557.875870370919,30742.120410000134,237.42049001562276,0.216510447828954,90708488.20258515,0,False,1,0.8753523399411488,0,0.00010248109720366951,1.437367101219946e-06,1.72601439999562
287,28184.27416298988,2557.8008283737595,30742.07499136364,237.42061478730056,0.21651056161176963,90708488.20258515,0,False,1,0.8804243161473297,0,0.0001015101313712141,1.4774074100705293e-06,1.7313011000005645
288,28184.30128008921,2557.727147624296,30742.028427713507,237.42072900271035,0.21651066576802638,90708488.20258515,0,False,1,0.8850959137641199,0,0.00010049133746635782,1.5146554077835675e-06,1.7366652999990038
289,28184.32672555878,2557.6540823723976,30741.98080793118,237.42083617727732,0.21651076350353982,90708488.20258515,0,False,1,0.8894130125262103,0,9.945011020936193e-05,1.5490123704210778e-06,1.742642799996247
290,28184.351300463008,2557.58091575479,30741.9322162178,237.42093968503707,0.21651085789518823,90708488.20258515,0,False,1,0.8934147117832398,0,9.84111257170451e-05,1.5806305288074574e-06,1.747888599995349
291,28184.37574161528,2557.506985472223,30741.882727087504,237.4210426293983,0.2165109517730576,90708488.20258515,0,False,1,0.8971345422701921,0,9.739448078116229e-05,1.6098249760958998e-06,1.7538568999952986
292,28184.400698072724,2557.431704943215,30741.83240301594,237.42114774414145,0.21651104763015955,90708488.20258515,0,False,1,0.9006014263404838,0,9.641360203530504e-05,1.636987298822652e-06,1.7589745000004768
293,28184.42671481867,2557.3545795275772,30741.78129434625,237.42125732469142,0.2165111475597568,90708488.20258515,0,False,1,0.9038404456605403,0,9.547478337954732e-05,1.662512143703474e-06,1.7640398000003188
294,28184.454223205863,2557.2752176364943,30741.72944084236,237.42137318786556,0.2165112532186564,90708488.20258515,0,False,1,0.906873460036305,0,9.457801863728762e-05,1.6867436338034142e-06,1.7693729999955394
295,28184.483537440174,2557.1933367600136,30741.676874200188,237.4214966570642,0.2165113658137045,90708488.20258515,0,False,1,0.9097196100592845,0,9.371867631441731e-05,1.7099442070107193e-06,1.774453199999698
296,28184.514856225607,2557.108764639318,30741.623620864924,237.4216285692001,0.21651148610810544,90708488.20258515,0,False,1,0.9123957282937485,0,9.288953170914287e-05,1.7322846597261318e-06,1.7794738999946276
297,28184.54826864238,2557.021435983406,30741.569704625785,237.42176929945737,0.21651161444400022,90708488.20258515,0,False,1,0.914916677883027,0,9.20827246940099e-05,1.7538513841884092e-06,1.7847982999956002
298,28184.583763359664,2556.9313852725118,30741.515148632177,237.42191880009588,0.21651175077785326,90708488.20258515,0,False,1,0.917295633120554,0,9.129132581856266e-05,1.7746651889086949e-06,1.7899086999968858
299,28184.621240360717,2556.8387362999956,30741.459976660713,237.42207664983775,0.21651189472548937,90708488.20258515,0,False,1,0.9195443132877347,0,9.051033561965692e-05,1.794705667474578e-06,1.7951094999953057
300,28184.66052445118,2556.743689178659,30741.40421362984,237.42224211076427,0.21651204561397963,90708488.20258515,0,False,1,0.9216731786097809,0,8.973708016750473e-05,1.8139356723630382e-06,1.8004080999962753
301,28184.701379910824,2556.6465055759436,30741.347885486768,237.42241419002892,0.2165122025379193,90708488.20258515,0,False,1,0.9236915953126076,0,8.897107699852462e-05,1.8323217339633894e-06,1.8055143999954453
302,28184.743526443694,2556.547492946462,30741.291019390155,237.4225917070391,0.21651236442069263,90708488.20258515,0,False,1,0.9256079753284939,1,8.819627868363697e-05,1.8498244392088143e-06,1.8105867999984184
303,28184.786665243108,2556.446986900773,30741.23365214388,237.42277340323994,0.21651253011458793,90708488.20258515,0,False,1,0.9274298950868183,0,8.74487292377394e-05,1.8661300281123728e-06,1.8157365999941248
304,28184.83048566385,2556.345313961473,30741.17579962532,237.42295797021757,0.21651269842642562,90708488.20258515,0,False,1,0.9291641969594342,0,8.67138774013505e-05,1.8819192233423977e-06,1.8217766999950982
305,28184.87467240328,2556.242813101258,30741.117485504536,237.4231440799455,0.2165128681451409,90708488.20258515,0,False,1,0.9308170762496849,0,8.599345536981872e-05,1.8969385285173828e-06,1.8271655999997165
306,28184.9189201771,2556.1398115522784,30741.05873172938,237.42333044659745,0.2165130380981524,90708488.20258515,0,False,1,0.9323941560762216,0,8.528842441274983e-05,1.9112439612490943e-06,1.8329601999939769
307,28184.962944520255,2556.0366139818902,30740.999558502146,237.42351587203933,0.2165132071928479,90708488.20258515,0,False,1,0.9339005520751649,1,8.342077576150076e-05,1.924892299567536e-06,1.8399834999945597
308,28185.00850604449,2555.9334925873263,30740.941998631817,237.42370777175768,0.21651338219161886,90708488.20258515,0,False,1,0.9353409285021578,1,8.243607631174052e-05,1.8724137521763662e-06,1.8460721999945235
309,28185.05461725424,2555.82954582778,30740.88416308202,237.42390198652805,0.21651355930155114,90708488.20258515,0,False,1,0.936719547040866,0,8.174758839891206e-05,1.8813850856948613e-06,1.8519369999994524
310,28185.101501807705,2555.7244967090487,30740.825998516753,237.42409945836462,0.21651373938169405,90708488.20258515,0,False,1,0.9380403094021824,0,8.107216826054089e-05,1.892091488286263e-06,1.8583479999942938
311,28185.149366191174,2555.6181578489086,30740.767524040082,237.42430105695234,0.21651392322513782,90708488.20258515,0,False,1,0.9393067946178,0,8.040536748788358e-05,1.9021764956455521e-06,1.8648293999940506
312,28185.19834783183,2555.5104109699528,30740.708758801782,237.42450736110553,0.2165141113597196,90708488.20258515,0,False,1,0.9405222917844157,1,7.97426163903206e-05,1.9116386165099955e-06,1.8727885999978753
313,28185.24896726707,2555.40120536179,30740.650172628862,237.42472056324326,0.21651430578476824,90708488.20258515,0,False,1,0.9416898288939467,1,7.841748620968729e-05,1.9058172464169163e-06,1.8794947999995202
314,28185.301145038757,2555.290402592923,30740.59154763168,237.42494032868055,0.21651450619507503,90708488.20258515,0,False,1,0.9428121982856035,0,7.772586699575594e-05,1.9070838402191562e-06,1.8851359999971464
315,28185.354806632102,2555.1779569878586,30740.53276361996,237.42516634355383,0.21651471230441896,90708488.20258515,0,False,1,0.9438919791733417,0,7.703621771513018e-05,1.9122602643344507e-06,1.8906016999972053
316,28185.40992732539,2555.063913458919,30740.473840784307,237.4253985037211,0.21651492401782998,90708488.20258515,0,False,1,0.9449315576338684,0,7.634636046528104e-05,1.9167799110022083e-06,1.8959396999998717
317,28185.466427061678,2554.94837324646,30740.41480030814,237.42563647197696,0.21651514102780092,90708488.20258515,0,False,1,0.9459331443834135,0,7.56556169419956e-05,1.920610478343857e-06,1.9013240999993286
318,28185.524180090884,2554.831484051256,30740.355664142142,237.42587971866456,0.21651536285132283,90708488.20258515,0,False,1,0.9468987906238281,0,7.496463920633758e-05,1.9237270017773246e-06,1.9066487999953097
319,28185.583025605178,2554.7134289703145,30740.29645457549,237.42612756647142,0.21651558887073527,90708488.20258515,0,False,1,0.9478304021985741,0,7.427503462231823e-05,1.9261184645220553e-06,1.9121295000004466
320,28185.64277886882,2554.5944148535414,30740.23719372236,237.42637923730723,0.21651581837647577,90708488.20258515,0,False,1,0.9487297522654735,0,7.358888915980217e-05,1.927790553914821e-06,1.917324699999881
321,28185.703242366377,2554.474660667427,30740.177903033804,237.42663389925897,0.2165160506098993,90708488.20258515,0,False,1,0.9495984926646243,0,7.290829256485623e-05,1.9287648362640096e-06,1.9224213999987114
322,28185.764216521493,2554.3543863976647,30740.11860291916,237.42689071173675,0.21651628480444826,90708488.20258515,0,False,1,0.9504381641357491,0,7.223495054593163e-05,1.92907519375732e-06,1.9282301999992342
323,28185.825509574897,2554.233802949692,30740.05931252459,237.42714886707836,0.21651652022359266,90708488.20258515,0,False,1,0.9512502055187321,0,7.156993908310718e-05,1.9287627134701747e-06,1.9332836999965366
324,28185.886946259652,2554.1131034192795,30740.000049678933,237.42740762708777,0.2165167561941507,90708488.20258515,0,False,1,0.9520359620535963,0,7.091362115007533e-05,1.9278702443425247e-06,1.93834909999714
325,28185.948374974745,2553.9924560096174,30739.940830984364,237.4276663532485,0.21651699213384115,90708488.20258515,0,False,1,0.9527966928812224,0,7.026571336041853e-05,1.9264376861742232e-06,1.9436807999954908
326,28186.009673235483,2553.8719987715995,30739.881672007083,237.42792452967905,0.21651722757221714,90708488.20258515,0,False,1,0.9535335778332711,0,6.962546482787251e-05,1.9244987362355764e-06,1.94871439999406
327,28186.070751267824,2553.7518362452374,30739.82258751306,237.4281817782709,0.21651746216447085,90708488.20258515,0,False,1,0.9542477235887569,0,6.899189629341072e-05,1.9220794228760424e-06,1.9539347999962047
328,28186.131553709136,2553.632037986393,30739.76359169553,237.428437865851,0.21651769569796514,90708488.20258515,0,False,1,0.9549401692652046,0,6.836404516134496e-05,1.9191983740860526e-06,1.9592036999965785
329,28186.192059473797,2553.512638878198,30739.704698351994,237.4286927036149,0.21651792809171674,90708488.20258515,0,False,1,0.9556118915041254,0,6.774117002319771e-05,1.915868460078575e-06,1.9653512000004412
330,28186.25227993162,2553.3936410536617,30739.645920985284,237.42894633945383,0.21651815938939906,90708488.20258515,0,False,1,0.9562638091034213,0,6.712288333300086e-05,1.912099263381178e-06,1.9711454999996931
331,28186.312255624296,2553.2750171972275,30739.587272821525,237.42919894412438,0.2165183897467298,90708488.20258515,0,False,1,0.9568967872431737,0,6.650919916649308e-05,1.9078997822254317e-06,1.9764727000001585
332,28186.37205180466,2553.1567149499997,30739.52876675466,237.4294507924603,0.21651861941433764,90708488.20258515,0,False,1,0.9575116413458903,0,6.590050060780234e-05,1.9032808197576899e-06,1.9824361999999383
333,28186.431753122273,2553.038662116553,30739.470415238826,237.4297022409887,0.21651884871734972,90708488.20258515,0,False,1,0.9581091406076137,0,6.529744521563394e-05,1.8982566804691608e-06,1.9878202999971109
334,28186.491457795557,2552.9207723605596,30739.412230156115,237.4299537033841,0.21651907803300752,90708488.20258515,0,False,1,0.9586900112322029,0,6.470083536455712e-05,1.8928459705112265e-06,1.992836299999908
335,28186.551271606117,2552.802951081053,30739.35422268717,237.43020562517364,0.21651930776759978,90708488.20258515,0,False,1,0.9592549393975224,0,6.41114824436334e-05,1.8870715064977533e-06,1.997822899997118
336,28186.611302027617,2552.6851011795193,30739.296403207136,237.4304584590091,0.2165195383339125,90708488.20258515,0,False,1,0.9598045739791348,0,6.353009050711238e-05,1.8809594897118183e-06,2.002993999994942
337,28186.671652763092,2552.567128458152,30739.238781221244,237.43071264165928,0.21651977013024742,90708488.20258515,0,False,1,0.9603395290543362,1,6.295717745563207e-05,1.8745382176727782e-06,2.0080430999951204
338,28186.73294341528,2552.4489461963753,30739.181889611657,237.43097078273206,0.21652000553637965,90708488.20258515,0,False,1,0.9608603862069443,1,6.17347599256873e-05,1.8507813414669893e-06,2.0130318999945302
339,28186.795305975975,2552.3302404223,30739.125546398274,237.43123343813036,0.2165202450592528,90708488.20258515,0,False,1,0.9613676966511135,0,6.116139635412031e-05,1.8329444675704728e-06,2.0182922999956645
340,28186.858753657885,2552.210719515442,30739.069473173327,237.43150066348772,0.21652048874960064,90708488.20258515,0,False,1,0.9618619831905493,0,6.060489607528533e-05,1.8241646094404187e-06,2.023704799998086
341,28186.92346262266,2552.0902099799573,30739.013672602618,237.43177320073514,0.21652073728401097,90708488.20258515,0,False,1,0.9623437420278342,0,6.006247934316397e-05,1.8152979796129802e-06,2.0287104999952135
342,28186.98955539861,2551.9685909869104,30738.95814638552,237.43205156591057,0.2165209911330734,90708488.20258515,0,False,1,0.9628134444370816,0,5.953100413621153e-05,1.8063760173923593e-06,2.03435239999817
343,28187.05709955348,2551.845796270111,30738.90289582359,237.43233604357044,0.21652125055628296,90708488.20258515,0,False,1,0.9632715383118254,0,5.900760844201787e-05,1.7974116646250312e-06,2.0399088999984087
344,28187.126108945064,2551.7218132944145,30738.847922239478,237.4326266920579,0.21652151560684443,90708488.20258515,0,False,1,0.9637184495988772,0,5.849019938215322e-05,1.7884042348099842e-06,2.0450399999972433
345,28187.196547231517,2551.59667996935,30738.793227200866,237.43292335828878,0.216521786145156,90708488.20258515,0,False,1,0.9641545836278388,0,5.797772158649484e-05,1.7793457565739273e-06,2.0504127999956836
346,28187.268333273234,2551.470479273941,30738.738812547173,237.43322570050398,0.21652206185955794,90708488.20258515,0,False,1,0.9645803263450347,1,5.7470188648844095e-05,1.770227389540724e-06,2.0556489000009606
347,28187.34147069417,2551.343332182451,30738.68480287662,237.43353373394487,0.21652234276394924,90708488.20258515,0,False,1,0.964996045459788,1,5.676918245768951e-05,1.7570555149030316e-06,2.0607776999968337
348,28187.41593356729,2551.215239834825,30738.631173402115,237.4338473493924,0.21652262875873002,90708488.20258515,0,False,1,0.9654020915102275,0,5.627862028124763e-05,1.7446899517969871e-06,2.066237799997907
349,28187.491636361374,2551.0862063424142,30738.577842703788,237.4341661865932,0.216522919515375,90708488.20258515,0,False,1,0.9657987988551446,0,5.579509130549399e-05,1.7349731035906234e-06,2.071455799996329
350,28187.568488734298,2550.9563218628978,30738.524810597195,237.4344898650333,0.2165232146868828,90708488.20258515,0,False,1,0.9661864865978228,0,5.531877608230331e-05,1.725262205166389e-06,2.076632399999653
351,28187.646373795094,2550.8257029525807,30738.472076747676,237.43481789238533,0.21652351382428614,90708488.20258515,0,False,1,0.966565459447225,0,5.4850279260824384e-05,1.7155621437384992e-06,2.0819188999957987
352,28187.72515434779,2550.6944861969046,30738.419640544696,237.43514969080627,0.21652381640063373,90708488.20258515,0,False,1,0.9669360085214439,1,5.4390428589681214e-05,1.705881894462073e-06,2.0870614999948884
353,28187.80472210193,2550.5628214480325,30738.36754354996,237.43548480419656,0.21652412199999543,90708488.20258515,0,False,1,0.9672984120978823,1,5.38990120534411e-05,1.6948494862404549e-06,2.092408099997556
354,28187.885016847315,2550.4307416478196,30738.315758495133,237.43582297895705,0.21652443039110705,90708488.20258515,0,False,1,0.9676529363142448,0,5.345902135935278e-05,1.6847041325231097e-06,2.098447500000475
355,28187.965959747133,2550.2983076785313,30738.264267425664,237.43616388304093,0.21652474127116575,90708488.20258515,0,False,1,0.9679998358240649,0,5.3027296824586746e-05,1.6751428371596093e-06,2.104094199996325
356,28188.04745291947,2550.165615196791,30738.21306811626,237.43650710419183,0.21652505426422325,90708488.20258515,0,False,1,0.9683393544101703,0,5.2603960181038267e-05,1.665653888545694e-06,2.1094270999965374
357,28188.129391519637,2550.032766552727,30738.162158072362,237.43685220083103,0.21652536896759148,90708488.20258515,0,False,1,0.9686717255592106,0,5.218913242566734e-05,1.6562460473803315e-06,2.1147901000003912
358,28188.21166704604,2549.8998674722316,30738.11153451827,237.43719871598063,0.21652568496453942,90708488.20258515,0,False,1,0.9689971730000947,0,5.178288848912405e-05,1.6469284608533096e-06,2.11998820000008
359,28188.29417050941,2549.7670238865408,30738.06119439595,237.4375461906116,0.2165260018364655,90708488.20258515,0,False,1,0.9693159112089641,0,5.1385226346924544e-05,1.637710314923795e-06,2.125206299999263
360,28188.37679533359,2549.63433904313,30738.011134376717,237.4378941758606,0.21652631917403856,90708488.20258515,0,False,1,0.969628145883101,0,5.099605417508301e-05,1.6286004154639848e-06,2.1311339999956544
361,28188.4594398767,2549.5019110083213,30737.961350885023,237.4382422436483,0.21652663658688098,90708488.20258515,0,False,1,0.9699340743859814,0,5.0615195355103604e-05,1.6196067948442053e-06,2.136507999995956
362,28188.54200948625,2549.3698306450938,30737.911840131343,237.43858999533438,0.21652695371146144,90708488.20258515,0,False,1,0.9702338861655042,1,5.024240788974811e-05,1.6107364153277145e-06,2.1420037999996566
363,28188.624622080933,2549.238180042537,30737.86280212347,237.43893792754773,0.21652727100066982,90708488.20258515,0,False,1,0.970527763147263,1,4.950385861245214e-05,1.5953591164114583e-06,2.1470227999961935
364,28188.707449437927,2549.1068290871644,30737.81427852509,237.43928676374483,0.21652758911424647,90708488.20258515,0,False,1,0.9708158801045849,0,4.9129516023862485e-05,1.5786262920119538e-06,2.1523196999987704
365,28188.79051654893,2548.9755261107184,30737.76604265965,237.43963660917663,0.21652790814817277,90708488.20258515,0,False,1,0.9710984050069197,0,4.876802958203218e-05,1.5692679057697868e-06,2.1579214999947
366,28188.873926441825,2548.844162978317,30737.71808942014,237.43998789774997,0.21652822849814057,90708488.20258515,0,False,1,0.9713754993480485,0,4.841832496046176e-05,1.5600756229625195e-06,2.1632290999987163
367,28188.957751933092,2548.712661234808,30737.6704131679,237.44034093613112,0.2165285504438075,90708488.20258515,0,False,1,0.9716473184554572,0,4.8078691899697546e-05,1.5510667416013345e-06,2.1685103999989224
368,28189.04203184174,2548.580976170919,30737.623008012655,237.44069588780158,0.21652887413425698,90708488.20258515,0,False,1,0.9719140117821313,0,4.7747144829033764e-05,1.5422494485569225e-06,2.174062399994
369,28189.12676906956,2548.449099012371,30737.57586808193,237.4410527649739,0.21652919958062597,90708488.20258515,0,False,1,0.9721757231819224,0,4.742178471411331e-05,1.5336231663743701e-06,2.1794332999998005
370,28189.21193047119,2548.3170572649487,30737.528987736136,237.4414114280455,0.21652952665560693,90708488.20258515,0,False,1,0.972432591169558,0,4.710109624794137e-05,1.5251803198929907e-06,2.185001599995303
371,28189.297448370504,2548.1849133313167,30737.48236170182,237.44177159198634,0.21652985509927292,90708488.20258515,0,False,1,0.9726847491662854,0,4.678413530235125e-05,1.5169089986067312e-06,2.1903800000000047
372,28189.38322352709,2548.052761586813,30737.4359851139,237.44213283883334,0.21653018453047163,90708488.20258515,0,False,1,0.9729323257320669,0,4.647058755783079e-05,1.5087959180223857e-06,2.195382099998824
373,28189.46912931643,2547.9207241590275,30737.389853475455,237.4424946352966,0.2165305144628809,90708488.20258515,0,False,1,0.9731754447851788,0,4.616070493035625e-05,1.500829101964854e-06,2.2004730999979074
374,28189.55501685854,2547.78894569813,30737.343962556668,237.44285635435966,0.21653084432470676,90708488.20258515,0,False,1,0.9734142258100047,0,4.585514735982943e-05,1.4929998612796045e-06,2.2057570999968448
375,28189.64072081211,2547.6575874507967,30737.298308262907,237.44321729968246,0.216531173480937,90708488.20258515,0,False,1,0.9736487840537572,0,4.5554770784683866e-05,1.4853037990694598e-06,2.2109435999955167
376,28189.72606554225,2547.526820960148,30737.2528865024,237.44357673157742,0.21653150125702972,90708488.20258515,0,False,1,0.9738792307128099,0,4.52604064690898e-05,1.4777408232798847e-06,2.2162810000008903
377,28189.81087137212,2547.396821708168,30737.207693080287,237.4439338933388,0.2165318269629235,90708488.20258515,0,False,1,0.9741056731092769,0,4.497267265417067e-05,1.4703142886472544e-06,2.2219725999966613
378,28189.894960639875,2547.267762996934,30737.162723636808,237.44428803675137,0.2165321499162998,90708488.20258515,0,False,1,0.9743282148584276,0,4.469184853186402e-05,1.463029561053048e-06,2.227738399997179
379,28189.978163304375,2547.1398103326474,30737.11797363702,237.44463844569907,0.21653246946411212,90708488.20258515,0,False,1,0.9745469560274896,0,4.4417825500732934e-05,1.4558923407682625e-06,2.232842999997956
380,28190.06032187492,2547.0131165342327,30737.073438409152,237.44498445692602,0.21653278500151876,90708488.20258515,0,False,1,0.9747619932863513,0,4.4150134748540135e-05,1.448907080603451e-06,2.2379345999943325
381,28190.141295481277,2546.8878177388715,30737.02911322015,237.44532547717708,0.21653309598751358,90708488.20258515,0,False,1,0.9749734200506426,0,4.388803642842012e-05,1.4420757750950634e-06,2.242935700000089
382,28190.220962948908,2546.764030422971,30736.98499337188,237.44566099614838,0.21653340195673604,90708488.20258515,0,False,1,0.9751813266176402,0,4.3630646349994876e-05,1.4353972892747236e-06,2.2479234999991604
383,28190.299224798284,2546.641849501597,30736.94107429988,237.4459905949068,0.21653370252714926,90708488.20258515,0,False,1,0.9753858002954143,0,4.337707238573473e-05,1.4288672753180494e-06,2.253318399998534
384,28190.376004143713,2546.521347514974,30736.897351658685,237.4463139496746,0.21653399740349114,90708488.20258515,0,False,1,0.9755869255256047,0,4.312653464490906e-05,1.4224786093787696e-06,2.2583085000005667
385,28190.451246522323,2546.402574859655,30736.853821381977,237.44663083110834,0.21653428637661695,90708488.20258515,0,False,1,0.9757847840001912,0,4.2878449814020116e-05,1.4162222103710896e-06,2.2634656999944127
386,28190.52491873561,2546.285560976618,30736.81047971223,237.44694109941955,0.2165345693190496,90708488.20258515,0,False,1,0.9759794547725988,0,4.263246910765407e-05,1.4100880331031019e-06,2.269124999998894
387,28190.59700682998,2546.170316370405,30736.767323200384,237.44724469586916,0.2165348461772233,90708488.20258515,0,False,1,0.9761710143634545,0,4.238846903504686e-05,1.4040660423644095e-06,2.2741887000011047
388,28190.667513377535,2546.0568353038525,30736.72434868139,237.447541631315,0.2165351169610396,90708488.20258515,0,False,1,0.9763595368612947,0,4.21465027917316e-05,1.3981469990690073e-06,2.279188000000431
389,28190.736454242167,2545.9450989926677,30736.681553234834,237.4478319725921,0.21653538173144726,90708488.20258515,0,False,1,0.9765450940185029,0,4.1906726178067916e-05,1.3923229447078218e-06,2.285073699997156
390,28190.803855028003,2545.8350791134008,30736.638934141403,237.44811582755506,0.21653564058680194,90708488.20258515,0,False,1,0.9767277553427384,0,4.166931477446317e-05,1.3865873372370537e-06,2.29082699999708
391,28190.86974740762,2545.7267414370617,30736.596488844683,237.44839332961433,0.21653589364876438,90708488.20258515,0,False,1,0.9769075881841018,0,4.14343885723696e-05,1.3809348774570886e-06,2.295957999995153
392,28190.93416551772,2545.620049408147,30736.554214925865,237.44866462255675,0.21653614104845784,90708488.20258515,0,False,1,0.9770846578182681,0,4.1201956886920334e-05,1.375361088964337e-06,2.3011808000010205
393,28190.99714259092,2545.5149675042167,30736.512110095136,237.44892984636053,0.21653638291353244,90708488.20258515,0,False,1,0.9772590275258022,0,4.0971891109068904e-05,1.3698617754779014e-06,2.3061687999943388
394,28191.05870796687,2545.4114642331265,30736.470172199995,237.44918912460776,0.2165366193566862,90708488.20258515,0,False,1,0.9774307586678609,0,4.074392686711589e-05,1.3644324701124418e-06,2.311145100000431
395,28191.118884595366,2545.309514652117,30736.42839924748,237.44944255396922,0.21653685046607588,90708488.20258515,0,False,1,0.9775999107584725,0,4.051769163139691e-05,1.3590679827664542e-06,2.318541299995559
396,28191.177687111558,2545.209102323576,30736.386789435135,237.4496901960984,0.21653707629792504,90708488.20258515,0,False,1,0.9777665415335723,0,4.029274966982533e-05,1.3537621159332475e-06,2.3245706999950926
397,28191.23512052955,2545.1102206547407,30736.34534118429,237.44993207212988,0.2165372968715069,90708488.20258515,0,False,1,0.9779307070169622,0,4.00686541204943e-05,1.3485075890607695e-06,2.330657499995141
398,28191.29117956856,2545.012873601294,30736.304053169857,237.45016815984175,0.21653751216655673,90708488.20258515,0,False,1,0.9780924615833548,0,3.984499593576442e-05,1.3432961522881167e-06,2.336777799995616
399,28191.345848595614,2544.9170757461766,30736.26292434179,237.45039839341442,0.21653772212305172,90708488.20258515,0,False,1,0.9782518580186513,0,3.9621441293027035e-05,1.3381188576033156e-06,2.3423522999946726
400,28191.399102141957,2544.8228517935977,30736.221953935554,237.4506226656058,0.21653792664319482,90708488.20258515,0,False,1,0.9784089475775907,0,3.939775220931814e-05,1.3329664161706336e-06,2.3482435999976587
401,28191.45090592798,2544.7302355430875,30736.18114147107,237.4508408320677,0.21653812559535082,90708488.20258515,0,False,1,0.9785637800389086,0,3.917378877161769e-05,1.327829573415485e-06,2.3541989000004833
402,28191.501218313075,2544.63926842853,30736.140486741606,237.45105271745197,0.2165383188196148,90708488.20258515,0,False,1,0.9787164037581244,0,3.894949491007996e-05,1.3226994360580983e-06,2.3595126000000164
403,28191.549992073808,2544.549997721885,30736.099989795694,237.45125812289902,0.21653850613464107,90708488.20258515,0,False,1,0.9788668657180801,0,3.872487235690932e-05,1.3175676994897355e-06,2.3651334999958635
404,28191.59717640514,2544.4624745103993,30736.059650915537,237.45145683446603,0.21653868734532916,90708488.20258515,0,False,1,0.9790152115773374,0,3.849994899041193e-05,1.3124267610502294e-06,2.370519099997182
405,28191.64271903644,2544.376751559487,30736.01947059593,237.45164863203811,0.21653886225095006,90708488.20258515,0,False,1,0.9791614857165423,0,3.827474800554498e-05,1.3072697041736512e-06,2.3758117999968817
406,28191.686568355028,2544.292881171347,30735.979449526374,237.45183329827137,0.21653903065330177,90708488.20258515,0,False,1,0.9793057312828535,0,3.8049263409992516e-05,1.3020901939989325e-06,2.3817070000004605
407,28191.72867543631,2544.210913142277,30735.939588578585,237.45201062714256,0.21653919236450586,90708488.20258515,0,False,1,0.9794479902325275,0,3.782344552717115e-05,1.2968823021988573e-06,2.3875246999959927
408,28191.76899588953,2544.1308929101674,30735.8998887997,237.452180431722,0.21653934721409587,90708488.20258515,0,False,1,0.9795883033717538,0,3.759719792632745e-05,1.291640321273154e-06,2.393337999994401
409,28191.807491441705,2544.0528599686777,30735.86035141038,237.4523425508441,0.21653949505510034,90708488.20258515,0,False,1,0.9797267103958175,0,3.7370387339227895e-05,1.2863586054714407e-06,2.398808599995391
410,28191.844131354832,2543.9768464461317,30735.820977800962,237.45249685507554,0.2165396357694854,90708488.20258515,0,False,1,0.9798632499266725,0,3.7142917938206076e-05,1.2810316343549196e-06,2.404284699994605
411,28191.878893620058,2543.902875913954,30735.781769534013,237.45264325174423,0.21653976927274074,90708488.20258515,0,False,1,0.9799979595489997,0,3.6914611046879544e-05,1.2756538040057698e-06,2.409613399999216
412,28191.911765561585,2543.830962790218,30735.742728351805,237.45278168748237,0.21653989551619873,90708488.20258515,0,False,1,0.9801308758448195,0,3.66852767108472e-05,1.270219267592031e-06,2.414780299994163
413,28191.942743993462,2543.7611121868213,30735.703856180284,237.45291214888675,0.21654001448763663,90708488.20258515,0,False,1,0.9802620344267278,0,3.645476517508335e-05,1.264722048994841e-06,2.4202158999978565
414,28191.97183494863,2543.693320179136,30735.665155127765,237.4530346613773,0.2165401262102356,90708488.20258515,0,False,1,0.9803914699698173,0,3.622297958726746e-05,1.2591562145530862e-06,2.426332700000785
415,28191.99905301992,2543.6275744581767,30735.626627478097,237.45314928642208,0.2165402307400501,90708488.20258515,0,False,1,0.980519216242345,0,3.598987928488197e-05,1.2535160528583094e-06,2.431769999995595
416,28192.02442036901,2543.563855309649,30735.58827567866,237.45325611736305,0.21654032816220128,90708488.20258515,0,False,1,0.9806453061352034,0,3.5755474149935297e-05,1.2477962431882956e-06,2.4372010999941267
417,28192.047965472215,2543.502136852361,30735.550102324574,237.45335527413468,0.21654041858606077,90708488.20258515,0,False,1,0.980769771690249,0,3.551981210034836e-05,1.2419919782537199e-06,2.4425173999989056
418,28192.069721680262,2543.4423884605667,30735.51211014083,237.4534468971982,0.21654050213971915,90708488.20258515,0,False,1,0.98089264412754,0,3.528296280419795e-05,1.2360990324984475e-06,2.447855399994296
419,28192.08972567309,2543.384576291099,30735.47430196419,237.45353114103438,0.21654057896405177,90708488.20258515,0,False,1,0.9810139538715308,0,3.504500102727405e-05,1.2301137688510822e-06,2.4539946999939275
420,28192.108015889986,2543.328664836454,30735.43668072644,237.4536081675323,0.2165406492066899,90708488.20258515,0,False,1,0.9811337305762713,0,3.480599267241833e-05,1.2240330954084752e-06,2.459685800000443
421,28192.12463101089,2543.2746184290813,30735.39924943997,237.45367813959373,0.2165407130161882,90708488.20258515,0,False,1,0.9812520031496537,0,3.456598571688563e-05,1.2178543893318837e-06,2.465245200000936
422,28192.139608556798,2543.222402629525,30735.362011186324,237.4537412152388,0.21654077053664972,90708488.20258515,0,False,1,0.9813687997767477,0,3.432500706169959e-05,1.2115754002653736e-06,2.471508399998129
423,28192.152983666063,2543.171985441204,30735.324969107267,237.45379754245272,0.21654082190302634,90708488.20258515,0,False,1,0.9814841479422676,1,3.408306510457558e-05,1.2051941683121964e-06,2.476761300000362
424,28192.164788732796,2543.1233382969003,30735.288127029697,237.45384725766309,0.21654086723973026,90708488.20258515,0,False,1,0.9815980744522028,1,3.3840886537854386e-05,1.1986884019400431e-06,2.4817569000006188
425,28192.17508257751,2543.076406940117,30735.251489517625,237.45389060858744,0.2165409067726621,90708488.20258515,0,False,1,0.9817106054546547,0,3.360263785797285e-05,1.1920341179371396e-06,2.4888015999968047
426,28192.18400919422,2543.0310472746814,30735.215056468904,237.45392820163755,0.21654094105482585,90708488.20258515,0,False,1,0.9818217664599063,0,3.336559473794502e-05,1.1853831335449736e-06,2.493774199996551
427,28192.19163181087,2542.9871986033063,30735.178830414177,237.45396030309064,0.21654097032904723,90708488.20258515,0,False,1,0.9819315823597653,0,3.312848262824837e-05,1.1786497885154818e-06,2.4990341999946395
428,28192.197990990193,2542.944822944323,30735.142813934515,237.4539870837725,0.21654099475110708,90708488.20258515,0,False,1,0.9820400774462043,0,3.289008919162957e-05,1.1718324419321822e-06,2.504918300001009
429,28192.203104087952,2542.9039056689503,30735.107009756903,237.45400861677595,0.21654101438766088,90708488.20258515,0,False,1,0.9821472754293311,0,3.2649473197997596e-05,1.164926346018391e-06,2.510430800000904
430,28192.20696591354,2542.8644548980074,30735.07142081155,237.45402488024305,0.2165410292187757,90708488.20258515,0,False,1,0.9822531994547181,0,3.240609815620523e-05,1.157924888362542e-06,2.515915500000119
431,28192.209550476833,2542.8264997685396,30735.036050245373,237.45403576472157,0.21654103914463893,90708488.20258515,0,False,1,0.9823578721201132,0,3.2159875439629515e-05,1.1508210178576267e-06,2.5212564999965252
432,28192.210813666545,2542.7900877283923,30735.00090139494,237.45404108444458,0.21654104399584453,90708488.20258515,0,False,1,0.9824613154915618,0,3.191112013863465e-05,1.1436085637680348e-06,2.5263392999986536
433,28192.210696675324,2542.755281053549,30734.965977728873,237.45404059175462,0.21654104354654666,90708488.20258515,0,False,1,0.9825635511189639,0,3.1660438454861595e-05,1.1362832289454687e-06,2.531841899995925
434,28192.209129966373,2542.7221528080654,30734.93128277444,237.45403399380848,0.2165410375296933,90708488.20258515,0,False,1,0.9826646000510836,0,3.140857576812496e-05,1.1288431052085932e-06,2.5376427000010153
435,28192.206037564174,2542.6907824791765,30734.896820043352,237.45402097064675,0.21654102565350444,90708488.20258515,0,False,1,0.9827644828500429,0,3.115625837598289e-05,1.1212886982167122e-06,2.5428986999977496
436,28192.20134144953,2542.661251520884,30734.862592970414,237.4540011937029,0.216541007618351,90708488.20258515,0,False,1,0.9828632196053112,0,3.090405933317912e-05,1.1136225098897093e-06,2.5479974999980186
437,28192.194965845134,2542.6336390287192,30734.828604873852,237.45397434385103,0.21654098313321302,90708488.20258515,0,False,1,0.9829608299472161,0,3.06523109697383e-05,1.105848332956967e-06,2.553336599994509
438,28192.18684119328,2542.6080177477643,30734.794858941044,237.4539401281574,0.21654095193095602,90708488.20258515,0,False,1,0.9830573330599938,0,3.0401075447985742e-05,1.09797042441142e-06,2.558654000000388
439,28192.176907650908,2542.5844505869477,30734.761358237854,237.4538982945991,0.21654091378175314,90708488.20258515,0,False,1,0.9831527476943955,0,3.0150172583953396e-05,1.0899927376669575e-06,2.56462509999983
440,28192.16511795819,2542.5629877771316,30734.72810573532,237.4538486441447,0.216540868504102,90708488.20258515,0,False,1,0.9832470921798697,0,2.9899253458272466e-05,1.0819183577091402e-06,2.570112599998538
441,28192.1514395743,2542.543664770699,30734.695104345,237.4537910397486,0.21654081597302688,90708488.20258515,0,False,1,0.9833403844363346,0,2.9647900969044514e-05,1.0737492197307403e-06,2.5754137999974773
442,28192.135856014902,2542.5265009383133,30734.662356953217,237.4537254119838,0.21654075612521534,90708488.20258515,0,False,1,0.9834326419855582,0,2.939573547955091e-05,1.0654861442791123e-06,2.5808522000006633
443,28192.118367369498,2542.5114990766606,30734.629866446157,237.45365176122056,0.21654068896100498,90708488.20258515,0,False,1,0.9835238819621621,0,2.9142505141102615e-05,1.0571291358896115e-06,2.5860241999980644
444,28192.098990018963,2542.4986457009845,30734.597635719947,237.45357015643697,0.2165406145432989,90708488.20258515,0,False,1,0.9836141211242594,0,2.8888145546347268e-05,1.048677870872544e-06,2.5908640999987256
445,28192.077755613333,2542.487912060207,30734.565667673538,237.45348073091424,0.21654053299364,90708488.20258515,0,False,1,0.9837033758637466,0,2.863280069646492e-05,1.0401322570713035e-06,2.595976899996458
446,28192.05470940389,2542.47925578162,30734.53396518551,237.4533836752127,0.21654044448580567,90708488.20258515,0,False,1,0.9837916622162577,0,2.8376805230356776e-05,1.0314929571673948e-06,2.600871199996618
447,28192.029908051067,2542.472623027837,30734.502531078902,237.4532792279402,0.21654034923738905,90708488.20258515,0,False,1,0.9838789958707959,0,2.8120634952716414e-05,1.0227617781152249e-06,2.6059123999948497
448,28192.003417048167,2542.467951031576,30734.471368079743,237.45316766490257,0.21654024749990533,90708488.20258515,0,False,1,0.9839653921790542,0,2.786483772028644e-05,1.013941876162333e-06,2.610806099997717
449,28191.97530791135,2542.4651708643087,30734.440478775658,237.45304928727006,0.21654013954800014,90708488.20258515,0,False,1,0.9840508661644373,1,2.7609959039733814e-05,1.0050377543717086e-06,2.615540599996166
450,28191.9456640313,2542.4642102918715,30734.409874323173,237.45292444622072,0.21654002570192268,90708488.20258515,0,False,1,0.9841354325307938,1,2.725333824265527e-05,9.95770608065804e-07,2.620370599994203
451,28191.91472132445,2542.464973618219,30734.37969494267,237.4527941352742,0.2165399068676915,90708488.20258515,0,False,1,0.9842191056708731,0,2.6985508763146504e-05,9.819411086177584e-07,2.625214899999264
452,28191.882791069773,2542.467020705115,30734.34981177489,237.45265966533108,0.21653978424075399,90708488.20258515,0,False,1,0.9843018996745135,0,2.6736824963039985e-05,9.723042428641173e-07,2.629904399997031
453,28191.85008975239,2542.470135140257,30734.32022489265,237.45252194808288,0.2165396586525072,90708488.20258515,0,False,1,0.9843838283365739,0,2.6502930917949116e-05,9.626649797612603e-07,2.6347172999958275
454,28191.81679105771,2542.4741424655685,30734.29093352328,237.45238171497758,0.21653953076997937,90708488.20258515,0,False,1,0.9844649051646158,0,2.6277933292150088e-05,9.530508290357722e-07,2.6397278999938862
455,28191.783021139243,2542.4789154111754,30734.261936550418,237.45223949729024,0.21653940107765512,90708488.20258515,0,False,1,0.9845451433863492,0,2.6055700203532268e-05,9.434729737104259e-07,2.64450869999564
456,28191.748856437935,2542.4843765183577,30734.233232956292,237.45209561693883,0.21653926986910058,90708488.20258515,0,False,1,0.9846245559568461,0,2.5831041687856692e-05,9.339282064037427e-07,2.6492423999952734
457,28191.71432394023,2542.490498192636,30734.204822132866,237.4519501875705,0.21653913724795373,90708488.20258515,0,False,1,0.9847031555655302,0,2.5600565790166683e-05,9.244031959749402e-07,2.654280299997481
458,28191.679403675684,2542.4973003479176,30734.1767040236,237.45180312507918,0.21653900313751595,90708488.20258515,0,False,1,0.9847809546429579,0,2.5363094476257768e-05,9.148799986132193e-07,2.659429299994372
459,28191.64403318718,2542.5048459072946,30734.148879094475,237.45165416643104,0.21653886729791924,90708488.20258515,0,False,1,0.9848579653673867,0,2.511961856197249e-05,9.053416134711174e-07,2.664494899996498
460,28191.608113653198,2542.51323451143,30734.121348164626,237.45150289544682,0.21653872934963797,90708488.20258515,0,False,1,0.9849341996711478,0,2.487285335478278e-05,8.957765499505188e-07,2.6696640999944066
461,28191.571517299686,2542.5225948489033,30734.09411214859,237.45134877401597,0.21653858880195392,90708488.20258515,0,False,1,0.9850096692468265,0,2.462656844375675e-05,8.861817043472631e-07,2.6748013999967952
462,28191.5340957776,2542.5330759887856,30734.067171766386,237.4511911773769,0.2165384450851294,90708488.20258515,0,False,1,0.9850843855532553,1,2.438479158793219e-05,8.7656340557332e-07,2.67978089999815
463,28191.49570658755,2542.5448382519107,30734.04054483946,237.4510295054016,0.21653829765189073,90708488.20258515,0,False,1,0.9851583598213295,1,2.4068037866273316e-05,8.663652219546911e-07,2.6848901999983354
464,28191.45626251108,2542.5579637794713,30734.014226290554,237.4508633907701,0.21653814616726844,90708488.20258515,0,False,1,0.9852316030596494,0,2.3841406826911197e-05,8.563322114218865e-07,2.691375499998685
465,28191.4156853149,2542.5725204499613,30733.98820576486,237.45069250400135,0.21653799033079943,90708488.20258515,0,False,1,0.9853041260599963,0,2.3620411706679735e-05,8.466360918929604e-07,2.696357099994202
466,28191.373891450174,2542.5885907633,30733.962482213472,237.45051649322716,0.21653782982160522,90708488.20258515,0,False,1,0.9853759394026456,0,2.3404389706241027e-05,8.369740762855776e-07,2.7015313999945647
467,28191.33081043322,2542.6062439148045,30733.937054348025,237.4503350616007,0.21653766436898275,90708488.20258515,0,False,1,0.9854470534615268,0,2.31921022530521e-05,8.273539561083586e-07,2.7065675999983796
468,28191.286388506567,2542.62553223982,30733.91192074639,237.45014798271475,0.21653749376646497,90708488.20258515,0,False,1,0.9855174784092318,0,2.2981953732727053e-05,8.17780084366125e-07,2.71163759999763
469,28191.240591305243,2542.6464886612575,30733.887079966502,237.44995511183086,0.2165373178820607,90708488.20258515,0,False,1,0.9855872242218772,0,2.277225644616593e-05,8.082531098008917e-07,2.7169088999944506
470,28191.19340545054,2542.6691252000664,30733.862530650607,237.44975639259158,0.21653713666437605,90708488.20258515,0,False,1,0.9856563006838277,0,2.256149043120946e-05,7.987702899627238e-07,2.7221931999956723
471,28191.144839049633,2542.693432555267,30733.838271604902,237.44955185912494,0.21653695014453334,90708488.20258515,0,False,1,0.985724717392284,0,2.2348513301956807e-05,7.893262905485816e-07,2.72762800000055
472,28191.09492113591,2542.7193807096833,30733.814301845596,237.44934163368788,0.21653675843402206,90708488.20258515,0,False,1,0.9857924837617377,0,2.213268912501876e-05,7.79914278660119e-07,2.7332610999947065
473,28191.043700136077,2542.7469204722047,30733.79062060828,237.44912592021086,0.21653656171881225,90708488.20258515,0,False,1,0.9858596090283016,0,2.1913922970295513e-05,7.705271165645517e-07,2.738704700001108
474,28190.991241495223,2542.7759858289414,30733.767227324166,237.4489049942965,0.21653636025023362,90708488.20258515,0,False,1,0.9859261022539157,0,2.16926055269289e-05,7.611584396957466e-07,2.743987699999707
475,28190.93762462576,2542.806496945464,30733.744121571224,237.44867919037057,0.21653615433325857,90708488.20258515,0,False,1,0.9859919723304367,0,2.1469487096367707e-05,7.518034730617589e-07,2.7499288999970304
476,28190.88293937021,2542.8383636413623,30733.721303011574,237.44844888678557,0.21653594431291734,90708488.20258515,0,False,1,0.98605722798361,0,2.1245510276496605e-05,7.42459479049736e-07,2.7560382000010577
477,28190.82728217976,2542.8714891469276,30733.698771326686,237.44821448972723,0.21653573055962222,90708488.20258515,0,False,1,0.9861218777769333,0,2.1021634674375657e-05,7.331258283398274e-07,2.7617592999959015
478,28190.770752210778,2542.90577394995,30733.67652616073,237.44797641677545,0.21653551345417607,90708488.20258515,0,False,1,0.9861859301154119,0,2.079868494695988e-05,7.238037348821428e-07,2.7670429999998305
479,28190.71344753139,2542.9411195478306,30733.654567079222,237.44773508092845,0.21653529337320368,90708488.20258515,0,False,1,0.9862493932492103,0,2.057724617779485e-05,7.144957580360236e-07,2.772998099993856
480,28190.655461610644,2542.9774319356397,30733.632893546284,237.44749087581718,0.21653507067566818,90708488.20258515,0,False,1,0.9863122752772026,0,2.0357619716362636e-05,7.052051974621812e-07,2.7795066999970004
481,28190.59688023672,2543.0146246830845,30733.611504919805,237.44724416272646,0.21653484569103543,90708488.20258515,0,False,1,0.9863745841504266,0,2.0139840320204542e-05,6.95935509910277e-07,2.786606599998777
482,28190.53777897932,2543.0526214812985,30733.59040046062,237.4469952599077,0.21653461870952784,90708488.20258515,0,False,1,0.9864363276754428,0,1.9923744115354985e-05,6.866898536078283e-07,2.7926411000007647
483,28190.478221277674,2543.09135807212,30733.569579349794,237.44674443452652,0.2165343899747813,90708488.20258515,0,False,1,0.9864975135176035,0,1.970906857056767e-05,6.774708244086044e-07,2.7985119999939343
484,28190.41825720078,2543.1307835064936,30733.549040707276,237.4464918974411,0.21653415967908332,90708488.20258515,0,False,1,0.9865581492042313,0,1.9495561638510092e-05,6.682804112822293e-07,2.8039435999962734
485,28190.357922892952,2543.1708607130736,30733.528783606027,237.44623780086704,0.21653392796124366,90708488.20258515,0,False,1,0.9866182421277148,0,1.9283077821251943e-05,6.591201433289058e-07,2.8099357999963104
486,28190.29724068611,2543.211566391365,30733.508807077476,237.4459822388499,0.21653369490702506,90708488.20258515,0,False,1,0.9866777995485188,0,1.907164351318025e-05,6.499913723304869e-07,2.815662999993947
487,28190.236219832066,2543.2528902743584,30733.489110106424,237.4457252503488,0.21653346055195546,90708488.20258515,0,False,1,0.9867368285981162,0,1.886148133844933e-05,6.40895615790877e-07,2.821083599999838
488,28190.174857783797,2543.2948338323376,30733.469691616134,237.44546682463238,0.21653322488624865,90708488.20258515,0,False,1,0.9867953362818408,0,1.8652991660768276e-05,6.318348763036425e-07,2.826515599997947
489,28190.113141935057,2543.3374085113505,30733.450550446407,237.44520690860475,0.21653298786148498,90708488.20258515,0,False,1,0.9868533294816652,0,1.844669743663101e-05,6.228118698930204e-07,2.8317222999976366
490,28190.051051712813,2543.380633615933,30733.431685328746,237.4449454156176,0.2165327493986474,90708488.20258515,0,False,1,0.9869108149589054,0,1.8243164756325517e-05,6.138301207138874e-07,2.836896799999522
491,28189.988560907503,2543.4245339558247,30733.41309486333,237.44468223528403,0.21653250939707094,90708488.20258515,0,False,1,0.9869677993568551,0,1.8042914862755235e-05,6.048939021051022e-07,2.8425362999987556
492,28189.92564012181,2543.4691373803016,30733.394777502115,237.44441724379124,0.2165322677438473,90708488.20258515,0,False,1,0.9870242892033497,0,1.7846343808019992e-05,5.960080371347635e-07,2.847670499999367
493,28189.862259219368,2543.5144723217054,30733.376731541073,237.44415031421335,0.2165320243232291,90708488.20258515,0,False,1,0.9870802909132663,1,1.765366335337304e-05,5.871776018425743e-07,2.852973599998222
494,28189.79842075048,2543.56056544481,30733.358986195293,237.44388145728448,0.21653177914500515,90708488.20258515,0,False,1,0.9871358107909564,1,1.7353845824350997e-05,5.773965527769016e-07,2.8580261999959475
495,28189.73415926494,2543.607383894087,30733.341543159026,237.44361081850545,0.21653153234186173,90708488.20258515,0,False,1,0.9871908550326172,0,1.7165810581506416e-05,5.675603592658166e-07,2.862976799995522
496,28189.669506755283,2543.65486129144,30733.324368046724,237.44333853260775,0.2165312840366643,90708488.20258515,0,False,1,0.9872454297286025,0,1.6980193602432673e-05,5.588429841743747e-07,2.8679862999997567
497,28189.604495993073,2543.7029627670668,30733.30745876014,237.4430647376043,0.2165310343552707,90708488.20258515,0,False,1,0.9872995408656738,1,1.6796802340779807e-05,5.501938671210414e-07,2.873962499994377
498,28189.539377767032,2543.7516543641223,30733.291032131154,237.44279048969685,0.2165307842608612,90708488.20258515,0,False,1,0.987353194329194,1,1.643393442233371e-05,5.344894625710836e-07,2.879739199997857
499,28189.474400562256,2543.800603613884,30733.27500417614,237.4425168353901,0.21653053470777295,90708488.20258515,0,False,1,0.9874063959052665,0,1.6282110685183733e-05,5.215176922582681e-07,2.885384699999122
500,28189.40975484807,2543.849490519375,30733.259245367448,237.44224457685735,0.21653028642753036,90708488.20258515,0,False,1,0.9874591512828198,0,1.615483628859912e-05,5.127604750608309e-07,2.8909222000002046
501,28189.34561869627,2543.8981313624395,30733.243750058708,237.44197446406255,0.2165300401040468,90708488.20258515,0,False,1,0.9875114660556398,0,1.6039965965525535e-05,5.041869661998577e-07,2.8970575999992434
502,28189.28212028255,2543.9463922637533,30733.228512546302,237.44170703683272,0.21652979622960578,90708488.20258515,0,False,1,0.9875633457243508,0,1.592504789903198e-05,4.95799028869618e-07,2.9026114999942365
503,28189.219335453134,2543.994192146443,30733.213527599575,237.44144261460818,0.21652955509551391,90708488.20258515,0,False,1,0.9876147956983485,0,1.5799487656162642e-05,4.875812744807091e-07,2.9078166999970563
504,28189.15728778262,2544.0415030587847,30733.1987908414,237.44118129668502,0.21652931679232212,90708488.20258515,0,False,1,0.987665821297684,0,1.5656088560854475e-05,4.79505931286134e-07,2.912807499997143
505,28189.095950940253,2544.0883479940785,30733.18429893433,237.44092297217955,0.21652908121891243,90708488.20258515,0,False,1,0.9877164277549009,0,1.5491805003630258e-05,4.715391706708627e-07,2.9179501999969943
506,28189.035253112797,2544.1347964538722,30733.17004956667,237.44066733865452,0.21652884809948375,90708488.20258515,0,False,1,0.987766620216829,1,1.5307709530009752e-05,4.636476169423285e-07,2.922982399999455
507,28188.97513790633,2544.1809580536005,30733.15609595993,237.44041415861088,0.21652861721745406,90708488.20258515,0,False,1,0.9878164037463318,1,1.496394724917431e-05,4.540243234738201e-07,2.927946999996493
508,28188.915774738667,2544.226841264486,30733.142616003155,237.44016414557444,0.21652838922350762,90708488.20258515,0,False,1,0.9878657833240136,0,1.4953626601300696e-05,4.386128366667947e-07,2.9331597999989754
509,28188.85736131327,2544.2720305869375,30733.129391900206,237.43991813220148,0.21652816487696724,90708488.20258515,0,False,1,0.9879147638498831,0,1.4947225438510896e-05,4.3028801560700856e-07,2.938296699998318
510,28188.799954758033,2544.3164588634563,30733.11641362149,237.43967635910403,0.21652794439725379,90708488.20258515,0,False,1,0.9879633501449782,0,1.4925014038552307e-05,4.222895283397156e-07,2.943271600001026
511,28188.74354517957,2544.3601273115073,30733.10367249108,237.43943878462807,0.21652772774638185,90708488.20258515,0,False,1,0.9880115469529512,0,1.4873779660452679e-05,4.1457332988269266e-07,2.948423699999694
512,28188.688059126343,2544.403102411905,30733.09116153825,237.43920509943737,0.21652751464225892,90708488.20258515,0,False,1,0.9880593589416159,0,1.4787793946309373e-05,4.070839367251651e-07,2.9535536999974283
513,28188.63336559082,2544.4455099255465,30733.078875516367,237.438974751791,0.21652730458173688,90708488.20258515,0,False,1,0.9881067907044573,0,1.4668440451819669e-05,3.9976525039104156e-07,2.958493999998609
514,28188.579284169726,2544.4875264710076,30733.066810640732,237.43874698190996,0.21652709687195185,90708488.20258515,0,False,1,0.9881538467621062,0,1.4522800149594224e-05,3.925697026173875e-07,2.9636490999982925
515,28188.525594956678,2544.5293691824927,30733.05496413917,237.43852086364032,0.21652689066831787,90708488.20258515,0,False,1,0.9882005315637787,0,1.4361523837265757e-05,3.854643480618235e-07,2.969829800000298
516,28188.472049703643,2544.5712840259375,30733.04333372958,237.43829535146028,0.2165266850173941,90708488.20258515,0,False,1,0.9882468494886808,0,1.4196344650429872e-05,3.7843324080761435e-07,2.9760722999999416
517,28188.418383756776,2544.6135333797565,30733.031917136534,237.43806933074896,0.2165264789027263,90708488.20258515,0,False,1,0.9882928048473806,0,1.4037620195691323e-05,3.714761640210294e-07,2.981952899994212
518,28188.364328251133,2544.656383486156,30733.02071173729,237.43784166914563,0.21652627129168278,90708488.20258515,0,False,1,0.9883384018831489,0,1.3892313221600219e-05,3.6460441896653215e-07,2.9878905000005034
519,28188.30962204143,2544.7000923507703,30733.0097143922,237.43761126679755,0.2165260611812767,90708488.20258515,0,False,1,0.9883836447732678,0,1.376277048885597e-05,3.578348250284776e-07,2.993309599994973
520,28188.254022857756,2544.7448986155873,30732.998921473343,237.43737710334383,0.21652584764101224,90708488.20258515,0,False,1,0.9884285376303082,1,1.3646508619968374e-05,3.511832702514033e-07,2.9989371999981813
521,28188.197360178903,2544.7910118348796,30732.988372013784,237.4371384605993,0.216525630015956,90708488.20258515,0,False,1,0.9884730845033793,1,1.3328155796392531e-05,3.432616382823732e-07,3.00434690000111
522,28188.139470944123,2544.83856083345,30732.978031777573,237.43689465179636,0.21652540767982528,90708488.20258515,0,False,1,0.9885172893793485,0,1.3225154134002829e-05,3.3645397856806344e-07,3.0094700999979977
523,28188.08024180548,2544.8876462677927,30732.967888073275,237.4366451995373,0.21652518019726757,90708488.20258515,0,False,1,0.9885611561840327,0,1.3109076370598279e-05,3.300592701160569e-07,3.0152050999968196
524,28188.019606465215,2544.9383313567732,30732.95793782199,237.43638982458108,0.2165249473136351,90708488.20258515,0,False,1,0.9886046887833632,0,1.2973365797307086e-05,3.2376473765926106e-07,3.020450999996683
525,28187.95754215122,2544.990636686685,30732.948178837905,237.43612843100024,0.21652470894144893,90708488.20258515,0,False,1,0.9886478909845237,0,1.2814014717710279e-05,3.175413217326003e-07,3.02586689999589
526,28187.89406813038,2545.044541740409,30732.938609870787,237.43586109992054,0.21652446515468993,90708488.20258515,0,False,1,0.9886907665370621,0,1.2630046736417944e-05,3.113585804483955e-07,3.033705599998939
527,28187.829242393156,2545.0999881360585,30732.929230529215,237.43558807555854,0.21652421617606604,90708488.20258515,0,False,1,0.9887333191339783,0,1.2423506953029253e-05,3.0518856955732443e-07,3.0406981999985874
528,28187.76315677174,2545.156884331325,30732.920041103065,237.43530974466177,0.21652396235826327,90708488.20258515,0,False,1,0.9887755524127849,0,1.2199016564590946e-05,2.990091208228909e-07,3.0471881999983452
529,28187.69593082142,2545.215111497422,30732.911042318843,237.43502661074007,0.2165237041604465,90708488.20258515,0,False,1,0.9888174699565481,0,1.1962991083913664e-05,2.9280602721846136e-07,3.053099699995073
530,28187.62770483824,2545.2745302304816,30732.902235068723,237.43473926465873,0.21652344212144242,90708488.20258515,0,False,1,0.9888590752949011,0,1.1722651793868285e-05,2.865738981956909e-07,3.058701399997517
531,28187.558632404878,2545.334987749312,30732.89362015419,237.434448353245,0.21652317683111105,90708488.20258515,0,False,1,0.9889003719050378,0,1.1484982348060846e-05,2.803156846658011e-07,3.063808799997787
532,28187.48887285169,2545.3963252264607,30732.88519807815,237.43415454753637,0.21652290890139048,90708488.20258515,0,False,1,0.9889413632126827,0,1.1255793012304227e-05,2.740411021526037e-07,3.0689352999979747
533,28187.418583993756,2545.4583849136357,30732.876968907392,237.4338585121918,0.21652263893840193,90708488.20258515,0,False,1,0.9889820525930406,0,1.1039044259041907e-05,2.677643412107243e-07,3.0752280999950017
534,28187.347915461964,2545.521016751223,30732.868932213187,237.43356087740403,0.21652236751683598,90708488.20258515,0,False,1,0.989022443371725,0,1.0836540363242932e-05,2.6150152534654916e-07,3.081112199994095
535,28187.2770028912,2545.584084192748,30732.861087083947,237.43326221442183,0.2165220951576305,90708488.20258515,0,False,1,0.989062538825665,0,1.0648032846304563e-05,2.5526836614536137e-07,3.086479799996596
536,28187.205963166758,2545.647469026148,30732.853432192907,237.4329630155289,0.2165218223097129,90708488.20258515,0,False,1,0.9891023421839937,0,1.047168806254026e-05,2.490783730957011e-07,3.0918634999979986
537,28187.134890865273,2545.7110750317324,30732.845965897006,237.43266367905352,0.21652154933632997,90708488.20258515,0,False,1,0.9891418566289175,0,1.03047979644153e-05,2.4294183805184554e-07,3.097142399994482
538,28187.06385596287,2545.7748303787203,30732.83868634159,237.43236449971545,0.21652127650624498,90708488.20258515,0,False,1,0.9891810852965646,0,1.0144570956967857e-05,2.36865646065789e-07,3.102353899994341
539,28186.992902823215,2545.8386887252364,30732.83159154845,237.4320656643631,0.2165210039898503,90708488.20258515,0,False,1,0.9892200312778167,0,9.988839856003077e-06,2.3085381777262643e-07,3.1075179999970715
540,28186.922050423836,2545.902629047656,30732.824679471494,237.4317672529261,0.21652073186003598,90708488.20258515,0,False,1,0.9892586976191228,0,9.836559239399097e-06,2.249085618523125e-07,3.1126837999981944
541,28186.85129373135,2545.966654281627,30732.817948012977,237.43146924420677,0.21652046009747128,90708488.20258515,0,False,1,0.9892970873232942,0,9.688018763021838e-06,2.1903155950721187e-07,3.1178264999980456
542,28186.780606095715,2546.0307889065934,30732.81139500231,237.43117152596335,0.21652018859979977,90708488.20258515,0,False,1,0.9893352033502844,0,9.544756764444389e-06,2.1322518087656461e-07,3.123060499994608
543,28186.709942500405,2546.0950756463812,30732.805018146788,237.43087390859853,0.21651991719412228,90708488.20258515,0,False,1,0.9893730486179503,0,9.409210180385714e-06,2.0749339983480085e-07,3.1281851999956416
544,28186.639243479924,2546.159571489026,30732.798814968948,237.4305761416584,0.21651964565204287,90708488.20258515,0,False,1,0.9894106260027984,0,9.28417855799623e-06,2.0184222807246978e-07,3.133251899998868
545,28186.56843949812,2546.2243432486744,30732.792782746797,237.43027793227267,0.2165193737064848,90708488.20258515,0,False,1,0.9894479383407154,0,9.172209362556634e-06,1.96279622529574e-07,3.138452499995765
546,28186.497455571058,2546.2894629008047,30732.786918471862,237.42997896462467,0.21651910106944597,90708488.20258515,0,False,1,0.9894849884276828,0,9.075024969043289e-06,1.9081490500725918e-07,3.1439368999999715
547,28186.42621591663,2546.355002919476,30732.781218836106,237.42967891953452,0.21651882744985723,90708488.20258515,0,False,1,0.9895217790204763,1,8.993103342954098e-06,1.8545782298536638e-07,3.1508621999964816
548,28186.35465740445,2546.421031825631,30732.77568923008,237.42937753110692,0.21651855260524117,90708488.20258515,0,False,1,0.9895583128373504,1,8.878833556967069e-06,1.7992533730977842e-07,3.1562075999972876
549,28186.2827727508,2546.4875963276804,30732.77036907848,237.4290747686593,0.2165182765076174,90708488.20258515,0,False,1,0.9895945925587106,0,8.815502700271868e-06,1.7311002599384356e-07,3.1614478999981657
550,28186.21053990604,2546.554659329527,30732.765199235564,237.42877053931792,0.21651799907229186,90708488.20258515,0,False,1,0.9896306208277688,0,8.753952308557142e-06,1.6821922833473986e-07,3.167284799994377
551,28186.137955143717,2546.622221114529,30732.760176258245,237.42846482738213,0.21651772028494656,90708488.20258515,0,False,1,0.9896664002511865,0,8.692577565314013e-06,1.6344046122006868e-07,3.17269369999849
552,28186.06502119392,2546.690275623393,30732.755296817315,237.4281576443448,0.21651744015606225,90708488.20258515,0,False,1,0.9897019333997055,0,8.629869314382743e-06,1.5877001943191653e-07,3.1780217999985325
553,28185.99174742715,2546.758810300562,30732.75055772771,237.4278490296669,0.21651715872162453,90708488.20258515,0,False,1,0.9897372228087635,0,8.564486679646287e-06,1.5420321274874734e-07,3.18347929999436
554,28185.91814974094,2546.82780623152,30732.74595597246,237.4275390503003,0.21651687604268863,90708488.20258515,0,False,1,0.9897722709790996,0,8.495309151307057e-06,1.4973457203515054e-07,3.1886620999939623
555,28185.844250168866,2546.897238550841,30732.74148871971,237.42722779904105,0.2165165922038779,90708488.20258515,0,False,1,0.9898070803773446,0,8.421465361078055e-06,1.453580736799568e-07,3.1937662999989698
556,28185.770076242807,2546.967077089681,30732.737153332488,237.4269153918435,0.21651630731093438,90708488.20258515,0,False,1,0.9898416534366021,0,8.342339487514456e-06,1.4106737670072787e-07,3.1990589999986696
557,28185.695660149602,2547.037287222276,30732.73294737188,237.42660196426854,0.21651602148747992,90708488.20258515,0,False,1,0.9898759925570155,0,8.257559232774776e-06,1.3685603688381794e-07,3.2043331999957445
558,28185.621037729878,2547.107830864206,30732.728868594084,237.42628766726685,0.21651573487117068,90708488.20258515,0,False,1,0.9899101001063246,0,8.166971274806754e-06,1.3271770529918464e-07,3.2097263999967254
559,28185.546247371756,2547.1786675709254,30732.724914942683,237.42597266251963,0.2165154476094483,90708488.20258515,0,False,1,0.9899439784204114,0,8.070610888744456e-06,1.2864628514746632e-07,3.215182799998729
560,28185.471328853528,2547.249755683299,30732.721084536828,237.42565711756396,0.2165151598550946,90708488.20258515,0,False,1,0.989977629803833,0,7.968672079475857e-06,1.2463606351172627e-07,3.220631299998786
561,28185.39632218891,2547.321053467686,30732.717375656597,237.42534120092955,0.21651487176179654,90708488.20258515,0,False,1,0.9900110565303464,0,7.86148329327684e-06,1.206818042823506e-07,3.225937499999418
562,28185.321266524763,2547.392520201198,30732.71378672596,237.42502507749583,0.21651458347991237,90708488.20258515,0,False,1,0.9900442608434212,0,7.749491843268194e-06,1.1677882545650729e-07,3.2310758999956306
563,28185.246199136185,2547.46411715794,30732.710316294124,237.42470890425952,0.2165142951526118,90708488.20258515,0,False,1,0.9900772449567418,0,7.633257961599874e-06,1.1292305193403464e-07,3.236366499993892
564,28185.17115455647,2547.5358084588984,30732.706963015367,237.42439282667007,0.2165140069125343,90708488.20258515,0,False,1,0.9901100110547005,0,7.513457220126267e-06,1.0911106511719687e-07,3.24182429999928
565,28185.096163871207,2547.6075617563233,30732.70372562753,237.4240769756564,0.21651371887907767,90708488.20258515,0,False,1,0.9901425612928814,1,7.390888270146914e-06,1.0534014599980581e-07,3.2474758999960613
566,28185.021283133603,2547.679348709558,30732.70063184316,237.42376158730872,0.21651343126753922,90708488.20258515,0,False,1,0.9901748977985322,1,7.106398108986592e-06,1.00667497302947e-07,3.253129299999273
567,28184.946716964507,2547.7510400057627,30732.69775697027,237.4234475234681,0.21651314486385612,90708488.20258515,0,False,1,0.99020702267103,0,7.088085780468705e-06,9.354442765734967e-08,3.2587711999949533
568,28184.872800710153,2547.8221910680813,30732.694991778233,237.4231361965811,0.21651286095607833,90708488.20258515,0,False,1,0.9902389379823359,0,7.114840951874764e-06,8.997557120780159e-08,3.264145599998301
569,28184.799732817413,2547.8925988163764,30732.69233163379,237.42282844249587,0.21651258030643933,90708488.20258515,0,False,1,0.9902706457774411,0,7.163218805262815e-06,8.655747388722524e-08,3.270375799998874
570,28184.72766477191,2547.962107073152,30732.689771845064,237.4225248992686,0.2165123034968006,90708488.20258515,0,False,1,0.9903021480748041,0,7.208743081430267e-06,8.329204280480543e-08,3.2758442999984254
571,28184.65669750142,2548.0306106292264,30732.687308130648,237.42222599201372,0.21651203091483595,90708488.20258515,0,False,1,0.9903334468667806,0,7.230563933937862e-06,8.016592216206492e-08,3.2809688999986975
572,28184.58688015349,2548.0980568262576,30732.684936979746,237.42193192775383,0.21651176274933517,90708488.20258515,0,False,1,0.9903645441200436,0,7.214365352434405e-06,7.715403727185831e-08,3.287169299997913
573,28184.5182111307,2548.164444720576,30732.682655851277,237.42164269977874,0.21651149899417904,90708488.20258515,0,False,1,0.9903954417759961,0,7.153625361335582e-06,7.422483501105859e-08,3.293676900000719
574,28184.450641195068,2548.2298219974864,30732.680463192555,237.4213581007196,0.21651123946026204,90708488.20258515,0,False,1,0.9904261417511763,0,7.049628839117945e-06,7.134615438629393e-08,3.29937179999979
575,28184.38407839505,2548.2942798967374,30732.67835829179,237.4210777433,0.2165109837944159,90708488.20258515,0,False,1,0.9904566459376537,0,6.910584683599265e-06,6.84906339018155e-08,3.3045853000003262
576,28184.318394520757,2548.3579464846475,30732.676341005405,237.42080108752373,0.21651073150420283,90708488.20258515,0,False,1,0.9904869562034191,0,6.75004705750993e-06,6.563978448926843e-08,3.3096096999943256
577,28184.253432754605,2548.4209786642014,30732.674411418808,237.42052747289821,0.216510481987301,90708488.20258515,0,False,1,0.9905170743927663,0,6.584730592476919e-06,6.278615553704667e-08,3.3145962999988114
578,28184.189016154844,2548.4835533496166,30732.67256950446,237.42025615416577,0.21651023456408885,90708488.20258515,0,False,1,0.9905470023266669,0,6.431818009855226e-06,5.993342213755026e-08,3.3201789999948232
579,28184.12495658904,2548.54585824609,30732.670814835128,237.41998633893078,0.21650998851195852,90708488.20258515,0,False,1,0.9905767418031377,0,6.306020602816029e-06,5.709458969849386e-08,3.3263545999943744
580,28184.061063725334,2548.60808266914,30732.669146394474,237.4197172255301,0.21650974309985066,90708488.20258515,0,False,1,0.990606294597602,0,6.216920020964113e-06,5.4288827178877396e-08,3.3316981999960262
581,28183.99715369389,2548.670408812541,30732.66756250643,237.4194480395146,0.21650949762152333,90708488.20258515,0,False,1,0.9906356624632424,0,6.16730602191075e-06,5.15376010822602e-08,3.33736399999907
582,28183.933057050537,2548.7330038314926,30732.66606088203,237.41917806719212,0.21650925142614047,90708488.20258515,0,False,1,0.9906648471313493,0,6.153078924707499e-06,4.8860854549172974e-08,3.3424306999950204
583,28183.86862571125,2548.7960130512092,30732.664638762457,237.41890668483524,0.2165090039449074,90708488.20258515,0,False,1,0.9906938503116604,0,6.164757324495359e-06,4.627387586403426e-08,3.3474430999995093
584,28183.803738579307,2548.859554543804,30732.66329312311,237.4186333823835,0.21650875471268563,90708488.20258515,0,False,1,0.9907226736926963,0,6.1900269900524355e-06,4.378531318620288e-08,3.3530663999990793
585,28183.73830565488,2548.9237152418414,30732.66202089672,237.41835778075324,0.21650850338377808,90708488.20258515,0,False,1,0.990751318942088,0,6.216489348667525e-06,4.139655509139842e-08,3.358424300000479
586,28183.67227049612,2548.9885486788867,30732.66081917501,237.41807964220467,0.21650824974138308,90708488.20258515,0,False,1,0.9907797877068997,0,6.233920502270642e-06,3.910242827192747e-08,3.3636124999975436
587,28183.605610987033,2549.0540743695556,30732.65968535659,237.4177988735766,0.21650799370054433,90708488.20258515,0,False,1,0.9908080816139436,0,6.235709212093405e-06,3.6892946762623025e-08,3.3688044999944395
588,28183.53833845431,2549.1202787673483,30732.658617221656,237.41751552256758,0.21650773530475947,90708488.20258515,0,False,1,0.9908362022700918,0,6.219444031025058e-06,3.475569459219901e-08,3.3739072999960626
589,28183.470495257854,2549.187117671152,30732.657612929004,237.41722976758808,0.2165074747167261,90708488.20258515,0,False,1,0.9908641512625809,0,6.186767976033049e-06,3.267835249776514e-08,3.3789830999958212
590,28183.402151051647,2549.254519893238,30732.656670944885,237.4169419020119,0.21650721220398,90708488.20258515,0,False,1,0.9908919301593098,0,6.142652827608345e-06,3.065091639145351e-08,3.384968200000003
591,28183.333397969072,2549.3223919551215,30732.655789924193,237.4166523138976,0.21650694812040275,90708488.20258515,0,False,1,0.9909195405091346,0,6.094240563769708e-06,2.8667248074004733e-08,3.3905097999959253
592,28183.26434502675,2549.390623544061,30732.65496857081,237.41636146241797,0.216506682884727,90708488.20258515,0,False,1,0.9909469838421562,0,6.049411021757899e-06,2.672575352463142e-08,3.3957090999974753
593,28183.195112061298,2549.4590934432276,30732.654205504525,237.4160698523219,0.2165064169572475,90708488.20258515,0,False,1,0.9909742616700042,0,6.0152789452684036e-06,2.4829168998269506e-08,3.4010296999986167
594,28183.125823515722,2549.527675642687,30732.65349915841,237.4157780077631,0.2165061508159548,90708488.20258515,0,False,1,0.9910013754861141,0,5.996876894509556e-06,2.298357022729379e-08,3.4062773999976343
595,28183.05660237651,2549.5962453459156,30732.652847722424,237.41548644676283,0.21650588493324716,90708488.20258515,0,False,1,0.9910283267660007,0,5.996290890999845e-06,2.119686752014717e-08,3.4113510999959544
596,28182.987564533152,2549.6646846065078,30732.65224913966,237.4151956574522,0.21650561975426508,90708488.20258515,0,False,1,0.9910551169675261,0,6.012436025676976e-06,1.947709382169586e-08,3.4164970999991056
597,28182.91881379114,2549.732887360492,30732.651701151633,237.41490607706643,0.2165053556777357,90708488.20258515,0,False,1,0.9910817475311627,0,6.041493674453388e-06,1.7830808188960048e-08,3.4216813999955775
598,28182.850437721667,2549.800763659302,30732.65120138097,237.41461807446342,0.216505093040031,90708488.20258515,0,False,1,0.9911082198802526,0,6.077849303931206e-06,1.6261879013782793e-08,3.426774999999907
599,28182.782504479714,2549.868242954708,30732.65074743442,237.41433193672077,0.21650483210294505,90708488.20258515,0,False,1,0.9911345354212603,0,6.115257035341168e-06,1.4770822897866768e-08,3.432084499996563
600,28182.71506066993,2549.9352763374254,30732.650337007355,237.41404786014635,0.21650457304549664,90708488.20258515,0,False,1,0.9911606955440235,0,6.147953380186982e-06,1.3354756473808925e-08,3.437333399997442
601,28182.64813028891,2550.001837683343,30732.649967972255,237.41376594582258,0.21650431595986563,90708488.20258515,0,False,1,0.9911867016219974,0,6.171520539238497e-06,1.200791654482087e-08,3.442691099997319
602,28182.581714725748,2550.0679237126783,30732.649638438426,237.4134861996081,0.2165040608513947,90708488.20258515,0,False,1,0.9912125550124953,0,6.183402018374985e-06,1.0722597259869758e-08,3.4478667000003043
603,28182.515793760052,2550.133553015904,30732.649346775957,237.41320853634093,0.21650380764242225,90708488.20258515,0,False,1,0.9912382570569258,0,6.183057110808476e-06,9.49031314854474e-09,3.453140599995095
604,28182.450327460192,2550.198764143729,30732.649091603922,237.41293278783357,0.2165035561795733,90708488.20258515,0,False,1,0.9912638090810245,0,6.171793079846137e-06,8.302962511160921e-09,3.458338799995545
605,28182.38525885342,2550.263612895228,30732.64887174865,237.4126587141192,0.21650330624401537,90708488.20258515,0,False,1,0.9912892123950827,0,6.152342166330993e-06,7.153801527232206e-09,3.4634251999959815
606,28182.320517215296,2550.3281689670516,30732.648686182347,237.41238601730657,0.216503057564093,90708488.20258515,0,False,1,0.9913144682941718,0,6.128267445982625e-06,6.038083599330947e-09,3.468523899995489
607,28182.2560218078,2550.3925121466455,30732.648533954445,237.41211435732507,0.21650280982968623,90708488.20258515,0,False,1,0.9913395780583627,0,6.10329472837262e-06,4.953295866637905e-09,3.4737505999946734
608,28182.19168588474,2550.4567282431544,30732.648414127892,237.41184336879547,0.21650256270759538,90708488.20258515,0,False,1,0.991364542952944,0,6.080676561207298e-06,3.89899857015414e-09,3.4788306999980705
609,28182.12742077915,2550.520904951186,30732.648325730337,237.41157267824647,0.21650231585724147,90708488.20258515,0,False,1,0.9913893642286339,0,6.0626919774958035e-06,2.8763403069661777e-09,3.4839413999943645
610,28182.063139891066,2550.5851278352734,30732.64826772634,237.41130192091137,0.21650206894598342,90708488.20258515,0,False,1,0.991414043121789,0,6.050363930798412e-06,1.8873738224944065e-09,3.4893636999986484
611,28181.998762404874,2550.649476607564,30732.648239012437,237.4110307563862,0.21650182166339726,90708488.20258515,0,False,1,0.9914385808546111,0,6.0434337772048105e-06,9.34312733549412e-10,3.49443749999773
612,28181.934216583708,2550.7140218489612,30732.64823843267,237.41075888250603,0.21650157373393025,90708488.20258515,0,False,1,0.9914629786353482,0,6.040577490944225e-06,1.8864840025605326e-11,3.49957309999445
613,28181.933491593416,2550.714721808952,30732.648213402368,237.41075582876786,0.2165015709491402,90708488.20258515,0,True,2,0.0,0,6.035261606319306e-06,8.144531417770546e-10,3.508689999995113
614,28181.932773759872,2550.7154146559865,30732.64818841586,237.41075280517467,0.2165015681918402,90708488.20258515,0,False,2,0.28175352512532087,0,6.030068223554367e-06,8.130281435735264e-10,3.5140059999976074
615,28181.931862461097,2550.7162939868263,30732.64815644792,237.41074896668474,0.21650156469141285,90708488.20258515,0,False,2,0.434042782780302,0,6.0235672854381515e-06,1.0401947211314719e-09,3.5197875999947428
616,28181.93076800908,2550.717349706893,30732.648117715973,237.41074435673326,0.21650156048746796,90708488.20258515,0,False,2,0.5310638054044795,0,6.0158858041682055e-06,1.2602867327711133e-09,3.5249932000006083
617,28181.92949908944,2550.7185732836388,30732.64807237308,237.41073901190504,0.2165015556133682,90708488.20258515,0,False,2,0.5987785940560388,0,6.007137568083533e-06,1.4753982332729503e-09,3.5299721999981557
618,28181.92806360953,2550.719956932215,30732.648020541747,237.41073296550655,0.2165015500994867,90708488.20258515,0,False,2,0.6489233261224006,0,5.997426209005296e-06,1.6865234548117422e-09,3.535292499997013
619,28181.92646896984,2550.7214933580767,30732.647962327916,237.4107262487095,0.21650154397424984,90708488.20258515,0,False,2,0.6876458540105597,0,5.986844904839408e-06,1.894201595860338e-09,3.54046229999949
620,28181.924722132568,2550.7231756951574,30732.647897827726,237.41071889083932,0.2165015372644003,90708488.20258515,0,False,2,0.718499853459134,0,5.975475597832416e-06,2.098751440541203e-09,3.545642400000361
621,28181.922829608506,2550.7249975227787,30732.647827131284,237.41071091932017,0.21650152999494693,90708488.20258515,0,False,2,0.7436910466053832,0,5.963388641949347e-06,2.300369373168835e-09,3.55170079999516
622,28181.920797411396,2550.726952913436,30732.64775032483,237.4107023594825,0.2165015221889893,90708488.20258515,0,False,2,0.7646647176173088,0,5.950643157183857e-06,2.4991811081471694e-09,3.556889299994509
623,28181.91863100372,2550.7290364884725,30732.64766749219,237.41069323433481,0.2165015138675095,90708488.20258515,0,False,2,0.782409243228014,0,5.9372881014078445e-06,2.695265364979792e-09,3.561934299999848
624,28181.916335246195,2550.7312434694236,30732.64757871562,237.41068356435096,0.2165015050491782,90708488.20258515,0,False,2,0.7976243809601435,0,5.9233639239024005e-06,2.888673045028265e-09,3.568962299999839
625,28181.91391435841,2550.73356971809,30732.6474840765,237.41067336730424,0.21650149575020342,90708488.20258515,0,False,2,0.8108199838000861,0,5.908904590186221e-06,3.079432676764415e-09,3.574498899994069
626,28181.911371894246,2550.7360117615226,30732.64738365577,237.4106626581639,0.216501485984236,90708488.20258515,0,False,2,0.8223766390185732,0,5.893939745513812e-06,3.2675587020239193e-09,3.5798327999946196
627,28181.908710734202,2550.7385668000093,30732.64727753421,237.41065144906284,0.21650147576234027,90708488.20258515,0,False,2,0.8325843815233085,0,5.878496794240629e-06,3.4530562110083546e-09,3.5852155999964452
628,28181.905933095084,2550.7412326975495,30732.647165792634,237.41063974933846,0.2165014650930313,90708488.20258515,0,False,2,0.8416682316299193,0,5.8626027007873515e-06,3.6359242567866494e-09,3.59037779999926
629,28181.903040556623,2550.7440079553294,30732.647048511953,237.4106275656447,0.21650145398237697,90708488.20258515,0,False,2,0.8498055224352064,0,5.846285377128599e-06,3.8161594065466924e-09,3.5956880999947316
630,28181.90003410368,2550.7468916695166,30732.6469257732,237.41061490212977,0.2165014424341602,90708488.20258515,0,False,2,0.8571379479988086,0,5.829574580496474e-06,3.993757990721399e-09,3.600828199996613
631,28181.896914182158,2550.7498834752582,30732.646797657417,237.41060176067182,0.21650143045009368,90708488.20258515,0,False,2,0.8637801230052086,0,5.812502299159553e-06,4.168719417490341e-09,3.6060886999985087
632,28181.8936807663,2550.752983479267,30732.646664245567,237.41058814116232,0.21650141803007844,90708488.20258515,0,False,2,0.8698257810419169,0,5.795102670032807e-06,4.3410465279050535e-09,3.611238899997261
633,28181.890333434712,2550.756192183647,30732.64652561836,237.41057404182618,0.21650140517249578,90708488.20258515,0,False,2,0.8753523399411488,0,5.777411501220773e-06,4.510747489890107e-09,3.6165114999967045
634,28181.88687145226,2550.7595104038014,30732.646381856062,237.41055945956685,0.2165013918745218,90708488.20258515,0,False,2,0.8804243161473297,0,5.759465511744584e-06,4.677836508493679e-09,3.6218611000003875
635,28181.883293854982,2550.762939183321,30732.646233038304,237.4105443903239,0.2165013781324537,90708488.20258515,0,False,2,0.8850959137641199,0,5.741301402877144e-06,4.842334654513218e-09,3.626996799997869
636,28181.879599535234,2550.7664797086877,30732.64607924392,237.4105288294318,0.21650136394203687,90708488.20258515,0,False,2,0.8894130125262103,0,5.7229548837908865e-06,5.004267496994573e-09,3.6321743999942555
637,28181.87578732431,2550.7701332264614,30732.64592055077,237.41051277196766,0.21650134929878198,90708488.20258515,0,False,2,0.8934147117832398,0,5.704459749184994e-06,5.1636669972332e-09,3.6372476999968057
638,28181.87185607021,2550.7739009654,30732.64575703561,237.41049621307906,0.21650133419826395,90708488.20258515,0,False,2,0.8971345422701921,0,5.685847094305378e-06,5.320568904523165e-09,3.642313899996225
639,28181.867804708396,2550.777784065618,30732.645588774016,237.4104791482819,0.21650131863639363,90708488.20258515,0,False,2,0.9006014263404838,0,5.667144716357724e-06,5.475011690781864e-09,3.6475551999974414
640,28181.86363232374,2550.78178351654,30732.64541584028,237.41046157372148,0.21650130260965583,90708488.20258515,0,False,2,0.9038404456605403,0,5.64837672754251e-06,5.6270370240505e-09,3.6528045999948517
641,28181.859338202456,2550.785900104997,30732.645238307454,237.41044348639113,0.21650128611530864,90708488.20258515,0,False,2,0.906873460036305,0,5.62956338004545e-06,5.776685506992112e-09,3.6579897999981767
642,28181.85492187293,2550.790134374362,30732.645056247293,237.41042488430423,0.21650126915154042,90708488.20258515,0,False,2,0.9097196100592845,0,5.6107210768220126e-06,5.923999044392944e-09,3.6631586000003153
643,28181.850383135104,2550.794486595241,30732.644869730346,237.410405766618,0.21650125171758258,90708488.20258515,0,False,2,0.9123957282937485,0,5.591862536256623e-06,6.069017055160609e-09,3.668373900000006
644,28181.84572207822,2550.798956747751,30732.64467882597,237.41038613370822,0.21650123381377787,90708488.20258515,0,False,2,0.914916677883027,0,5.572997061821213e-06,6.2117782479501076e-09,3.673607799995807
645,28181.84093908738,2550.803544515074,30732.644483602453,237.41036598719685,0.21650121544160536,90708488.20258515,0,False,2,0.917295633120554,0,5.554130876113035e-06,6.352317543412257e-09,3.6789407999967807
646,28181.836034839493,2550.808249287594,30732.644284127087,237.41034532993498,0.21650119660366507,90708488.20258515,0,False,2,0.9195443132877347,0,5.535267478164644e-06,6.490667139569267e-09,3.684133599999768
647,28181.83101028965,2550.8130701766245,30732.644080466274,237.41032416594544,0.21650117730362547,90708488.20258515,0,False,2,0.9216731786097809,0,5.516407991539127e-06,6.626856156689555e-09,3.6893974999984493
648,28181.82586664916,2550.8180060364743,30732.643872685636,237.41030250033026,0.21650115754613933,90708488.20258515,0,False,2,0.9236915953126076,0,5.497551485711398e-06,6.760909927037343e-09,3.6946582999953534
649,28181.820605356705,2550.8230554934203,30732.643660850124,237.41028033914918,0.21650113733673262,90708488.20258515,0,False,2,0.9256079753284939,0,5.478695255209474e-06,6.892850231622736e-09,3.699834599996393
650,28181.815228044117,2550.8282169800173,30732.643445024136,237.41025768927557,0.21650111668167343,90708488.20258515,0,False,2,0.9274298950868183,0,5.459835063391658e-06,7.022695181826611e-09,3.704985399999714
651,28181.809736498508,2550.8334887731153,30732.643225271622,237.4102345582368,0.21650109558782613,90708488.20258515,0,False,2,0.9291641969594342,0,5.440965348624181e-06,7.150459219400543e-09,3.7104877999954624
652,28181.804132622234,2550.838869033968,30732.6430016562,237.41021095404568,0.21650107406249783,90708488.20258515,0,False,2,0.9308170762496849,0,5.422079409877827e-06,7.276153234841801e-09,3.7156312000006437
653,28181.798418392424,2550.8443558488398,30732.642774241263,237.41018688502996,0.21650105211328285,90708488.20258515,0,False,2,0.9323941560762216,0,5.403169579070326e-06,7.3997845673932625e-09,3.7216635000004317
654,28181.79259582141,2550.849947268668,30732.642543090078,237.4101623596657,0.21650102974791077,90708488.20258515,0,False,2,0.9339005520751649,0,5.384227393490971e-06,7.521357241793459e-09,3.727101099997526
655,28181.786666919437,2550.855641346462,30732.6423082659,237.4101373864201,0.21650100697410307,90708488.20258515,0,False,2,0.9353409285021578,0,5.365243775700647e-06,7.640871731526345e-09,3.732441000000108
656,28181.780633660746,2550.8614361713135,30732.642069832058,237.41011197360885,0.21650098379944302,90708488.20258515,0,False,2,0.936719547040866,0,5.346209222551378e-06,7.758325432321474e-09,3.738134399995033
657,28181.774497953942,2550.867329898118,30732.64182785206,237.410086129271,0.2165009602312617,90708488.20258515,0,False,2,0.9380403094021824,0,5.327114008173609e-06,7.87371278052897e-09,3.7441859999962617
658,28181.76826161732,2550.8733207723267,30732.641582389646,237.41005986106535,0.21650093627654332,90708488.20258515,0,False,2,0.9393067946178,0,5.307948390978619e-06,7.98702620012004e-09,3.7492265999972005
659,28181.761926359613,2550.879407149289,30732.641333508902,237.41003317618913,0.21650091194185134,90708488.20258515,0,False,2,0.9405222917844157,0,5.2887028235679725e-06,8.098254208685677e-09,3.754858599997533
660,28181.755493766315,2550.8855875079853,30732.6410812743,237.4100060813205,0.21650088723327565,90708488.20258515,0,False,2,0.9416898288939467,0,5.269368154522317e-06,8.207384376813443e-09,3.759903199999826
661,28181.748965291576,2550.8918604591613,30732.640825750736,237.40997858258433,0.2165008621564018,90708488.20258515,0,False,2,0.9428121982856035,0,5.249935815599486e-06,8.314403091337295e-09,3.7649300999983097
662,28181.74234225551,2550.8982247481017,30732.64056700361,237.40995068554102,0.21650083671630038,90708488.20258515,0,False,2,0.9438919791733417,0,5.230397984917598e-06,8.419293542961185e-09,3.7701936999947065
663,28181.73562584639,2550.904679252434,30732.640305098827,237.40992239519557,0.21650081091753567,90708488.20258515,0,False,2,0.9449315576338684,0,5.210747724294328e-06,8.522039751011672e-09,3.7751998999956413
664,28181.728817127267,2550.911222975531,30732.640040102797,237.40989371602552,0.21650078476419082,90708488.20258515,0,False,2,0.9459331443834135,0,5.190979084668245e-06,8.622624906186838e-09,3.7801596999997855
665,28181.721917046278,2550.91785503618,30732.639772082457,237.40986465202442,0.21650075825990767,90708488.20258515,0,False,2,0.9468987906238281,0,5.171087178464195e-06,8.72103208080676e-09,3.7869266999987303
666,28181.714926449975,2550.9245746552824,30732.63950110526,237.40983520675792,0.21650073140793782,90708488.20258515,0,False,2,0.9478304021985741,0,5.1510682218820835e-06,8.817244465563698e-09,3.7935203999950318
667,28181.707846098754,2550.9313811403763,30732.63922723913,237.40980538342873,0.21650070421120196,90708488.20258515,0,False,2,0.9487297522654735,0,5.130919550109518e-06,8.911246553272963e-09,3.799291199997242
668,28181.70067668364,2550.938273868814,30732.638950552453,237.40977518494742,0.21650067667235426,90708488.20258515,0,False,2,0.9495984926646243,0,5.1106396056675266e-06,9.003023665372678e-09,3.805267099996854
669,28181.69341884363,2550.9452522703846,30732.638671114015,237.4097446140054,0.21650064879384914,90708488.20258515,0,False,2,0.9504381641357491,0,5.090227908541629e-06,9.09256242542419e-09,3.810996199994406
670,28181.68607318284,2550.9523158101256,30732.638388992964,237.40971367314708,0.2165006205780069,90708488.20258515,0,False,2,0.9512502055187321,0,5.069685009383363e-06,9.179851232612524e-09,3.817074999999022
671,28181.678640286722,2550.9594639720085,30732.63810425873,237.40968236483837,0.21650059202707628,90708488.20258515,0,False,2,0.9520359620535963,0,5.049012430934241e-06,9.26488085362196e-09,3.8230646999945748
672,28181.671120736915,2550.9666962440733,30732.63781698099,237.40965069152904,0.21650056314329127,90708488.20258515,0,False,2,0.9527966928812224,0,5.028212598665846e-06,9.347643357260386e-09,3.828254799998831
673,28181.663515124084,2550.974012105476,30732.63752722956,237.40961865570688,0.2165005339289206,90708488.20258515,0,False,2,0.9535335778332711,0,5.007288764672488e-06,9.428134126835966e-09,3.833484099995985
674,28181.65582405855,2550.9814110158204,30732.63723507437,237.40958625994256,0.2165005043863085,90708488.20258515,0,False,2,0.9542477235887569,0,4.986244925234662e-06,9.506349374280425e-09,3.8385883000009926
675,28181.648048178387,2550.988892406975,30732.636940585362,237.40955350692352,0.21650047451790572,90708488.20258515,0,False,2,0.9549401692652046,0,4.965085733307095e-06,9.582288862776297e-09,3.8436083999986295
676,28181.640188154888,2550.9964556775085,30732.636643832397,237.4095203994772,0.21650044432629073,90708488.20258515,0,False,2,0.9556118915041254,0,4.943816404909638e-06,9.655955196506607e-09,3.8490935000008903
677,28181.632244695516,2551.0041001897152,30732.63634488523,237.40948694058338,0.2165004138141808,90708488.20258515,0,False,2,0.9562638091034213,0,4.9224426240691705e-06,9.72735168990336e-09,3.854370699998981
678,28181.624218544275,2551.0118252691213,30732.636043813396,237.4094531333758,0.21650038298443375,90708488.20258515,0,False,2,0.9568967872431737,0,4.900970440978214e-06,9.796485800525456e-09,3.8595184000005247
679,28181.61611047989,2551.019630206263,30732.63574068615,237.4094189811343,0.21650035184004054,90708488.20258515,0,False,2,0.9575116413458903,0,4.8794061711969155e-06,9.863366288056628e-09,3.8648864999995567
680,28181.607921311966,2551.027514260446,30732.63543557241,237.40938448726902,0.21650032038411093,90708488.20258515,0,False,2,0.9581091406076137,0,4.857756291589226e-06,9.928004279681472e-09,3.8700016000002506
681,28181.59965187554,2551.035476665138,30732.635128540678,237.409349655297,0.21650028861985227,90708488.20258515,0,False,2,0.9586900112322029,0,4.8360273393340835e-06,9.990413388460751e-09,3.875074499999755
682,28181.591303024357,2551.043516634615,30732.63481965897,237.40931448881426,0.2165002565505438,90708488.20258515,0,False,2,0.9592549393975224,0,4.81422581226774e-06,1.0050609239831196e-08,3.8809316999977455
683,28181.58287562336,2551.0516333714463,30732.634508994808,237.40927899146385,0.2165002241795078,90708488.20258515,0,False,2,0.9598045739791348,0,4.792358076453973e-06,1.0108608169479564e-08,3.886493399993924
684,28181.574370540704,2551.059826074409,30732.634196615112,237.40924316690243,0.21650019151007882,90708488.20258515,0,False,2,0.9603395290543362,0,4.770430278247415e-06,1.0164429472469712e-08,3.8919195999988005
685,28181.565788639782,2551.0680939464382,30732.63388258622,237.40920701876658,0.21650015854557317,90708488.20258515,0,False,2,0.9608603862069443,0,4.748448268279459e-06,1.0218092325490112e-08,3.897031699998479
686,28181.55713077155,2551.07643620224,30732.63356697379,237.40917055064048,0.2165001252892594,90708488.20258515,0,False,2,0.9613676966511135,0,4.726417532692491e-06,1.0269618627856456e-08,3.9020562000005157
687,28181.548397767576,2551.084852075253,30732.633249842827,237.40913376602668,0.21650009174433155,90708488.20258515,0,False,2,0.9618619831905493,0,4.7043431381398125e-06,1.0319029805383985e-08,3.907227600000624
688,28181.539590433953,2551.0933408236715,30732.632931257624,237.40909666832042,0.21650005791388585,90708488.20258515,0,False,2,0.9623437420278342,0,4.682229687370509e-06,1.0366349059514587e-08,3.9123469999976805
689,28181.530709546423,2551.10190173534,30732.632611281762,237.40905926078904,0.2165000238009019,90708488.20258515,0,False,2,0.9628134444370816,0,4.660081285719146e-06,1.0411599354940096e-08,3.9174417999965954
690,28181.52175584677,2551.1105341313505,30732.632289978123,237.40902154655694,0.21649998940822887,90708488.20258515,0,False,2,0.9632715383118254,0,4.637901521279476e-06,1.0454803656352561e-08,3.9231497000000672
691,28181.51273004055,2551.1192373682716,30732.631967408823,237.40898352859585,0.2164999547385768,90708488.20258515,0,False,2,0.9637184495988772,0,4.61569345268867e-06,1.0495986704070997e-08,3.9285929999969085
692,28181.503632796303,2551.1280108389983,30732.6316436353,237.40894520972162,0.21649991979451355,90708488.20258515,0,False,2,0.9641545836278388,0,4.593459609571886e-06,1.0535170634162334e-08,3.9341337000005296
693,28181.49446474601,2551.1368539722494,30732.63131871826,237.4089065925961,0.21649988457846653,90708488.20258515,0,False,2,0.9645803263450347,0,4.571202001345066e-06,1.0572379358320573e-08,3.9394697999960044
694,28181.485226486893,2551.145766230817,30732.63099271771,237.40886767973473,0.21649984909272962,90708488.20258515,0,False,2,0.964996045459788,0,4.548922132674465e-06,1.0607635486113927e-08,3.9444722999978694
695,28181.475918584263,2551.1547471087206,30732.630665692985,237.4088284735185,0.21649981333947416,90708488.20258515,0,False,2,0.9654020915102275,0,4.52662102827395e-06,1.0640960916860373e-08,3.949545499999658
696,28181.46654157534,2551.1637961274178,30732.630337702758,237.40878897621016,0.2164997773207636,90708488.20258515,0,False,2,0.9657987988551446,0,4.504299262871365e-06,1.0672377194753017e-08,3.9549513999954797
697,28181.45709597374,2551.1729128313036,30732.63000880504,237.40874918997295,0.2164997410385706,90708488.20258515,0,False,2,0.9661864865978228,0,4.481956996143093e-06,1.0701905863985483e-08,3.9601506999970297
698,28181.447582274566,2551.1820967827043,30732.62967905727,237.4087091168922,0.21649970449479689,90708488.20258515,0,False,2,0.966565459447225,0,4.459594013006307e-06,1.0729565627749037e-08,3.96522030000051
699,28181.43800095967,2551.191347556594,30732.629348516264,237.40866875899738,0.2164996676912932,90708488.20258515,0,False,2,0.9669360085214439,0,4.437209768333939e-06,1.0755376609736874e-08,3.970522899995558
700,28181.428352503055,2551.2006647352537,30732.62901723831,237.40862811828492,0.21649963062988012,90708488.20258515,0,False,2,0.9672984120978823,0,4.414803432106028e-06,1.077935609263979e-08,3.9756198999966728
701,28181.41863737603,2551.210047903092,30732.628685279124,237.40858719673992,0.2164995933123679,90708488.20258515,0,False,2,0.9676529363142448,0,4.392373939127803e-06,1.080152254290029e-08,3.9806670999969356
702,28181.408856052163,2551.2194966417946,30732.62835269396,237.40854599635693,0.21649955574057547,90708488.20258515,0,False,2,0.9679998358240649,0,4.369920037186179e-06,1.0821891230833031e-08,3.985879899999418
703,28181.399009011577,2551.2290105259835,30732.62801953756,237.40850451915819,0.21649951791634695,90708488.20258515,0,False,2,0.9683393544101703,0,4.347440338740203e-06,1.0840478610504382e-08,3.991014200000791
704,28181.389096744737,2551.238589119499,30732.627685864238,237.40846276720944,0.21649947984156612,90708488.20258515,0,False,2,0.9686717255592106,0,4.3249333668364035e-06,1.085729865010353e-08,3.996057699994708
705,28181.379119755467,2551.2482319723986,30732.627351727868,237.40842074263276,0.21649944151816816,90708488.20258515,0,False,2,0.9689971730000947,0,4.3023976035761454e-06,1.0872365791320618e-08,4.0020539999968605
706,28181.369078563166,2551.257938618739,30732.627017181905,237.40837844761572,0.21649940294814804,90708488.20258515,0,False,2,0.9693159112089641,0,4.279831532585268e-06,1.0885693528845234e-08,4.008184699996491
707,28181.358973704293,2551.2677085751507,30732.626682279442,237.4083358844179,0.2164993641335663,90708488.20258515,0,False,2,0.969628145883101,0,4.257233679881371e-06,1.0897293700115581e-08,4.0136249999995925
708,28181.348805732996,2551.2775413401873,30732.626347073183,237.40829305537326,0.2164993250765513,90708488.20258515,0,False,2,0.9699340743859814,0,4.234602649382288e-06,1.0907178971196217e-08,4.019147599996359
709,28181.338575221056,2551.287436394428,30732.626011615484,237.40824996289012,0.21649928577929933,90708488.20258515,0,False,2,0.9702338861655042,0,4.2119371528313005e-06,1.0915360587650574e-08,4.024257500001113
710,28181.328282757113,2551.297393201223,30732.625675958334,237.40820660944775,0.21649924624407124,90708488.20258515,0,False,2,0.970527763147263,0,4.189236037409661e-06,1.092185062366849e-08,4.029389499999525
711,28181.317928945384,2551.3074112080285,30732.625340153412,237.40816299759106,0.21649920647318785,90708488.20258515,0,False,2,0.9708158801045849,0,4.166498304491551e-06,1.0926659022687845e-08,4.03496169999562
712,28181.307514403863,2551.3174898481902,30732.625004252055,237.40811912992302,0.21649916646902287,90708488.20258515,0,False,2,0.9710984050069197,0,4.143723126101747e-06,1.0929797030273493e-08,4.039944899996044
713,28181.297039762205,2551.3276285430647,30732.62466830527,237.4080750090957,0.2164991262339948,90708488.20258515,0,False,2,0.9713754993480485,1,4.1209098537636585e-06,1.093127530011512e-08,4.044972999996389
714,28181.286508748097,2551.3378267023245,30732.624335450422,237.40803065081053,0.2164990857824222,90708488.20258515,0,False,2,0.9716473184554572,1,4.058470705295423e-06,1.0830667794603127e-08,4.05106479999813
715,28181.27594016777,2551.3480664944323,30732.6240066622,237.40798613428223,0.21649904518654323,90708488.20258515,0,False,2,0.9719140117821313,0,4.036089393816125e-06,1.069834509906668e-08,4.056502499995986
716,28181.265359684938,2551.3583183038313,30732.62367798877,237.40794156761032,0.2164990045449369,90708488.20258515,0,False,2,0.9721757231819224,0,4.014317550654574e-06,1.0694610122587438e-08,4.061882199996035
717,28181.254781672782,2551.368567789159,30732.62334946194,237.40789701133693,0.21649896391281323,90708488.20258515,0,False,2,0.972432591169558,0,3.992900653523199e-06,1.0689839955338782e-08,4.066918599994096
718,28181.244216674677,2551.378804436992,30732.62302111167,237.40785250987247,0.21649892333067142,90708488.20258515,0,False,2,0.9726847491662854,0,3.9715589200522055e-06,1.068409508697662e-08,4.072118099997169
719,28181.23367119252,2551.38902177666,30732.62269296918,237.40780809060396,0.2164988828234864,90708488.20258515,0,False,2,0.9729323257320669,0,3.950036849152055e-06,1.0677334322907769e-08,4.077451499993913
720,28181.22314766873,2551.399217400619,30732.62236506935,237.40776376381936,0.21649884240064005,90708488.20258515,0,False,2,0.9731754447851788,0,3.928142110015443e-06,1.06694385776885e-08,4.082560700000613
721,28181.212644648884,2551.4093928031775,30732.62203745206,237.40771952339244,0.21649880205654573,90708488.20258515,0,False,2,0.9734142258100047,0,3.905768672415356e-06,1.0660245203813319e-08,4.087744999997085
722,28181.20215710516,2551.4195530573256,30732.621710162486,237.4076753481452,0.2164987617718906,90708488.20258515,0,False,2,0.9736487840537572,0,3.882902422688525e-06,1.0649581847005675e-08,4.093454699999711
723,28181.1916768953,2551.429706355061,30732.621383250364,237.40763120378125,0.21649872151539878,90708488.20258515,0,False,2,0.9738792307128099,0,3.859610640355249e-06,1.0637300183136098e-08,4.098704299998644
724,28181.18119332778,2551.4398634407703,30732.62105676855,237.407587045266,0.21649868124600205,90708488.20258515,0,False,2,0.9741056731092769,0,3.836019178546575e-06,1.0623298646253451e-08,4.103944899994531
725,28181.17069380146,2551.4500369697853,30732.620730771247,237.40754281952147,0.216498640915297,90708488.20258515,0,False,2,0.9743282148584276,0,3.8122827135525753e-06,1.06075333191023e-08,4.109113899998192
726,28181.16016448687,2551.4602408252945,30732.620405312166,237.40749846829553,0.2164986004701619,90708488.20258515,0,False,2,0.9745469560274896,0,3.7885539007364745e-06,1.0590020419004945e-08,4.114214399996854
727,28181.149591016754,2551.4704894262895,30732.620080443045,237.40745393107082,0.2164985598554093,90708488.20258515,0,False,2,0.9747619932863513,0,3.764956755268735e-06,1.0570823986848794e-08,4.119369299995014
728,28181.138959155272,2551.4807970573756,30732.619756212647,237.40740914788347,0.21649851901635642,90708488.20258515,0,False,2,0.9749734200506426,0,3.741568251284799e-06,1.0550040853444164e-08,4.124693799996749
729,28181.128255418196,2551.491177248224,30732.61943266642,237.4073640619355,0.21649847790120758,90708488.20258515,0,False,2,0.9751813266176402,0,3.7184102765582835e-06,1.0527778976871933e-08,4.129769099999976
730,28181.11746762034,2551.50164222638,30732.61910984672,237.4073186219007,0.21649843646315695,90708488.20258515,0,False,2,0.9753858002954143,0,3.695452070132048e-06,1.050413873920861e-08,4.134891699999571
731,28181.106585331196,2551.5122024623392,30732.618787793534,237.40727278384375,0.2164983946621387,90708488.20258515,0,False,2,0.9755869255256047,0,3.6726214701972765e-06,1.0479197557754625e-08,4.140144099997997
732,28181.095600225002,2551.5228663205107,30732.618466545515,237.40722651269485,0.21649835246617163,90708488.20258515,0,False,2,0.9757847840001912,0,3.64982197817858e-06,1.045299852101706e-08,4.145203000000038
733,28181.084506316874,2551.5336398241516,30732.618146141027,237.40717978324443,0.2164983098522665,90708488.20258515,0,False,2,0.9759794547725988,0,3.626952021849887e-06,1.0425551217333649e-08,4.150225599994883
734,28181.07330008231,2551.5445265368585,30732.617826619167,237.4071325806464,0.21649826680688472,90708488.20258515,0,False,2,0.9761710143634545,0,3.6039228693878676e-06,1.0396831734870682e-08,4.155459800000244
735,28181.061980462488,2551.5555275579477,30732.617508020434,237.40708490044054,0.21649822332595886,90708488.20258515,0,False,2,0.9763595368612947,0,3.580672316993617e-06,1.0366794499137755e-08,4.160541099998227
736,28181.050548762778,2551.566641624285,30732.617190387064,237.40703674812497,0.21649817941450283,90708488.20258515,0,False,2,0.9765450940185029,0,3.5571723483025247e-06,1.033538292675171e-08,4.165641999999934
737,28181.039008456013,2551.577865306971,30732.616873762985,237.40698813832762,0.21649813508585625,90708488.20258515,0,False,2,0.9767277553427384,0,3.533430196819749e-06,1.030254197320408e-08,4.17086809999455
738,28181.027364905487,2551.5891932879667,30732.616558193455,237.40693909363932,0.21649809036062034,90708488.20258515,0,False,2,0.9769075881841018,0,3.509483416221006e-06,1.0268228431501203e-08,4.175945299997693
739,28181.015625025233,2551.60061869922,30732.616243724453,237.40688964318298,0.2164980452653531,90708488.20258515,0,False,2,0.9770846578182681,0,3.4853904909572173e-06,1.0232418744926414e-08,4.181257600001118
740,28181.00379689665,2551.6121335053167,30732.615930401967,237.40683982099864,0.21649799983109658,90708488.20258515,0,False,2,0.9772590275258022,0,3.4612190746440215e-06,1.0195112676671708e-08,4.188060799999221
741,28180.99188936125,2551.6237289100495,30732.6156182713,237.40678966432804,0.21649795409181263,90708488.20258515,0,False,2,0.9774307586678609,0,3.437034104924951e-06,1.0156332599588149e-08,4.1938955999939935
742,28180.97991160897,2551.6353957675374,30732.61530737651,237.4067392118807,0.21649790808280148,90708488.20258515,0,False,2,0.9775999107584725,0,3.4128877961612973e-06,1.011611876118019e-08,4.200130199998966
743,28180.967872780395,2551.6471249796436,30732.61499776004,237.40668850215823,0.2164978618391739,90708488.20258515,0,False,2,0.9777665415335723,0,3.3888129744892487e-06,1.0074523956723763e-08,4.206204699999944
744,28180.95578159936,2551.658907863234,30732.614689462596,237.40663757190683,0.21649781539443977,90708488.20258515,0,False,2,0.9779307070169622,0,3.3648204868956644e-06,1.0031604651128594e-08,4.212451699997473
745,28180.94364604997,2551.6707364732224,30732.614382523192,237.40658645475685,0.21649776877926752,90708488.20258515,0,False,2,0.9780924615833548,0,3.340900640700447e-06,9.987415888805653e-09,4.218938599995454
746,28180.931473109205,2551.6826038702343,30732.61407697944,237.40653518009654,0.21649772202045717,90708488.20258515,0,False,2,0.9782518580186513,0,3.317027953518078e-06,9.942003244154698e-09,4.2252116999952705
747,28180.91926854301,2551.6945043248465,30732.613772867855,237.40648377221297,0.21649767514015678,90708488.20258515,0,False,2,0.9784089475775907,0,3.2931680108972373e-06,9.895402466438155e-09,4.231249599994044
748,28180.907036770535,2551.706433453707,30732.61347022424,237.40643224972038,0.21649762815534118,90708488.20258515,0,False,2,0.9785637800389086,0,3.2692850137605872e-06,9.847636638776095e-09,4.237324199995783
749,28180.894780797942,2551.7183882860872,30732.61316908403,237.40638062528117,0.21649758107755757,90708488.20258515,0,False,2,0.9787164037581244,0,3.2453486423998336e-06,9.798717953773255e-09,4.242794099998719
750,28180.882502219873,2551.730367262607,30732.61286948248,237.40632890561224,0.21649753391293128,90708488.20258515,0,False,2,0.9788668657180801,0,3.2213391453750234e-06,9.748651975025101e-09,4.248100099997828
751,28180.87020128408,2551.7423701706957,30732.612571454774,237.40627709175712,0.21649748666241397,90708488.20258515,0,False,2,0.9790152115773374,0,3.1972499896993634e-06,9.697441188373062e-09,4.253384099996765
752,28180.857877012164,2551.7543980238615,30732.612275036026,237.4062251795945,0.21649743932224724,90708488.20258515,0,False,2,0.9791614857165423,0,3.173087896289113e-06,9.645087842908892e-09,4.258459699995001
753,28180.845527367284,2551.7664528938158,30732.6119802611,237.40617316054477,0.21649739188460718,90708488.20258515,0,False,2,0.9793057312828535,0,3.148870556266416e-06,9.591600106484521e-09,4.263665200000105
754,28180.83314945842,2551.7785377060136,30732.611687164434,237.40612102243034,0.21649734433838863,90708488.20258515,0,False,2,0.9794479902325275,0,3.124622671592419e-06,9.53699171058684e-09,4.269051600000239
755,28180.82073976971,2551.790656010062,30732.61139577977,237.40606875044165,0.21649729667008638,90708488.20258515,0,False,2,0.9795883033717538,0,3.1003711853575995e-06,9.481285383218592e-09,4.274148699994839
756,28180.808294403123,2551.802811736844,30732.611106139968,237.40601632815932,0.21649724886472713,90708488.20258515,0,False,2,0.9797267103958175,0,3.0761406043743716e-06,9.424510007894247e-09,4.279343599999265
757,28180.795809322808,2551.8150089539963,30732.610818276804,237.4059637385835,0.21649720090680818,90708488.20258515,0,False,2,0.9798632499266725,0,3.051949203636218e-06,9.366700505265156e-09,4.2845133999944665
758,28180.783280590214,2551.8272516307197,30732.610532220933,237.4059109651241,0.21649715278120063,90708488.20258515,0,False,2,0.9799979595489997,0,3.027806665327459e-06,9.307893571612834e-09,4.289735699996527
759,28180.77070458004,2551.839543421779,30732.61024800182,237.40585799251053,0.21649710447397877,90708488.20258515,0,False,2,0.9801308758448195,0,3.003713407827019e-06,9.248127915599447e-09,4.295027599997411
760,28180.758078168794,2551.851887479079,30732.609965647873,237.40580480758592,0.21649705597314448,90708488.20258515,0,False,2,0.9802620344267278,0,2.9796615368698777e-06,9.18743786600723e-09,4.300173199997516
761,28180.745398889107,2551.864286297435,30732.60968518654,237.40575139995707,0.2164970072692199,90708488.20258515,0,False,2,0.9803914699698173,0,2.9556370909448134e-06,9.125854673865399e-09,4.3053029000002425
762,28180.7326650452,2551.876741599258,30732.60940664446,237.40569776248086,0.216496958355691,90708488.20258515,0,False,2,0.980519216242345,0,2.9316230631276774e-06,9.063404736821976e-09,4.310520399994857
763,28180.719875786835,2551.8892542608223,30732.60913004766,237.40564389157572,0.2164969092292917,90708488.20258515,0,False,2,0.9806453061352034,0,2.907602610847834e-06,9.000107941890694e-09,4.316025899999659
764,28180.70703114083,2551.9018242808174,30732.608855421648,237.40558978735456,0.21649685989012493,90708488.20258515,0,False,2,0.980769771690249,0,2.883561892826206e-06,8.935980979956263e-09,4.322233899998537
765,28180.69413200159,2551.914450789947,30732.608582791538,237.40553545358452,0.21649681034162604,90708488.20258515,0,False,2,0.98089264412754,0,2.859492103523145e-06,8.871036990648598e-09,4.3274425999989035
766,28180.681180083433,2551.9271320986277,30732.60831218206,237.40548089748657,0.21649676059038006,90708488.20258515,0,False,2,0.9810139538715308,0,2.8353904517529663e-06,8.805288284972303e-09,4.332504499994684
767,28180.66817783926,2551.939865778329,30732.608043617587,237.40542612939268,0.216496710645809,90708488.20258515,0,False,2,0.9811337305762713,0,2.8112600399278666e-06,8.738746463681823e-09,4.337862599997607
768,28180.655128351158,2551.952648770893,30732.60777712205,237.40537116228504,0.2164966605197517,90708488.20258515,0,False,2,0.9812520031496537,0,2.7871087905112423e-06,8.67142596853758e-09,4.344629799998074
769,28180.64203519957,2551.9654775193058,30732.607512718874,237.40531601124508,0.21649661022596128,90708488.20258515,0,False,2,0.9813687997767477,0,2.7629477089417335e-06,8.603343372054882e-09,4.350384899997152
770,28180.628902318036,2551.9783481128325,30732.60725043087,237.40526069284158,0.21649655977954738,90708488.20258515,0,False,2,0.9814841479422676,0,2.7387888542057976e-06,8.534518442880886e-09,4.3561831999977585
771,28180.615733840918,2551.9912564392425,30732.60699028016,237.4052052244892,0.21649650919639082,90708488.20258515,0,False,2,0.9815980744522028,0,2.7146433954748193e-06,8.464973553918711e-09,4.361379999994824
772,28180.602533951133,2552.0041983369924,30732.606732288124,237.40514962380715,0.2164964584925591,90708488.20258515,0,False,2,0.9817106054546547,0,2.6905200800144435e-06,8.394733208826715e-09,4.366441499994835
773,28180.58930673467,2552.017169740675,30732.606476475346,237.4050939080064,0.2164964076837474,90708488.20258515,0,False,2,0.9818217664599063,0,2.666424329529495e-06,8.323822976641684e-09,4.371564599998237
774,28180.576056047852,2552.0301668137363,30732.60622286159,237.4050380933305,0.21649635678476864,90708488.20258515,0,False,2,0.9819315823597653,0,2.6423580499787877e-06,8.252269728529284e-09,4.376570299995365
775,28180.56278540242,2552.0431860634267,30732.605971465848,237.40498219457157,0.21649630580911222,90708488.20258515,0,False,2,0.9820400774462043,0,2.618320116308416e-06,8.180098323278146e-09,4.381538999994518
776,28180.549497872365,2552.056224433989,30732.605722306354,237.40492622467784,0.21649625476858597,90708488.20258515,0,False,2,0.9821472754293311,0,2.594307368963729e-06,8.107333738053592e-09,4.387140899998485
777,28180.53619602528,2552.0692793753565,30732.605475400636,237.40487019446454,0.21649620367305258,90708488.20258515,0,False,2,0.9822531994547181,0,2.570315900109829e-06,8.033998819268531e-09,4.392292199998337
778,28180.52288187974,2552.0823488858146,30732.605230765555,237.40481411243428,0.21649615253026586,90708488.20258515,0,False,2,0.9823578721201132,0,2.5463423742264816e-06,7.960115229585063e-09,4.397413200000301
779,28180.509556888966,2552.095431528359,30732.604988417326,237.40475798470834,0.21649610134580793,90708488.20258515,0,False,2,0.9824613154915618,0,2.5223851465221262e-06,7.88570403979048e-09,4.402974099997664
780,28180.496221949903,2552.1085264216404,30732.604748371545,237.40470181506475,0.21649605012312415,90708488.20258515,0,False,2,0.9825635511189639,0,2.4984450074842335e-06,7.810785373671573e-09,4.408083199996327
781,28180.482877435723,2552.121633207452,30732.604510643174,237.4046456050754,0.21649599886364787,90708488.20258515,0,False,2,0.9826646000510836,0,2.4745254554383555e-06,7.735379828517182e-09,4.413220399997954
782,28180.46952324891,2552.1347519976184,30732.60427524653,237.4045893543295,0.2164959475670046,90708488.20258515,0,False,2,0.9827644828500429,0,2.450632494680537e-06,7.659508475118201e-09,4.4184451999972225
783,28180.456158891328,2552.1478833038937,30732.60404219522,237.40453306072877,0.2164958962312808,90708488.20258515,0,False,2,0.9828632196053112,0,2.4267740346071314e-06,7.583194278270227e-09,4.423615799998515
784,28180.442783547158,2552.1610279549727,30732.60381150213,237.40447672083675,0.21649584485334264,90708488.20258515,0,False,2,0.9829608299472161,0,2.4029590254653917e-06,7.506460913021402e-09,4.428691499997512
785,28180.429396174302,2552.1741870050546,30732.603583179356,237.40442033026386,0.21649579342918718,90708488.20258515,0,False,2,0.9830573330599938,0,2.3791964984264127e-06,7.4293338300494355e-09,4.434079599996039
786,28180.415995599702,2552.187361638486,30732.60335723819,237.4043638840689,0.21649574195430837,90708488.20258515,0,False,2,0.9831527476943955,0,2.3554946782043197e-06,7.351839427035081e-09,4.439158399996813
787,28180.402580614136,2552.2005530749198,30732.603133689056,237.40430737715832,0.21649569042406128,90708488.20258515,0,False,2,0.9832470921798697,0,2.3318603030637026e-06,7.2740057589135036e-09,4.4441302999985055
788,28180.389150062445,2552.213762479088,30732.602912541533,237.40425080466628,0.2164956388340086,90708488.20258515,0,False,2,0.9833403844363346,0,2.3082982452107476e-06,7.195860407120272e-09,4.449559099994076
789,28180.37570292545,2552.2269908788858,30732.602693804336,237.40419416229972,0.21649558718023537,90708488.20258515,0,False,2,0.9834326419855582,0,2.284811459662245e-06,7.117431544968337e-09,4.454774499994528
790,28180.3622383905,2552.240239094828,30732.60247748533,237.4041374466355,0.21649553545961994,90708488.20258515,0,False,2,0.9835238819621621,0,2.261401232860569e-06,7.038746753895761e-09,4.459849200000463
791,28180.3487559083,2552.2535076832564,30732.602263591558,237.40408065535985,0.2164954836700523,90708488.20258515,0,False,2,0.9836141211242594,0,2.2380676569811265e-06,6.9598326683399784e-09,4.465128499999992
792,28180.335255234342,2552.26679689493,30732.602052129274,237.40402378744275,0.2164954318105932,90708488.20258515,0,False,2,0.9837033758637466,0,2.2148102226040785e-06,6.88071521248818e-09,4.47017909999704
793,28180.321736454094,2552.280106649857,30732.601843103952,237.4039668432442,0.21649537988157086,90708488.20258515,0,False,2,0.9837916622162577,0,2.191628414359997e-06,6.801419600277254e-09,4.475370000000112
794,28180.308199991905,2552.2934365284127,30732.601636520318,237.40390982455156,0.21649532788461526,90708488.20258515,0,False,2,0.9838789958707959,0,2.1685222114942508e-06,6.721970217018495e-09,4.483288499999617
795,28180.294646604256,2552.3067857781252,30732.60143238238,237.4038527345513,0.2164952758226322,90708488.20258515,0,False,2,0.9839653921790542,0,2.145492409328777e-06,6.642390382647083e-09,4.491418699995847
796,28180.281077358624,2552.320153334802,30732.601230693428,237.40379557773977,0.2164952236997221,90708488.20258515,0,False,2,0.9840508661644373,0,2.1225407327694083e-06,6.56270353547432e-09,4.497036299995671
797,28180.26749359992,2552.333537856135,30732.601031456055,237.40373835978204,0.21649517152105105,90708488.20258515,0,False,2,0.9841354325307938,0,2.099669741748401e-06,6.4829322851857585e-09,4.502626900000905
798,28180.25389690666,2552.346937765485,30732.600834672143,237.4036810873271,0.21649511929268242,90708488.20258515,0,False,2,0.9842191056708731,0,2.076882567164729e-06,6.40309983334393e-09,4.508226499994635
799,28180.240289039637,2552.3603513032335,30732.60064034287,237.40362376779188,0.21649506702138,90708488.20258515,0,False,2,0.9843018996745135,0,2.054182541233904e-06,6.323229026386471e-09,4.5135568999976385
800,28180.22667188584,2552.3737765828855,30732.600448468726,237.4035664091247,0.216495014714392,90708488.20258515,0,False,2,0.9843838283365739,0,2.0315728037039524e-06,6.243342237250854e-09,4.518791399998008
801,28180.213047400393,2552.3872116491107,30732.600259049505,237.403509019561,0.2164949623792286,90708488.20258515,0,False,2,0.9844649051646158,0,2.0090559522691314e-06,6.16346219400098e-09,4.523965899999894
802,28180.199417549346,2552.4006545349516,30732.600072084297,237.40345160738227,0.21649491002344193,90708488.20258515,0,False,2,0.9845451433863492,0,1.9866338009790117e-06,6.0836117430767005e-09,4.528959199997189
803,28180.185784255904,2552.414103315652,30732.599887571556,237.40339418068945,0.21649485765441945,90708488.20258515,0,False,2,0.9846245559568461,0,1.964307278858141e-06,6.003811600164293e-09,4.534005499997875
804,28180.172149352184,2552.4275561568634,30732.59970550905,237.40333674719983,0.2164948052791988,90708488.20258515,0,False,2,0.9847031555655302,0,1.942076481990003e-06,5.924084138203955e-09,4.539106099997298
805,28180.158514538576,2552.441011355351,30732.599525893926,237.40327931407592,0.2164947529043116,90708488.20258515,0,False,2,0.9847809546429579,0,1.91994085457305e-06,5.844449362631744e-09,4.544215299996722
806,28180.144881351942,2552.4544673707946,30732.599348722735,237.40322188779132,0.2164947005356614,90708488.20258515,0,False,2,0.9848579653673867,0,1.8978994655566249e-06,5.764926923758525e-09,4.549308299996483
807,28180.1312511437,2552.4679228477394,30732.59917399144,237.40316447403853,0.21649464817843928,90708488.20258515,0,False,2,0.9849341996711478,0,1.8759513240505759e-06,5.685535880019459e-09,4.554562099998293
808,28180.11762506819,2552.481376627242,30732.59900169543,237.40310707767998,0.21649459583707947,90708488.20258515,0,False,2,0.9850096692468265,0,1.854095683769818e-06,5.606294697973954e-09,4.559675899996364
809,28180.104004081288,2552.494827748273,30732.59883182956,237.40304970274198,0.21649454351525366,90708488.20258515,0,False,2,0.9850843855532553,0,1.832332287005461e-06,5.527221133930388e-09,4.564771199999086
810,28180.090388948815,2552.5082754393575,30732.598664388173,237.4029923524504,0.21649449121590364,90708488.20258515,0,False,2,0.9851583598213295,0,1.810661516439949e-06,5.44833152369461e-09,4.570488499994099
811,28180.076780263724,2552.5217191013503,30732.598499365075,237.40293502930297,0.2164944389413071,90708488.20258515,0,False,2,0.9852316030596494,0,1.7890844385204713e-06,5.369643505200446e-09,4.5756091000002925
812,28180.063178470984,2552.5351582826056,30732.59833675359,237.40287773517397,0.21649438669317334,90708488.20258515,0,False,2,0.9853041260599963,0,1.7676027458580189e-06,5.2911727040029186e-09,4.580679300001066
813,28180.04958389849,2552.548592648037,30732.598176546526,237.40282047144464,0.21649433447276184,90708488.20258515,0,False,2,0.9853759394026456,0,1.7462186170601685e-06,5.2129358110344995e-09,4.5861354999942705
814,28180.035996792423,2552.5620219437747,30732.598018736197,237.40276323915197,0.21649428228101833,90708488.20258515,0,False,2,0.9854470534615268,0,1.724934528558554e-06,5.134949162102187e-09,4.591720199998235
815,28180.022417355227,2552.5754459592104,30732.597863314437,237.4027060391487,0.21649423011872046,90708488.20258515,0,False,2,0.9855174784092318,0,1.7037530536145956e-06,5.057228146011262e-09,4.597510599996895
816,28180.008845784334,2552.588864488239,30732.597710272574,237.40264887226652,0.21649417798662665,90708488.20258515,0,False,2,0.9855872242218772,0,1.6826766853053003e-06,4.979789335319646e-09,4.603277299996989
817,28179.995282310018,2552.6022772914425,30732.59755960146,237.4025917394754,0.21649412588562142,90708488.20258515,0,False,2,0.9856563006838277,0,1.6617077103408572e-06,4.90264811883301e-09,4.608724899997469
818,28179.981727230646,2552.6156840608223,30732.59741129147,237.40253464203218,0.21649407381685093,90708488.20258515,0,False,2,0.985724717392284,0,1.6408481491465038e-06,4.825820240482924e-09,4.614904699999897
819,28179.968180944044,2552.6290843884694,30732.597265332515,237.40247758161263,0.21649402178184338,90708488.20258515,0,False,2,0.9857924837617377,0,1.6200997645263115e-06,4.749320497199128e-09,4.621998499998881
820,28179.954643973695,2552.6424777403345,30732.59712171403,237.4024205604218,0.21649396978260962,90708488.20258515,0,False,2,0.9858596090283016,0,1.5994641298427136e-06,4.673164632913454e-09,4.6275657000005594
821,28179.941116989074,2552.6558634359476,30732.59698042502,237.40236358127976,0.2164939178217213,90708488.20258515,0,False,2,0.9859261022539157,0,1.5789427367888035e-06,4.597366379178632e-09,4.632830099995772
822,28179.92760081939,2552.669240634642,30732.59684145403,237.40230664767935,0.21649386590236372,90708488.20258515,0,False,2,0.9859919723304367,0,1.5585371172996663e-06,4.5219410064256764e-09,4.63801109999622
823,28179.914096460678,2552.6826083285137,30732.59670478919,237.40224976381617,0.21649381402836293,90708488.20258515,0,False,2,0.98605722798361,0,1.5382489566314826e-06,4.446901772706442e-09,4.6430780999944545
824,28179.900605076156,2552.6959653420413,30732.596570418198,237.40219293459003,0.21649376220418717,90708488.20258515,0,False,2,0.9861218777769333,0,1.518080174124693e-06,4.372262883074791e-09,4.648514000000432
825,28179.887127990325,2552.709310338011,30732.596438328335,237.40213616558015,0.21649371043492432,90708488.20258515,0,False,2,0.9861859301154119,0,1.4980329591081533e-06,4.298037832333106e-09,4.653968399994483
826,28179.87366667737,2552.7226418291225,30732.59630850649,237.40207946299614,0.2164936587262371,90708488.20258515,0,False,2,0.9862493932492103,0,1.4781097575666847e-06,4.2242394050322555e-09,4.659027800000331
827,28179.86022274468,2552.735958194456,30732.596180939134,237.4020228336089,0.2164936070843001,90708488.20258515,0,False,2,0.9863122752772026,0,1.4583132124519898e-06,4.150881214349829e-09,4.664366999997583
828,28179.84679791254,2552.749257699808,30732.59605561235,237.40196628466472,0.2164935555157214,90708488.20258515,0,False,2,0.9863745841504266,0,1.4386460701534888e-06,4.077975808086118e-09,4.669647099995927
829,28179.83339399103,2552.762538520793,30732.595932511824,237.4019098237882,0.21649350402745404,90708488.20258515,0,False,2,0.9864363276754428,0,1.419111072259317e-06,4.005536207542356e-09,4.67470350000076
830,28179.8200128553,2552.7757987675573,30732.595811622858,237.40185345887804,0.21649345262670114,90708488.20258515,0,False,2,0.9864975135176035,0,1.3997108475045485e-06,3.93357484214344e-09,4.679898299997149
831,28179.806656420442,2552.789036509951,30732.595692930394,237.4017971980012,0.21649340132081915,90708488.20258515,0,False,2,0.9865581492042313,0,1.3804478238285436e-06,3.86210343106266e-09,4.685229299997445
832,28179.793326616928,2552.8022498020523,30732.59557641898,237.4017410492894,0.21649335011722365,90708488.20258515,0,False,2,0.9866182421277148,0,1.361324173166629e-06,3.791134877225719e-09,4.690428099995188
833,28179.780025367807,2552.8154367050283,30732.595462072837,237.40168502084313,0.21649329902330167,90708488.20258515,0,False,2,0.9866777995485188,0,1.342341793319148e-06,3.7206795976778826e-09,4.695764199997939
834,28179.766754568336,2552.8285953074715,30732.595349875806,237.40162912064582,0.21649324804633355,90708488.20258515,0,False,2,0.9867368285981162,0,1.3235023304200848e-06,3.6507502585940866e-09,4.700889799998549
835,28179.753516068915,2552.841723742493,30732.59523981141,237.40157335649195,0.21649319719342727,90708488.20258515,0,False,2,0.9867953362818408,0,1.3048072323217378e-06,3.581357040268784e-09,4.706024099999922
836,28179.740311661793,2552.8548202010634,30732.595131862858,237.40151773593107,0.21649314647146747,90708488.20258515,0,False,2,0.9868533294816652,0,1.2862578240754494e-06,3.5125101229962413e-09,4.711251699998684
837,28179.727143071752,2552.867882941273,30732.595026013027,237.4014622662285,0.21649309588707966,90708488.20258515,0,False,2,0.9869108149589054,0,1.267855392142563e-06,3.4442203973220673e-09,4.716862999994191
838,28179.714011951102,2552.8809102934006,30732.5949222445,237.4014069543443,0.21649304544661088,90708488.20258515,0,False,2,0.9869677993568551,0,1.249601264339504e-06,3.376497333288608e-09,4.7225605999992695
839,28179.70091987872,2552.8939006608684,30732.594820539587,237.40135180692937,0.21649299515612624,90708488.20258515,0,False,2,0.9870242892033497,0,1.2314968737915798e-06,3.309350045812219e-09,4.728078799998912
840,28179.68786836297,2552.9068525173448,30732.594720880315,237.40129683033734,0.21649294502141983,90708488.20258515,0,False,2,0.9870802909132663,0,1.2135438011549196e-06,3.24278741305851e-09,4.733113399997819
841,28179.674858848026,2552.919764400401,30732.594623248428,237.40124203065167,0.21649289504803934,90708488.20258515,0,False,2,0.9871358107909564,0,1.195743792049789e-06,3.1768189050691335e-09,4.739341899999999
842,28179.661892723136,2552.9326349022977,30732.594527625435,237.40118741372436,0.21649284524132134,90708488.20258515,0,False,2,0.9871908550326172,0,1.1780987527551366e-06,3.1114519795061237e-09,4.745878499998071
843,28179.648971334074,2552.9454626585184,30732.59443399259,237.40113298522428,0.21649279560643547,90708488.20258515,0,False,2,0.9872454297286025,0,1.1606107281001715e-06,3.046695041033304e-09,4.752916699995694
844,28179.636095996135,2552.958246334785,30732.59434233092,237.40107875069202,0.21649274614843433,90708488.20258515,0,False,2,0.9872995408656738,0,1.1432818723585808e-06,2.9825555473121646e-09,4.758465099999739
845,28179.623268007927,2552.970984613284,30732.59425262121,237.40102471559774,0.2164926968723063,90708488.20258515,0,False,2,0.987353194329194,0,1.1261144200548211e-06,2.919041311129688e-09,4.763567299996794
846,28179.610488665192,2552.9836761788424,30732.594164844035,237.4009708853997,0.21649264778302893,90708488.20258515,0,False,2,0.9874063959052665,0,1.1091106666301043e-06,2.8561589615199863e-09,4.768647999997484
847,28179.597759274002,2552.9963197057477,30732.59407897975,237.40091726559947,0.2164925988856193,90708488.20258515,0,False,2,0.9874591512828198,0,1.0922729602161641e-06,2.7939159561436827e-09,4.773775099994964
848,28179.585081162673,2553.0089138458443,30732.593995008516,237.40086386179252,0.21649255018518002,90708488.20258515,0,False,2,0.9875114660556398,0,1.0756037132055998e-06,2.7323184505332526e-09,4.778803199995309
849,28179.572455691865,2553.0214572184336,30732.5939129103,237.40081067971047,0.21649250168693793,90708488.20258515,0,False,2,0.9875633457243508,0,1.0591054268775013e-06,2.6713728369713765e-09,4.783897599998454
850,28179.559884262464,2553.0339484024153,30732.59383266488,237.40075772525438,0.21649245339627438,90708488.20258515,0,False,2,0.9876147956983485,0,1.0427807278985892e-06,2.6110851526146427e-09,4.7891846999991685
851,28179.547368320902,2553.046385930957,30732.59375425186,237.40070500451722,0.21649240531874572,90708488.20258515,0,False,2,0.987665821297684,0,1.0266324098025216e-06,2.5514611978688e-09,4.794204699996044
852,28179.53490936179,2553.0587682888795,30732.59367765067,237.40065252379486,0.21649235746009335,90708488.20258515,0,False,2,0.9877164277549009,0,1.0106634740800908e-06,2.492506418013492e-09,4.799219199994695
853,28179.522508927796,2553.071093912788,30732.593602840585,237.4006002895856,0.2164923098262432,90708488.20258515,0,False,2,0.987766620216829,0,9.948771605418626e-07,2.4342262583280356e-09,4.804452099997434
854,28179.510168606852,2553.0833611938674,30732.59352980072,237.40054830857846,0.21649226242329525,90708488.20258515,0,False,2,0.9878164037463318,0,9.79276966205987e-07,2.376625453839849e-09,4.809543099996517
855,28179.497890026898,2553.0955684831397,30732.593458510037,237.40049658763098,0.21649221525750303,90708488.20258515,0,False,2,0.9878657833240136,0,9.638666468813815e-07,2.3197093314523246e-09,4.814668099999835
856,28179.485674848464,2553.107714098894,30732.593388947356,237.40044513373795,0.2164921683352453,90708488.20258515,0,False,2,0.9879147638498831,0,9.486502015068448e-07,2.263482271066429e-09,4.819993799996155
857,28179.473524755475,2553.1197963358954,30732.59332109137,237.40039395399273,0.2164921216629907,90708488.20258515,0,False,2,0.9879633501449782,0,9.336318410625397e-07,2.207948534207526e-09,4.825176399994234
858,28179.461441444688,2553.13181347594,30732.593254920626,237.40034305554272,0.21649207524725714,90708488.20258515,0,False,2,0.9880115469529512,0,9.188159486873922e-07,2.153112974276954e-09,4.830236800000421
859,28179.449426614272,2553.1437637992826,30732.593190413554,237.4002924455413,0.216492029094568,90708488.20258515,0,False,2,0.9880593589416159,0,9.042070311459205e-07,2.098979142547826e-09,4.836222799996904
860,28179.437481952024,2553.155645596436,30732.593127548458,237.4002421310982,0.2164919832114068,90708488.20258515,0,False,2,0.9881067907044573,0,8.898096704655912e-07,2.0455513005444906e-09,4.842119799999637
861,28179.425609123653,2553.167457179872,30732.593066303525,237.40019211922998,0.21649193760417224,90708488.20258515,0,False,2,0.9881538467621062,0,8.756284816647937e-07,1.9928332362899063e-09,4.847687199995562
862,28179.413809761678,2553.179196895157,30732.593006656836,237.40014241681354,0.21649189227913546,90708488.20258515,0,False,2,0.9882005315637787,0,8.616680744824856e-07,1.9408283826809023e-09,4.855963099995279
863,28179.402085455244,2553.190863131126,30732.59294858637,237.40009303054305,0.2164918472424011,90708488.20258515,0,False,2,0.9882468494886808,0,8.479330271963614e-07,1.8895400542387035e-09,4.864103100000648
864,28179.390437741262,2553.202454328754,30732.592892070017,237.40004396689255,0.21649180249987302,90708488.20258515,0,False,2,0.9882928048473806,0,8.34427867540701e-07,1.8389712103584047e-09,4.87107969999488
865,28179.378868097112,2553.213968988443,30732.592837085554,237.3999952320855,0.21649175805722656,90708488.20258515,0,False,2,0.9883384018831489,0,8.21157061624729e-07,1.7891254023110814e-09,4.8765261999942595
866,28179.367377935152,2553.2254056755546,30732.592783610708,237.39994683207135,0.2164917139198872,90708488.20258515,0,False,2,0.9883836447732678,0,8.081250069039697e-07,1.740004405738511e-09,4.88156579999486
867,28179.355968599037,2553.2367630240715,30732.59273162311,237.39989877251017,0.2164916700930165,90708488.20258515,0,False,2,0.9884285376303082,0,7.953360268553546e-07,1.6916111800347743e-09,4.887357899999188
868,28179.344641361946,2553.248039738388,30732.592681100334,237.3998510587652,0.2164916265815054,90708488.20258515,0,False,2,0.9884730845033793,0,7.827943629127012e-07,1.6439477375915017e-09,4.892372599999362
869,28179.333397426628,2553.2592345932785,30732.592632019907,237.39980369590296,0.21649158338997415,90708488.20258515,0,False,2,0.9885172893793485,0,7.7050416409028e-07,1.5970154989236636e-09,4.897392200000468
870,28179.322237927085,2553.270346432197,30732.59258435928,237.39975668870045,0.21649154052277905,90708488.20258515,0,False,2,0.9885611561840327,0,7.584694691587526e-07,1.5508169499232836e-09,4.902645099995425
871,28179.3111639318,2553.2813741640975,30732.592538095898,237.39971004165864,0.21649149798402464,90708488.20258515,0,False,2,0.9886046887833632,0,7.466941870984905e-07,1.5053524457272818e-09,4.9076765999998315
872,28179.300176448116,2553.292316759037,30732.592493207154,237.399663759021,0.21649145577758072,90708488.20258515,0,False,2,0.9886478909845237,0,7.351820724130268e-07,1.4606234068496352e-09,4.912712199999078
873,28179.289276427568,2553.303173242847,30732.592449670414,237.3996178447959,0.21649141390710258,90708488.20258515,0,False,2,0.9886907665370621,0,7.239366994878115e-07,1.4166308986782005e-09,4.917912599994452
874,28179.278464771858,2553.313942691185,30732.592407463042,237.3995723027818,0.21649137237605415,90708488.20258515,0,False,2,0.9887333191339783,0,7.129614398471118e-07,1.3733749212231201e-09,4.923012200000812
875,28179.26774233913,2553.3246242232776,30732.592366562407,237.39952713659363,0.216491331187732,90708488.20258515,0,False,2,0.9887755524127849,0,7.022594429720648e-07,1.3308553561189468e-09,4.927999699997599
876,28179.257109950184,2553.3352169956793,30732.59232694586,237.39948234968915,0.21649129034528936,90708488.20258515,0,False,2,0.9888174699565481,0,6.918336240503444e-07,1.289072676876247e-09,4.933173599994916
877,28179.246568394476,2553.345720196319,30732.592288590793,237.39943794539394,0.2164912498517589,90708488.20258515,0,False,2,0.9888590752949011,0,6.816866585336388e-07,1.248025818126814e-09,4.938277900000685
878,28179.236118435496,2553.356133039103,30732.592251474598,237.39939392692432,0.2164912097100737,90708488.20258515,0,False,2,0.9889003719050378,0,6.718209856652176e-07,1.2077144247537267e-09,4.943379399999685
879,28179.22576081544,2553.3664547592803,30732.59221557472,237.39935029740684,0.21649116992308495,90708488.20258515,0,False,2,0.9889413632126827,0,6.622388168035958e-07,1.1681369578870939e-09,4.948781499995675
880,28179.21549625891,2553.376684609736,30732.592180868643,237.39930705989397,0.21649113049357624,90708488.20258515,0,False,2,0.9889820525930406,0,6.529421503782215e-07,1.1292922337825203e-09,4.9540572999976575
881,28179.205325475574,2553.386821858332,30732.592147333904,237.39926421737525,0.21649109142427386,90708488.20258515,0,False,2,0.989022443371725,0,6.439327872464187e-07,1.0911783584437125e-09,4.95921190000081
882,28179.19524916177,2553.3968657863315,30732.5921149481,237.39922177278413,0.2164910527178529,90708488.20258515,0,False,2,0.989062538825665,0,6.352123463807522e-07,1.053793437874083e-09,4.964263299996674
883,28179.185268000976,2553.406815687926,30732.5920836889,237.3991797289998,0.216491014376939,90708488.20258515,0,False,2,0.9891023421839937,0,6.267822788225278e-07,1.0171351045756874e-09,4.969481000000087
884,28179.175382663263,2553.4166708708026,30732.592053534067,237.39913808884506,0.21649097640410628,90708488.20258515,0,False,2,0.9891418566289175,0,6.186438749892389e-07,9.81200517549229e-10,4.974752699999954
885,28179.165593803766,2553.4264306576556,30732.59202446142,237.39909685507973,0.21649093880187154,90708488.20258515,0,False,2,0.9891810852965646,0,6.107982681726923e-07,9.459874276714687e-10,4.980364099996223
886,28179.155902060404,2553.436094388502,30732.591996448908,237.39905603039116,0.21649090157268544,90708488.20258515,0,False,2,0.9892200312778167,0,6.032464312078618e-07,9.114920469404191e-10,4.985916499994346
887,28179.146308050913,2553.445661423645,30732.591969474557,237.39901561738168,0.21649086471892112,90708488.20258515,0,False,2,0.9892586976191228,0,5.959891667892301e-07,8.777115343559641e-10,4.991328299998713
888,28179.136812369463,2553.455131147065,30732.591943516527,237.39897561855426,0.21649082824286114,90708488.20258515,0,False,2,0.9892970873232942,0,5.890270961816261e-07,8.446417467897822e-10,4.9966967000000295
889,28179.12741558299,2553.464502970083,30732.591918553073,237.3989360362973,0.21649079214668351,90708488.20258515,0,False,2,0.9893352033502844,0,5.823606405374765e-07,8.12279488115438e-10,5.0021198999966145
890,28179.11811822754,2553.4737763350404,30732.59189456258,237.398896872869,0.21649075643244756,90708488.20258515,0,False,2,0.9893730486179503,0,5.759900039337361e-07,7.806204968288366e-10,5.008070899995801
891,28179.108920804734,2553.482950718841,30732.591871523575,237.39885813038248,0.2164907211020803,90708488.20258515,0,False,2,0.9894106260027984,0,5.699151525587263e-07,7.496603930503702e-10,5.013467599994328
892,28179.099823778546,2553.492025636147,30732.591849414694,237.39881981079242,0.21649068615736428,90708488.20258515,0,False,2,0.9894479383407154,0,5.641357955105347e-07,7.193952704012664e-10,5.01896719999786
893,28179.090827572658,2553.501000642088,30732.591828214747,237.39878191588372,0.21649065159992714,90708488.20258515,0,False,2,0.9894849884276828,0,5.58651364958198e-07,6.898196836240345e-10,5.02510600000096
894,28179.081932568304,2553.5098753343427,30732.591807902645,237.39874444726243,0.21649061743123357,90708488.20258515,0,False,2,0.9895217790204763,0,5.534609956740275e-07,6.609303182157881e-10,5.030524999994668
895,28179.073139102973,2553.518649354511,30732.591788457485,237.39870740635035,0.2164905836525801,90708488.20258515,0,False,2,0.9895583128373504,0,5.485635050969189e-07,6.327211370422509e-10,5.036118600000918
896,28179.064447469802,2553.5273223887043,30732.591769858507,237.39867079438253,0.21649055026509298,90708488.20258515,0,False,2,0.9895945925587106,0,5.43957371669333e-07,6.051874050968847e-10,5.041589599997678
897,28179.055857917756,2553.5358941673403,30732.591752085096,237.39863461240782,0.21649051726972873,90708488.20258515,0,False,2,0.9896306208277688,0,5.396407124204079e-07,5.783245057482153e-10,5.046928899995692
898,28179.04737065266,2553.544364464157,30732.591735116817,237.39859886129346,0.21649048466727822,90708488.20258515,0,False,2,0.9896664002511865,0,5.356112595992241e-07,5.521265202366138e-10,5.052434799996263
899,28179.038985838903,2553.552733094487,30732.59171893339,237.39856354173207,0.216490452458373,90708488.20258515,0,False,2,0.9897019333997055,0,5.318663362656522e-07,5.265884768044063e-10,5.058128699994995
900,28179.030703601835,2553.5609999128765,30732.59170351471,237.39852865425192,0.21649042064349489,90708488.20258515,0,False,2,0.9897372228087635,0,5.284028318395152e-07,5.017044566915818e-10,5.064273099997081
901,28179.022524030697,2553.569164810147,30732.591688840843,237.39849419922905,0.2164903892229868,90708488.20258515,0,False,2,0.9897722709790996,0,5.252171795863042e-07,4.774692513895603e-10,5.070682099998521
902,28179.01444718201,2553.577227710023,30732.59167489203,237.39846017690178,0.21649035819706602,90708488.20258515,0,False,2,0.9898070803773446,0,5.223053365187857e-07,4.53876823762705e-10,5.075746499998786
903,28179.006473083246,2553.5851885654565,30732.5916616487,237.39842658738598,0.21649032756583825,90708488.20258515,0,False,2,0.9898416534366021,0,5.196627673359009e-07,4.309213734257471e-10,5.0807274999970105
904,28178.99860173666,2553.593047354796,30732.591649091457,237.39839343069136,0.21649029732931233,90708488.20258515,0,False,2,0.9898759925570155,0,5.172844344973588e-07,4.085969816179855e-10,5.086027799996373
905,28178.99083312315,2553.6008040779357,30732.591637201083,237.3983607067376,0.216490267487415,90708488.20258515,0,False,2,0.9899101001063246,0,5.151647952988452e-07,3.8689784795383094e-10,5.091093700000783
906,28178.98316720601,2553.608458752582,30732.591625958594,237.39832841537032,0.2164902380400055,90708488.20258515,0,False,2,0.9899439784204114,0,5.132978066431147e-07,3.6581651479377464e-10,5.096473599995079
907,28178.975603934392,2553.616011410748,30732.59161534514,237.39829655637544,0.21649020898688862,90708488.20258515,0,False,2,0.989977629803833,0,5.116769370083813e-07,3.453484838798896e-10,5.102015299999039
908,28178.96814324651,2553.6234620956116,30732.591605342124,237.39826512949293,0.2164901803278272,90708488.20258515,0,False,2,0.9900110565303464,0,5.102951886325676e-07,3.25485587320765e-10,5.1070820999957505
909,28178.96078507232,2553.630810858788,30732.591595931106,237.39823413442787,0.2164901520625523,90708488.20258515,0,False,2,0.9900442608434212,0,5.091451240288814e-07,3.062227349818535e-10,5.112089299997024
910,28178.9535293358,2553.638057758105,30732.591587093902,237.39820357086023,0.2164901241907721,90708488.20258515,0,False,2,0.9900772449567418,0,5.082189014180796e-07,2.8755152222093973e-10,5.117354599999089
911,28178.946375956584,2553.6452028559115,30732.591578812495,237.39817343845164,0.21649009671217798,90708488.20258515,0,False,2,0.9901100110547005,0,5.075083142675239e-07,2.694666221526846e-10,5.12247949999437
912,28178.939324851166,2553.652246217933,30732.5915710691,237.3981437368505,0.21649006962644934,90708488.20258515,0,False,2,0.9901425612928814,0,5.070048362089944e-07,2.5196034038624443e-10,5.127476999994542
913,28178.932375933487,2553.6591879126704,30732.59156384616,237.39811446569448,0.21649004293325577,90708488.20258515,0,False,2,0.9901748977985322,0,5.06699667972291e-07,2.350254560317385e-10,5.13272169999982
914,28178.925529115004,2553.6660280113065,30732.59155712631,237.39808562461073,0.21649001663225725,90708488.20258515,0,False,2,0.99020702267103,0,5.065837870297813e-07,2.1865545845079356e-10,5.137779899996531
915,28178.918784304384,2553.672766588069,30732.59155089245,237.3980572132147,0.2164899907231031,90708488.20258515,0,False,2,0.9902389379823359,0,5.066479989089905e-07,2.0284194300062177e-10,5.142788199998904
916,28178.912141406705,2553.6794037209934,30732.5915451277,237.39802923110673,0.21648996520542882,90708488.20258515,0,False,2,0.9902706457774411,0,5.068829882554489e-07,1.875778071662995e-10,5.147845599996799
917,28178.90560032239,2553.6859394929925,30732.59153981538,237.39800167786748,0.21648994007885206,90708488.20258515,0,False,2,0.9903021480748041,0,5.072793699101722e-07,1.7285618518334823e-10,5.153062299999874
918,28178.89916094594,2553.692373993158,30732.5915349391,237.39797455305276,0.2164899153429677,90708488.20258515,0,False,2,0.9903334468667806,0,5.078277400491156e-07,1.5866808053234866e-10,5.1580942000000505
919,28178.892823164468,2553.698707318204,30732.59153048267,237.3979478561871,0.21648989099734217,90708488.20258515,0,False,2,0.9903645441200436,0,5.085187249109855e-07,1.4500662744864725e-10,5.1638040999969235
920,28178.88658685622,2553.7049395739505,30732.591526430173,237.3979215867579,0.21648986704150802,90708488.20258515,0,False,2,0.9903954417759961,0,5.093430285585519e-07,1.3186318453846677e-10,5.1692445000007865
921,28178.880451889145,2553.7110708767805,30732.591522765924,237.3978957442089,0.216489843474958,90708488.20258515,0,False,2,0.9904261417511763,0,5.102914775999037e-07,1.1923005741010975e-10,5.174577599995246
922,28178.87441811951,2553.7171013549782,30732.59151947449,237.39787032793495,0.21648982029714023,90708488.20258515,0,False,2,0.9904566459376537,0,5.113550634299938e-07,1.0709919654599793e-10,5.180468599995947
923,28178.868485390813,2553.7230311498965,30732.59151654071,237.39784533727686,0.21648979750745356,90708488.20258515,0,False,2,0.9904869562034191,0,5.12524980525578e-07,9.546148705105828e-11,5.186769399995683
924,28178.862653532757,2553.728860416886,30732.591513949643,237.39782077151744,0.216489775105244,90708488.20258515,0,False,2,0.9905170743927663,0,5.137926603841301e-07,8.4310063160276e-11,5.193698199997016
925,28178.85692236069,2553.7345893259653,30732.591511686656,237.39779662987897,0.21648975308980228,90708488.20258515,0,False,2,0.9905470023266669,0,5.151498008891346e-07,7.363474460102676e-11,5.199992299996666
926,28178.851291675135,2553.7402180621943,30732.59150973733,237.39777291152137,0.21648973146036238,90708488.20258515,0,False,2,0.9905767418031377,0,5.165883905987555e-07,6.342866560817893e-11,5.206380899995565
927,28178.84576126177,2553.745746825766,30732.59150808754,237.39774961554193,0.216489710216101,90708488.20258515,0,False,2,0.990606294597602,0,5.181007272971646e-07,5.368211941007668e-11,5.212215499996091
928,28178.84033089161,2553.751175831798,30732.59150672341,237.39772674097622,0.21648968935613874,90708488.20258515,0,False,2,0.9906356624632424,0,5.196794317428684e-07,4.438705648878945e-11,5.218853499995021
929,28178.835000321465,2553.756505309873,30732.59150563134,237.39770428679998,0.2164896688795415,90708488.20258515,0,False,2,0.9906648471313493,0,5.213174557842416e-07,3.553459869945297e-11,5.2245419999962905
930,28178.82976929462,2553.761735503354,30732.591504797976,237.39768225193194,0.21648964878532323,90708488.20258515,0,False,2,0.9906938503116604,0,5.230080853480592e-07,2.7116578148777895e-11,5.229917500000738
931,28178.824637541737,2553.7668666685145,30732.59150421025,237.39766063523766,0.2164896290724494,90708488.20258515,0,False,2,0.9907226736926963,0,5.247449390607889e-07,1.91238799412777e-11,5.235695899995335
932,28178.81960478181,2553.771899073545,30732.591503855354,237.3976394355336,0.21648960973984074,90708488.20258515,0,False,2,0.990751318942088,0,5.265219633277861e-07,1.1547862682507542e-11,5.241331299999729
933,28178.814670723266,2553.7768329974806,30732.591503720745,237.39761865159164,0.2164895907863773,90708488.20258515,0,False,2,0.9907797877068997,0,5.283334230528253e-07,4.380003353258185e-12,5.246433799999068
934,28178.814722751064,2553.77678077813,30732.591503529195,237.39761887075053,0.2164895909862345,90708488.20258515,0,True,3,0.0,0,5.282227390871559e-07,6.2328130742443e-12,5.255108199999086
935,28178.814774766557,2553.7767285711757,30732.59150333773,237.39761908985759,0.21648959118604438,90708488.20258515,0,False,3,0.28175352512532087,0,5.281121445208111e-07,6.2299720678109094e-12,5.260192800000368
936,28178.814841421918,2553.776661670515,30732.591503092433,237.39761937063278,0.2164895914420912,90708488.20258515,0,False,3,0.434042782780302,0,5.279705093118886e-07,7.98168930853528e-12,5.26520729999902
937,28178.814922334113,2553.776580460631,30732.591502794745,237.39761971146262,0.21648959175290358,90708488.20258515,0,False,3,0.5310638054044795,0,5.277987063432014e-07,9.68641156723624e-12,5.270758599996043
938,28178.81501726257,2553.7764851830266,30732.591502445594,237.39762011133377,0.21648959211755736,90708488.20258515,0,False,3,0.5987785940560388,0,5.275973148445423e-07,1.136094813221557e-11,5.276179799999227
939,28178.815126037614,2553.776376008059,30732.591502045674,237.39762056953145,0.21648959253540076,90708488.20258515,0,False,3,0.6489233261224006,0,5.273667717506394e-07,1.3012875020740138e-11,5.281271799998649
940,28178.815248530267,2553.776253065246,30732.591501595514,237.39762108551244,0.2164895930059384,90708488.20258515,0,False,3,0.6876458540105597,0,5.271074355481348e-07,1.464763749522253e-11,5.287217599994619
941,28178.815384637033,2553.7761164585318,30732.591501095565,237.39762165884068,0.2164895935287726,90708488.20258515,0,False,3,0.718499853459134,0,5.268196177342367e-07,1.6267721436333258e-11,5.292293599995901
942,28178.815534271325,2553.7759662748886,30732.591500546216,237.3976222891515,0.21648959410357085,90708488.20258515,0,False,3,0.7436910466053832,0,5.265036004155791e-07,1.7875139223664027e-11,5.297288399997342
943,28178.81569735827,2553.775802589561,30732.59149994783,237.39762297612953,0.2164895947300455,90708488.20258515,0,False,3,0.7646647176173088,0,5.261596466314021e-07,1.94707194841096e-11,5.302548799998476
944,28178.815873831285,2553.7756254694673,30732.591499300754,237.39762371949422,0.21648959540794074,90708488.20258515,0,False,3,0.782409243228014,0,5.257880064373532e-07,2.1055054094025236e-11,5.307567999996536
945,28178.816063629783,2553.7754349755114,30732.591498605296,237.39762451899043,0.2164895961370239,90708488.20258515,0,False,3,0.7976243809601435,0,5.253889214249661e-07,2.262932680611454e-11,5.312590599998657
946,28178.816266697562,2553.7752311642116,30732.591497861773,237.39762537438136,0.21648959691707906,90708488.20258515,0,False,3,0.8108199838000861,0,5.249626268129082e-07,2.4193300869844725e-11,5.317890300000727
947,28178.816482981587,2553.775014088906,30732.591497070494,237.39762628544366,0.2164895977479025,90708488.20258515,0,False,3,0.8223766390185732,0,5.245093536218729e-07,2.5747213035761608e-11,5.323012900000322
948,28178.816712431108,2553.774783800653,30732.591496231762,237.3976272519635,0.21648959862929923,90708488.20258515,0,False,3,0.8325843815233085,0,5.240293291744795e-07,2.729130005441088e-11,5.328096400000504
949,28178.816954996943,2553.774540348936,30732.591495345878,237.39762827373377,0.21648959956108038,90708488.20258515,0,False,3,0.8416682316299193,0,5.23522777882259e-07,2.8825561925798696e-11,5.333304599997064
950,28178.817210630936,2553.77428378223,30732.591494413165,237.3976293505516,0.21648960054306093,90708488.20258515,0,False,3,0.8498055224352064,0,5.229899216897522e-07,3.034928839831281e-11,5.338376899999275
951,28178.817479285462,2553.7740141484587,30732.59149343392,237.39763048221633,0.21648960157505795,90708488.20258515,0,False,3,0.8571379479988086,0,5.224309801632263e-07,3.186342647411668e-11,5.343508099998871
952,28178.817760913076,2553.773731495382,30732.591492408457,237.39763166852813,0.21648960265688919,90708488.20258515,0,False,3,0.8637801230052086,0,5.218461701651572e-07,3.336726590159775e-11,5.348750999997719
953,28178.818055466174,2553.773435870927,30732.5914913371,237.3976329092865,0.2164896037883718,90708488.20258515,0,False,3,0.8698257810419169,0,5.212357060418311e-07,3.4860569930222064e-11,5.3540059000006295
954,28178.818362896705,2553.7731273234713,30732.591490220177,237.397634204289,0.21648960496932113,90708488.20258515,0,False,3,0.8753523399411488,0,5.205997996274293e-07,3.6343338559994924e-11,5.359110099998361
955,28178.81868315592,2553.772805902096,30732.591489058017,237.39763555333033,0.21648960619955,90708488.20258515,0,False,3,0.8804243161473297,0,5.19938659316338e-07,3.781521666511228e-11,5.365617399998882
956,28178.819016194153,2553.772471656805,30732.591487850957,237.3976369562012,0.21648960747886756,90708488.20258515,0,False,3,0.8850959137641199,0,5.192524910666596e-07,3.927620424557907e-11,5.372112500001094
957,28178.819361960614,2553.772124638729,30732.591486599344,237.39763841268774,0.21648960880707874,90708488.20258515,0,False,3,0.8894130125262103,0,5.185414969871389e-07,4.072594617559086e-11,5.3780901999998605
958,28178.819720403222,2553.7717649003057,30732.59148530353,237.3976399225705,0.21648961018398347,90708488.20258515,0,False,3,0.8934147117832398,0,5.178058760964374e-07,4.216420570461272e-11,5.384703099996841
959,28178.820091468435,2553.771392495432,30732.591483963868,237.397641485624,0.21648961160937608,90708488.20258515,0,False,3,0.8971345422701921,0,5.170458239123848e-07,4.359086445737925e-11,5.393211299997347
960,28178.820475101107,2553.771007479618,30732.591482580727,237.39764310161593,0.21648961308304474,90708488.20258515,0,False,3,0.9006014263404838,0,5.162615323154144e-07,4.500568568335511e-11,5.399315999995451
961,28178.820871244374,2553.770609910111,30732.591481154486,237.39764477030675,0.216489614604771,90708488.20258515,0,False,3,0.9038404456605403,0,5.154531897024163e-07,4.6408077506195476e-11,5.404492800000298
962,28178.821279839503,2553.770199846015,30732.591479685518,237.39764649144905,0.21648961617432927,90708488.20258515,0,False,3,0.906873460036305,0,5.146209808598246e-07,4.779839505171332e-11,5.410191799994209
963,28178.82170082582,2553.7697773483874,30732.59147817421,237.39764826478725,0.21648961779148643,90708488.20258515,0,False,3,0.9097196100592845,0,5.137650871310844e-07,4.917604644356337e-11,5.415359099999478
964,28178.82213414063,2553.7693424803338,30732.591476620964,237.39765009005725,0.21648961945600168,90708488.20258515,0,False,3,0.9123957282937485,0,5.128856864472931e-07,5.054067655593959e-11,5.420734799998172
965,28178.822579719097,2553.7688953070806,30732.591475026176,237.39765196698596,0.21648962116762596,90708488.20258515,0,False,3,0.914916677883027,0,5.119829535938334e-07,5.189240376411481e-11,5.427034000000276
966,28178.82303749422,2553.768435896045,30732.59147339027,237.39765389529114,0.21648962292610188,90708488.20258515,0,False,3,0.917295633120554,0,5.110570604541891e-07,5.323039944120341e-11,5.432670499998494
967,28178.823507396755,2553.767964316889,30732.591471713644,237.3976558746811,0.21648962473116348,90708488.20258515,0,False,3,0.9195443132877347,0,5.101081762413789e-07,5.455525546355689e-11,5.438511699998344
968,28178.823989355165,2553.7674806415653,30732.591469996732,237.3976579048545,0.21648962658253593,90708488.20258515,0,False,3,0.9216731786097809,0,5.091364674620317e-07,5.586614320428916e-11,5.444554399997287
969,28178.824483295608,2553.7669849443546,30732.591468239963,237.39765998550033,0.21648962847993558,90708488.20258515,0,False,3,0.9236915953126076,0,5.081420986924789e-07,5.7163062663402324e-11,5.450203399996099
970,28178.82498914188,2553.766477301896,30732.591466443777,237.3976621162975,0.2164896304230697,90708488.20258515,0,False,3,0.9256079753284939,0,5.071252325390322e-07,5.844565871508889e-11,5.455973099997209
971,28178.825506815418,2553.765957793207,30732.591464608624,237.39766429691517,0.21648963241163652,90708488.20258515,0,False,3,0.9274298950868183,0,5.060860301590931e-07,5.97135762335411e-11,5.461501899997529
972,28178.826036235245,2553.7654264996972,30732.59146273494,237.3976665270122,0.21648963444532496,90708488.20258515,0,False,3,0.9291641969594342,0,5.050246516892492e-07,6.096728871983964e-11,5.467050499995821
973,28178.826577318025,2553.7648835051837,30732.59146082321,237.39766880623753,0.2164896365238149,90708488.20258515,0,False,3,0.9308170762496849,0,5.039412565367882e-07,6.220537567074786e-11,5.473048100000597
974,28178.827129977984,2553.764328895886,30732.59145887387,237.39767113422988,0.21648963864677684,90708488.20258515,0,False,3,0.9323941560762216,0,5.028360034513409e-07,6.342902083896499e-11,5.478349299999536
975,28178.82769412698,2553.763762760434,30732.591456887414,237.39767351061795,0.2164896408138722,90708488.20258515,0,False,3,0.9339005520751649,0,5.017090517663843e-07,6.463680372125373e-11,5.48364969999966
976,28178.828269674454,2553.7631851898605,30732.591454864312,237.3976759350203,0.21648964302475315,90708488.20258515,0,False,3,0.9353409285021578,0,5.005605605248674e-07,6.582919781869391e-11,5.488992599995981
977,28178.828856527463,2553.762596277592,30732.591452805056,237.39767840704536,0.2164896452790626,90708488.20258515,0,False,3,0.936719547040866,0,4.993906899978622e-07,6.70056112549365e-11,5.494081400000141
978,28178.82945459068,2553.761996119442,30732.591450710122,237.3976809262916,0.21648964757643438,90708488.20258515,0,False,3,0.9380403094021824,0,4.981996011564909e-07,6.816651753106096e-11,5.499223699996946
979,28178.830063766414,2553.761384813599,30732.591448580013,237.39768349234757,0.21648964991649325,90708488.20258515,0,False,3,0.9393067946178,0,4.969874566867179e-07,6.931108802017802e-11,5.504430399996636
980,28178.830683954635,2553.7607624606067,30732.59144641524,237.39768610479183,0.21648965229885492,90708488.20258515,0,False,3,0.9405222917844157,0,4.957544205776612e-07,7.043896759647752e-11,5.5095453999965684
981,28178.83131505295,2553.760129163352,30732.5914442163,237.39768876319312,0.21648965472312612,90708488.20258515,0,False,3,0.9416898288939467,0,4.945006590547671e-07,7.155074813630814e-11,5.514637299995229
982,28178.831956956677,2553.7594850270416,30732.59144198372,237.39769146711043,0.21648965718890464,90708488.20258515,0,False,3,0.9428121982856035,0,4.932263403730192e-07,7.264536426223995e-11,5.5204175999970175
983,28178.83260955882,2553.7588301591836,30732.591439718002,237.3976942160931,0.21648965969577957,90708488.20258515,0,False,3,0.9438919791733417,0,4.919316353115471e-07,7.372364460116102e-11,5.525563199997123
984,28178.833272750126,2553.7581646695658,30732.59143741969,237.39769700968088,0.21648966224333113,90708488.20258515,0,False,3,0.9449315576338684,0,4.90616716927299e-07,7.478416864983105e-11,5.530564199994842
985,28178.833946419076,2553.7574886702255,30732.5914350893,237.39769984740406,0.216489664831131,90708488.20258515,0,False,3,0.9459331443834135,0,4.892817611598021e-07,7.582800178567758e-11,5.536324399996374
986,28178.83463045195,2553.7568022754235,30732.591432727375,237.3977027287836,0.21648966745874237,90708488.20258515,0,False,3,0.9468987906238281,0,4.879269466633096e-07,7.685407863126944e-11,5.541340099996887
987,28178.835324732834,2553.756105601613,30732.591430334447,237.39770565333117,0.21648967012571987,90708488.20258515,0,False,3,0.9478304021985741,0,4.865524549852507e-07,7.786287268768422e-11,5.546367700000701
988,28178.836029143647,2553.755398767408,30732.591427911055,237.39770862054945,0.21648967283160997,90708488.20258515,0,False,3,0.9487297522654735,0,4.851584706787493e-07,7.885414720437976e-11,5.551597599995148
989,28178.836743564214,2553.754681893546,30732.59142545776,237.39771162993216,0.21648967557595103,90708488.20258515,0,False,3,0.9495984926646243,0,4.837451809862708e-07,7.982719192973376e-11,5.556838299999072
990,28178.837467872265,2553.7539551028435,30732.591422975107,237.3977146809643,0.21648967835827337,90708488.20258515,0,False,3,0.9504381641357491,0,4.823127761232385e-07,8.078236198955326e-11,5.5619852999952855
991,28178.8382019435,2553.7532185201603,30732.59142046366,237.39771777312225,0.21648968117809952,90708488.20258515,0,False,3,0.9512502055187321,0,4.808614492441558e-07,8.171930225802536e-11,5.567637000000104
992,28178.838945651623,2553.752472272344,30732.591417923966,237.397720905874,0.21648968403494429,90708488.20258515,0,False,3,0.9520359620535963,0,4.793913959996168e-07,8.263848623622677e-11,5.572769499995047
993,28178.83969886841,2553.751716488187,30732.591415356597,237.39772407867946,0.21648968692831516,90708488.20258515,0,False,3,0.9527966928812224,0,4.779028148869771e-07,8.353896692199423e-11,5.577746099996148
994,28178.840461463755,2553.7509512983647,30732.591412762118,237.39772729099053,0.2164896898577123,90708488.20258515,0,False,3,0.9535335778332711,0,4.7639590683157706e-07,8.442109944113404e-11,5.583142099996621
995,28178.84123330572,2553.750176835384,30732.591410141104,237.39773054225148,0.21648969282262898,90708488.20258515,0,False,3,0.9542477235887569,0,4.7487087495611476e-07,8.528452866783232e-11,5.588238599993929
996,28178.842014260605,2553.7493932335165,30732.59140749412,237.3977338318991,0.2164896958225515,90708488.20258515,0,False,3,0.9549401692652046,0,4.733279248692542e-07,8.612949135262512e-11,5.593360899998515
997,28178.842804193016,2553.7486006287336,30732.59140482175,237.39773715936306,0.21648969885695984,90708488.20258515,0,False,3,0.9556118915041254,0,4.717672640595956e-07,8.695563236969813e-11,5.598625099999481
998,28178.84360296593,2553.747799158639,30732.59140212457,237.3977405240662,0.21648970192532763,90708488.20258515,0,False,3,0.9562638091034213,0,4.701891016126141e-07,8.776283334377686e-11,5.603713799995603
999,28178.844410440764,2553.7469889623944,30732.591399403158,237.39774392542472,0.21648970502712248,90708488.20258515,0,False,3,0.9568967872431737,0,4.685936486081673e-07,8.855133102539687e-11,5.608774499996798
1000,28178.84522647746,2553.746170180648,30732.591396658107,237.39774736284866,0.21648970816180643,90708488.20258515,0,False,3,0.9575116413458903,0,4.6698111736611765e-07,8.932053353820305e-11,5.613883699996222
1001,28178.846050934542,2553.7453429554516,30732.591393889994,237.3977508357421,0.216489711328836,90708488.20258515,0,False,3,0.9581091406076137,0,4.6535172153261243e-07,9.007091438327073e-11,5.619003299994802
1002,28178.846883669223,2553.744507430183,30732.591391099406,237.39775434350352,0.21648971452766266,90708488.20258515,0,False,3,0.9586900112322029,0,4.6370567573904397e-07,9.080223681005468e-11,5.624127499999304
1003,28178.847724537474,2553.743663749464,30732.59138828694,237.39775788552626,0.2164897177577332,90708488.20258515,0,False,3,0.9592549393975224,0,4.6204319548614013e-07,9.151414569273931e-11,5.629703599995992
1004,28178.848573394105,2553.742812059076,30732.591385453183,237.3977614611987,0.21648972101848987,90708488.20258515,0,False,3,0.9598045739791348,0,4.6036449704140015e-07,9.220687778185937e-11,5.63479269999516
1005,28178.84943009285,2553.741952505875,30732.591382598726,237.39776506990478,0.2164897243093708,90708488.20258515,0,False,3,0.9603395290543362,0,4.5866979705229674e-07,9.288043307740929e-11,5.6398148000007495
1006,28178.850294486452,2553.7410852377043,30732.591379724156,237.39776871102413,0.21648972762981034,90708488.20258515,0,False,3,0.9608603862069443,0,4.5695931247892405e-07,9.35349299546535e-11,5.645054499997059
1007,28178.85116642678,2553.7402104033094,30732.59137683009,237.3977723839328,0.21648973097923946,90708488.20258515,0,False,3,0.9613676966511135,0,4.55233260745276e-07,9.416930303615484e-11,5.650104399996053
1008,28178.852045764845,2553.7393281522495,30732.591373917094,237.39777608800316,0.2164897343570858,90708488.20258515,0,False,3,0.9618619831905493,0,4.5349185894397776e-07,9.478520957568932e-11,5.655278799997177
1009,28178.852932350972,2553.738438634811,30732.59137098578,237.3977798226048,0.21648973776277447,90708488.20258515,0,False,3,0.9623437420278342,0,4.517353245841427e-07,9.5381229070009e-11,5.660388099997363
1010,28178.85382603483,2553.7375420019202,30732.59136803675,237.3977835871044,0.21648974119572795,90708488.20258515,0,False,3,0.9628134444370816,0,4.4996387452638795e-07,9.595783502018819e-11,5.665494099994248
1011,28178.854726665522,2553.736638405059,30732.59136507058,237.3977873808664,0.2164897446553666,90708488.20258515,0,False,3,0.9632715383118254,0,4.4817772568459266e-07,9.651538255203107e-11,5.670590399997309
1012,28178.85563409171,2553.735727996177,30732.591362087885,237.39779120325323,0.21648974814110908,90708488.20258515,0,False,3,0.9637184495988772,0,4.463770946241345e-07,9.705316141391002e-11,5.675885099997686
1013,28178.856548161642,2553.734810927608,30732.591359089252,237.39779505362574,0.21648975165237247,90708488.20258515,0,False,3,0.9641545836278388,0,4.445621974299895e-07,9.757176348216939e-11,5.681385399999272
1014,28178.85746872329,2553.7338873519866,30732.591356075278,237.39779893134346,0.21648975518857275,90708488.20258515,0,False,3,0.9645803263450347,0,4.427332499711012e-07,9.807095200626208e-11,5.689299499994377
1015,28178.85839562439,2553.7329574221662,30732.591353046555,237.39780283576505,0.21648975874912502,90708488.20258515,0,False,3,0.964996045459788,0,4.4089046744952883e-07,9.855084536145152e-11,5.6950875999973505
1016,28178.859328712555,2553.7320212911372,30732.59135000369,237.3978067662486,0.21648976233344394,90708488.20258515,0,False,3,0.9654020915102275,0,4.390340648058371e-07,9.901097004664984e-11,5.700956000000588
1017,28178.860267835313,2553.73107911195,30732.59134694726,237.39781072215183,0.21648976594094377,90708488.20258515,0,False,3,0.9657987988551446,0,4.3716425632263687e-07,9.945239143928226e-11,5.7080442999940715
1018,28178.861212840246,2553.730131037636,30732.59134387788,237.3978147028327,0.21648976957103905,90708488.20258515,0,False,3,0.9661864865978228,0,4.3528125609286045e-07,9.987380741136892e-11,5.714674700000614
1019,28178.862163574988,2553.729177221129,30732.591340796116,237.3978187076494,0.21648977322314447,90708488.20258515,0,False,3,0.966565459447225,0,4.333852778175882e-07,1.0027675684141617e-10,5.721602400000847
1020,28178.863119887385,2553.7282178151954,30732.59133770258,237.39782273596103,0.21648977689667556,90708488.20258515,0,False,3,0.9669360085214439,0,4.3147653463234014e-07,1.0065981922617352e-10,5.727110100000573
1021,28178.86408162549,2553.727252972359,30732.591334597848,237.39782678712746,0.21648978059104862,90708488.20258515,0,False,3,0.9672984120978823,0,4.2955523938309403e-07,1.0102405994306625e-10,5.732818999997107
1022,28178.86504863768,2553.7262828448306,30732.59133148251,237.39783086051008,0.21648978430568122,90708488.20258515,0,False,3,0.9676529363142448,0,4.276216048720993e-07,1.0136924224154655e-10,5.738729199998488
1023,28178.866020772723,2553.7253075844374,30732.59132835716,237.39783495547184,0.21648978803999247,90708488.20258515,0,False,3,0.9679998358240649,0,4.256758433693118e-07,1.016948926205257e-10,5.744220099993981
1024,28178.866997879817,2553.7243273425606,30732.591325222376,237.39783907137746,0.216489791793403,90708488.20258515,0,False,3,0.9683393544101703,0,4.237181672311736e-07,1.0200195808215894e-10,5.75009229999705
1025,28178.867979808674,2553.7233422700633,30732.591322078737,237.39784320759392,0.21648979556533557,90708488.20258515,0,False,3,0.9686717255592106,0,4.217487885687771e-07,1.0229008350062791e-10,5.755406299998867
1026,28178.868966409595,2553.7223525172326,30732.59131892683,237.39784736349063,0.21648979935521512,90708488.20258515,0,False,3,0.9689971730000947,0,4.1976791948574023e-07,1.0255915050065474e-10,5.7626829000000726
1027,28178.869957533505,2553.721358233717,30732.591315767222,237.3978515384396,0.21648980316246894,90708488.20258515,0,False,3,0.9693159112089641,0,4.177757721704209e-07,1.0280963258331343e-10,5.76869149999402
1028,28178.87095303203,2553.720359568468,30732.5913126005,237.39785573181587,0.21648980698652714,90708488.20258515,0,False,3,0.969628145883101,0,4.157725589603934e-07,1.0304117462278534e-10,5.77404829999432
1029,28178.871952757545,2553.71935666968,30732.591309427225,237.39785994299757,0.21648981082682264,90708488.20258515,0,False,3,0.9699340743859814,0,4.137584919228543e-07,1.032543684954149e-10,5.779475999996066
1030,28178.87295656323,2553.7183496847406,30732.59130624797,237.39786417136625,0.2164898146827914,90708488.20258515,0,False,3,0.9702338861655042,0,4.117337839421255e-07,1.0344897745065385e-10,5.785322899995663
1031,28178.873964303133,2553.7173387601765,30732.59130306331,237.39786841630712,0.21648981855387284,90708488.20258515,0,False,3,0.970527763147263,0,4.096986474936988e-07,1.0362488311322419e-10,5.790962499995658
1032,28178.874975832194,2553.716324041602,30732.591299873795,237.3978726772091,0.21648982243950965,90708488.20258515,0,False,3,0.9708158801045849,0,4.076532957194515e-07,1.0378279573474098e-10,5.796791000000667
1033,28178.87599100632,2553.715305673676,30732.591296679995,237.39787695346527,0.21648982633914837,90708488.20258515,0,False,3,0.9710984050069197,0,4.0559794213993474e-07,1.0392224181411497e-10,5.802339099995152
1034,28178.877009682416,2553.714283800054,30732.59129348247,237.39788124447284,0.21648983025223933,90708488.20258515,0,False,3,0.9713754993480485,0,4.0353280024493986e-07,1.0404345810187952e-10,5.807802099996479
1035,28178.878031718414,2553.7132585633485,30732.59129028176,237.39788554963337,0.21648983417823678,90708488.20258515,0,False,3,0.9716473184554572,0,4.0145808416181313e-07,1.0414703647437953e-10,5.8132062000004225
1036,28178.879056973332,2553.7122301050886,30732.59128707842,237.39788986835302,0.21648983811659914,90708488.20258515,0,False,3,0.9719140117821313,0,3.9937400828393194e-07,1.0423274018106669e-10,5.818489400000544
1037,28178.88008530732,2553.711198565685,30732.591283873004,237.39789420004263,0.2164898420667892,90708488.20258515,0,False,3,0.9721757231819224,0,3.972807875596576e-07,1.0430021409612204e-10,5.8235886999973445
1038,28178.88111658165,2553.7101640843985,30732.59128066605,237.3978985441179,0.2164898460282741,90708488.20258515,0,False,3,0.972432591169558,0,3.9517863718166136e-07,1.0435028684643168e-10,5.828795399997034
1039,28178.882150658792,2553.7091267993037,30732.591277458094,237.39790289999948,0.21648985000052545,90708488.20258515,0,False,3,0.9726847491662854,0,3.930677727753998e-07,1.043828400567178e-10,5.833910399996967
1040,28178.883187402407,2553.708086847268,30732.591274249677,237.39790726711306,0.21648985398301962,90708488.20258515,0,False,3,0.9729323257320669,0,3.9094841052381136e-07,1.0439787372697309e-10,5.839012899996305
1041,28178.884226677394,2553.7070443639245,30732.591271041318,237.39791164488955,0.21648985797523762,90708488.20258515,0,False,3,0.9731754447851788,0,3.8882076674346124e-07,1.0439597973354305e-10,5.845270300000266
1042,28178.8852683499,2553.7059994836486,30732.591267833548,237.39791603276512,0.21648986197666523,90708488.20258515,0,False,3,0.9734142258100047,0,3.866850583032968e-07,1.0437680295060889e-10,5.851185799998348
1043,28178.886312287348,2553.7049523395426,30732.59126462689,237.3979204301813,0.21648986598679318,90708488.20258515,0,False,3,0.9736487840537572,0,3.8454150240186385e-07,1.0434058012870456e-10,5.857206799999403
1044,28178.88735835845,2553.7039030634173,30732.59126142187,237.39792483658508,0.21648987000511719,90708488.20258515,0,False,3,0.9738792307128099,0,3.8239031657271313e-07,1.0428742964309355e-10,5.8629572999998345
1045,28178.8884064332,2553.7028517857775,30732.591258218978,237.39792925142882,0.21648987403113784,90708488.20258515,0,False,3,0.9741056731092769,0,3.802317187486758e-07,1.0421806174539245e-10,5.868168000000878
1046,28178.88945638292,2553.701798635815,30732.591255018735,237.39793367417047,0.21648987806436082,90708488.20258515,0,False,3,0.9743282148584276,0,3.7806592698634513e-07,1.0413188455924139e-10,5.873808299998927
1047,28178.890508080254,2553.700743741396,30732.59125182165,237.39793810427358,0.21648988210429693,90708488.20258515,0,False,3,0.9745469560274896,0,3.758931598468424e-07,1.0402913483517467e-10,5.87898189999396
1048,28178.891561399145,2553.6996872290592,30732.591248628203,237.39794254120716,0.2164898861504619,90708488.20258515,0,False,3,0.9747619932863513,0,3.737136360400381e-07,1.0391075957535059e-10,5.8840693999954965
1049,28178.892616214893,2553.69862922401,30732.591245438904,237.3979469844459,0.21648989020237677,90708488.20258515,0,False,3,0.9749734200506426,0,3.7152757440258124e-07,1.0377581177759741e-10,5.889228299995011
1050,28178.893672404112,2553.6975698501196,30732.59124225423,237.3979514334701,0.21648989425956755,90708488.20258515,0,False,3,0.9751813266176402,0,3.6933519423104606e-07,1.0362523844407367e-10,5.894177999995009
1051,28178.89472984473,2553.6965092299256,30732.591239074656,237.3979558877655,0.2164898983215653,90708488.20258515,0,False,3,0.9753858002954143,0,3.6713671474724964e-07,1.0345939470058497e-10,5.89916319999611
1052,28178.89578841604,2553.6954474846366,30732.591235900676,237.3979603468237,0.21648990238790636,90708488.20258515,0,False,3,0.9755869255256047,0,3.6493235539539555e-07,1.0327733354495953e-10,5.904566299999715
1053,28178.896847998618,2553.694384734134,30732.591232732753,237.39796481014162,0.21648990645813196,90708488.20258515,0,False,3,0.9757847840001912,0,3.6272233594008625e-07,1.0308023872989782e-10,5.909950399996887
1054,28178.897908474362,2553.6933210969814,30732.591229571342,237.39796927722176,0.21648991053178845,90708488.20258515,0,False,3,0.9759794547725988,0,3.6050687615519956e-07,1.0286834700593514e-10,5.915186499994888
1055,28178.89896972649,2553.6922566904304,30732.591226416924,237.3979737475722,0.21648991460842723,90708488.20258515,0,False,3,0.9761710143634545,0,3.5828619581794576e-07,1.0264082974617042e-10,5.920427599994582
1056,28178.900031639503,2553.691191630432,30732.591223269934,237.39797822070642,0.21648991868760462,90708488.20258515,0,False,3,0.9763595368612947,0,3.56060514925922e-07,1.0239910745384632e-10,5.925422100001015
1057,28178.90109409918,2553.690126031644,30732.591220130824,237.39798269614332,0.21648992276888188,90708488.20258515,0,False,3,0.9765450940185029,0,3.5383005364392945e-07,1.0214270662787414e-10,5.930432099994505
1058,28178.90215699259,2553.6890600074485,30732.591217000037,237.39798717340713,0.21648992685182517,90708488.20258515,0,False,3,0.9767277553427384,0,3.515950319283279e-07,1.0187186401878961e-10,5.93561729999783
1059,28178.903220208056,2553.6879936699597,30732.591213878015,237.39799165202749,0.2164899309360055,90708488.20258515,0,False,3,0.9769075881841018,0,3.4935567008963744e-07,1.0158669800185781e-10,5.940692600001057
1060,28178.904283635144,2553.6869271300397,30732.591210765182,237.39799613153917,0.21648993502099867,90708488.20258515,0,False,3,0.9770846578182681,0,3.4711218849742845e-07,1.0128768207815634e-10,5.945755399996415
1061,28178.90534716464,2553.6858604973195,30732.59120766196,237.39800061148216,0.21648993910638517,90708488.20258515,0,False,3,0.9772590275258022,0,3.448648073591608e-07,1.009749346229506e-10,5.95089509999525
1062,28178.90641068857,2553.684793880204,30732.591204568773,237.39800509140161,0.2164899431917502,90708488.20258515,0,False,3,0.9774307586678609,0,3.4261374695199283e-07,1.0064845563623537e-10,5.956036899995524
1063,28178.907474100128,2553.683727385898,30732.591201486026,237.39800957084762,0.21648994727668347,90708488.20258515,0,False,3,0.9775999107584725,0,3.4035922795231233e-07,1.0030871861908868e-10,5.961042199996882
1064,28178.908537293708,2553.68266112042,30732.591198414128,237.39801404937535,0.21648995136077934,90708488.20258515,0,False,3,0.9777665415335723,0,3.381014706815041e-07,9.995572357150556e-11,5.966318399994634
1065,28178.90960016485,2553.6815951886215,30732.59119535347,237.39801852654477,0.21648995544363656,90708488.20258515,0,False,3,0.9779307070169622,0,3.358406957151002e-07,9.958994399456446e-11,5.9714399999938905
1066,28178.91066261025,2553.6805296942034,30732.591192304455,237.39802300192076,0.21648995952485828,90708488.20258515,0,False,3,0.9780924615833548,0,3.3357712371399233e-07,9.921114313771895e-11,5.9765094999966095
1067,28178.911724527723,2553.679464739736,30732.59118926746,237.39802747507287,0.21648996360405195,90708488.20258515,0,False,3,0.9782518580186513,0,3.3131097513893295e-07,9.882003125258951e-11,5.982170099996438
1068,28178.91278581619,2553.6784004266783,30732.591186242866,237.39803194557527,0.21648996768082931,90708488.20258515,0,False,3,0.9784089475775907,0,3.2904247079288123e-07,9.841648996390081e-11,5.98780909999914
1069,28178.913846375646,2553.6773368553977,30732.591183231045,237.3980364130068,0.21648997175480625,90708488.20258515,0,False,3,0.9785637800389086,0,3.2677183141804255e-07,9.800087439746115e-11,5.993168900000455
1070,28178.914906107173,2553.6762741251864,30732.59118023236,237.3980408769507,0.2164899758256027,90708488.20258515,0,False,3,0.9787164037581244,0,3.2449927773012805e-07,9.757342130380808e-11,5.998985199999879
1071,28178.915964912885,2553.675212334285,30732.59117724717,237.39804533699467,0.21648997989284274,90708488.20258515,0,False,3,0.9788668657180801,0,3.2222503056393115e-07,9.713436743347936e-11,6.004725099999632
1072,28178.91702269593,2553.6741515798994,30732.59117427583,237.39804979273072,0.21648998395615424,90708488.20258515,0,False,3,0.9790152115773374,0,3.1994931064404906e-07,9.668371278647103e-11,6.0101866999975755
1073,28178.918079360454,2553.6730919582205,30732.591171318672,237.39805424375513,0.21648998801516905,90708488.20258515,0,False,3,0.9791614857165423,0,3.176723388546741e-07,9.622216761440486e-11,6.016274199995678
1074,28178.91913481162,2553.6720335644427,30732.59116837606,237.39805868966837,0.21648999206952288,90708488.20258515,0,False,3,0.9793057312828535,0,3.153943361484886e-07,9.574890329038059e-11,6.0219298000010895
1075,28178.920188955515,2553.670976492782,30732.5911654483,237.39806313007492,0.21648999611885494,90708488.20258515,0,False,3,0.9794479902325275,0,3.1311552311148743e-07,9.526569544345887e-11,6.027448499997263
1076,28178.92124169923,2553.6699208364967,30732.591162535726,237.3980675645833,0.21649000016280834,90708488.20258515,0,False,3,0.9795883033717538,0,3.108361207533242e-07,9.477147869619778e-11,6.032570199997281
1077,28178.922292950752,2553.668866687903,30732.591159638654,237.398071992806,0.21649000420102965,90708488.20258515,0,False,3,0.9797267103958175,0,3.08556349645312e-07,9.426708167549079e-11,6.037743599998066
1078,28178.923342618997,2553.6678141383945,30732.591156757393,237.39807641435934,0.21649000823316897,90708488.20258515,0,False,3,0.9798632499266725,0,3.062764306011678e-07,9.375262275660581e-11,6.042795999994269
1079,28178.924390613793,2553.6667632784543,30732.59115389225,237.39808082886344,0.2164900122588799,90708488.20258515,0,False,3,0.9799979595489997,0,3.0399658406370706e-07,9.322822031481082e-11,6.047885699998005
1080,28178.925436845828,2553.6657141976757,30732.591151043503,237.39808523594215,0.21649001627781939,90708488.20258515,0,False,3,0.9801308758448195,0,3.017170306449317e-07,9.269458460172907e-11,6.053069499997946
1081,28178.92648122669,2553.6646669847773,30732.591148211464,237.39808963522302,0.2164900202896478,90708488.20258515,0,False,3,0.9802620344267278,0,2.994379906723551e-07,9.215100536573176e-11,6.058138000000326
1082,28178.92752366879,2553.6636217276136,30732.591145396404,237.39809402633708,0.2164900242940287,90708488.20258515,0,False,3,0.9803914699698173,0,2.9715968421117994e-07,9.159854798425548e-11,6.063595499996154
1083,28178.928564085403,2553.6625785131932,30732.591142598598,237.39809840891903,0.2164900282906289,90708488.20258515,0,False,3,0.980519216242345,0,2.9488233128721526e-07,9.103709408202684e-11,6.068663999998535
1084,28178.929602390624,2553.661537427687,30732.591139818313,237.39810278260703,0.21649003227911848,90708488.20258515,0,False,3,0.9806453061352034,0,2.9260615165926325e-07,9.046699878485665e-11,6.073634499996842
1085,28178.930638499358,2553.6604985564463,30732.591137055802,237.3981071470426,0.2164900362591705,90708488.20258515,0,False,3,0.980769771690249,0,2.903313646371183e-07,8.988861721855599e-11,6.078870499994082
1086,28178.931672327322,2553.659461984008,30732.59113431133,237.39811150187072,0.2164900402304612,90708488.20258515,0,False,3,0.98089264412754,0,2.880581896515639e-07,8.930171263258067e-11,6.083997599998838
1087,28178.932703791026,2553.6584277941074,30732.591131585134,237.39811584673973,0.21649004419266993,90708488.20258515,0,False,3,0.9810139538715308,0,2.8578684532252273e-07,8.870699527855526e-11,6.089198299996497
1088,28178.933732807767,2553.6573960696887,30732.591128877455,237.3981201813012,0.21649004814547892,90708488.20258515,0,False,3,0.9811337305762713,0,2.8351755020236114e-07,8.8104465156478e-11,6.094514599994
1089,28178.93475929562,2553.6563668929093,30732.591126188527,237.3981245052101,0.2164900520885735,90708488.20258515,0,False,3,0.9812520031496537,0,2.8125052244398714e-07,8.749435901688947e-11,6.099658099999942
1090,28178.935783173416,2553.6553403451494,30732.591123518567,237.3981288181245,0.2164900560216419,90708488.20258515,0,False,3,0.9813687997767477,0,2.7898597978350337e-07,8.687715036087262e-11,6.104721499999869
1091,28178.936804360772,2553.6543165070198,30732.591120867794,237.39813311970576,0.2164900599443753,90708488.20258515,0,False,3,0.9814841479422676,0,2.7672413925726115e-07,8.625283918842611e-11,6.109879699994053
1092,28178.937822778047,2553.653295458365,30732.59111823641,237.39813740961847,0.21649006385646782,90708488.20258515,0,False,3,0.9815980744522028,0,2.744652177226845e-07,8.562189900063323e-11,6.114966999994067
1093,28178.938838346374,2553.6522772782673,30732.59111562464,237.39814168753037,0.21649006775761645,90708488.20258515,0,False,3,0.9817106054546547,0,2.722094312730208e-07,8.498373792113708e-11,6.120124799999758
1094,28178.939850987605,2553.6512620450535,30732.591113032657,237.3981459531123,0.21649007164752104,90708488.20258515,0,False,3,0.9818217664599063,0,2.6995699575490315e-07,8.433989482846164e-11,6.126930699996592
1095,28178.940860624363,2553.6502498362934,30732.591110460657,237.3981502060383,0.21649007552588434,90708488.20258515,0,False,3,0.9819315823597653,0,2.677081261580475e-07,8.36896594709791e-11,6.132573799994134
1096,28178.941867180023,2553.6492407288038,30732.591107908826,237.39815444598563,0.21649007939241202,90708488.20258515,0,False,3,0.9820400774462043,0,2.6546303699872776e-07,8.303338697450218e-11,6.138275799996336
1097,28178.94287057868,2553.6482347986503,30732.59110537733,237.39815867263454,0.2164900832468125,90708488.20258515,0,False,3,0.9821472754293311,0,2.632219421718572e-07,8.237166921538612e-11,6.143847399995138
1098,28178.943870745185,2553.6472321211477,30732.591102866332,237.39816288566846,0.21649008708879705,90708488.20258515,0,False,3,0.9822531994547181,0,2.6098505482328015e-07,8.170474294417286e-11,6.149477099999785
1099,28178.944867605147,2553.646232770856,30732.591100376005,237.39816708477403,0.21649009091808,90708488.20258515,0,False,3,0.9823578721201132,0,2.58752587585646e-07,8.103213465977711e-11,6.155536399994162
1100,28178.945861084903,2553.645236821584,30732.591097906487,237.398171269641,0.21649009473437833,90708488.20258515,0,False,3,0.9824613154915618,0,2.565247522009273e-07,8.03550281149107e-11,6.161126200000581
1101,28178.94685111155,2553.644244346384,30732.59109545793,237.39817543996224,0.216490098537412,90708488.20258515,0,False,3,0.9825635511189639,0,2.5430176006495e-07,7.967294980848856e-11,6.166802199993981
1102,28178.947837612926,2553.643255417552,30732.591093030478,237.39817959543382,0.21649010232690385,90708488.20258515,0,False,3,0.9826646000510836,0,2.520838212983713e-07,7.898625486632423e-11,6.1727796999985
1103,28178.94882051763,2553.6422701066226,30732.591090624253,237.39818373575494,0.21649010610257957,90708488.20258515,0,False,3,0.9827644828500429,0,2.498711457338242e-07,7.829553516477396e-11,6.178196299995761
1104,28178.949799755013,2553.6412884843658,30732.59108823938,237.398187860628,0.21649010986416778,90708488.20258515,0,False,3,0.9828632196053112,0,2.47663942231701e-07,7.760079070383788e-11,6.183929399994668
1105,28178.9507752552,2553.640310620788,30732.59108587599,237.3981919697587,0.21649011361140008,90708488.20258515,0,False,3,0.9829608299472161,0,2.4546241896317134e-07,7.690178473297363e-11,6.1896306999988155
1106,28178.951746949057,2553.6393365851186,30732.591083534175,237.3981960628558,0.21649011734401086,90708488.20258515,0,False,3,0.9830573330599938,0,2.432667832534408e-07,7.619970100489423e-11,6.194967399998859
1107,28178.95271476824,2553.6383664458126,30732.59108121405,237.39820013963137,0.21649012106173762,90708488.20258515,0,False,3,0.9831527476943955,0,2.410772415061386e-07,7.549394764324369e-11,6.201137899995956
1108,28178.95367864517,2553.637400270544,30732.591078915717,237.39820419980086,0.2164901247643208,90708488.20258515,0,False,3,0.9832470921798697,0,2.3889399954169164e-07,7.478487977383633e-11,6.209822699995129
1109,28178.954638513052,2553.636438126198,30732.59107663925,237.3982082430828,0.21649012845150375,90708488.20258515,0,False,3,0.9833403844363346,0,2.3671726214700393e-07,7.407332602357185e-11,6.216671599999245
1110,28178.955594305873,2553.635480078871,30732.591074384745,237.39821226919918,0.21649013212303295,90708488.20258515,0,False,3,0.9834326419855582,0,2.3454723323340675e-07,7.33588128913657e-11,6.221991399994295
1111,28178.956545958423,2553.6345261938577,30732.59107215228,237.39821627787526,0.21649013577865783,90708488.20258515,0,False,3,0.9835238819621621,0,2.3238411605763987e-07,7.26415771277612e-11,6.227097099996172
1112,28178.957493406273,2553.633576535652,30732.591069941926,237.39822026883974,0.21649013941813103,90708488.20258515,0,False,3,0.9836141211242594,0,2.3022811259583341e-07,7.192221060911581e-11,6.232836700000917
1113,28178.958436585803,2553.6326311679372,30732.59106775374,237.39822424182452,0.216490143041208,90708488.20258515,0,False,3,0.9837033758637466,0,2.2807942432333489e-07,7.12008317107018e-11,6.238476099999389
1114,28178.959375434202,2553.6316901535806,30732.59106558778,237.39822819656513,0.21649014664764762,90708488.20258515,0,False,3,0.9837916622162577,0,2.2593825166806013e-07,7.047755880779148e-11,6.244023399995058
1115,28178.96030988948,2553.6307535546316,30732.591063444113,237.39823213280036,0.21649015023721166,90708488.20258515,0,False,3,0.9838789958707959,0,2.2380479409143684e-07,6.975227352511455e-11,6.250294999998005
1116,28178.96123989045,2553.6298214323097,30732.59106132276,237.3982360502725,0.2164901538096651,90708488.20258515,0,False,3,0.9839653921790542,0,2.216792499960394e-07,6.902615961538571e-11,6.256107399996836
1117,28178.962165376775,2553.628893847004,30732.591059223778,237.3982399487274,0.2164901573647762,90708488.20258515,0,False,3,0.9840508661644373,0,2.1956181696938978e-07,6.82982700764353e-11,6.26152379999985
1118,28178.96308628893,2553.6279708582642,30732.591057147198,237.3982438279143,0.21649016090231626,90708488.20258515,0,False,3,0.9841354325307938,0,2.1745269155341567e-07,6.756931515989271e-11,6.266693799996574
1119,28178.96400256824,2553.6270525247996,30732.59105509304,237.3982476875861,0.21649016442205993,90708488.20258515,0,False,3,0.9842191056708731,0,2.1535206926956391e-07,6.683976836684485e-11,6.271806099997775
1120,28178.96491415685,2553.62613890447,30732.591053061322,237.39825152749904,0.21649016792378495,90708488.20258515,0,False,3,0.9843018996745135,0,2.1326014460783366e-07,6.610951132202174e-11,6.277207899998757
1121,28178.96582099779,2553.6252300542824,30732.591051052073,237.39825534741317,0.2164901714072725,90708488.20258515,0,False,3,0.9843838283365739,0,2.111771110615973e-07,6.537842565015339e-11,6.282270899995638
1122,28178.966723034893,2553.62432603039,30732.591049065282,237.39825914709186,0.21649017487230676,90708488.20258515,0,False,3,0.9844649051646158,0,2.0910316099724512e-07,6.464769510395537e-11,6.287593199995172
1123,28178.96762021289,2553.623426888082,30732.591047100974,237.39826292630235,0.2164901783186755,90708488.20258515,0,False,3,0.9845451433863492,0,2.0703848560339722e-07,6.391613593071511e-11,6.293198499995924
1124,28178.968512477346,2553.6225326817857,30732.591045159134,237.39826668481533,0.2164901817461696,90708488.20258515,0,False,3,0.9846245559568461,0,2.049832751679174e-07,6.318505025841977e-11,6.298627199998009
1125,28178.96939977468,2553.621643465061,30732.59104323974,237.39827042240506,0.2164901851545832,90708488.20258515,0,False,3,0.9847031555655302,0,2.029377187327451e-07,6.245467483761397e-11,6.304578199997195
1126,28178.970282052207,2553.620759290596,30732.591041342803,237.39827413884964,0.21649018854371394,90708488.20258515,0,False,3,0.9847809546429579,0,2.0090200426234198e-07,6.172394429085645e-11,6.3101820000010775
1127,28178.97115925808,2553.6198802102103,30732.59103946829,237.3982778339307,0.2164901919133627,90708488.20258515,0,False,3,0.9848579653673867,0,1.9887631842815324e-07,6.099427912140619e-11,6.315768599997682
1128,28178.972031341327,2553.619006274848,30732.591037616174,237.39828150743352,0.21649019526333363,90708488.20258515,0,False,3,0.9849341996711478,0,1.968608467953687e-07,6.026556095399359e-11,6.321418399995309
1129,28178.97289825185,2553.6181375345795,30732.59103578643,237.39828515914706,0.2164901985934343,90708488.20258515,0,False,3,0.9850096692468265,0,1.9485577382588415e-07,5.953755303807755e-11,6.326893699995708
1130,28178.973759940418,2553.6172740386005,30732.591033979017,237.39828878886394,0.2164902019034756,90708488.20258515,0,False,3,0.9850843855532553,0,1.9286128245352768e-07,5.881096562528867e-11,6.332253099993977
1131,28178.974616358668,2553.616415835232,30732.5910321939,237.3982923963804,0.21649020519327172,90708488.20258515,0,False,3,0.9851583598213295,0,1.9087755453017843e-07,5.808544358981445e-11,6.3376508000001195
1132,28178.975467459102,2553.615562971922,30732.591030431024,237.39829598149646,0.21649020846264025,90708488.20258515,0,False,3,0.9852316030596494,0,1.8890477084053562e-07,5.7361815558557144e-11,6.343428599997424
1133,28178.976313195104,2553.614715495244,30732.59102869035,237.3982995440157,0.21649021171140215,90708488.20258515,0,False,3,0.9853041260599963,0,1.8694311063563746e-07,5.663937127988978e-11,6.348688799997035
1134,28178.9771535209,2553.6138734509045,30732.591026971804,237.3983030837453,0.21649021493938148,90708488.20258515,0,False,3,0.9853759394026456,0,1.84992751839886e-07,5.591929450652925e-11,6.354108699997596
1135,28178.9779883916,2553.6130368837394,30732.591025275342,237.3983066004962,0.2164902181464059,90708488.20258515,0,False,3,0.9854470534615268,0,1.8305387133119798e-07,5.5200756611577056e-11,6.359134599995741
1136,28178.978817763164,2553.6122058377214,30732.591023600886,237.39831009408286,0.21649022133230622,90708488.20258515,0,False,3,0.9855174784092318,0,1.8112664446869796e-07,5.4484704597207255e-11,6.364106499997433
1137,28178.979641592407,2553.611380355961,30732.591021948367,237.3983135643234,0.21649022449691654,90708488.20258515,0,False,3,0.9855872242218772,0,1.7921124512290754e-07,5.377090171287887e-11,6.369163099996513
1138,28178.980459837003,2553.6105604807135,30732.591020317715,237.3983170110395,0.21649022764007425,90708488.20258515,0,False,3,0.9856563006838277,0,1.7730784628334532e-07,5.305934795859394e-11,6.374403699999675
1139,28178.981272455465,2553.609746253382,30732.59101870885,237.39832043405642,0.21649023076162002,90708488.20258515,0,False,3,0.985724717392284,0,1.7541661899611242e-07,5.2350516835440605e-11,6.379461500000616
1140,28178.982079407157,2553.6089377145254,30732.591017121682,237.398323833203,0.21649023386139776,90708488.20258515,0,False,3,0.9857924837617377,0,1.7353773324094187e-07,5.1644408343420957e-11,6.3846046999969985
1141,28178.982880652264,2553.608134903859,30732.59101555612,237.39832720831149,0.21649023693925448,90708488.20258515,0,False,3,0.9858596090283016,0,1.7167135751331605e-07,5.0941377608351714e-11,6.389801599994826
1142,28178.983676151816,2553.6073378602673,30732.591014012083,237.39833055921778,0.21649023999504055,90708488.20258515,0,False,3,0.9859261022539157,0,1.6981765904104354e-07,5.0241069504420336e-11,6.3948022999975365
1143,28178.98446586766,2553.6065466218092,30732.59101248947,237.39833388576113,0.21649024302860934,90708488.20258515,0,False,3,0.9859919723304367,0,1.6797680326750105e-07,4.954395753271509e-11,6.399828499997966
1144,28178.985249762452,2553.605761225722,30732.591010988173,237.39833718778425,0.21649024603981745,90708488.20258515,0,False,3,0.98605722798361,0,1.661489545773414e-07,4.885027844378121e-11,6.405786299997999
1145,28178.986027799652,2553.604981708434,30732.591009508087,237.3983404651332,0.21649024902852448,90708488.20258515,0,False,3,0.9861218777769333,0,1.6433427544331035e-07,4.8160150612892406e-11,6.411118799995165
1146,28178.986799943537,2553.6042081055716,30732.59100804911,237.39834371765755,0.21649025199459326,90708488.20258515,0,False,3,0.9861859301154119,0,1.6253292726518785e-07,4.747333728950764e-11,6.4187221999964095
1147,28178.987566159158,2553.6034404519664,30732.591006611125,237.39834694521002,0.21649025493788948,90708488.20258515,0,False,3,0.9862493932492103,0,1.607450696419154e-07,4.679019359944373e-11,6.42597399999795
1148,28178.98832641234,2553.6026787816654,30732.591005194005,237.3983501476467,0.2164902578582819,90708488.20258515,0,False,3,0.9863122752772026,0,1.5897086084745596e-07,4.611131141906072e-11,6.43159580000065
1149,28178.98908066971,2553.6019231279424,30732.591003797654,237.39835332482704,0.21649026075564234,90708488.20258515,0,False,3,0.9863745841504266,0,1.572104572780425e-07,4.543550699564484e-11,6.436865299998317
1150,28178.989828898626,2553.6011735233037,30732.59100242193,237.3983564766135,0.2164902636298454,90708488.20258515,0,False,3,0.9864363276754428,0,1.5546401404382873e-07,4.476431920772884e-11,6.4438415999975405
1151,28178.990571067206,2553.600429999503,30732.59100106671,237.39835960287175,0.21649026648076858,90708488.20258515,0,False,3,0.9864975135176035,0,1.537316843580663e-07,4.409715617895688e-11,6.450168399998802
1152,28178.99130714432,2553.599692587546,30732.590999731867,237.39836270347072,0.21649026930829232,90708488.20258515,0,False,3,0.9865581492042313,0,1.5201361995426768e-07,4.343413628460264e-11,6.455344299996796
1153,28178.992037099553,2553.598961317707,30732.59099841726,237.39836577828228,0.2164902721122998,90708488.20258515,0,False,3,0.9866182421277148,0,1.5030997068859284e-07,4.277561465048302e-11,6.460318400000688
1154,28178.99276090323,2553.598236219534,30732.590997122767,237.39836882718143,0.216490274892677,90708488.20258515,0,False,3,0.9866777995485188,0,1.4862088485476262e-07,4.212123615078524e-11,6.4654651999953785
1155,28178.99347852636,2553.597517321864,30732.590995848226,237.39837185004603,0.21649027764931256,90708488.20258515,0,False,3,0.9867368285981162,0,1.4694650874265923e-07,4.14719477876843e-11,6.471252799994545
1156,28178.994189940677,2553.596804652831,30732.59099459351,237.398374846757,0.21649028038209792,90708488.20258515,0,False,3,0.9867953362818408,0,1.4528698686009726e-07,4.082692093428092e-11,6.476557999994839
1157,28178.994895118587,2553.5960982398765,30732.590993358463,237.3983778171982,0.2164902830909271,90708488.20258515,0,False,3,0.9868533294816652,0,1.436424618222997e-07,4.018686584220687e-11,6.482595900000888
1158,28178.995594033193,2553.5953981097614,30732.590992142956,237.39838076125622,0.21649028577569673,90708488.20258515,0,False,3,0.9869108149589054,0,1.4201307425958126e-07,3.955107225983435e-11,6.488363099997514
1159,28178.996286658235,2553.5947042885796,30732.590990946814,237.3983836788205,0.21649028843630597,90708488.20258515,0,False,3,0.9869677993568551,0,1.4039896280978007e-07,3.8920960690425005e-11,6.494184700000915
1160,28178.99697296814,2553.5940168017623,30732.590989769902,237.39838656978333,0.21649029107265658,90708488.20258515,0,False,3,0.9870242892033497,0,1.3880026382360613e-07,3.829522900599278e-11,6.500083499995526
1161,28178.997652937956,2553.593335674094,30732.59098861205,237.3983894340396,0.21649029368465272,90708488.20258515,0,False,3,0.9870802909132663,0,1.3721711163985354e-07,3.767506095925608e-11,6.505134899998666
1162,28178.99832654339,2553.5926609297217,30732.59098747311,237.39839227148693,0.21649029627220107,90708488.20258515,0,False,3,0.9871358107909564,0,1.3564963825472415e-07,3.705962792331531e-11,6.510410299997602
1163,28178.99899376075,2553.5919925921635,30732.590986352912,237.39839508202556,0.2164902988352106,90708488.20258515,0,False,3,0.9871908550326172,0,1.3409797326508968e-07,3.644987690034562e-11,6.516058699999121
1164,28178.999654566986,2553.5913306843204,30732.590985251307,237.39839786555842,0.2164903013735928,90708488.20258515,0,False,3,0.9872454297286025,0,1.3256224407575381e-07,3.584486088817563e-11,6.521835499996087
1165,28179.000308939627,2553.5906752284845,30732.590984168113,237.39840062199082,0.21649030388726132,90708488.20258515,0,False,3,0.9872995408656738,0,1.3104257504946647e-07,3.524576363952386e-11,6.527243099997577
1166,28179.000956856817,2553.590026246352,30732.590983103168,237.3984033512307,0.21649030637613223,90708488.20258515,0,False,3,0.987353194329194,0,1.295390883980555e-07,3.465199327803385e-11,6.532249399999273
1167,28179.001598297284,2553.5893837590265,30732.59098205631,237.3984060531885,0.21649030884012382,90708488.20258515,0,False,3,0.9874063959052665,0,1.2805190343311236e-07,3.4063431428435736e-11,6.537323299999116
1168,28179.00223324033,2553.588747787034,30732.590981027366,237.398408727777,0.21649031127915658,90708488.20258515,0,False,3,0.9874591512828198,0,1.26581136552412e-07,3.348055159181802e-11,6.542497099995671
1169,28179.00286166583,2553.5881183503284,30732.59098001616,237.3984113749114,0.2164903136931532,90708488.20258515,0,False,3,0.9875114660556398,0,1.2512690106326753e-07,3.29033537681825e-11,6.547512899996946
1170,28179.003483554217,2553.5874954682995,30732.590979022516,237.39841399450933,0.2164903160820385,90708488.20258515,0,False,3,0.9875633457243508,0,1.2368930748709256e-07,3.233195633280264e-11,6.552689399999508
1171,28179.004098886486,2553.586879159779,30732.590978046264,237.39841658649067,0.21649031844573946,90708488.20258515,0,False,3,0.9876147956983485,0,1.2226846302777866e-07,3.176600415986508e-11,6.5577496999976574
1172,28179.00470764417,2553.5862694430534,30732.590977087224,237.3984191507777,0.2164903207841852,90708488.20258515,0,False,3,0.987665821297684,0,1.208644714003517e-07,3.12059707504583e-11,6.562892199995986
1173,28179.005309809352,2553.585666335866,30732.590976145217,237.39842168729493,0.21649032309730687,90708488.20258515,0,False,3,0.9877164277549009,0,1.194774328674587e-07,3.0651737729312286e-11,6.567933999998786
1174,28179.005905364647,2553.5850698554223,30732.590975220068,237.3984241959691,0.21649032538503768,90708488.20258515,0,False,3,0.987766620216829,0,1.1810744442399052e-07,3.010318672115699e-11,6.573053000000073
1175,28179.00649429319,2553.5844800184004,30732.59097431159,237.39842667672923,0.21649032764731288,90708488.20258515,0,False,3,0.9878164037463318,0,1.1675459890823329e-07,2.9560672851809146e-11,6.578056499995
1176,28179.007076578644,2553.5838968409507,30732.590973419596,237.39842912950644,0.21649032988406966,90708488.20258515,0,False,3,0.9878657833240136,0,1.1541898540856552e-07,2.902443287181379e-11,6.583085499994922
1177,28179.007652205208,2553.583320338707,30732.590972543916,237.39843155423418,0.21649033209524735,90708488.20258515,0,False,3,0.9879147638498831,0,1.1410068902314979e-07,2.8493519778998785e-11,6.5885419999976875
1178,28179.00822115757,2553.5827505267835,30732.590971684353,237.398433950848,0.21649033428078712,90708488.20258515,0,False,3,0.9879633501449782,0,1.1279979059695061e-07,2.796911732608282e-11,6.593924299995706
1179,28179.008783420948,2553.582187419784,30732.59097084073,237.3984363192856,0.21649033644063226,90708488.20258515,0,False,3,0.9880115469529512,0,1.1151636673990849e-07,2.7450396886165384e-11,6.599062199995387
1180,28179.009338981054,2553.581631031803,30732.590970012858,237.39843865948677,0.21649033857472777,90708488.20258515,0,False,3,0.9880593589416159,0,1.1025048932766989e-07,2.6937950335606573e-11,6.604780999994546
1181,28179.009887824122,2553.5810813764274,30732.59096920055,237.3984409713936,0.2164903406830209,90708488.20258515,0,False,3,0.9881067907044573,0,1.0900222579101114e-07,2.6431422548592664e-11,6.610177700000349
1182,28179.01042993688,2553.5805384667383,30732.590968403616,237.39844325495008,0.2164903427654605,90708488.20258515,0,False,3,0.9881538467621062,0,1.0777163847286459e-07,2.593128702621201e-11,6.61552379999921
1183,28179.01096530656,2553.5800023153156,30732.590967621876,237.39844551010253,0.2164903448219977,90708488.20258515,0,False,3,0.9882005315637787,0,1.0655878511512362e-07,2.5436833516835613e-11,6.6212393999958294
1184,28179.0114939209,2553.579472934234,30732.590966855136,237.39844773679926,0.2164903468525853,90708488.20258515,0,False,3,0.9882468494886808,0,1.0536371785391903e-07,2.4948772272095244e-11,6.6264071999976295
1185,28179.012015768145,2553.578950335069,30732.590966103213,237.3984499349907,0.21649034885717816,90708488.20258515,0,False,3,0.9882928048473806,0,1.0418648369356399e-07,2.4466629790905298e-11,6.631395099997462
1186,28179.01253083702,2553.5784345288894,30732.590965365907,237.39845210462943,0.21649035083573295,90708488.20258515,0,False,3,0.9883384018831489,0,1.0302712404214019e-07,2.3990997949625793e-11,6.637286799996218
1187,28179.013039116777,2553.577925526264,30732.59096464304,237.39845424567017,0.21649035278820844,90708488.20258515,0,False,3,0.9883836447732678,0,1.0188567483162824e-07,2.3521166496627557e-11,6.64272749999509
1188,28179.01354059716,2553.5774233372567,30732.590963934417,237.3984563580697,0.2164903547145652,90708488.20258515,0,False,3,0.9884285376303082,0,1.0076216574011537e-07,2.3057727308270574e-11,6.648156099996413
1189,28179.014035268425,2553.576927971423,30732.590963239847,237.39845844178697,0.21649035661476584,90708488.20258515,0,False,3,0.9884730845033793,0,9.965662055655013e-08,2.2600443634012577e-11,6.653414299995347
1190,28179.01452312133,2553.5764394378134,30732.59096255914,237.39846049678303,0.21649035848877476,90708488.20258515,0,False,3,0.9885172893793485,0,9.856905699928118e-08,2.2149315473854767e-11,6.6584196999974665
1191,28179.015004147153,2553.575957744963,30732.590961892118,237.3984625230212,0.21649036033655855,90708488.20258515,0,False,3,0.9885611561840327,0,9.749948609660966e-08,2.1704106077254794e-11,6.663921100000152
1192,28179.01547833768,2553.5754829008965,30732.590961238573,237.39846452046686,0.21649036215808565,90708488.20258515,0,False,3,0.9886046887833632,0,9.644791239041393e-08,2.1265525695844355e-11,6.66956349999964
1193,28179.015945685213,2553.575014913119,30732.590960598332,237.39846648908755,0.21649036395332644,90708488.20258515,0,False,3,0.9886478909845237,0,9.54143338148143e-08,2.0832627327450482e-11,6.6745553000000655
1194,28179.016406182585,2553.5745537886146,30732.5909599712,237.3984684288531,0.21649036572225341,90708488.20258515,0,False,3,0.9886907665370621,0,9.439874085742664e-08,2.0406121223704832e-11,6.67969230000017
1195,28179.01685982314,2553.5740995338415,30732.59095935698,237.3984703397355,0.21649036746484102,90708488.20258515,0,False,3,0.9887333191339783,0,9.340111744542409e-08,1.9985889009336716e-11,6.684959499994875
1196,28179.017306600774,2553.5736521547274,30732.5909587555,237.39847222170903,0.2164903691810658,90708488.20258515,0,False,3,0.9887755524127849,0,9.242144021912538e-08,1.957145718326009e-11,6.690015699998185
1197,28179.0177465099,2553.573211656665,30732.590958166566,237.3984740747501,0.21649037087090628,90708488.20258515,0,False,3,0.9888174699565481,0,9.145967766908375e-08,1.9163180871291255e-11,6.695439199997054
1198,28179.018179545474,2553.572778044507,30732.59095758998,237.39847589883755,0.2164903725343431,90708488.20258515,0,False,3,0.9888590752949011,0,9.051579156013513e-08,1.876141519924653e-11,6.701442599995062
1199,28179.018605703008,2553.5723513225594,30732.590957025568,237.3984776939524,0.21649037417135902,90708488.20258515,0,False,3,0.9889003719050378,0,8.958973513646568e-08,1.8365213164952664e-11,6.706895399998757
1200,28179.01902497856,2553.571931494578,30732.590956473137,237.39847946007808,0.2164903757819389,90708488.20258515,0,False,3,0.9889413632126827,0,8.86814544887031e-08,1.7975403395313022e-11,6.7130326999977115
1201,28179.019437368745,2553.571518563759,30732.590955932505,237.39848119720034,0.21649037736606974,90708488.20258515,0,False,3,0.9889820525930406,0,8.779088682098983e-08,1.7591512389241396e-11,6.718402300000889
1202,28179.019842870744,2553.57111253274,30732.590955403484,237.3984829053073,0.2164903789237407,90708488.20258515,0,False,3,0.989022443371725,0,8.691796179724414e-08,1.721365852201044e-11,6.725463999995554
1203,28179.020241482314,2553.5707134035824,30732.590954885898,237.3984845843895,0.21649038045494315,90708488.20258515,0,False,3,0.989062538825665,0,8.60626007338336e-08,1.6841605043077436e-11,6.731335899996338
1204,28179.020633201777,2553.5703211777786,30732.590954379557,237.3984862344399,0.21649038195967069,90708488.20258515,0,False,3,0.9891023421839937,0,8.522471649907312e-08,1.6475707078258567e-11,6.737494099994365
1205,28179.02101802804,2553.569935856234,30732.590953884275,237.39848785545388,0.2164903834379191,90708488.20258515,0,False,3,0.9891418566289175,0,8.440421333617995e-08,1.6115846252282863e-11,6.743261299998267
1206,28179.021395960608,2553.5695574392703,30732.59095339988,237.39848944742934,0.21649038488968647,90708488.20258515,0,False,3,0.9891810852965646,0,8.360098687324378e-08,1.576166743933573e-11,6.749622399998771
1207,28179.021766999573,2553.5691859266117,30732.590952926184,237.39849101036668,0.21649038631497317,90708488.20258515,0,False,3,0.9892200312778167,0,8.28149245706329e-08,1.5413407389961505e-11,6.755407599994214
1208,28179.02213114563,2553.568821317383,30732.59095246301,237.39849254426883,0.21649038771378185,90708488.20258515,0,False,3,0.9892586976191228,0,8.204590527315036e-08,1.5071066104160926e-11,6.760954599994875
1209,28179.022488400085,2553.5684636101023,30732.59095201019,237.39849404914128,0.2164903890861175,90708488.20258515,0,False,3,0.9892970873232942,0,8.129379851554003e-08,1.4734288456119313e-11,6.766354599996703
1210,28179.02283876486,2553.568112802674,30732.590951567534,237.39849552499214,0.2164903904319876,90708488.20258515,0,False,3,0.9893352033502844,0,8.05584658390823e-08,1.4403429571652749e-11,6.771743599994807
1211,28179.02318224249,2553.5677688923824,30732.590951134873,237.39849697183212,0.2164903917514018,90708488.20258515,0,False,3,0.9893730486179503,0,7.983975971203768e-08,1.4078252700218307e-11,6.777715199998056
1212,28179.023518836137,2553.5674318758893,30732.590950712027,237.39849838967447,0.2164903930443723,90708488.20258515,0,False,3,0.9894106260027984,0,7.913752451664495e-08,1.3758876217088437e-11,6.7833105999961845
1213,28179.0238485496,2553.5671017492255,30732.590950298825,237.39849977853524,0.21649039431091363,90708488.20258515,0,False,3,0.9894479383407154,0,7.845159565325576e-08,1.3445063371720161e-11,6.7895795000004
1214,28179.02417138731,2553.5667785077844,30732.590949895097,237.3985011384331,0.21649039555104285,90708488.20258515,0,False,3,0.9894849884276828,0,7.778179996253865e-08,1.3136814164114085e-11,6.7986596999980975
1215,28179.024487354356,2553.5664621463197,30732.590949500674,237.39850246938946,0.21649039676477955,90708488.20258515,0,False,3,0.9895217790204763,0,7.712795633109594e-08,1.2834010218998982e-11,6.805713099995046
1216,28179.024796456448,2553.5661526589392,30732.590949115387,237.39850377142838,0.2164903979521456,90708488.20258515,0,False,3,0.9895583128373504,0,7.648987517060398e-08,1.253676991164723e-11,6.811471000000893
1217,28179.025098699964,2553.5658500390987,30732.590948739064,237.39850504457675,0.21649039911316556,90708488.20258515,0,False,3,0.9895945925587106,0,7.586735929046609e-08,1.2245093242059379e-11,6.817530399996031
1218,28179.025394091936,2553.5655542796003,30732.590948371537,237.39850628886416,0.21649040024786637,90708488.20258515,0,False,3,0.9896306208277688,0,7.526020231743372e-08,1.1958861834964151e-11,6.823305699996126
1219,28179.025682640062,2553.565265372586,30732.590948012647,237.39850750432305,0.21649040135627765,90708488.20258515,0,False,3,0.9896664002511865,0,7.466819178021771e-08,1.1677838939818431e-11,6.828408599998511
1220,28179.025964352688,2553.564983309537,30732.590947662226,237.39850869098856,0.21649040243843143,90708488.20258515,0,False,3,0.9897019333997055,0,7.409110677665535e-08,1.1402261307166338e-11,6.834397099999478
1221,28179.02623923885,2553.564708081267,30732.590947320117,237.3985098488988,0.21649040349436247,90708488.20258515,0,False,3,0.9897372228087635,0,7.352871893134566e-08,1.1131773811192905e-11,6.840335900000355
1222,28179.02650730824,2553.5644396779207,30732.59094698616,237.39851097809455,0.21649040452410795,90708488.20258515,0,False,3,0.9897722709790996,0,7.298079358048828e-08,1.0866494827170401e-11,6.84591399999772
1223,28179.026768571228,2553.564178088973,30732.590946660202,237.39851207861952,0.21649040552770774,90708488.20258515,0,False,3,0.9898070803773446,0,7.244708876391995e-08,1.0606305979827454e-11,6.852153100000578
1224,28179.02702303884,2553.563923303225,30732.590946342065,237.39851315052013,0.21649040650520418,90708488.20258515,0,False,3,0.9898416534366021,0,7.192735658217052e-08,1.0351799145523594e-11,6.857453899996472
1225,28179.027270722818,2553.563675308803,30732.59094603162,237.39851419384587,0.21649040745664236,90708488.20258515,0,False,3,0.9898759925570155,0,7.142134267072584e-08,1.0101435445725563e-11,6.862492499996733
1226,28179.02751163554,2553.5634340931565,30732.590945728698,237.39851520864886,0.21649040838206987,90708488.20258515,0,False,3,0.9899101001063246,0,7.092878683197787e-08,9.856753758967432e-12,6.868216499999107
1227,28179.027745790085,2553.56319964306,30732.590945433145,237.39851619498418,0.2164904092815369,90708488.20258515,0,False,3,0.9899439784204114,0,7.044942384558822e-08,9.616925458346838e-12,6.873743500000273
1228,28179.027973200216,2553.56297194461,30732.590945144828,237.39851715290985,0.21649041015509635,90708488.20258515,0,False,3,0.989977629803833,0,6.998298291251644e-08,9.38147704277684e-12,6.879007199997432
1229,28179.028193880353,2553.5627509832257,30732.59094486358,237.3985180824866,0.2164904110028036,90708488.20258515,0,False,3,0.9900110565303464,0,6.952918881760449e-08,9.15147388970422e-12,6.884557899997162
1230,28179.02840784561,2553.5625367436514,30732.59094458926,237.39851898377805,0.21649041182471676,90708488.20258515,0,False,3,0.9900442608434212,0,6.908776218661168e-08,8.925968996954715e-12,6.889690699994389
1231,28179.02861511178,2553.5623292099544,30732.590944321735,237.39851985685075,0.2164904126208964,90708488.20258515,0,False,3,0.9900772449567418,0,6.865841950870512e-08,8.704962364528644e-12,6.895039399998495
1232,28179.028815695317,2553.5621283655328,30732.590944060852,237.39852070177403,0.2164904133914058,90708488.20258515,0,False,3,0.9901100110547005,0,6.824087378827745e-08,8.488809118241803e-12,6.9006019000007655
1233,28179.029009613358,2553.5619341931074,30732.590943806466,237.39852151862007,0.21649041413631076,90708488.20258515,0,False,3,0.9901425612928814,0,6.783483523566572e-08,8.277390882822676e-12,6.907290700000885
1234,28179.029196883712,2553.5617466747353,30732.590943558447,237.39852230746388,0.21649041485567969,90708488.20258515,0,False,3,0.9901748977985322,0,6.744001087359223e-08,8.070234157184226e-12,6.912837799995032
1235,28179.02937752485,2553.561565791806,30732.590943316656,237.39852306838327,0.21649041554958356,90708488.20258515,0,False,3,0.99020702267103,0,6.705610616614358e-08,7.867575691870389e-12,6.91807400000107
1236,28179.029551555912,2553.561391525047,30732.59094308096,237.39852380145885,0.2164904162180959,90708488.20258515,0,False,3,0.9902389379823359,0,6.668282396247923e-08,7.669297111609603e-12,6.923141899998882
1237,28179.029718996688,2553.5612238545255,30732.590942851213,237.398524506774,0.2164904168612927,90708488.20258515,0,False,3,0.9902706457774411,0,6.631986610537949e-08,7.475635166945795e-12,6.928179899994575
1238,28179.029879867645,2553.5610627596566,30732.590942627303,237.39852518441492,0.21649041747925257,90708488.20258515,0,False,3,0.9903021480748041,0,6.596693371532047e-08,7.285761230976365e-12,6.93321129999822
1239,28179.030034189876,2553.560908219205,30732.590942409082,237.3985258344705,0.2164904180720566,90708488.20258515,0,False,3,0.9903334468667806,0,6.562372698006574e-08,7.100622305876233e-12,6.938171099995088
1240,28179.030181985137,2553.560760211292,30732.590942196428,237.39852645703232,0.2164904186397883,90708488.20258515,0,False,3,0.9903645441200436,0,6.528994596731393e-08,6.9195081400146125e-12,6.943250899996201
1241,28179.03032327583,2553.5606187133976,30732.590941989227,237.3985270521948,0.21649041918253378,90708488.20258515,0,False,3,0.9903954417759961,0,6.496529125615572e-08,6.7420636075762e-12,6.948332499996468
1242,28179.030458084973,2553.5604837023716,30732.590941787344,237.39852762005486,0.2164904197003814,90708488.20258515,0,False,3,0.9904261417511763,0,6.464946340568987e-08,6.568998960192231e-12,6.953594399994472
1243,28179.030586436224,2553.560355154436,30732.59094159066,237.39852816071217,0.21649042019342207,90708488.20258515,0,False,3,0.9904566459376537,0,6.434216491459867e-08,6.399840696775553e-12,6.958915299997898
1244,28179.03070835386,2553.560233045191,30732.590941399052,237.39852867426902,0.21649042066174906,90708488.20258515,0,False,3,0.9904869562034191,0,6.404309887813388e-08,6.2347071925981954e-12,6.963929400000779
1245,28179.030823862773,2553.560117349627,30732.590941212402,237.3985291608302,0.21649042110545794,90708488.20258515,0,False,3,0.9905170743927663,0,6.375197051693079e-08,6.073361697116659e-12,6.9691804999965825
1246,28179.030932988477,2553.560008042125,30732.5909410306,237.39852962050324,0.21649042152464676,90708488.20258515,0,False,3,0.9905470023266669,0,6.346848724446977e-08,5.915567459787435e-12,6.974366499998723
1247,28179.031035757056,2553.5599050964684,30732.590940853523,237.398530053398,0.2164904219194157,90708488.20258515,0,False,3,0.9905767418031377,0,6.319235891819134e-08,5.761916356969898e-12,6.980159899998398
1248,28179.031132195225,2553.559808485851,30732.590940681075,237.398530459627,0.21649042228986742,90708488.20258515,0,False,3,0.990606294597602,0,6.29232977822221e-08,5.6112246359457796e-12,6.985371799994027
1249,28179.031222330246,2553.5597181828816,30732.590940513128,237.3985308393051,0.21649042263610657,90708488.20258515,0,False,3,0.9906356624632424,0,6.266101952694041e-08,5.4647944247055075e-12,6.9906537999995635
1250,28179.031306189983,2553.559634159596,30732.59094034958,237.39853119254965,0.21649042295824025,90708488.20258515,0,False,3,0.9906648471313493,0,6.24052432836166e-08,5.32167872107448e-12,6.9964954999959446
1251,28179.031383802867,2553.5595563874613,30732.590940190326,237.3985315194804,0.21649042325637763,90708488.20258515,0,False,3,0.9906938503116604,0,6.215569176510675e-08,5.181877525052831e-12,7.003257999997004
1252,28179.031455197874,2553.5594848373894,30732.59094003526,237.39853182021946,0.21649042353063008,90708488.20258515,0,False,3,0.9907226736926963,0,6.191209149434413e-08,5.045627587184384e-12,7.009710899998026
1253,28179.03152040454,2553.559419479741,30732.59093988428,237.39853209489118,0.21649042378111097,90708488.20258515,0,False,3,0.990751318942088,0,6.167417341491843e-08,4.912692156925574e-12,7.016088299998955
1254,28179.031579452952,2553.5593602843383,30732.59093973729,237.39853234362235,0.21649042400793594,90708488.20258515,0,False,3,0.9907797877068997,0,6.144167266294827e-08,4.782952859004674e-12,7.025288999997429
1255,28179.031632373713,2553.559307220469,30732.59093959418,237.39853256654183,0.21649042421122253,90708488.20258515,0,False,3,0.9908080816139436,0,6.121432930045532e-08,4.656528068693646e-12,7.031290999999328
1256,28179.031679197957,2553.5592602569013,30732.590939454858,237.39853276378082,0.2164904243910903,90708488.20258515,0,False,3,0.9908362022700918,0,6.099188822530535e-08,4.533417785992601e-12,7.037892699998338
1257,28179.031719957355,2553.5592193618872,30732.59093931924,237.39853293547267,0.21649042454766096,90708488.20258515,0,False,3,0.9908641512625809,0,6.077409896637971e-08,4.4127933839987026e-12,7.043801799998619
1258,28179.03175468404,2553.559184503177,30732.59093918722,237.39853308175282,0.21649042468105797,90708488.20258515,0,False,3,0.9908919301593098,0,6.056071685262962e-08,4.295838615430538e-12,7.049529500000062
1259,28179.031783410686,2553.559155648023,30732.59093905871,237.3985332027588,0.21649042479140676,90708488.20258515,0,False,3,0.9909195405091346,0,6.035150214534941e-08,4.181488102841559e-12,7.056315800000448
1260,28179.03180617043,2553.559132763191,30732.590938933623,237.39853329863027,0.21649042487883463,90708488.20258515,0,False,3,0.9909469838421562,0,6.01462205942224e-08,4.070215347319256e-12,7.0624892999985605
1261,28179.03182299689,2553.559115814972,30732.590938811863,237.39853336950878,0.21649042494347076,90708488.20258515,0,False,3,0.9909742616700042,0,5.994464396003777e-08,3.961901973591863e-12,7.068793300000834
1262,28179.03183392417,2553.559104769185,30732.590938693356,237.39853341553805,0.21649042498544616,90708488.20258515,0,False,3,0.9910013754861141,0,5.974654965713171e-08,3.85607448057206e-12,7.075751500000479
1263,28179.031838986823,2553.55909959119,30732.59093857801,237.3985334368636,0.21649042500489352,90708488.20258515,0,False,3,0.9910283267660007,0,5.9551720873916806e-08,3.753206369347327e-12,7.081777699997474
1264,28179.031838219853,2553.5591002458964,30732.59093846575,237.39853343363288,0.21649042500194732,90708488.20258515,0,False,3,0.9910551169675261,0,5.9359946857360396e-08,3.6528241388303315e-12,7.088355199994112
1265,28179.031831658715,2553.5591066977718,30732.590938356487,237.3985334059952,0.21649042497674376,90708488.20258515,0,False,3,0.9910817475311627,0,5.917102222296756e-08,3.5552829148367015e-12,7.095138399999996
1266,28179.031819339296,2553.559118910848,30732.590938250145,237.3985333541018,0.2164904249294207,90708488.20258515,0,False,3,0.9911082198802526,0,5.898474880994161e-08,3.4602275715509455e-12,7.101353599995491
1267,28179.031801297922,2553.5591368487317,30732.590938146655,237.39853327810567,0.2164904248601177,90708488.20258515,0,False,3,0.9911345354212603,0,5.8800933597499496e-08,3.367421358429419e-12,7.107049599995662
1268,28179.03177757132,2553.55916047461,30732.59093804593,237.39853317816147,0.21649042476897573,90708488.20258515,0,False,3,0.9911606955440235,0,5.861939027075518e-08,3.277456151831451e-12,7.113545000000158
1269,28179.03174819664,2553.559189751263,30732.590937947905,237.39853305442577,0.21649042465613766,90708488.20258515,0,False,3,0.9911867016219974,0,5.8439938222440447e-08,3.1896217001259755e-12,7.121060599994962
1270,28179.031713211436,2553.5592246410656,30732.590937852503,237.39853290705668,0.21649042452174763,90708488.20258515,0,False,3,0.9912125550124953,0,5.826240352286601e-08,3.104273129128609e-12,7.126830599998357
1271,28179.031672653662,2553.559265105999,30732.59093775966,237.39853273621412,0.21649042436595148,90708488.20258515,0,False,3,0.9912382570569258,0,5.808661835338987e-08,3.020936937751984e-12,7.133358200000657
1272,28179.031626561642,2553.559311107657,30732.590937669298,237.3985325420595,0.2164904241888964,90708488.20258515,0,False,3,0.9912638090810245,0,5.791242043004104e-08,2.940323377627281e-12,7.140749199999846
1273,28179.031574974106,2553.5593626072523,30732.590937581357,237.398532324756,0.21649042399073118,90708488.20258515,0,False,3,0.9912892123950827,0,5.7739654397634206e-08,2.8614854465797034e-12,7.1473947999984375
1274,28179.031517930154,2553.559419565622,30732.590937495777,237.39853208446826,0.21649042377160602,90708488.20258515,0,False,3,0.9913144682941718,0,5.7568171211017025e-08,2.784659895153004e-12,7.153497799998149
1275,28179.031455469238,2553.5594819432404,30732.59093741248,237.39853182136252,0.21649042353167247,90708488.20258515,0,False,3,0.9913395780583627,0,5.7397826514821695e-08,2.7104385997065075e-12,7.159410399995977
1276,28179.031387631207,2553.559549700214,30732.59093733142,237.39853153560662,0.2164904232710836,90708488.20258515,0,False,3,0.991364542952944,0,5.722848372271446e-08,2.637519432249831e-12,7.165443099998811
1277,28179.031314456228,2553.5596227962988,30732.590937252528,237.39853122736977,0.2164904229899937,90708488.20258515,0,False,3,0.9913893642286339,0,5.70600109969747e-08,2.5670861455015793e-12,7.171359899999516
1278,28179.03123598484,2553.559701190898,30732.590937175737,237.3985308968227,0.2164904226885585,90708488.20258515,0,False,3,0.991414043121789,0,5.689228322626452e-08,2.498665238374363e-12,7.176744599993981
1279,28179.031152257932,2553.5597848430734,30732.590937101006,237.39853054413766,0.21649042236693505,90708488.20258515,0,False,3,0.9914385808546111,0,5.672518059834674e-08,2.4316648345089263e-12,7.1826602000001
1280,28179.03106331673,2553.559873711543,30732.59093702827,237.3985301694883,0.21649042202528174,90708488.20258515,0,False,3,0.9914629786353482,0,5.6558589723602256e-08,2.3666768102645888e-12,7.188450399997237
1281,28179.03096920278,2553.559967754694,30732.590936957473,237.3985297730497,0.21649042166375818,90708488.20258515,0,False,3,0.9914872376584933,0,5.6392402182042483e-08,2.3037011656413826e-12,7.1938664999979665
1282,28179.030869957987,2553.5600669305813,30732.59093688857,237.39852935499826,0.21649042128252527,90708488.20258515,0,False,3,0.9915113591049804,0,5.622651568411738e-08,2.242027649008186e-12,7.1995686999944155
1283,28179.03076562457,2553.5601711969343,30732.590936821507,237.39852891551192,0.21649042088174528,90708488.20258515,0,False,3,0.9915353441423755,0,5.6060833633083884e-08,2.182129761452458e-12,7.205779600000824
1284,28179.03065624506,2553.5602805111607,30732.59093675622,237.39852845476975,0.21649042046158148,90708488.20258515,0,False,3,0.9915591939250656,0,5.589526411196404e-08,2.124362628789805e-12,7.211745399996289
1285,28179.03054186233,2553.560394830349,30732.59093669268,237.3985279729524,0.21649042002219862,90708488.20258515,0,False,3,0.9915829095944441,0,5.572972178107028e-08,2.0675424983016586e-12,7.217386999996961
1286,28179.030422519554,2553.5605141112746,30732.59093663083,237.3985274702417,0.21649041956376255,90708488.20258515,0,False,3,0.9916064922790935,0,5.556412589789094e-08,2.0124979968910552e-12,7.2236917999980506
1287,28179.030298260222,2553.5606383103986,30732.59093657062,237.39852694682088,0.21649041908644032,90708488.20258515,0,False,3,0.9916299430949642,0,5.539840034043799e-08,1.959110749286159e-12,7.230307599995285
1288,28179.030169128142,2553.5607673838754,30732.590936512017,237.39852640287447,0.21649041859040025,90708488.20258515,0,False,3,0.9916532631455512,0,5.523247506078575e-08,1.9069072543995508e-12,7.235906399997475
1289,28179.030035167416,2553.5609012875507,30732.590936454966,237.3985258385882,0.21649041807581165,90708488.20258515,0,False,3,0.9916764535220672,0,5.5066284648415165e-08,1.85636101331869e-12,7.241876899999625
1290,28179.029896422457,2553.5610399769694,30732.590936399425,237.3985252541492,0.21649041754284523,90708488.20258515,0,False,3,0.9916995153036131,0,5.489976842886744e-08,1.807235275499876e-12,7.247164699998393
1291,28179.029752937993,2553.5611834073716,30732.590936345365,237.39852464974584,0.21649041699167274,90708488.20258515,0,False,3,0.9917224495573455,0,5.473287025263254e-08,1.7590565398556815e-12,7.252819399996952
1292,28179.02960475903,2553.561331533701,30732.59093629273,237.39852402556772,0.2164904164224671,90708488.20258515,0,False,3,0.9917452573386418,0,5.456553946331656e-08,1.71265343328915e-12,7.258826599994791
1293,28179.029451930895,2553.561484310601,30732.590936241497,237.3985233818058,0.21649041583540243,90708488.20258515,0,False,3,0.9917679396912622,0,5.439772898400721e-08,1.6670789536254084e-12,7.264384800000698
1294,28179.029294499203,2553.5616416924177,30732.59093619162,237.39852271865217,0.2164904152306539,90708488.20258515,0,False,3,0.9917904976475093,0,5.422939682756592e-08,1.6229249772237769e-12,7.27173749999929
1295,28179.02913250985,2553.5618036332066,30732.590936143057,237.3985220363002,0.21649041460839788,90708488.20258515,0,False,3,0.9918129322283843,0,5.406050488598042e-08,1.5801915040842711e-12,7.2769948999994085
1296,28179.028966009057,2553.561970086727,30732.590936095785,237.39852133494452,0.21649041396881183,90708488.20258515,0,False,3,0.9918352444437422,0,5.389101972368484e-08,1.5381682825757336e-12,7.28200680000009
1297,28179.028795043316,2553.5621410064446,30732.59093604976,237.39852061478106,0.21649041331207444,90708488.20258515,0,False,3,0.9918574352924432,0,5.372091155882004e-08,1.497565564329347e-12,7.2876239999968675
1298,28179.028619659417,2553.562316345539,30732.590936004955,237.39851987600687,0.2164904126383654,90708488.20258515,0,False,3,0.9918795057625014,0,5.355015496333653e-08,1.457909848257676e-12,7.2929356999957236
1299,28179.02843990444,2553.562496056892,30732.590935961332,237.39851911882027,0.21649041194786556,90708488.20258515,0,False,3,0.9919014568312324,0,5.3378728062340305e-08,1.419437884904456e-12,7.298003999996581
1300,28179.028255825768,2553.562680093103,30732.59093591887,237.39851834342087,0.21649041124075696,90708488.20258515,0,False,3,0.9919232894653975,0,5.3206613066115514e-08,1.3816761731822472e-12,7.303400199998578
1301,28179.028067471045,2553.562868406479,30732.590935877524,237.39851755000933,0.2164904105172226,90708488.20258515,0,False,3,0.9919450046213456,0,5.303379599899674e-08,1.3453349647222358e-12,7.308732599994983
1302,28179.02787488824,2553.563060949039,30732.59093583728,237.39851673878775,0.2164904097774467,90708488.20258515,0,False,3,0.9919666032451533,0,5.286026565910158e-08,1.3094672573495287e-12,7.3140552999975625
1303,28179.027678125585,2553.5632576725166,30732.5909357981,237.39851590995923,0.2164904090216146,90708488.20258515,0,False,3,0.9919880862727625,0,5.2686015185926896e-08,1.2749016779671751e-12,7.31978739999613
1304,28179.027477231604,2553.5634585283574,30732.590935759963,237.39851506372824,0.21649040824991267,90708488.20258515,0,False,3,0.9920094546301157,0,5.251104075552433e-08,1.2409279749440053e-12,7.325195699995675
1305,28179.02727225511,2553.5636634677217,30732.59093572283,237.39851420030038,0.21649040746252843,90708488.20258515,0,False,3,0.9920307092332891,0,5.233534184174393e-08,1.2082563999112066e-12,7.330474399997911
1306,28179.02706324521,2553.563872441485,30732.590935686694,237.39851331988248,0.21649040665965047,90708488.20258515,0,False,3,0.9920518509886238,0,5.2158920911373185e-08,1.1758215754220158e-12,7.336080000000948
1307,28179.026850251284,2553.5640854002377,30732.590935651522,237.39851242268256,0.21649040584146853,90708488.20258515,0,False,3,0.9920728807928552,0,5.198178375339693e-08,1.1444521283794842e-12,7.341466899997613
1308,28179.026633323,2553.5643022942863,30732.590935617285,237.39851150890985,0.2164904050081734,90708488.20258515,0,False,3,0.9920937995332392,0,5.18039385200272e-08,1.1140296835117554e-12,7.346769499999937
1309,28179.026412510306,2553.5645230736554,30732.59093558396,237.3985105787747,0.2164904041599569,90708488.20258515,0,False,3,0.9921146080876776,0,5.162539737036125e-08,1.0843174902751087e-12,7.352860099999816
1310,28179.02618786345,2553.5647476880877,30732.590935551536,237.39850963248884,0.2164904032970121,90708488.20258515,0,False,3,0.9921353073248413,0,5.144617375379272e-08,1.0550787981258213e-12,7.359884099998453
1311,28179.025959432933,2553.564976087045,30732.590935519976,237.39850867026496,0.216490402419533,90708488.20258515,0,False,3,0.9921558981042907,0,5.126628510825901e-08,1.0269054834232197e-12,7.366105099994456
1312,28179.025727269574,2553.565208219708,30732.590935489283,237.3985076923171,0.21649040152771473,90708488.20258515,0,False,3,0.9921763812765954,0,5.1085750696063835e-08,9.987321687205304e-13,7.372826399994665
1313,28179.02549142442,2553.565444034981,30732.590935459404,237.39850669886036,0.21649040062175348,90708488.20258515,0,False,3,0.9921967576834512,0,5.090459247422227e-08,9.722161078238602e-13,7.37863980000111
1314,28179.025251948857,2553.56568348149,30732.590935430348,237.3985056901111,0.21649039970184655,90708488.20258515,0,False,3,0.9922170281577958,0,5.0722834531334275e-08,9.454632963833826e-13,7.385874599996896
1315,28179.025008894496,2553.5659265075856,30732.59093540208,237.39850466628678,0.21649039876819226,90708488.20258515,0,False,3,0.9922371935239224,0,5.054050372865709e-08,9.197758623896116e-13,7.392565299996932
1316,28179.024762313238,2553.566173061345,30732.590935374585,237.39850362760603,0.21649039782098994,90708488.20258515,0,False,3,0.9922572545975911,0,5.035762894216404e-08,8.946803047550937e-13,7.39818809999997
1317,28179.024512257278,2553.566423090574,30732.590935347853,237.3985025742887,0.21649039686044014,90708488.20258515,0,False,3,0.9922772121861395,0,5.017424071340517e-08,8.69821497664238e-13,7.40411419999873
1318,28179.024258779056,2553.5666765428073,30732.590935321863,237.39850150655568,0.21649039588674424,90708488.20258515,0,False,3,0.9922970670885916,0,4.999037220005969e-08,8.456729422045076e-13,7.409491200000048
1319,28179.024001931277,2553.5669333653136,30732.59093529659,237.39850042462896,0.21649039490010472,90708488.20258515,0,False,3,0.9923168200957635,0,4.9806058227088006e-08,8.223530136477718e-13,7.4148898999992525
1320,28179.023741766938,2553.567193505096,30732.590935272034,237.39849932873182,0.2164903939007252,90708488.20258515,0,False,3,0.9923364719903692,0,4.962133559622731e-08,7.990330850909781e-13,7.420766700000968
1321,28179.023478339273,2553.5674569088947,30732.59093524817,237.39849821908845,0.21649039288881006,90708488.20258515,0,False,3,0.9923560235471243,0,4.943624270350359e-08,7.765417834371859e-13,7.426243899994006
1322,28179.023211701788,2553.567723523192,30732.59093522498,237.39849709592428,0.21649039186456495,90708488.20258515,0,False,3,0.9923754755328474,0,4.925081962224851e-08,7.545239828708028e-13,7.43163139999524
1323,28179.02294190824,2553.567993294214,30732.590935202454,237.39849595946575,0.21649039082819632,90708488.20258515,0,False,3,0.9923948287065608,0,4.906510833526305e-08,7.329796833918318e-13,7.437302300000738
1324,28179.02266901265,2553.5682661679316,30732.590935180582,237.39849480994042,0.21649038977991172,90708488.20258515,0,False,3,0.9924140838195894,0,4.887915191820474e-08,7.116721344565444e-13,7.442986499998369
1325,28179.022393069274,2553.568542090072,30732.590935159344,237.39849364757677,0.2164903887199195,90708488.20258515,0,False,3,0.9924332416156577,0,4.8692995166515626e-08,6.910748371524057e-13,7.448545699997339
1326,28179.022114132633,2553.5688210061126,30732.590935138745,237.39849247260452,0.21649038764842912,90708488.20258515,0,False,3,0.9924523028309865,0,4.850668417321032e-08,6.702407893044921e-13,7.454886100000294
1327,28179.02183225746,2553.5691028612914,30732.59093511875,237.3984912852542,0.21649038656565087,90708488.20258515,0,False,3,0.9924712681943859,0,4.8320266104265445e-08,6.505904941751956e-13,7.460546099995554
1328,28179.02154749874,2553.5693876006094,30732.59093509935,237.39849008575746,0.21649038547179592,90708488.20258515,0,False,3,0.9924901384273501,0,4.813378973870963e-08,6.312953248614584e-13,7.467612599997665
1329,28179.02125991171,2553.569675168838,30732.59093508055,237.39848887434692,0.21649038436707643,90708488.20258515,0,False,3,0.9925089142441474,0,4.7947304388960167e-08,6.117634050039521e-13,7.47446520000085
1330,28179.020969551806,2553.569965510518,30732.590935062326,237.39848765125615,0.21649038325170544,90708488.20258515,0,False,3,0.9925275963519118,0,4.776086095712593e-08,5.929417367776067e-13,7.480155999997805
1331,28179.02067647469,2553.5702585699723,30732.590935044664,237.39848641671955,0.21649038212589666,90708488.20258515,0,False,3,0.9925461854507305,0,4.7574510921692665e-08,5.747119449105584e-13,7.488103199997568
1332,28179.020380736256,2553.5705542913056,30732.59093502756,237.39848517097263,0.21649038098986487,90708488.20258515,0,False,3,0.9925646822337327,0,4.7388306882917345e-08,5.564821530434785e-13,7.495467599997937
1333,28179.020082392595,2553.5708526184117,30732.59093501101,237.39848391425164,0.21649037984382552,90708488.20258515,0,False,3,0.9925830873871752,0,4.7202302066683395e-08,5.386074869919668e-13,7.505147099996975
1334,28179.019781500014,2553.5711534949796,30732.590934994994,237.39848264679372,0.21649037868799487,90708488.20258515,0,False,3,0.9926014015905278,0,4.7016550372069776e-08,5.210879467560252e-13,7.511841200001072
1335,28179.019478115,2553.5714568645017,30732.5909349795,237.39848136883688,0.21649037752258993,90708488.20258515,0,False,3,0.9926196255165561,0,4.6831106795438164e-08,5.041602828793885e-13,7.517670199995337
1336,28179.019172294255,2553.5717626702763,30732.59093496453,237.39848008061995,0.21649037634782856,90708488.20258515,0,False,3,0.9926377598314053,0,4.6646026458480486e-08,4.871142437308592e-13,7.523687000000791
1337,28179.01886409465,2553.5720708554168,30732.59093495007,237.39847878238248,0.21649037516392916,90708488.20258515,0,False,3,0.9926558051946807,0,4.646136506735005e-08,4.705417056697712e-13,7.528837300000305
1338,28179.01855357325,2553.572381362859,30732.590934936106,237.39847747436482,0.21649037397111093,90708488.20258515,0,False,3,0.9926737622595274,0,4.627717905253309e-08,4.5432429342425955e-13,7.534902299994428
1339,28179.018240787278,2553.5726941353637,30732.590934922642,237.39847615680804,0.21649037276959368,90708488.20258515,0,False,3,0.9926916316727105,0,4.609352479448654e-08,4.381068811787255e-13,7.5407096999988426
1340,28179.017925794124,2553.5730091155315,30732.590934909655,237.39847482995387,0.2164903715595979,90708488.20258515,0,False,3,0.9927094140746913,0,4.5910459487132595e-08,4.225997205643705e-13,7.545854799995141
1341,28179.017608651346,2553.5733262458048,30732.59093489715,237.3984734940448,0.21649037034134472,90708488.20258515,0,False,3,0.9927271100997054,0,4.572803977665417e-08,4.06855809406262e-13,7.551344100000279
1342,28179.01728941663,2553.5736454684766,30732.59093488511,237.3984721493238,0.21649036911505568,90708488.20258515,0,False,3,0.9927447203758367,0,4.554632342872278e-08,3.918221498793352e-13,7.557167899998603
1343,28179.016968147833,2553.573966725697,30732.59093487353,237.39847079603453,0.21649036788095297,90708488.20258515,0,False,3,0.992762245525093,0,4.536536740318846e-08,3.767884903523905e-13,7.562218999999459
1344,28179.01664490292,2553.5742899594875,30732.590934862408,237.39846943442126,0.21649036663925939,90708488.20258515,0,False,3,0.992779686163479,0,4.518522949862735e-08,3.618732060972956e-13,7.567506200000935
1345,28179.01631973999,2553.5746151117387,30732.590934851727,237.39846806472863,0.216490365390198,90708488.20258515,0,False,3,0.9927970429010681,0,4.500596676816797e-08,3.475497982015192e-13,7.573017399998207
1346,28179.015992717257,2553.57494212423,30732.590934841486,237.3984666872019,0.2164903641339925,90708488.20258515,0,False,3,0.9928143163420743,0,4.48276365216957e-08,3.3322639030572774e-13,7.578232899999421
1347,28179.01566389305,2553.575270938628,30732.590934831678,237.39846530208678,0.2164903628708669,90708488.20258515,0,False,3,0.9928315070849221,0,4.465029580880939e-08,3.191397329536559e-13,7.583756499996525
1348,28179.01533332579,2553.5756014965036,30732.590934822296,237.39846390962933,0.21649036160104565,90708488.20258515,0,False,3,0.9928486157223152,0,4.4474001629643426e-08,3.052898261453046e-13,7.589105399994878
1349,28179.015001073996,2553.5759337393356,30732.590934813332,237.39846251007606,0.21649036032475352,90708488.20258515,0,False,3,0.9928656428413056,0,4.4298810175139326e-08,2.916766698806748e-13,7.5942017999987
1350,28179.014667196254,2553.57626760852,30732.590934804775,237.39846110367378,0.21649035904221556,90708488.20258515,0,False,3,0.9928825890233606,0,4.4124777854326084e-08,2.784186394316344e-13,7.599783400000888
1351,28179.01433175124,2553.576603045381,30732.590934796623,237.3984596906696,0.21649035775365716,90708488.20258515,0,False,3,0.9928994548444284,0,4.395196017597661e-08,2.6527898425445e-13,7.605043600000499
1352,28179.013994797697,2553.5769399911783,30732.590934788874,237.398458271311,0.21649035645930398,90708488.20258515,0,False,3,0.9929162408750043,0,4.3780412425105724e-08,2.5213932907725497e-13,7.610245699994266
1353,28179.013656394396,2553.5772783871175,30732.590934781514,237.39845684584554,0.21649035515938178,90708488.20258515,0,False,3,0.9929329476801945,0,4.361018922431173e-08,2.39473174987519e-13,7.615611900000658
1354,28179.013316600183,2553.577618174358,30732.59093477454,237.3984554145211,0.2164903538541166,90708488.20258515,0,False,3,0.9929495758197797,0,4.344134450266537e-08,2.2692539616964104e-13,7.620977499995206
1355,28179.01297547392,2553.577959294024,30732.590934767944,237.39845397758563,0.2164903525437346,90708488.20258515,0,False,3,0.9929661258482784,0,4.3273931705100714e-08,2.1461436789548908e-13,7.626165399997262
1356,28179.01263307451,2553.578301687213,30732.590934761723,237.39845253528722,0.21649035122846194,90708488.20258515,0,False,3,0.9929825983150071,0,4.3108003392210244e-08,2.024217148931964e-13,7.631364799999574
1357,28179.012289460872,2553.578645295002,30732.590934755874,237.3984510878741,0.21649034990852506,90708488.20258515,0,False,3,0.9929989937641431,0,4.294361102676802e-08,1.9034743716276358e-13,7.636473599995952
1358,28179.011944691913,2553.5789900584646,30732.590934750377,237.39844963559435,0.21649034858415017,90708488.20258515,0,False,3,0.9930153127347828,0,4.278080589478692e-08,1.7886503579166076e-13,7.641636199994537
1359,28179.01159882657,2553.5793359186705,30732.590934745243,237.39844817869627,0.21649034725556368,90708488.20258515,0,False,3,0.9930315557610018,0,4.261963759358198e-08,1.6702750860494935e-13,7.647126099996967
1360,28179.011251923745,2553.5796828167045,30732.59093474045,237.398446717428,0.21649034592299188,90708488.20258515,0,False,3,0.9930477233719127,0,4.246015534048705e-08,1.5601860832130406e-13,7.652500099997269
1361,28179.01090404234,2553.5800306936694,30732.59093473601,237.3984452520376,0.216490344586661,90708488.20258515,0,False,3,0.9930638160917233,0,4.230240699574166e-08,1.4441783167831612e-13,7.657778599997982
1362,28179.0105552412,2553.5803794906956,30732.590934731896,237.39844378277292,0.21649034324679706,90708488.20258515,0,False,3,0.9930798344397928,0,4.21464392965845e-08,1.3388243248213043e-13,7.663107799999125
1363,28179.010205579165,2553.580729148956,30732.59093472812,237.39844230988191,0.21649034190362618,90708488.20258515,0,False,3,0.9930957789306873,0,4.1992297937187404e-08,1.2287353219847037e-13,7.668397199995525
1364,28179.009855114997,2553.581079609669,30732.590934724667,237.39844083361203,0.21649034055737398,90708488.20258515,0,False,3,0.9931116500742366,0,4.18400274513895e-08,1.123381330022762e-13,7.673687399998016
1365,28179.00950390742,2553.5814308141107,30732.590934721527,237.39843935421067,0.2164903392082661,90708488.20258515,0,False,3,0.9931274483755865,0,4.16896709597747e-08,1.0215785962168099e-13,7.678930800000671
1366,28179.00915201508,2553.5817827036235,30732.590934718704,237.39843787192484,0.21649033785652783,90708488.20258515,0,False,3,0.9931431743352542,0,4.1541270216146894e-08,9.1859210969215e-14,7.6841719999938505
1367,28179.008799496558,2553.582135219627,30732.590934716187,237.39843638700134,0.21649033650238417,90708488.20258515,0,False,3,0.9931588284491802,0,4.1394865994929024e-08,8.191568813234873e-14,7.689586899999995
1368,28179.00844641035,2553.582488303625,30732.590934713975,237.39843489968652,0.21649033514605978,90708488.20258515,0,False,3,0.9931744112087808,0,4.12504969781151e-08,7.197216529547993e-14,7.694859799994447
1369,28179.008092814838,2553.582841897214,30732.590934712054,237.39843341022635,0.216490333787779,90708488.20258515,0,False,3,0.9931899231009995,0,4.110820126735211e-08,6.250214354607918e-14,7.700070999999298
1370,28179.00773876832,2553.5831959420952,30732.590934710413,237.39843191886638,0.21649033242776575,90708488.20258515,0,False,3,0.9932053646083581,0,4.096801463261119e-08,5.33872476122793e-14,7.705416400000104
1371,28179.00738432898,2553.583550380082,30732.59093470906,237.39843042585173,0.21649033106624352,90708488.20258515,0,False,3,0.9932207362090064,0,4.082997171513362e-08,4.4035601134742704e-14,7.710682500000985
1372,28179.00702955488,2553.583905153106,30732.590934707987,237.39842893142693,0.21649032970343537,90708488.20258515,0,False,3,0.993236038376772,0,4.06941054255717e-08,3.492070520093997e-14,7.715852199995425
1373,28179.006674503944,2553.5842602032326,30732.590934707176,237.398427435836,0.21649032833956378,90708488.20258515,0,False,3,0.9932512715812086,0,4.056044727100447e-08,2.6397685626474188e-14,7.721394399995916
1374,28179.006319233973,2553.584615472662,30732.590934706634,237.3984259393224,0.21649032697485077,90708488.20258515,0,False,3,0.9932664362876443,0,4.042902662621626e-08,1.7637915508272457e-14,7.728460199999972
1375,28179.0059638026,2553.5849709037425,30732.590934706343,237.39842444212894,0.21649032560951778,90708488.20258515,0,False,3,0.9932815329572293,0,4.029987162931755e-08,9.470021749408199e-15,7.734332699998049
1376,28179.005608267325,2553.58532643898,30732.590934706306,237.39842294449778,0.21649032424378564,90708488.20258515,0,False,3,0.9932965620469821,0,4.017300832494016e-08,1.1837527186760359e-15,7.7407056000010925
1377,28179.00525268547,2553.5856820210415,30732.590934706514,237.3984214466704,0.21649032287787456,90708488.20258515,0,False,3,0.9933115240098361,0,4.004846111047726e-08,6.747390496453413e-15,7.746097700000973
1378,28179.005250255734,2553.5856844496757,30732.59093470541,237.39842143643557,0.21649032286854114,90708488.20258515,0,True,4,0.0,0,4.004216013603141e-08,3.586770737588369e-14,7.7553865000008955
1379,28179.00524782662,2553.5856868776937,30732.590934704313,237.39842142620333,0.21649032285921008,90708488.20258515,0,False,4,0.28175352512532087,0,4.0035860499240144e-08,3.574933210401737e-14,7.760833199994522
1380,28179.005244713877,2553.585689989026,30732.5909347029,237.39842141309146,0.21649032284725298,90708488.20258515,0,False,4,0.434042782780302,0,4.002778744189533e-08,4.592960548463323e-14,7.766331499995431
1381,28179.00524093544,2553.5856937657486,30732.590934701188,237.3984213971754,0.2164903228327387,90708488.20258515,0,False,4,0.5310638054044795,0,4.0017987364473215e-08,5.5754753049647534e-14,7.771681199999875
1382,28179.005236502606,2553.585698196577,30732.590934699183,237.3984213785029,0.21649032281571068,90708488.20258515,0,False,4,0.5987785940560388,0,4.000648910135531e-08,6.522477479906052e-14,7.776696999993874
1383,28179.00523142336,2553.5857032735216,30732.590934696884,237.39842135710742,0.21649032279619956,90708488.20258515,0,False,4,0.6489233261224006,0,3.9993313111814923e-08,7.48131718203429e-14,7.781659899999795
1384,28179.00522570382,2553.5857089904775,30732.590934694297,237.39842133301485,0.21649032277422886,90708488.20258515,0,False,4,0.6876458540105597,0,3.997847495803831e-08,8.416481829789206e-14,7.787248499997077
1385,28179.005219348903,2553.5857153425163,30732.59093469142,237.39842130624587,0.21649032274981747,90708488.20258515,0,False,4,0.718499853459134,0,3.9961986837880286e-08,9.363484004731114e-14,7.792301099994802
1386,28179.00521236278,2553.585722325479,30732.590934688258,237.398421276818,0.21649032272298135,90708488.20258515,0,False,4,0.7436910466053832,0,3.9943859157577796e-08,1.0286811125299747e-13,7.7974764999962645
1387,28179.005204749075,2553.5857299357394,30732.590934684813,237.3984212447466,0.21649032269373455,90708488.20258515,0,False,4,0.7646647176173088,0,3.992410090363672e-08,1.1210138245868657e-13,7.802669099997729
1388,28179.005196511047,2553.585738170039,30732.590934681088,237.3984212100453,0.21649032266208948,90708488.20258515,0,False,4,0.782409243228014,0,3.990271994072695e-08,1.21216278392511e-13,7.807640099999844
1389,28179.0051876517,2553.5857470253845,30732.590934677082,237.39842117272684,0.2164903226280577,90708488.20258515,0,False,4,0.7976243809601435,0,3.9879723492321236e-08,1.3033117432633867e-13,7.8127585999973235
1390,28179.00517817383,2553.5857564989724,30732.5909346728,237.39842113280295,0.21649032259165,90708488.20258515,0,False,4,0.8108199838000861,0,3.9855118255894814e-08,1.3932769498830208e-13,7.818050399997446
1391,28179.005168080108,2553.5857665881313,30732.59093466824,237.39842109028487,0.21649032255287654,90708488.20258515,0,False,4,0.8223766390185732,0,3.982891048131038e-08,1.4844259092213692e-13,7.823223599996709
1392,28179.005157373118,2553.5857772902855,30732.590934663403,237.3984210451835,0.21649032251174732,90708488.20258515,0,False,4,0.8325843815233085,0,3.980110607925275e-08,1.5732073631224023e-13,7.828347099995881
1393,28179.00514605537,2553.5857886029244,30732.590934658292,237.39842099750945,0.21649032246827202,90708488.20258515,0,False,4,0.8416682316299193,0,3.977171100613667e-08,1.6631725697421543e-13,7.833822099993995
1394,28179.005134129344,2553.585800523575,30732.59093465292,237.39842094727314,0.2164903224224601,90708488.20258515,0,False,4,0.8498055224352064,0,3.97407309055264e-08,1.7484027654872386e-13,7.83897469999647
1395,28179.005121597474,2553.5858130497877,30732.59093464726,237.3984208944848,0.21649032237432092,90708488.20258515,0,False,4,0.8571379479988086,0,3.9708171171046365e-08,1.8407354775444356e-13,7.844232899995404
1396,28179.00510846222,2553.58582617912,30732.59093464134,237.3984208391548,0.21649032232386395,90708488.20258515,0,False,4,0.8637801230052086,0,3.967403756809455e-08,1.9271494260082913e-13,7.849662499997066
1397,28179.00509472603,2553.585839909125,30732.590934635155,237.39842078129345,0.21649032227109855,90708488.20258515,0,False,4,0.8698257810419169,0,3.963833530445972e-08,2.0123796217535175e-13,7.855148599999666
1398,28179.005080391355,2553.585854237341,30732.590934628697,237.3984207209111,0.21649032221603418,90708488.20258515,0,False,4,0.8753523399411488,0,3.960107003817996e-08,2.1011610756548308e-13,7.860507699995651
1399,28179.00506546069,2553.5858691612866,30732.590934621978,237.39842065801824,0.2164903221586804,90708488.20258515,0,False,4,0.8804243161473297,0,3.956224708002724e-08,2.1863912714001622e-13,7.866325799994229
1400,28179.005049936542,2553.585884678451,30732.590934614993,237.39842059262543,0.21649032209904684,90708488.20258515,0,False,4,0.8850959137641199,0,3.9521872134432513e-08,2.2728052198642282e-13,7.872347999997146
1401,28179.00503382146,2553.585900786291,30732.590934607753,237.39842052474341,0.21649032203714333,90708488.20258515,0,False,4,0.8894130125262103,0,3.9479950628489153e-08,2.355667910172314e-13,7.877535799998441
1402,28179.00501711802,2553.585917482224,30732.590934600245,237.39842045438306,0.2164903219729797,90708488.20258515,0,False,4,0.8934147117832398,0,3.9436488275939425e-08,2.4432656113551763e-13,7.882980700000189
1403,28179.004999828852,2553.585934763629,30732.59093459248,237.3984203815554,0.21649032190656614,90708488.20258515,0,False,4,0.8971345422701921,0,3.9391490710029765e-08,2.5261283016633815e-13,7.88861039999756
1404,28179.00498195662,2553.5859526278377,30732.590934584456,237.3984203062717,0.2164903218379128,90708488.20258515,0,False,4,0.9006014263404838,0,3.934496373125653e-08,2.6113584974090103e-13,7.894108000000415
1405,28179.004963504052,2553.5859710721375,30732.59093457619,237.39842022854344,0.2164903217670302,90708488.20258515,0,False,4,0.9038404456605403,0,3.929691317897438e-08,2.6894861768426203e-13,7.899371899999096
1406,28179.004944473898,2553.585990093765,30732.590934567663,237.3984201483822,0.2164903216939289,90708488.20258515,0,False,4,0.906873460036305,0,3.9247344913634246e-08,2.7747163725883794e-13,7.904643899993971
1407,28179.004924868972,2553.586009689906,30732.590934558877,237.39842006579983,0.2164903216186197,90708488.20258515,0,False,4,0.9097196100592845,0,3.9196265071417845e-08,2.8587628156155266e-13,7.910101699999359
1408,28179.004904692163,2553.586029857695,30732.59093454986,237.39841998080848,0.2164903215411137,90708488.20258515,0,False,4,0.9123957282937485,0,3.914367974875709e-08,2.934522989611974e-13,7.915414899995085
1409,28179.004883946363,2553.586050594212,30732.590934540574,237.39841989342037,0.216490321461422,90708488.20258515,0,False,4,0.914916677883027,0,3.908959511751622e-08,3.0209369380766257e-13,7.920815199999197
1410,28179.004862634578,2553.586071896482,30732.59093453106,237.39841980364812,0.21649032137955618,90708488.20258515,0,False,4,0.917295633120554,0,3.903401753785512e-08,3.095513359354531e-13,7.926282799999171
1411,28179.004840759815,2553.5860937614743,30732.59093452129,237.39841971150446,0.21649032129552775,90708488.20258515,0,False,4,0.9195443132877347,0,3.8976953383448864e-08,3.179559802381967e-13,7.931532199996582
1412,28179.004818325186,2553.586116186105,30732.59093451129,237.39841961700245,0.2164903212093487,90708488.20258515,0,False,4,0.9216731786097809,0,3.8918409344290577e-08,3.254136223660017e-13,7.936740099998133
1413,28179.004795333814,2553.5861391672283,30732.590934501044,237.39841952015524,0.216490321121031,90708488.20258515,0,False,4,0.9236915953126076,0,3.885839194875058e-08,3.333447655812874e-13,7.942018099995039
1414,28179.004771788914,2553.5861627016475,30732.59093449056,237.3984194209764,0.21649032103058702,90708488.20258515,0,False,4,0.9256079753284939,0,3.879690784638926e-08,3.4115753352471253e-13,7.9472441999969305
1415,28179.004747693736,2553.5861867861036,30732.59093447984,237.39841931947961,0.21649032093802922,90708488.20258515,0,False,4,0.9274298950868183,0,3.873396414950823e-08,3.4885192619627717e-13,7.952580099998158
1416,28179.004723051607,2553.586211417283,30732.590934468888,237.39841921567887,0.21649032084337042,90708488.20258515,0,False,4,0.9291641969594342,0,3.8669567716338343e-08,3.563095683241129e-13,7.958178000000771
1417,28179.004697865894,2553.586236591813,30732.59093445771,237.3984191095884,0.2164903207466235,90708488.20258515,0,False,4,0.9308170762496849,0,3.8603725602995636e-08,3.6376721045195647e-13,7.963391599994793
1418,28179.004672140032,2553.586262306265,30732.590934446296,237.39841900122263,0.21649032064780172,90708488.20258515,0,False,4,0.9323941560762216,0,3.853644499362757e-08,3.7134322785167674e-13,7.968562299996847
1419,28179.00464587751,2553.586288557152,30732.590934434662,237.39841889059628,0.2164903205469184,90708488.20258515,0,False,4,0.9339005520751649,0,3.846773324257611e-08,3.7856411943579953e-13,7.974245199999132
1420,28179.004619081872,2553.586315340929,30732.590934422802,237.39841877772426,0.21649032044398722,90708488.20258515,0,False,4,0.9353409285021578,0,3.839759782849559e-08,3.8590338629179915e-13,7.979413099994417
1421,28179.00459175672,2553.5863426539963,30732.590934410713,237.39841866262176,0.21649032033902202,90708488.20258515,0,False,4,0.936719547040866,0,3.832604623271001e-08,3.933610284196759e-13,7.985892999997304
1422,28179.00456390572,2553.586370492696,30732.590934398417,237.39841854530422,0.21649032023203685,90708488.20258515,0,False,4,0.9380403094021824,0,3.825308605094873e-08,4.0010841891634897e-13,7.992062099998293
1423,28179.004535532582,2553.5863988533147,30732.590934385895,237.39841842578724,0.21649032012304592,90708488.20258515,0,False,4,0.9393067946178,0,3.8178725154939335e-08,4.07447685772374e-13,7.997354299994186
1424,28179.004506641082,2553.5864277320816,30732.590934373162,237.3984183040868,0.21649032001206384,90708488.20258515,0,False,4,0.9405222917844157,0,3.8102971295758714e-08,4.143134515409326e-13,8.003444299996772
1425,28179.004477235045,2553.586457125173,30732.590934360218,237.3984181802189,0.21649031989910522,90708488.20258515,0,False,4,0.9416898288939467,0,3.802583256203669e-08,4.2117921730949973e-13,8.009818599995924
1426,28179.00444731835,2553.5864870287087,30732.59093434706,237.3984180542,0.21649031978418504,90708488.20258515,0,False,4,0.9428121982856035,0,3.7947317068265344e-08,4.281633583499444e-13,8.01572920000035
1427,28179.004416894946,2553.586517438755,30732.5909343337,237.39841792604662,0.21649031966731835,90708488.20258515,0,False,4,0.9438919791733417,0,3.786743290355987e-08,4.34673998302922e-13,8.02298609999707
1428,28179.00438596881,2553.586548351323,30732.59093432013,237.39841779577557,0.2164903195485205,90708488.20258515,0,False,4,0.9449315576338684,0,3.778618844234359e-08,4.415397640715152e-13,8.0289799999955
1429,28179.00435454399,2553.586579762373,30732.590934306365,237.39841766340393,0.21649031942780705,90708488.20258515,0,False,4,0.9459331443834135,0,3.77035921899126e-08,4.479320287526411e-13,8.034890099996119
1430,28179.00432262459,2553.5866116678103,30732.590934292402,237.39841752894895,0.21649031930519377,90708488.20258515,0,False,4,0.9468987906238281,0,3.7619652530875455e-08,4.543242934337755e-13,8.040460500000336
1431,28179.004290214743,2553.5866440634913,30732.590934278236,237.39841739242806,0.2164903191806965,90708488.20258515,0,False,4,0.9478304021985741,0,3.7534378230657506e-08,4.60953308658657e-13,8.045874699993874
1432,28179.00425731865,2553.5866769452196,30732.59093426387,237.39841725385892,0.21649031905433141,90708488.20258515,0,False,4,0.9487297522654735,0,3.7447777884019776e-08,4.674639486116784e-13,8.051607999994303
1433,28179.004223940574,2553.5867103087494,30732.590934249325,237.3984171132595,0.21649031892611484,90708488.20258515,0,False,4,0.9495984926646243,0,3.735986051574573e-08,4.73264336933493e-13,8.056994399994437
1434,28179.0041900848,2553.586744149783,30732.590934234584,237.3984169706479,0.21649031879606329,90708488.20258515,0,False,4,0.9504381641357491,0,3.727063493812294e-08,4.796566016146627e-13,8.0623013000004
1435,28179.00415575568,2553.5867784639795,30732.59093421966,237.39841682604236,0.2164903186641934,90708488.20258515,0,False,4,0.9512502055187321,0,3.7180110323208074e-08,4.855753652083637e-13,8.068085399994743
1436,28179.004120957612,2553.586813246945,30732.590934204556,237.3984166794615,0.21649031853052217,90708488.20258515,0,False,4,0.9520359620535963,0,3.7088295729924646e-08,4.914941288020734e-13,8.073402800000622
1437,28179.00408569503,2553.586848494241,30732.59093418927,237.39841653092392,0.21649031839506658,90708488.20258515,0,False,4,0.9527966928812224,0,3.699520051165902e-08,4.974128923957918e-13,8.078639699997439
1438,28179.00404997242,2553.5868842013833,30732.590934173804,237.3984163804486,0.21649031825784387,90708488.20258515,0,False,4,0.9535335778332711,0,3.690083404938797e-08,5.032132807176494e-13,8.084493999995175
1439,28179.004013794325,2553.5869203638404,30732.590934158165,237.39841622805457,0.21649031811887146,90708488.20258515,0,False,4,0.9542477235887569,0,3.680520562253576e-08,5.08895293767646e-13,8.089910599999712
1440,28179.003977165317,2553.586956977039,30732.590934142358,237.39841607376118,0.21649031797816695,90708488.20258515,0,False,4,0.9549401692652046,0,3.670832493950772e-08,5.143405562739119e-13,8.095067800000834
1441,28179.003940090013,2553.586994036362,30732.590934126376,237.39841591758784,0.21649031783574807,90708488.20258515,0,False,4,0.9556118915041254,0,3.661020172106536e-08,5.200225693239257e-13,8.10108969999419
1442,28179.003902573084,2553.587031537148,30732.59093411023,237.39841575955424,0.21649031769163277,90708488.20258515,0,False,4,0.9562638091034213,0,3.651084550529377e-08,5.253494565583388e-13,8.106941399993957
1443,28179.003864619226,2553.5870694746977,30732.590934093925,237.39841559968013,0.21649031754583906,90708488.20258515,0,False,4,0.9568967872431737,0,3.641026636541299e-08,5.305579685208904e-13,8.11288439999771
1444,28179.003826233187,2553.587107844269,30732.590934077456,237.39841543798553,0.2164903173983852,90708488.20258515,0,False,4,0.9575116413458903,0,3.630847407960926e-08,5.358848557553202e-13,8.118551699997624
1445,28179.003787419748,2553.587146641083,30732.59093406083,237.39841527449062,0.21649031724928958,90708488.20258515,0,False,4,0.9581091406076137,0,3.620547875965055e-08,5.409749924460184e-13,8.124164199994993
1446,28179.00374818374,2553.587185860318,30732.590934044056,237.39841510921568,0.2164903170985707,90708488.20258515,0,False,4,0.9586900112322029,0,3.610129054162967e-08,5.458283785929849e-13,8.12991730000067
1447,28179.00370853001,2553.5872254971196,30732.59093402713,237.39841494218115,0.21649031694624718,90708488.20258515,0,False,4,0.9592549393975224,0,3.5995919590469365e-08,5.508001400118293e-13,8.135490799999388
1448,28179.003668463454,2553.587265546595,30732.590934010048,237.39841477340767,0.21649031679233788,90708488.20258515,0,False,4,0.9598045739791348,0,3.5889376275062235e-08,5.557719014306818e-13,8.141011399995477
1449,28179.003627989012,2553.587306003816,30732.59093399283,237.39841460291606,0.21649031663686177,90708488.20258515,0,False,4,0.9603395290543362,0,3.578167088364382e-08,5.602701617620616e-13,8.14781159999984
1450,28179.00358711165,2553.587346863822,30732.590933975473,237.39841443072717,0.21649031647983785,90708488.20258515,0,False,4,0.9608603862069443,0,3.567281403471744e-08,5.647684220934489e-13,8.153449199999159
1451,28179.00354583635,2553.587388121617,30732.590933957967,237.39841425686208,0.21649031632128538,90708488.20258515,0,False,4,0.9613676966511135,0,3.556281622505236e-08,5.69621808240455e-13,8.158675899998343
1452,28179.00350416816,2553.587429772174,30732.590933940333,237.398414081342,0.21649031616122366,90708488.20258515,0,False,4,0.9618619831905493,0,3.5451688008439954e-08,5.737649427562465e-13,8.16556799999671
1453,28179.00346211213,2553.5874718104355,30732.590933922565,237.3984139041882,0.2164903159996721,90708488.20258515,0,False,4,0.9623437420278342,0,3.5339440248016585e-08,5.781448278157862e-13,8.171902299996873
1454,28179.003419673354,2553.587514231314,30732.590933904667,237.39841372542216,0.2164903158366503,90708488.20258515,0,False,4,0.9628134444370816,0,3.522608373804706e-08,5.824063376034629e-13,8.178302899999835
1455,28179.00337685695,2553.587557029691,30732.59093388664,237.3984135450654,0.21649031567217789,90708488.20258515,0,False,4,0.9632715383118254,0,3.5111629302688787e-08,5.865494721192762e-13,8.184603199995763
1456,28179.00333366807,2553.587600200425,30732.590933868498,237.3984133631397,0.2164903155062747,90708488.20258515,0,False,4,0.9637184495988772,0,3.499608799654543e-08,5.903374808194846e-13,8.192166499997256
1457,28179.003290111883,2553.5876437383417,30732.590933850224,237.39841317966673,0.21649031533896052,90708488.20258515,0,False,4,0.9641545836278388,0,3.4879470864285415e-08,5.94598990607183e-13,8.197784899995895
1458,28179.0032461936,2553.5876876382467,30732.590933831845,237.39841299466852,0.21649031517025544,90708488.20258515,0,False,4,0.9645803263450347,0,3.47617889869172e-08,5.980318734917928e-13,8.203045499998552
1459,28179.00320191843,2553.5877318949174,30732.590933813346,237.39841280816697,0.2164903150001794,90708488.20258515,0,False,4,0.964996045459788,0,3.464305354123047e-08,6.019382574638925e-13,8.208950399995956
1460,28179.00315729163,2553.587776503109,30732.590933794738,237.39841262018425,0.21649031482875264,90708488.20258515,0,False,4,0.9654020915102275,0,3.4523275926413324e-08,6.054895156203861e-13,8.21512470000016
1461,28179.00311231847,2553.5878214575546,30732.590933776024,237.39841243074255,0.21649031465599541,90708488.20258515,0,False,4,0.9657987988551446,0,3.4402467366415983e-08,6.08922398505015e-13,8.222300599998562
1462,28179.003067004247,2553.5878667529646,30732.590933757212,237.39841223986417,0.21649031448192804,90708488.20258515,0,False,4,0.9661864865978228,0,3.428063936849928e-08,6.121185308459079e-13,8.228715099998226
1463,28179.003021354256,2553.5879123840305,30732.590933738287,237.39841204757144,0.21649031430657087,90708488.20258515,0,False,4,0.966565459447225,0,3.415780338662332e-08,6.157881642742916e-13,8.234180599996762
1464,28179.00297537385,2553.5879583454234,30732.59093371927,237.39841185388687,0.21649031412994443,90708488.20258515,0,False,4,0.9669360085214439,0,3.4033970966788e-08,6.187475460714541e-13,8.24004689999856
1465,28179.002929068367,2553.5880046317966,30732.590933700165,237.398411658833,0.2164903139520693,90708488.20258515,0,False,4,0.9672984120978823,0,3.39091538588964e-08,6.217069278686221e-13,8.245939499996894
1466,28179.002882443172,2553.5880512377867,30732.59093368096,237.39841146243236,0.21649031377296601,90708488.20258515,0,False,4,0.9676529363142448,0,3.378336365316378e-08,6.249030602095385e-13,8.252153800000087
1467,28179.002835503656,2553.5880981580126,30732.590933661668,237.39841126470773,0.21649031359265536,90708488.20258515,0,False,4,0.9679998358240649,0,3.365661212491434e-08,6.277440667348463e-13,8.259145299998636
1468,28179.002788255217,2553.58814538708,30732.590933642296,237.3984110656818,0.216490313411158,90708488.20258515,0,False,4,0.9683393544101703,0,3.352891107366355e-08,6.303483227164162e-13,8.26464479999413
1469,28179.002740703258,2553.588192919579,30732.590933622836,237.39841086537734,0.21649031322849469,90708488.20258515,0,False,4,0.9686717255592106,0,3.340027250952178e-08,6.331893292417344e-13,8.269882299995515
1470,28179.002692853213,2553.5882407500862,30732.5909336033,237.39841066381726,0.21649031304468636,90708488.20258515,0,False,4,0.9689971730000947,0,3.3270708186776496e-08,6.356752099514426e-13,8.275066099995456
1471,28179.002644710523,2553.5882888731667,30732.59093358369,237.39841046102447,0.2164903128597539,90708488.20258515,0,False,4,0.9693159112089641,0,3.314023042335274e-08,6.380427153892837e-13,8.280368199993973
1472,28179.002596280632,2553.588337283374,30732.590933564006,237.39841025702185,0.21649031267371815,90708488.20258515,0,False,4,0.969628145883101,0,3.300885100731776e-08,6.405285960990014e-13,8.285952499994892
1473,28179.002547569005,2553.5883859752525,30732.59093354426,237.3984100518325,0.2164903124866002,90708488.20258515,0,False,4,0.9699340743859814,0,3.287658227770211e-08,6.425409757212357e-13,8.291408799996134
1474,28179.002498581103,2553.588434943335,30732.59093352444,237.3984098454794,0.21649031229842094,90708488.20258515,0,False,4,0.9702338861655042,0,3.274343628021221e-08,6.449084811590902e-13,8.296764699996857
1475,28179.002449322412,2553.5884841821485,30732.59093350456,237.39840963798562,0.21649031210920153,90708488.20258515,0,False,4,0.970527763147263,0,3.2609425266591203e-08,6.468024855094605e-13,8.302486900000076
1476,28179.00239979841,2553.588533686209,30732.59093348462,237.39840942937428,0.21649031191896295,90708488.20258515,0,False,4,0.9708158801045849,0,3.247456159232408e-08,6.48933240403579e-13,8.307851199999277
1477,28179.002350014598,2553.5885834500295,30732.590933464628,237.3984092196685,0.21649031172772634,90708488.20258515,0,False,4,0.9710984050069197,0,3.233885772230776e-08,6.504721189383402e-13,8.3131527000005
1478,28179.00229997646,2553.5886334681145,30732.590933444575,237.39840900889146,0.2164903115355128,90708488.20258515,0,False,4,0.9713754993480485,0,3.2202325930829236e-08,6.524844985605939e-13,8.318839899999148
1479,28179.00224968951,2553.5886837349653,30732.590933424475,237.39840879706634,0.2164903113423435,90708488.20258515,0,False,4,0.9716473184554572,0,3.2064978682823966e-08,6.540233770953617e-13,8.32430629999726
1480,28179.002199159255,2553.588734245078,30732.59093340433,237.39840858421633,0.21649031114823955,90708488.20258515,0,False,4,0.9719140117821313,0,3.1926828550187336e-08,6.554438803582599e-13,8.329629799998656
1481,28179.00214839119,2553.5887849929477,30732.59093338414,237.39840837036456,0.2164903109532221,90708488.20258515,0,False,4,0.9721757231819224,0,3.17878881161233e-08,6.569827588930336e-13,8.335073899994313
1482,28179.002097390847,2553.5888359730643,30732.59093336391,237.39840815553438,0.2164903107573124,90708488.20258515,0,False,4,0.972432591169558,0,3.164816981571149e-08,6.582848868840649e-13,8.340374599996721
1483,28179.002046163725,2553.588887179919,30732.590933343643,237.39840793974892,0.21649031056053153,90708488.20258515,0,False,4,0.9726847491662854,0,3.150768646682975e-08,6.594686396032259e-13,8.345612799996161
1484,28179.001994715345,2553.588938607999,30732.590933323343,237.39840772303148,0.21649031036290078,90708488.20258515,0,False,4,0.9729323257320669,0,3.136645072370814e-08,6.605340170505164e-13,8.354425599995011
1485,28179.00194305122,2553.588990251795,30732.590933303014,237.39840750540523,0.21649031016444126,90708488.20258515,0,False,4,0.9731754447851788,0,3.122447529374224e-08,6.614810192259362e-13,8.360408099993947
1486,28179.001891176857,2553.5890421057966,30732.590933282652,237.3984072868934,0.21649030996517415,90708488.20258515,0,False,4,0.9734142258100047,0,3.1081773040162845e-08,6.625463966732309e-13,8.36650340000051
1487,28179.001839097768,2553.589094164495,30732.59093326226,237.39840706751917,0.2164903097651206,90708488.20258515,0,False,4,0.9736487840537572,0,3.093835675144664e-08,6.634933988486545e-13,8.371944599995913
1488,28179.00178681947,2553.5891464223855,30732.590933241856,237.39840684730584,0.21649030956430185,90708488.20258515,0,False,4,0.9738792307128099,0,3.0794239229590164e-08,6.639668999365875e-13,8.377283800000441
1489,28179.00173434746,2553.5891988739636,30732.590933221425,237.3984066262765,0.21649030936273897,90708488.20258515,0,False,4,0.9741056731092769,0,3.064943351484688e-08,6.64795526840141e-13,8.382720299996436
1490,28179.001681687252,2553.5892515137316,30732.590933200983,237.39840640445442,0.21649030916045314,90708488.20258515,0,False,4,0.9743282148584276,0,3.050395241840697e-08,6.651506526562029e-13,8.388130899998941
1491,28179.001628844333,2553.5893043361934,30732.590933180527,237.3984061818627,0.21649030895746546,90708488.20258515,0,False,4,0.9745469560274896,0,3.035780902341093e-08,6.65624153744139e-13,8.394067099994572
1492,28179.001575824197,2553.589357335861,30732.59093316006,237.39840595852448,0.21649030875379702,90708488.20258515,0,False,4,0.9747619932863513,0,3.0211016333287444e-08,6.659792795602024e-13,8.402359199993953
1493,28179.001522632338,2553.5894105072502,30732.59093313959,237.39840573446293,0.21649030854946896,90708488.20258515,0,False,4,0.9749734200506426,0,3.0063587320731025e-08,6.660976548325195e-13,8.410298999995575
1494,28179.001469274222,2553.589463844884,30732.590933119107,237.39840550970104,0.21649030834450225,90708488.20258515,0,False,4,0.9751813266176402,0,2.991553517103958e-08,6.664527806485841e-13,8.419408699999622
1495,28179.00141575533,2553.5895173432914,30732.59093309862,237.39840528426188,0.21649030813891793,90708488.20258515,0,False,4,0.9753858002954143,0,2.9766872951033254e-08,6.66571155920902e-13,8.4264617000008
1496,28179.001362081137,2553.589570997012,30732.59093307815,237.39840505816858,0.21649030793273707,90708488.20258515,0,False,4,0.9755869255256047,0,2.961761376027142e-08,6.660976548338512e-13,8.432394399998884
1497,28179.00130825708,2553.5896248005897,30732.59093305767,237.39840483144397,0.2164903077259805,90708488.20258515,0,False,4,0.9757847840001912,0,2.946777092952313e-08,6.664527806499165e-13,8.438221199998225
1498,28179.00125428862,2553.589678748581,30732.5909330372,237.3984046041111,0.21649030751866924,90708488.20258515,0,False,4,0.9759794547725988,0,2.931735747882856e-08,6.659792795628648e-13,8.444194999996398
1499,28179.0012001812,2553.5897328355486,30732.59093301675,237.3984043761929,0.2164903073108242,90708488.20258515,0,False,4,0.9761710143634545,0,2.916638678130538e-08,6.655057784758122e-13,8.44999039999675
1500,28179.001145940238,2553.589787056069,30732.590932996307,237.39840414771214,0.21649030710246614,90708488.20258515,0,False,4,0.9763595368612947,0,2.9014872030903442e-08,6.651506526606327e-13,8.45583009999973
1501,28179.001091571146,2553.589841404726,30732.590932975872,237.39840391869168,0.21649030689361592,90708488.20258515,0,False,4,0.9765450940185029,0,2.8862826517973775e-08,6.649139021173268e-13,8.46191220000037
1502,28179.00103707935,2553.5898958761163,30732.590932955467,237.39840368915435,0.21649030668429434,90708488.20258515,0,False,4,0.9767277553427384,0,2.8710263566125718e-08,6.639668999427748e-13,8.467619700000796
1503,28179.00098247023,2553.5899504648482,30732.590932935076,237.39840345912282,0.21649030647452208,90708488.20258515,0,False,4,0.9769075881841018,0,2.8557196443737193e-08,6.634933988557182e-13,8.474988199996005
1504,28179.00092774917,2553.590005165542,30732.59093291471,237.39840322861977,0.21649030626431987,90708488.20258515,0,False,4,0.9770846578182681,0,2.840363858539176e-08,6.626647719530375e-13,8.480912099999841
1505,28179.00087292154,2553.5900599728297,30732.59093289437,237.39840299766777,0.2164903060537082,90708488.20258515,0,False,4,0.9772590275258022,0,2.824960329792162e-08,6.61836145050355e-13,8.488211799995042
1506,28179.000817992706,2553.5901148813577,30732.590932874064,237.3984027662895,0.21649030584270784,90708488.20258515,0,False,4,0.9774307586678609,0,2.8095104060238715e-08,6.607707676039218e-13,8.494458799999848
1507,28179.000762967997,2553.590169885786,30732.590932853782,237.39840253450737,0.21649030563133917,90708488.20258515,0,False,4,0.9775999107584725,0,2.794015408810106e-08,6.599421407012359e-13,8.500394099995901
1508,28179.000707852752,2553.590224980789,30732.59093283354,237.39840230234387,0.21649030541962272,90708488.20258515,0,False,4,0.9777665415335723,0,2.778476708119152e-08,6.586400127110492e-13,8.506193499997607
1509,28179.00065265228,2553.590280161055,30732.590932813335,237.39840206982137,0.2164903052075789,90708488.20258515,0,False,4,0.9779307070169622,0,2.762895618520575e-08,6.574562599927349e-13,8.51186400000006
1510,28179.00059737188,2553.590335421288,30732.590932793166,237.39840183696217,0.216490304995228,90708488.20258515,0,False,4,0.9780924615833548,0,2.7472735079914182e-08,6.562725072744182e-13,8.519171599997208
1511,28179.000542016838,2553.5903907562065,30732.590932773044,237.39840160378856,0.2164903047825904,90708488.20258515,0,False,4,0.9782518580186513,0,2.7316117075950876e-08,6.547336287404742e-13,8.52516459999606
1512,28179.00048659242,2553.590446160547,30732.590932752966,237.39840137032272,0.21649030456968632,90708488.20258515,0,False,4,0.9784089475775907,0,2.715911576200995e-08,6.533131254784023e-13,8.53129159999662
1513,28179.000431103872,2553.590501629059,30732.590932732932,237.39840113658673,0.21649030435653585,90708488.20258515,0,False,4,0.9785637800389086,0,2.70017445284906e-08,6.518926222163276e-13,8.536781999995583
1514,28179.00037555644,2553.5905571565127,30732.590932712952,237.3984009026027,0.21649030414315923,90708488.20258515,0,False,4,0.9787164037581244,0,2.6844016953977108e-08,6.501169931386244e-13,8.542108599998755
1515,28179.000319955325,2553.5906127376925,30732.590932693016,237.39840066839255,0.21649030392957638,90708488.20258515,0,False,4,0.9788668657180801,0,2.668594642791925e-08,6.486964898765438e-13,8.547587199995178
1516,28179.00026430574,2553.5906683674016,30732.59093267314,237.39840043397825,0.21649030371580735,90708488.20258515,0,False,4,0.9790152115773374,0,2.6527546539958333e-08,6.466841102550834e-13,8.553329099995608
1517,28179.00020861286,2553.5907240404617,30732.590932653322,237.39840019938154,0.21649030350187198,90708488.20258515,0,False,4,0.9791614857165423,0,2.636883077563889e-08,6.449084811773701e-13,8.558840199999395
1518,28179.00015288185,2553.5907797517107,30732.59093263356,237.39839996462425,0.21649030328779018,90708488.20258515,0,False,4,0.9793057312828535,0,2.6209812726560527e-08,6.430144768277778e-13,8.564248399998178
1519,28179.000097117852,2553.590835496009,30732.59093261386,237.39839972972797,0.21649030307358164,90708488.20258515,0,False,4,0.9794479902325275,0,2.60505058541846e-08,6.410020972063063e-13,8.569815899994865
1520,28179.00004132599,2553.590891268231,30732.590932594223,237.39839949471434,0.21649030285926607,90708488.20258515,0,False,4,0.9795883033717538,0,2.5890923606203394e-08,6.389897175848309e-13,8.5751608999999
1521,28178.999985511382,2553.5909470632764,30732.590932574658,237.39839925960487,0.2164903026448631,90708488.20258515,0,False,4,0.9797267103958175,0,2.573107957065493e-08,6.366222121477245e-13,8.581107599995448
1522,28178.999929679092,2553.5910028760604,30732.59093255515,237.39839902442094,0.21649030243039225,90708488.20258515,0,False,4,0.9798632499266725,0,2.557098730570584e-08,6.347282077981167e-13,8.587622200000624
1523,28178.9998738342,2553.5910587015183,30732.590932535717,237.39839878918391,0.21649030221587295,90708488.20258515,0,False,4,0.9799979595489997,0,2.541066028778185e-08,6.323607023610018e-13,8.59288419999939
1524,28178.99981798175,2553.59111453461,30732.59093251636,237.39839855391506,0.21649030200132466,90708488.20258515,0,False,4,0.9801308758448195,0,2.5250112050214258e-08,6.298748216520064e-13,8.59834039999987
1525,28178.999762126765,2553.5911703703114,30732.590932497078,237.39839831863551,0.2164903017867666,90708488.20258515,0,False,4,0.9802620344267278,0,2.5089356078487643e-08,6.273889409430063e-13,8.60366829999839
1526,28178.99970627424,2553.591226203623,30732.590932477862,237.39839808336635,0.216490301572218,90708488.20258515,0,False,4,0.9803914699698173,0,2.492840589241603e-08,6.252581860496299e-13,8.608990000000631
1527,28178.99965042917,2553.591282029565,30732.590932458734,237.39839784812858,0.21649030135769803,90708488.20258515,0,False,4,0.980519216242345,0,2.4767274957693713e-08,6.224171795249924e-13,8.615734200000588
1528,28178.999594596502,2553.5913378431796,30732.59093243968,237.39839761294306,0.2164903011432257,90708488.20258515,0,False,4,0.9806453061352034,0,2.4605976877208262e-08,6.199312988159783e-13,8.621332499998971
1529,28178.99953878118,2553.591393639533,30732.590932420713,237.39839737783058,0.21649030092882002,90708488.20258515,0,False,4,0.980769771690249,0,2.444452507328944e-08,6.172086675632069e-13,8.626628799996979
1530,28178.999482988118,2553.591449413712,30732.59093240183,237.3983971428119,0.21649030071449982,90708488.20258515,0,False,4,0.98089264412754,0,2.4282932988035165e-08,6.144860363104305e-13,8.63353599999391
1531,28178.999427222207,2553.5915051608263,30732.590932383035,237.39839690790757,0.21649030050028395,90708488.20258515,0,False,4,0.9810139538715308,0,2.4121214115712165e-08,6.115266545138961e-13,8.638864299995475
1532,28178.999371488317,2553.59156087601,30732.59093236433,237.3983966731381,0.21649030028619104,90708488.20258515,0,False,4,0.9811337305762713,0,2.3959381884968097e-08,6.086856479892328e-13,8.64541779999854
1533,28178.999315791283,2553.59161655442,30732.5909323457,237.39839643852392,0.21649030007223974,90708488.20258515,0,False,4,0.9812520031496537,0,2.3797449813414655e-08,6.060813920083176e-13,8.651340500000515
1534,28178.99926013594,2553.5916721912367,30732.590932327177,237.39839620408534,0.2164902998584486,90708488.20258515,0,False,4,0.9813687997767477,0,2.363543121555704e-08,6.027668843961374e-13,8.656659299995226
1535,28178.99920452708,2553.5917277816643,30732.590932308747,237.39839596984257,0.216490299644836,90708488.20258515,0,False,4,0.9814841479422676,0,2.3473339506505006e-08,5.996891273277048e-13,8.664227799999935
1536,28178.999148969473,2553.5917833209305,30732.590932290404,237.39839573581568,0.21649029943142026,90708488.20258515,0,False,4,0.9815980744522028,0,2.3311188192442613e-08,5.968481208030203e-13,8.670602099999087
1537,28178.99909346787,2553.591838804291,30732.590932272164,237.3983955020247,0.21649029921821966,90708488.20258515,0,False,4,0.9817106054546547,0,2.3148990550586647e-08,5.93533613190823e-13,8.676108299994667
1538,28178.999038026992,2553.5918942270237,30732.590932254017,237.3983952684895,0.21649029900525232,90708488.20258515,0,False,4,0.9818217664599063,0,2.2986759954997572e-08,5.904558561223739e-13,8.681260699995619
1539,28178.998982651545,2553.5919495844305,30732.590932235977,237.39839503522995,0.21649029879253637,90708488.20258515,0,False,4,0.9819315823597653,0,2.2824509810578843e-08,5.87022973238288e-13,8.686550399994303
1540,28178.99892734619,2553.5920048718426,30732.590932218034,237.39839480226564,0.21649029858008964,90708488.20258515,0,False,4,0.9820400774462043,0,2.266225326556409e-08,5.838268408979505e-13,8.692587799996545
1541,28178.99887211558,2553.592060084614,30732.590932200193,237.39839456961616,0.21649029836793,90708488.20258515,0,False,4,0.9821472754293311,0,2.2500003724748806e-08,5.8051233328573e-13,8.698226499996963
1542,28178.998816964333,2553.592115218126,30732.59093218246,237.398394337301,0.21649029815607523,90708488.20258515,0,False,4,0.9822531994547181,0,2.2337774592032714e-08,5.770794504016266e-13,8.703494299996237
1543,28178.998761897044,2553.5921702677847,30732.59093216483,237.3983941053395,0.216490297944543,90708488.20258515,0,False,4,0.9823578721201132,0,2.217557892214593e-08,5.736465675175172e-13,8.708857799996622
1544,28178.99870691829,2553.5922252290247,30732.590932147315,237.39839387375093,0.21649029773335085,90708488.20258515,0,False,4,0.9824613154915618,0,2.20134299554292e-08,5.698585588177697e-13,8.714030600000115
1545,28178.9986520326,2553.5922800973062,30732.590932129904,237.39839364255437,0.21649029752251617,90708488.20258515,0,False,4,0.9825635511189639,0,2.185134099348146e-08,5.665440512055255e-13,8.719304300000658
1546,28178.998597244485,2553.592334868117,30732.590932112602,237.39839341176884,0.21649029731205632,90708488.20258515,0,False,4,0.9826646000510836,0,2.16893250592206e-08,5.629927930495207e-13,8.724661899999774
1547,28178.998542558442,2553.592389536972,30732.590932095412,237.39839318141327,0.21649029710198858,90708488.20258515,0,False,4,0.9827644828500429,0,2.152739544447496e-08,5.593231596216322e-13,8.729826700000558
1548,28178.998487978923,2553.5924440994145,30732.590932078336,237.3983929515064,0.21649029689233001,90708488.20258515,0,False,4,0.9828632196053112,0,2.1365565217053895e-08,5.556535261937376e-13,8.735851400000683
1549,28178.998433510358,2553.5924985510146,30732.590932061372,237.39839272206692,0.2164902966830977,90708488.20258515,0,False,4,0.9829608299472161,0,2.120384743223739e-08,5.519838927658368e-13,8.744217100000242
1550,28178.99837915715,2553.5925528873704,30732.59093204452,237.39839249311336,0.21649029647430848,90708488.20258515,0,False,4,0.9830573330599938,0,2.1042255150959813e-08,5.4831425933793e-13,8.74997810000059
1551,28178.998324923683,2553.5926071041104,30732.590932027793,237.39839226466418,0.2164902962659792,90708488.20258515,0,False,4,0.9831527476943955,0,2.0880801422146172e-08,5.442895000943835e-13,8.75649689999409
1552,28178.998270814292,2553.592661196889,30732.590932011182,237.39839203673765,0.21649029605812659,90708488.20258515,0,False,4,0.9832470921798697,0,2.071949919439451e-08,5.405014913945863e-13,8.761507899995195
1553,28178.998216833297,2553.592715161392,30732.590931994688,237.39839180935198,0.21649029585076715,90708488.20258515,0,False,4,0.9833403844363346,0,2.055836142810989e-08,5.36713482694783e-13,8.76655269999901
1554,28178.998162984986,2553.592768993332,30732.590931978317,237.3983915825252,0.21649029564391742,90708488.20258515,0,False,4,0.9834326419855582,0,2.0397401146632493e-08,5.326887234512174e-13,8.771735899994383
1555,28178.998109273612,2553.592822688452,30732.590931962066,237.39839135627525,0.2164902954375937,90708488.20258515,0,False,4,0.9835238819621621,0,2.023663117233903e-08,5.287823394795234e-13,8.776772899997013
1556,28178.99805570341,2553.592876242524,30732.590931945935,237.39839113061996,0.21649029523181226,90708488.20258515,0,False,4,0.9836141211242594,0,2.0076064341317403e-08,5.248759555078233e-13,8.7818896999961
1557,28178.998002278575,2553.592929651352,30732.590931929928,237.398390905577,0.21649029502658926,90708488.20258515,0,False,4,0.9837033758637466,0,1.991571348316217e-08,5.208511962642387e-13,8.787297099996067
1558,28178.99794900328,2553.592982910766,30732.590931914045,237.39839068116396,0.21649029482194065,90708488.20258515,0,False,4,0.9837916622162577,0,1.975559139372728e-08,5.168264370206479e-13,8.792537799999991
1559,28178.997895881654,2553.59303601663,30732.590931898285,237.39839045739822,0.21649029461788236,90708488.20258515,0,False,4,0.9838789958707959,0,1.9595710844060982e-08,5.128016777770509e-13,8.79780480000045
1560,28178.997842917815,2553.5930889648353,30732.590931882653,237.39839023429715,0.2164902944144302,90708488.20258515,0,False,4,0.9839653921790542,0,1.943608445848027e-08,5.086585432615691e-13,8.803600699997332
1561,28178.997790115835,2553.593141751307,30732.59093186714,237.39839001187786,0.21649029421159977,90708488.20258515,0,False,4,0.9840508661644373,0,1.9276725032699475e-08,5.04752159289838e-13,8.809051699994598
1562,28178.997737479767,2553.593194371997,30732.590931851766,237.39838979015747,0.21649029400940667,90708488.20258515,0,False,4,0.9841354325307938,0,1.9117645077086376e-08,5.002538989587083e-13,8.814988399994036
1563,28178.997685013623,2553.5932468228925,30732.590931836516,237.3983895691528,0.2164902938078663,90708488.20258515,0,False,4,0.9842191056708731,0,1.895885719751612e-08,4.962291397150862e-13,8.820331499999156
1564,28178.99763272138,2553.5932991000086,30732.59093182139,237.39838934888073,0.21649029360699396,90708488.20258515,0,False,4,0.9843018996745135,0,1.880037408036373e-08,4.922043804714581e-13,8.825534899995546
1565,28178.997580607,2553.593351199394,30732.590931806393,237.39838912935784,0.21649029340680484,90708488.20258515,0,False,4,0.9843838283365739,0,1.864220802579332e-08,4.879428706840666e-13,8.831135000000359
1566,28178.9975286744,2553.5934031171264,30732.59093179153,237.39838891060066,0.216490293207314,90708488.20258515,0,False,4,0.9844649051646158,0,1.8484371585698403e-08,4.836813608966688e-13,8.837096099996415
1567,28178.997476927478,2553.593454849318,30732.590931776795,237.39838869262562,0.2164902930085364,90708488.20258515,0,False,4,0.9845451433863492,0,1.832687727059793e-08,4.794198511092649e-13,8.842473299999256
1568,28178.997425370082,2553.5935063921106,30732.59093176219,237.39838847544894,0.21649029281048685,90708488.20258515,0,False,4,0.9846245559568461,0,1.8169737249709332e-08,4.751583413218548e-13,8.848241599996982
1569,28178.997374006038,2553.5935577416803,30732.59093174772,237.39838825908672,0.21649029261318004,90708488.20258515,0,False,4,0.9847031555655302,0,1.8012964148419015e-08,4.708968315344385e-13,8.853666499999235
1570,28178.99732283915,2553.5936088942344,30732.590931733386,237.39838804355497,0.21649029241663056,90708488.20258515,0,False,4,0.9847809546429579,0,1.7856569941947367e-08,4.663985712032583e-13,8.858971900001052
1571,28178.997271873166,2553.593659846011,30732.590931719176,237.3983878288695,0.2164902922208528,90708488.20258515,0,False,4,0.9848579653673867,0,1.7700567056132898e-08,4.62373811959588e-13,8.8654377999992
1572,28178.99722111182,2553.5937105932835,30732.5909317051,237.39838761504603,0.21649029202586115,90708488.20258515,0,False,4,0.9849341996711478,0,1.7544967746091272e-08,4.579939269002747e-13,8.871765699994285
1573,28178.997170558807,2553.5937611323557,30732.590931691164,237.39838740210013,0.21649029183166976,90708488.20258515,0,False,4,0.9850096692468265,0,1.7389783899144107e-08,4.5349566656907623e-13,8.877077599994664
1574,28178.99712021779,2553.5938114595656,30732.590931677358,237.39838719004723,0.21649029163829275,90708488.20258515,0,False,4,0.9850843855532553,0,1.7235027991502285e-08,4.4923415678163007e-13,8.885161199999857
1575,28178.9970700924,2553.5938615712835,30732.590931663683,237.3983869789026,0.216490291445744,90708488.20258515,0,False,4,0.9851583598213295,0,1.7080711796865968e-08,4.449726469941781e-13,8.890649900000426
1576,28178.99702018623,2553.5939114639136,30732.590931650146,237.39838676868143,0.21649029125403738,90708488.20258515,0,False,4,0.9852316030596494,0,1.6926847441265656e-08,4.4047438666296183e-13,8.895996200000809
1577,28178.996970502852,2553.5939611338918,30732.590931636743,237.39838655939872,0.21649029106318657,90708488.20258515,0,False,4,0.9853041260599963,0,1.6773446983848843e-08,4.36094501603619e-13,8.901331399996707
1578,28178.996921045786,2553.5940105776876,30732.590931623472,237.39838635106932,0.2164902908732051,90708488.20258515,0,False,4,0.9853759394026456,0,1.6620522125396515e-08,4.3183299181614977e-13,8.907423199998448
1579,28178.996871818534,2553.594059791807,30732.590931610343,237.39838614370794,0.2164902906841064,90708488.20258515,0,False,4,0.9854470534615268,0,1.6468084872730586e-08,4.272163562130366e-13,8.913119199998619
1580,28178.996822824556,2553.5941087727847,30732.59093159734,237.3983859373292,0.21649029049590382,90708488.20258515,0,False,4,0.9855174784092318,0,1.6316147059106832e-08,4.2307322169743564e-13,8.918778100000054
1581,28178.996774067287,2553.594157517193,30732.59093158448,237.3983857319476,0.21649029030861053,90708488.20258515,0,False,4,0.9855872242218772,0,1.6164720395266872e-08,4.18456586094311e-13,8.924591599999985
1582,28178.996725550118,2553.594206021636,30732.590931571754,237.39838552757732,0.2164902901222395,90708488.20258515,0,False,4,0.9856563006838277,0,1.6013816706344938e-08,4.140767010349399e-13,8.929765299995779
1583,28178.99667727641,2553.594254282752,30732.59093155916,237.3983853242326,0.21649028993680372,90708488.20258515,0,False,4,0.985724717392284,0,1.586344759298962e-08,4.09815191247443e-13,8.934921100000793
1584,28178.996629249494,2553.5943022972133,30732.590931546707,237.39838512192745,0.21649028975231593,90708488.20258515,0,False,4,0.9857924837617377,0,1.5713624730499018e-08,4.051985556443016e-13,8.940790699998615
1585,28178.99658147266,2553.5943500617273,30732.59093153439,237.39838492067574,0.21649028956878882,90708488.20258515,0,False,4,0.9858596090283016,0,1.556435969748476e-08,4.008186705849142e-13,8.946586899997783
1586,28178.99653394917,2553.594397573033,30732.5909315222,237.39838472049118,0.21649028938623485,90708488.20258515,0,False,4,0.9859261022539157,0,1.5415663894441417e-08,3.9655716079740124e-13,8.952259999998205
1587,28178.99648668225,2553.594444827906,30732.590931510153,237.39838452138738,0.21649028920466648,90708488.20258515,0,False,4,0.9859919723304367,0,1.5267549037173785e-08,3.920589004661235e-13,8.958447299999534
1588,28178.996439675087,2553.5944918231557,30732.590931498242,237.39838432337777,0.21649028902409592,90708488.20258515,0,False,4,0.98605722798361,0,1.512002636351183e-08,3.875606401348405e-13,8.963710099997115
1589,28178.996392930843,2553.594538555624,30732.590931486466,237.39838412647566,0.21649028884453533,90708488.20258515,0,False,4,0.9861218777769333,0,1.497310746798231e-08,3.8318075507543213e-13,8.968846899995697
1590,28178.996346452634,2553.5945850221906,30732.590931474824,237.39838393069417,0.21649028866599668,90708488.20258515,0,False,4,0.9861859301154119,0,1.4826803430613325e-08,3.7880087001601877e-13,8.97423319999507
1591,28178.996300243554,2553.594631219767,30732.59093146332,237.39838373604633,0.2164902884884918,90708488.20258515,0,False,4,0.9862493932492103,0,1.4681125779379808e-08,3.743026096847203e-13,8.979851899995992
1592,28178.996254306647,2553.5946771453,30732.590931451945,237.398383542545,0.2164902883120325,90708488.20258515,0,False,4,0.9863122752772026,0,1.4536085562917423e-08,3.701594751690571e-13,8.986405499999819
1593,28178.996208644938,2553.5947227957713,30732.59093144071,237.39838335020286,0.21649028813663027,90708488.20258515,0,False,4,0.9863745841504266,0,1.4391693995737283e-08,3.655428395658687e-13,8.993856299995969
1594,28178.996163261403,2553.594768168198,30732.5909314296,237.3983831590325,0.2164902879622966,90708488.20258515,0,False,4,0.9864363276754428,0,1.4247962259831316e-08,3.6151808032207613e-13,9.003004699996382
1595,28178.996118159004,2553.594813259629,30732.590931418632,237.39838296904637,0.2164902877890429,90708488.20258515,0,False,4,0.9864975135176035,0,1.4104901567675073e-08,3.5690144471887805e-13,9.009141099995759
1596,28178.996073340648,2553.5948580671507,30732.590931407798,237.39838278025672,0.21649028761688027,90708488.20258515,0,False,4,0.9865581492042313,0,1.3962522802156798e-08,3.5252155965943556e-13,9.014530399996147
1597,28178.99602880922,2553.594902587885,30732.590931397102,237.39838259267572,0.21649028744581986,90708488.20258515,0,False,4,0.9866182421277148,0,1.3820836939645196e-08,3.4802329932810806e-13,9.021051899995655
1598,28178.995984567548,2553.5949468189856,30732.590931386534,237.39838240631525,0.2164902872758725,90708488.20258515,0,False,4,0.9866777995485188,0,1.3679854996352356e-08,3.4388016481241696e-13,9.027149999994435
1599,28178.995940618457,2553.594990757643,30732.5909313761,237.39838222118726,0.21649028710704907,90708488.20258515,0,False,4,0.9867368285981162,0,1.3539587819042004e-08,3.3950027975296074e-13,9.033160699997097
1600,28178.99589696472,2553.595034401082,30732.5909313658,237.39838203730335,0.21649028693936012,90708488.20258515,0,False,4,0.9867953362818408,0,1.3400046263756346e-08,3.3512039469350007e-13,9.039328499995463
1601,28178.995853609067,2553.595077746564,30732.590931355633,237.3983818546751,0.2164902867728163,90708488.20258515,0,False,4,0.9868533294816652,0,1.3261241155013893e-08,3.3085888490591543e-13,9.04652519999945
1602,28178.99581055421,2553.5951207913827,30732.590931345592,237.3983816733139,0.2164902866074279,90708488.20258515,0,False,4,0.9869108149589054,0,1.312318318447141e-08,3.2671575039020707e-13,9.05475789999764
1603,28178.995767802815,2553.5951635328697,30732.590931335686,237.39838149323097,0.21649028644320517,90708488.20258515,0,False,4,0.9869677993568551,0,1.2985883138746277e-08,3.223358653307335e-13,9.061176799994428
1604,28178.995725357523,2553.5952059683896,30732.59093132591,237.39838131443744,0.2164902862801583,90708488.20258515,0,False,4,0.9870242892033497,0,1.2849351479736814e-08,3.1807435554313627e-13,9.069789900000615
1605,28178.99568322093,2553.595248095343,30732.59093131627,237.39838113694427,0.21649028611829726,90708488.20258515,0,False,4,0.9870802909132663,0,1.2713599043962345e-08,3.1369447048365435e-13,9.077721199995722
1606,28178.995641395588,2553.5952899111644,30732.590931306753,237.39838096076218,0.21649028595763184,90708488.20258515,0,False,4,0.9871358107909564,0,1.2578636230191281e-08,3.0966971123981025e-13,9.0856691999943
1607,28178.99559988404,2553.5953314133258,30732.590931297367,237.3983807859019,0.2164902857981718,90708488.20258515,0,False,4,0.9871908550326172,0,1.2444473542706891e-08,3.05408201452201e-13,9.093661200000497
1608,28178.995558688777,2553.595372599332,30732.59093128811,237.39838061237393,0.21649028563992676,90708488.20258515,0,False,4,0.9872454297286025,0,1.2311121419325876e-08,3.012650669364686e-13,9.100971499996376
1609,28178.995517812255,2553.5954134667263,30732.59093127898,237.39838044018856,0.21649028548290605,90708488.20258515,0,False,4,0.9872995408656738,0,1.2178590378670337e-08,2.9700355714885167e-13,9.107703599998786
1610,28178.995477256896,2553.5954540130833,30732.59093126998,237.39838026935607,0.2164902853271191,90708488.20258515,0,False,4,0.987353194329194,0,1.2046890708013901e-08,2.928604226331117e-13,9.114715799994883
1611,28178.995437025093,2553.5954942360145,30732.590931261107,237.3983800998865,0.21649028517257501,90708488.20258515,0,False,4,0.9874063959052665,0,1.1916032650306365e-08,2.8871728811736805e-13,9.121583499996632
1612,28178.99539711919,2553.595534133168,30732.590931252358,237.39837993178972,0.2164902850192828,90708488.20258515,0,False,4,0.9874591512828198,0,1.178602650151047e-08,2.846925288735017e-13,9.127832499994838
1613,28178.99535754151,2553.5955737022255,30732.590931243736,237.39837976507553,0.21649028486725144,90708488.20258515,0,False,4,0.9875114660556398,0,1.1656882583954462e-08,2.80549394357751e-13,9.133461599994916
1614,28178.995318294335,2553.595612940905,30732.59093123524,237.39837959975353,0.21649028471648962,90708488.20258515,0,False,4,0.9875633457243508,0,1.1528610893133862e-08,2.7640625984199676e-13,9.13902650000091
1615,28178.99527937991,2553.5956518469598,30732.59093122687,237.39837943583316,0.21649028456700603,90708488.20258515,0,False,4,0.9876147956983485,0,1.1401221587234603e-08,2.723815005981201e-13,9.145843199999945
1616,28178.99524080044,2553.5956904181776,30732.590931218616,237.39837927332377,0.2164902844188091,90708488.20258515,0,False,4,0.987665821297684,0,1.1274724798061206e-08,2.685934918980021e-13,9.153097999995225
1617,28178.995202558104,2553.595728652383,30732.59093121049,237.3983791122345,0.21649028427190725,90708488.20258515,0,False,4,0.9877164277549009,0,1.1149130420695614e-08,2.644503573822379e-13,9.159894299998996
1618,28178.995164655047,2553.595766547436,30732.59093120248,237.39837895257435,0.21649028412630866,90708488.20258515,0,False,4,0.987766620216829,0,1.1024448563568396e-08,2.6054397341023256e-13,9.165588899995782
1619,28178.995127093367,2553.5958041012304,30732.590931194598,237.3983787943522,0.21649028398202141,90708488.20258515,0,False,4,0.9878164037463318,0,1.0900688942884019e-08,2.565192141663431e-13,9.170912099994894
1620,28178.99508987514,2553.5958413116973,30732.590931186838,237.3983786375768,0.2164902838390535,90708488.20258515,0,False,4,0.9878657833240136,0,1.0777861443983376e-08,2.5249445492245046e-13,9.178603399996064
1621,28178.995053002385,2553.5958781768036,30732.590931179187,237.39837848225665,0.21649028369741266,90708488.20258515,0,False,4,0.9879147638498831,0,1.0655975996195386e-08,2.489431967660794e-13,9.186703699997452
1622,28178.995016477114,2553.5959146945506,30732.590931171664,237.39837832840018,0.21649028355710662,90708488.20258515,0,False,4,0.9879633501449782,0,1.0535042441378549e-08,2.4480006225029976e-13,9.192712399999436
1623,28178.994980301286,2553.5959508629744,30732.59093116426,237.3983781760157,0.21649028341814291,90708488.20258515,0,False,4,0.9880115469529512,0,1.0415070258103052e-08,2.408936782782795e-13,9.198041299998295
1624,28178.99494447682,2553.5959866801504,30732.59093115697,237.3983780251113,0.2164902832805289,90708488.20258515,0,False,4,0.9880593589416159,0,1.0296069127868026e-08,2.3722404485001883e-13,9.203303599999344
1625,28178.99490900561,2553.596022144185,30732.590931149796,237.39837787569488,0.21649028314427188,90708488.20258515,0,False,4,0.9881067907044573,0,1.0178048563224305e-08,2.3343603614987433e-13,9.208561999999802
1626,28178.99487388951,2553.5960572532235,30732.590931142735,237.39837772777435,0.21649028300937895,90708488.20258515,0,False,4,0.9881538467621062,0,1.0061018326902914e-08,2.297664027216084e-13,9.213782899998478
1627,28178.994839130344,2553.596092005447,30732.59093113579,237.3983775813573,0.21649028287585712,90708488.20258515,0,False,4,0.9882005315637787,0,9.94498772182158e-09,2.2597839402145867e-13,9.219225499997265
