iteration,data_term,regularization_term,objective,residual_norm,residual_relative,L,backtracks,restarted,restarts_total,momentum,extrapolated_negative_count,projected_gradient_relative,objective_relative_change,elapsed_s
1,276048.1643769817,4.07139996955043,276052.23577695125,743.0318490845217,0.6063182433144921,112007822.55360875,0,False,0,0.0,0,0.24301783045869102,0.6323727658157412,0.00768909999897005
2,229951.13299524566,5.213725276614927,229956.34672052227,678.1609440173412,0.5533832133409924,112007822.55360875,0,False,0,0.28175352512532087,27,0.19763811865880593,0.16698248766829119,0.013083399993774947
3,190756.0026610202,6.608968685935961,190762.61162970614,617.6665810306079,0.5040194667643998,112007822.55360875,0,False,0,0.434042782780302,653,0.14768564538239184,0.1704398928308349,0.02014769999368582
4,164275.30641991776,8.369871893882367,164283.67629181163,573.1933468209794,0.46772905300391426,112007822.55360875,0,False,0,0.5310638054044795,718,0.11009070824471388,0.13880568687795805,0.025789999999688007
5,146622.8180188263,10.070099611524073,146632.88811843784,541.5215933253749,0.4418847208049587,112007822.55360875,0,False,0,0.5987785940560388,551,0.08572291817432737,0.10744091300964852,0.0311266999997315
6,134185.3341304065,11.638761238890657,134196.9728916454,518.0450446252845,0.42272772264335406,112007822.55360875,0,False,0,0.6489233261224006,392,0.06997905983228868,0.0848098635058443,0.036985099999583326
7,124764.27385199365,13.097169164921327,124777.37102115857,499.52832522689573,0.4076179735909936,112007822.55360875,0,False,0,0.6876458540105597,295,0.05886004031279779,0.07019235730520154,0.04225829999631969
8,117328.1795968821,14.497963120085224,117342.67756000218,484.413417644231,0.39528412245840283,112007822.55360875,0,False,0,0.718499853459134,214,0.051044763339789904,0.05958366809872671,0.04776149999815971
9,111069.76058679167,15.872722268134329,111085.6333090598,471.31679491991724,0.38459720332654834,112007822.55360875,0,False,0,0.7436910466053832,167,0.044988960955936366,0.05332283514446726,0.05332609999459237
10,105737.89916826136,17.27477352716076,105755.17394178851,459.86497837574314,0.37525245545554065,112007822.55360875,0,False,0,0.7646647176173088,148,0.040442844124778436,0.04798513730790927,0.05852069999673404
11,101037.59012668817,18.714379371666887,101056.30450605984,449.5277302384986,0.36681720178639793,112007822.55360875,0,False,0,0.782409243228014,117,0.03670583971877269,0.044431579662618695,0.06381689999398077
12,96779.07188465961,20.21048932270649,96799.28237398232,439.95243353039797,0.3590037048462282,112007822.55360875,0,False,0,0.7976243809601435,105,0.03386664857184645,0.042125250402583685,0.06905459999688901
13,92885.02601836884,21.78829054985296,92906.81430891869,431.0105010747855,0.35170703676261406,112007822.55360875,0,False,0,0.8108199838000861,107,0.03106718867372632,0.0402117450625837,0.07417659999919124
14,89363.51200984084,23.454162852485368,89386.96617269333,422.76119029504315,0.34497555193233226,112007822.55360875,0,False,0,0.8223766390185732,75,0.02881975727961535,0.03788579085837274,0.0794739999982994
15,86077.35871816067,25.187641758667255,86102.54635991933,414.9153135717231,0.3385732716020791,112007822.55360875,0,False,0,0.8325843815233085,59,0.027073808370128377,0.036743833619194324,0.08448019999923417
16,83023.3746249565,27.005059636971804,83050.37968459347,407.48834247118407,0.33251282065859056,112007822.55360875,0,False,0,0.8416682316299193,57,0.02536930055705754,0.03544804194950781,0.0897253999937675
17,80158.80292143614,28.910399907973307,80187.71332134411,400.3968104803937,0.32672608994931857,112007822.55360875,0,False,0,0.8498055224352064,43,0.023808289708679112,0.03446903402634782,0.09589299999788636
18,77465.74274552982,30.915324767510796,77496.65807029733,393.61337056947093,0.32119076414129627,112007822.55360875,0,False,0,0.8571379479988086,46,0.02240022663986334,0.0335594461992282,0.10246989999723155
19,74950.69025116113,33.02831767160123,74983.71856883273,387.1709964632194,0.31593374998276474,112007822.55360875,0,False,0,0.8637801230052086,43,0.021049673427151028,0.032426424107025474,0.10816679999697953
20,72599.14079238515,35.24011643978234,72634.38090882494,381.04892282326466,0.310938102838712,112007822.55360875,0,False,0,0.8698257810419169,35,0.01982180923103658,0.03133130371296765,0.11380799999460578
21,70406.8675115868,37.54341126124403,70444.41092284804,375.2515623194307,0.3062074234729805,112007822.55360875,0,False,0,0.8753523399411488,37,0.018683425451038745,0.030150597534876564,0.11906399999861605
22,68355.52065702868,39.928291151620584,68395.4489481803,369.7445622508293,0.30171367988494846,112007822.55360875,0,False,0,0.8804243161473297,38,0.017725812653461497,0.029086224837791514,0.12436499999603257
23,66446.06594658674,42.391349762072466,66488.4572963488,364.5437311121582,0.29746977189680557,112007822.55360875,0,False,0,0.8850959137641199,44,0.016734470077345222,0.027881850052279493,0.1297906999971019
24,64679.40024929063,44.918848823710775,64724.31909811434,359.6648446798509,0.29348857263245076,112007822.55360875,0,False,0,0.8894130125262103,36,0.01566044385414299,0.02653299941028017,0.13512199999968288
25,63070.12170039401,47.49221836594262,63117.613918759955,355.1622775588478,0.28981445208085427,112007822.55360875,0,False,0,0.8934147117832398,35,0.014810472730243374,0.02482382513624923,0.14037649999954738
26,61615.05503973502,50.082974374229885,61665.13801410925,351.04146490047304,0.2864518453566172,112007822.55360875,0,False,0,0.8971345422701921,38,0.014018416412566499,0.02301221187670712,0.14580759999807924
27,60286.65625013472,52.661039965567795,60339.31729010029,347.236680810466,0.28334711975368876,112007822.55360875,0,False,0,0.9006014263404838,28,0.013610812209288716,0.021500328495261095,0.15098690000013448
28,59038.1173699327,55.21165245127928,59093.32902238398,343.6222267838118,0.2803977045722506,112007822.55360875,0,False,0,0.9038404456605403,38,0.012888257284834866,0.020649691174426617,0.15624199999729171
29,57910.12128508494,57.74362045445681,57967.8649055394,340.32373201140393,0.2777061139514011,112007822.55360875,0,False,0,0.906873460036305,30,0.012170017541927852,0.019045535857664518,0.16188799999508774
30,56864.391793935094,60.23884108501391,56924.630635020105,337.2369843120268,0.27518731015456876,112007822.55360875,0,False,0,0.9097196100592845,22,0.0116694700880574,0.017996768937742987,0.16727419999369886
31,55878.485014198086,62.70326990634576,55941.188284104435,334.3007179597378,0.27279129999858853,112007822.55360875,0,False,0,0.9123957282937485,25,0.0109608297537639,0.0172762183951819,0.17224569999962114
32,54981.21318872214,65.1524226019257,55046.365611324065,331.6058298303036,0.2705922558545444,112007822.55360875,0,False,0,0.914916677883027,21,0.010339851933683072,0.015995775210134965,0.17778939999698196
33,54136.42618161461,67.57958285770624,54204.00576447231,329.0484042861008,0.2685053819671341,112007822.55360875,0,False,0,0.917295633120554,15,0.009903884099591727,0.01530273320494138,0.1827527999994345
34,53335.29665568593,69.992506589625,53405.289162275556,326.60464373822344,0.26651125936754994,112007822.55360875,0,False,0,0.9195443132877347,12,0.009490525847910495,0.014735379626135876,0.18814519999432378
35,52576.26764961293,72.39916039942432,52648.66681001235,324.27231657856004,0.2646080670507951,112007822.55360875,0,False,0,0.9216731786097809,14,0.009071581994769134,0.014167554639843975,0.1932751999993343
36,51871.281757728146,74.80707848746268,51946.08883621561,322.0909242984911,0.26282803846001423,112007822.55360875,0,False,0,0.9236915953126076,19,0.008485130464968264,0.013344648903115765,0.19833249999646796
37,51225.45954334148,77.210484662802,51302.67002800428,320.0795511848312,0.2611867464825212,112007822.55360875,0,False,0,0.9256079753284939,18,0.008010623638370904,0.012386280134391093,0.20391479999670992
38,50645.85622337937,79.59103218605134,50725.44725556542,318.2635895712212,0.2597049114079586,112007822.55360875,0,False,0,0.9274298950868183,16,0.007839492235708696,0.011251320294319429,0.212598899997829
39,50106.22180509629,81.92233404118774,50188.144139137476,316.56349064633554,0.25831762095080313,112007822.55360875,0,False,0,0.9291641969594342,12,0.007647451840810882,0.010592378096163448,0.21893879999697674
40,49593.7597022288,84.19147246322834,49677.95117469203,314.94050137201725,0.2569932524100261,112007822.55360875,0,False,0,0.9308170762496849,12,0.007600393457884895,0.010165607300222661,0.22449169999890728
41,49093.411070316964,86.39902732977042,49179.81009764673,313.3477654948794,0.2556935708145736,112007822.55360875,0,False,0,0.9323941560762216,9,0.0074698857433278375,0.010027407839216075,0.2297707999969134
42,48614.85761150163,88.55579007584797,48703.41340157748,311.8167975318252,0.25444429219068493,112007822.55360875,0,False,0,0.9339005520751649,13,0.007119745336238462,0.009686834803212151,0.23507589999644551
43,48165.14183716868,90.67088107981898,48255.8127182485,310.371203036521,0.2532646788053127,112007822.55360875,0,False,0,0.9353409285021578,12,0.006803231330107579,0.009190334969714649,0.24112869999953546
44,47724.70207332284,92.74659362822759,47817.448666951066,308.94886979344284,0.2521040467349466,112007822.55360875,0,False,0,0.936719547040866,10,0.006647966789226494,0.009084170934119574,0.246919599994726
45,47306.12745856746,94.79635830034124,47400.923816867806,307.59105142564687,0.2509960591722108,112007822.55360875,0,False,0,0.9380403094021824,9,0.006011408538476693,0.008710729277598216,0.2530193999991752
46,46929.71473257035,96.82428699611732,47026.539019566466,306.3648633005108,0.24999548264117571,112007822.55360875,0,False,0,0.9393067946178,5,0.005998865851617901,0.0078982595096198,0.25872229999367846
47,46564.68627294767,98.81797176579403,46663.50424471346,305.17105456759055,0.24902132787958706,112007822.55360875,0,False,0,0.9405222917844157,15,0.005777619789037133,0.007719785092029737,0.2639307999997982
48,46210.89999230422,100.78153472597626,46311.681527030196,304.00953929870104,0.24807352476955383,112007822.55360875,0,False,0,0.9416898288939467,8,0.005689548454364109,0.007539569163906594,0.2700461999993422
49,45860.451358960316,102.71826166953477,45963.16962062985,302.8545900558891,0.24713107957439576,112007822.55360875,0,False,0,0.9428121982856035,5,0.005574729969960836,0.007525356344423229,0.2751801999984309
50,45521.1968303334,104.63804107406457,45625.83487140747,301.73232120650715,0.24621530176739836,112007822.55360875,0,False,0,0.9438919791733417,6,0.005363420630402417,0.0073392403528014395,0.2806219999984023
51,45189.1938541642,106.54595355144598,45295.73980771565,300.62998471265036,0.24531578887663844,112007822.55360875,0,False,0,0.9449315576338684,7,0.005254005629064372,0.007234827913224282,0.28844549999485025
52,44859.2618229702,108.4494402143802,44967.71126318458,299.5305053678847,0.24441860743589638,112007822.55360875,0,False,0,0.9459331443834135,6,0.005102421534391471,0.007241929283494987,0.29711939999833703
53,44543.30509707661,110.3584728438417,44653.663569920456,298.4738015205911,0.24355633104601604,112007822.55360875,0,False,0,0.9468987906238281,6,0.004951499922104105,0.006983848731506117,0.3034230999983265
54,44238.19749135302,112.27132369240294,44350.468815045424,297.4498192682356,0.24272075566496293,112007822.55360875,0,False,0,0.9478304021985741,8,0.004641355903612217,0.006789918914497979,0.3096635999972932
55,43955.93749041902,114.18496955803757,44070.12245997706,296.4993675892717,0.24194518165281964,112007822.55360875,0,False,0,0.9487297522654735,10,0.00460195438695832,0.006321158773709781,0.3166235999960918
56,43678.49949634482,116.08473602326046,43794.58423236808,295.56217449580663,0.24118042672235965,112007822.55360875,0,False,0,0.9495984926646243,13,0.004544125015567138,0.006252268254058394,0.3280646999992314
57,43406.51741604671,117.96719822500857,43524.484614271714,294.64051797418057,0.24042834972347976,112007822.55360875,0,False,0,0.9504381641357491,13,0.004520133517752347,0.0061674205345403285,0.3362127999935183
58,43138.48179835854,119.8310012055658,43258.312799564104,293.72940540013536,0.2396848766461985,112007822.55360875,0,False,0,0.9512502055187321,13,0.004473981056009592,0.006115450121156218,0.3421422999963397
59,42872.018384049785,121.67861845362643,42993.69700250341,292.8208270736553,0.2389434715294411,112007822.55360875,0,False,0,0.9520359620535963,6,0.004385273719672631,0.006117108595676922,0.34810039999865694
60,42607.20258388232,123.51989161600194,42730.72247549832,291.9150649893983,0.2382043644824629,112007822.55360875,0,False,0,0.9527966928812224,7,0.004254810670748261,0.006116583251488686,0.35405019999598153
61,42352.55729209989,125.36815566956277,42477.92544776945,291.0414310441037,0.23749147418083782,112007822.55360875,0,False,0,0.9535335778332711,12,0.004029075687562613,0.005916048526299145,0.35968709999724524
62,42112.65350645273,127.23030675739555,42239.88381321012,290.21596615780027,0.2368178901071565,112007822.55360875,0,False,0,0.9542477235887569,11,0.0038263550686894383,0.005603890304200944,0.36517049999383744
63,41881.23765113907,129.1061824048448,42010.34383354391,289.4174758066246,0.23616631740859065,112007822.55360875,0,False,0,0.9549401692652046,10,0.003736696808919116,0.0054342000721702526,0.3706588999993983
64,41663.00220346238,130.99657459135508,41793.99877805374,288.6624402427943,0.23555020406531252,112007822.55360875,0,False,0,0.9556118915041254,8,0.003585811654934083,0.005149804446909272,0.3766957999978331
65,41457.10489649072,132.89682343459467,41590.00171992531,287.94827624589357,0.23496744215467194,112007822.55360875,0,False,0,0.9562638091034213,14,0.003452118607798214,0.004881013162003267,0.3823969999939436
66,41259.22412651787,134.79951848736764,41394.02364500523,287.26024481824095,0.23440600457016803,112007822.55360875,0,False,0,0.9568967872431737,13,0.0034519560937687497,0.004712143948438189,0.38807509999605827
67,41072.016185142886,136.69821292763424,41208.71439807052,286.6078023541679,0.2338736077837208,112007822.55360875,0,False,0,0.9575116413458903,12,0.0033175754407840418,0.00447671500900518,0.3950392999977339
68,40896.1229963078,138.58506274590587,41034.70805905371,285.9934369747243,0.23337228211635347,112007822.55360875,0,False,0,0.9581091406076137,12,0.0033506108204292124,0.004222561697410333,0.4068489999990561
69,40723.960604679785,140.4519814437517,40864.41258612354,285.39082187302307,0.2328805447429038,112007822.55360875,0,False,0,0.9586900112322029,8,0.003366221273054326,0.004150034957848268,0.4256780999930925
70,40552.86137629243,142.2981285679886,40695.159504860414,284.7906647918517,0.23239081312828067,112007822.55360875,0,False,0,0.9592549393975224,10,0.003324596043015283,0.0041418209770277435,0.4426977999974042
71,40388.85362870378,144.12956232441564,40532.983191028194,284.2141925685759,0.23192040849331538,112007822.55360875,0,False,0,0.9598045739791348,11,0.0031765345814228833,0.003985149973741984,0.4600378999966779
72,40236.11166637358,145.94793592627866,40382.05960229986,283.6762650148002,0.23148145652936175,112007822.55360875,0,False,0,0.9603395290543362,12,0.002965154274877251,0.0037234759656610238,0.46596309999586083
73,40096.99659347804,147.74955589679007,40244.746149374834,283.18543957441756,0.23108094015963476,112007822.55360875,0,False,0,0.9608603862069443,9,0.002961657358585411,0.0034003578390341288,0.47177869999723043
74,39960.191598054764,149.52632067718892,40109.717918731956,282.7019334849154,0.23068639642213548,112007822.55360875,0,False,0,0.9613676966511135,9,0.0029411984347502344,0.003355176602225272,0.47700549999717623
75,39826.6650811276,151.28006765088932,39977.94514877849,282.22921564263186,0.23030065595613808,112007822.55360875,0,False,0,0.9618619831905493,12,0.0027807496229552532,0.0032853078204253825,0.48357969999779016
76,39711.675564294266,153.0121439445242,39864.68770823879,281.8214880533217,0.22996794790868896,112007822.55360875,0,False,0,0.9623437420278342,11,0.0027495350622683814,0.0028329980472536417,0.4912213999996311
77,39606.893897031994,154.70803156102065,39761.601928593016,281.4494409197929,0.22966435531745713,112007822.55360875,0,False,0,0.9628134444370816,10,0.002729117827216633,0.002585892065685658,0.4972063999957754
78,39503.75794712061,156.35813319084667,39660.11608031146,281.08275630895827,0.22936513857544852,112007822.55360875,0,False,0,0.9632715383118254,8,0.002759971536326725,0.002552358138482714,0.5032121999975061
79,39401.26262173772,157.96236720628713,39559.224988944006,280.7178748200325,0.22906739319124184,112007822.55360875,0,False,0,0.9637184495988772,5,0.00272136592465062,0.0025438929922230085,0.5088818999938667
80,39305.739324957394,159.52441914432515,39465.26374410172,280.3773861243356,0.22878955246597854,112007822.55360875,0,False,0,0.9641545836278388,6,0.002613298148883528,0.002375204389584103,0.5150801999989199
81,39212.49822842253,161.04309569391722,39373.54132411645,280.04463297275504,0.22851802398900645,112007822.55360875,0,False,0,0.9645803263450347,12,0.002546676327607666,0.0023241304196017203,0.5214577999940957
82,39119.07346992583,162.52424696074365,39281.59771688657,279.7108273554166,0.22824563669394968,112007822.55360875,0,False,0,0.964996045459788,9,0.002421385927450813,0.0023351622469773084,0.5289218999969307
83,39027.369586255896,163.9780710526338,39191.34765730853,279.38278252696927,0.22797795023561326,112007822.55360875,0,False,0,0.9654020915102275,5,0.002281400457861231,0.002297514989805181,0.5358434999943711
84,38936.8053804694,165.41400066370068,39102.2193811331,279.05843610423034,0.2277132816975113,112007822.55360875,0,False,0,0.9657987988551446,7,0.002142378131139799,0.0022741824791219067,0.5428237999949488
85,38853.44124174433,166.8432880856758,39020.28452983001,278.7595424079482,0.22746938272993558,112007822.55360875,0,False,0,0.9661864865978228,6,0.00194238618483013,0.0020954015552024255,0.550553699999
86,38774.5098693336,168.26786927788302,38942.77773861148,278.4762462736583,0.22723821146225434,112007822.55360875,0,False,0,0.966565459447225,2,0.0018867030014396234,0.001986320503615855,0.5567752999995719
87,38696.780356078125,169.69111767437926,38866.47147375251,278.196981853068,0.22701033009603674,112007822.55360875,0,False,0,0.9669360085214439,2,0.0018434153166503504,0.001959445866218206,0.5626829999964684
88,38620.47529946787,171.11852046426353,38791.59381993213,277.92256223440324,0.22678640211593085,112007822.55360875,0,False,0,0.9672984120978823,6,0.0018068986525862664,0.0019265359313860387,0.5696577999988222
89,38545.50429484944,172.55306500455947,38718.057359854,277.6526761796091,0.22656617354990172,112007822.55360875,0,False,0,0.9676529363142448,6,0.0017735769374039928,0.0018956802965993955,0.5782795999984955
90,38471.9659942537,173.99684221105505,38645.96283646475,277.3876925685554,0.22634994540603526,112007822.55360875,0,False,0,0.9679998358240649,6,0.0017499775034715377,0.001862038756727561,0.5860838999942644
91,38409.32054694111,175.44878672636534,38584.76933366748,277.1617597972026,0.22616558297096254,112007822.55360875,0,False,0,0.9683393544101703,11,0.001586696714324328,0.0015834384320095795,0.5964233999984572
92,38350.470379783495,176.88919534333994,38527.35957512684,276.9493469202753,0.2259922528471534,112007822.55360875,0,False,0,0.9686717255592106,12,0.00161326690814513,0.0014878865296351078,0.6022723999994923
93,38293.40006656297,178.30657778590435,38471.70664434887,276.7432025057272,0.22582403782453778,112007822.55360875,0,False,0,0.9689971730000947,13,0.0016699924332234585,0.0014445041495626699,0.6118271999948774
94,38237.146846129814,179.69217882536898,38416.83902495518,276.5398591383521,0.22565810847245357,112007822.55360875,0,False,0,0.9693159112089641,11,0.001748953744479501,0.0014261810608225576,0.6223924999940209
95,38181.304756958256,181.0412072258444,38362.345964184104,276.3378539286945,0.2254932710647289,112007822.55360875,0,False,0,0.969628145883101,11,0.001802798172513539,0.0014184681028983008,0.6311853999941377
96,38125.31086578053,182.3516627737644,38307.66252855429,276.135151206001,0.2253278644823731,112007822.55360875,0,False,0,0.9699340743859814,10,0.001835568849713663,0.0014254455574971036,0.6398383999985526
97,38068.96289363728,183.62495901638394,38252.58785265367,275.93101635603523,0.22516128927596302,112007822.55360875,0,False,0,0.9702338861655042,9,0.0018120593001975888,0.0014376934604028422,0.646748099999968
98,38012.71284402061,184.86543832167254,38197.57828234228,275.72708551762054,0.22499488054414674,112007822.55360875,0,False,0,0.970527763147263,7,0.0017573035719632847,0.0014380614070683064,0.6565847999954713
99,37956.86149368492,186.07886919014226,38142.94036287506,275.52445079769205,0.22482952945243656,112007822.55360875,0,False,0,0.9708158801045849,4,0.0016878643580354891,0.001430402709390524,0.6626883999997517
100,37901.311530112616,187.27165523005488,38088.58318534267,275.3227616093977,0.22466494991995375,112007822.55360875,0,False,0,0.9710984050069197,2,0.001616777791641726,0.0014250914327856479,0.6690677999940817
101,37845.99220059114,188.45129755022322,38034.443498141365,275.12176286361336,0.22450093379251249,112007822.55360875,0,False,0,0.9713754993480485,1,0.0015380040020851655,0.0014214150980060782,0.6754995999945095
102,37791.1992133008,189.6268067489258,37980.82602004973,274.92253168229337,0.22433836000779486,112007822.55360875,0,False,0,0.9716473184554572,4,0.0014673309056763546,0.001409708494729354,0.6824502999952529
103,37737.22306929558,190.807292479091,37928.03036177467,274.726129333544,0.22417809456665222,112007822.55360875,0,False,0,0.9719140117821313,7,0.001415276799171603,0.0013900608229845419,0.6908967999988818
104,37684.079813600845,192.00079717178556,37876.08061077263,274.5326203335438,0.22402019011465565,112007822.55360875,0,False,0,0.9721757231819224,5,0.001390353440120567,0.0013696928236588404,0.6992428999947151
105,37631.70705524546,193.21410436759913,37824.92115961306,274.3417833843232,0.22386446607139496,112007822.55360875,0,False,0,0.972432591169558,3,0.001381030742713785,0.001350706048107256,0.7052429999966989
106,37579.868707857066,194.45115319373926,37774.319861050804,274.15276291825717,0.22371022428878923,112007822.55360875,0,False,0,0.9726847491662854,1,0.00137772159029398,0.0013377767094009706,0.7108976999952574
107,37528.444507071225,195.7146263710705,37724.15913344229,273.96512371859023,0.223557109627474,112007822.55360875,0,False,0,0.9729323257320669,2,0.0013729931687112677,0.001327905513402327,0.7168879999953788
108,37477.30311945471,197.0055063914513,37674.308625846155,273.7783889186826,0.2234047329615408,112007822.55360875,0,False,0,0.9731754447851788,5,0.0013654234833133108,0.0013214478133177089,0.7298111999989487
109,37426.529303399155,198.32441056047045,37624.85371395962,273.5928701680625,0.22325334859878912,112007822.55360875,0,False,0,0.9734142258100047,6,0.0013458704975240154,0.0013126959376396985,0.7423774999988382
110,37376.19580729418,199.6693479198757,37575.86515521405,273.40883602142117,0.22310317568138463,112007822.55360875,0,False,0,0.9736487840537572,2,0.0013267450339688241,0.0013020265571795735,0.754182699994999
111,37326.20666695621,201.03787657769197,37527.2445435339,273.2259382524149,0.22295393005463707,112007822.55360875,0,False,0,0.9738792307128099,4,0.0013107148720693013,0.0012939319288940198,0.7671982999963802
112,37276.5718305678,202.42796407970283,37478.999794647505,273.04421557897103,0.2228056433125968,112007822.55360875,0,False,0,0.9741056731092769,5,0.0012984147742531673,0.0012855926267230009,0.7781150999944657
113,37227.30179812216,203.8375626577973,37431.139360779955,272.86370882959926,0.22265834877156152,112007822.55360875,0,False,0,0.9743282148584276,5,0.0012900591651750005,0.0012769933597423684,0.7902056999955676
114,37178.364168094035,205.2646408617374,37383.62880895577,272.68430159469773,0.22251195144062957,112007822.55360875,0,False,0,0.9745469560274896,4,0.001286242747598383,0.0012692788046405198,0.7973741999958293
115,37129.73746672846,206.70763490969927,37336.44510163816,272.5059172448498,0.2223663887897582,112007822.55360875,0,False,0,0.9747619932863513,5,0.001282818043465577,0.0012621489358012874,0.8084393999961321
116,37081.4391589842,208.16541699395046,37289.60457597815,272.32862192206017,0.22222171479120198,112007822.55360875,0,False,0,0.9749734200506426,6,0.0012799185088083094,0.0012545523692065116,0.8159374999959255
117,37033.59670432995,209.63666039557916,37243.23336472553,272.1528860928355,0.22207831334832415,112007822.55360875,0,False,0,0.9751813266176402,8,0.0012672097627798194,0.0012435425845864641,0.8220121999984258
118,36986.34425178398,211.1195286131992,37197.46378039718,271.979206013195,0.22193658940887778,112007822.55360875,0,False,0,0.9753858002954143,9,0.0012643865042736237,0.0012289369153350956,0.8279098999992129
119,36939.358458244715,212.61252742278796,37151.9709856675,271.8063960183598,0.22179557546361456,112007822.55360875,0,False,0,0.9755869255256047,11,0.0012622437416866374,0.0012230079716792157,0.8338631999940844
120,36892.592621150536,214.11540416805093,37106.708025318585,271.63428583722833,0.22165513257034053,112007822.55360875,0,False,0,0.9757847840001912,6,0.0012548695251485382,0.0012183192209743092,0.8395118999978877
121,36846.03636234009,215.62850753191876,37061.66486987201,271.46283857036525,0.22151523061890524,112007822.55360875,0,False,0,0.9759794547725988,8,0.0012466545447517505,0.0012138817438572581,0.8453347999966354
122,36800.00132375979,217.15259233351077,37017.1539160933,271.293204204454,0.221376808005027,112007822.55360875,0,False,0,0.9761710143634545,9,0.0012263862320436836,0.0012009971471867212,0.851026099997398
123,36754.31574228829,218.6877072166369,36973.003449504926,271.124752622435,0.2212393505495772,112007822.55360875,0,False,0,0.9763595368612947,5,0.0012138148939602965,0.0011927028935950206,0.857042099996761
124,36708.89634289981,220.2344863376945,36929.1308292375,270.9571786939767,0.2211026092644582,112007822.55360875,0,False,0,0.9765450940185029,6,0.0011987270085148354,0.0011866122893516222,0.8636097999988124
125,36663.791602178426,221.7942118587555,36885.58581403718,270.7906630671686,0.22096673155954547,112007822.55360875,0,False,0,0.9767277553427384,4,0.001184163165635825,0.0011791508281546006,0.869306399996276
126,36618.93888602526,223.36829766375425,36842.307183689016,270.6249762532101,0.22083153017066356,112007822.55360875,0,False,0,0.9769075881841018,1,0.0011712525056375277,0.0011733209434806491,0.8748475999964285
127,36574.35177084256,224.95839223633752,36799.310163078895,270.46016997274313,0.22069704730215256,112007822.55360875,0,False,0,0.9770846578182681,3,0.0011562923937974213,0.001167055591707256,0.8804472999981954
128,36530.117331903464,226.56621774519797,36756.68354964866,270.29656798377397,0.2205635471423993,112007822.55360875,0,False,0,0.9772590275258022,4,0.0011430454550361508,0.0011583536006879473,0.886548499998753
129,36486.17940102974,228.193056678749,36714.37245770849,270.1339645473325,0.22043086180722615,112007822.55360875,0,False,0,0.9774307586678609,3,0.0011314525000353352,0.0011511128821788872,0.8928973999936716
130,36442.51590740107,229.8400617575105,36672.35596915858,269.97227971553326,0.22029892605870086,112007822.55360875,0,False,0,0.9775999107584725,2,0.0011223698014082046,0.0011444152722017106,0.8986315000001923
131,36399.17771650152,231.50816234154,36630.68587884306,269.8117036620225,0.22016789507960763,112007822.55360875,0,False,0,0.9777665415335723,4,0.0011130520172372284,0.0011362807001155319,0.9042913999946904
132,36356.273777367416,233.19699722914697,36589.470774596564,269.6526424026563,0.22003810018120973,112007822.55360875,0,False,0,0.9779307070169622,3,0.0010994539167246261,0.0011251524031741455,0.90995579999435
133,36313.65385335954,234.90571405485557,36548.55956741439,269.494541144564,0.21990908864934816,112007822.55360875,0,False,0,0.9780924615833548,2,0.001091691010466544,0.0011181142092543395,0.9155256999947596
134,36271.27227776124,236.6337916651321,36507.906069426375,269.3372320261766,0.21978072350802141,112007822.55360875,0,False,0,0.9782518580186513,3,0.0010824948219829134,0.0011123146430170566,0.9211178999976255
135,36229.17166704096,238.38050478869863,36467.55217182966,269.1808747553992,0.21965313507979456,112007822.55360875,0,False,0,0.9784089475775907,4,0.0010730602801675136,0.001105346812276127,0.9271277999941958
136,36187.43161091825,240.1448563841236,36427.57646730237,269.02576683625773,0.21952656612965615,112007822.55360875,0,False,0,0.9785637800389086,4,0.0010640025272964397,0.0010961992825546905,0.9330429999972694
137,36146.218497539594,241.92513509046773,36388.14363263006,268.87252926820025,0.21940152339671157,112007822.55360875,0,False,0,0.9787164037581244,3,0.0010500872525138546,0.0010824995373410987,0.9391085999959614
138,36107.94483932328,243.71854459018869,36351.663383913474,268.7301428545867,0.2192853352679249,112007822.55360875,0,False,0,0.9788668657180801,4,0.0009843039927355096,0.0010025311839176767,0.9447323999993387
139,36073.31868392702,245.5137520202583,36318.832435947275,268.6012609200747,0.21918016687140926,112007822.55360875,0,False,0,0.9790152115773374,2,0.0010165150252915986,0.0009031484369633264,0.950178799997957
140,36039.60982408375,247.29613978496175,36286.90596386872,268.47573381623806,0.2190777360359338,112007822.55360875,0,False,0,0.9791614857165423,3,0.0010808707462748222,0.0008790610803600024,0.9558374999978696
141,36006.871360521865,249.05866102773436,36255.9300215496,268.3537641268401,0.2189782080710094,112007822.55360875,0,False,0,0.9793057312828535,4,0.0011364235232463884,0.0008536396668804968,0.96139079999557
142,35974.68043301023,250.79568355454043,36225.47611656477,268.2337802477914,0.21888030053870042,112007822.55360875,0,False,0,0.9794479902325275,3,0.0011998376508077602,0.0008399703156621124,0.9668015999995987
143,35942.42474487022,252.50385845451595,36194.92860332474,268.1135011328979,0.2187821520922516,112007822.55360875,0,False,0,0.9795883033717538,5,0.0012300899027031821,0.0008432605037884686,0.9745941999935894
144,35910.121999539944,254.18273433183438,36164.30473387178,267.99299244398145,0.21868381631208553,112007822.55360875,0,False,0,0.9797267103958175,2,0.0012386327394903166,0.0008460817753940038,0.9805667999971774
145,35877.59856913845,255.83312080593402,36133.43168994438,267.8716056962307,0.21858476403088306,112007822.55360875,0,False,0,0.9798632499266725,0,0.0012147271527089313,0.0008536883027225597,0.9864211999956751
146,35844.95010438004,257.4583754117754,36102.40847979182,267.74969693495467,0.21848528578365506,112007822.55360875,0,False,0,0.9799979595489997,3,0.0011620624714952892,0.0008585735896542357,0.9919208999999682
147,35814.60649842385,259.0632693367286,36073.66976776058,267.6363446859333,0.2183927896994198,112007822.55360875,0,False,0,0.9801308758448195,4,0.0010823487872452622,0.0007960330969976097,0.9973388999933377
148,35785.25512503665,260.6470050464153,36045.902130083065,267.52665334518224,0.21830328093729484,112007822.55360875,0,False,0,0.9802620344267278,5,0.0010507719018703191,0.0007697480698880482,1.0035869999992428
149,35756.2287575209,262.2114041171784,36018.44016163808,267.4181323602455,0.2182147271922156,112007822.55360875,0,False,0,0.9803914699698173,6,0.0010052475555489804,0.000761861038902038,1.009424099996977
150,35727.5826332339,263.7595082000426,35991.34214143394,267.3109897974039,0.21812729824745855,112007822.55360875,0,False,0,0.980519216242345,2,0.0009663934269391933,0.000752337416127206,1.0148660999984713
151,35699.198683440314,265.29454874401455,35964.49323218433,267.20478544906456,0.2180406348911074,112007822.55360875,0,False,0,0.9806453061352034,1,0.0009262943705101138,0.0007459824405575664,1.0204559999983758
152,35671.12647542176,266.8205951552742,35937.947070577036,267.09970601040266,0.21795488946749403,112007822.55360875,0,False,0,0.980769771690249,3,0.0008872027138518101,0.0007381213864439365,1.0258650999967358
153,35643.65681022713,268.3422977206146,35911.99910794774,266.99684196719306,0.21787095181925473,112007822.55360875,0,False,0,0.98089264412754,2,0.0008279381588372303,0.0007220212823603369,1.031167799999821
154,35618.36736867273,269.86266084361444,35888.230029516344,266.9021070305468,0.21779364756851682,112007822.55360875,0,False,0,0.9810139538715308,0,0.0008209193046350682,0.0006618700997387797,1.0369104999990668
155,35593.28988131957,271.3774280829578,35864.66730940253,266.8081328644971,0.21771696411094177,112007822.55360875,0,False,0,0.9811337305762713,8,0.0008127729891239685,0.0006565584341839384,1.042171299995971
156,35568.42555188797,272.8873244655278,35841.3128763535,266.7149247863268,0.21764090578546272,112007822.55360875,0,False,0,0.9812520031496537,3,0.0008042495061888139,0.0006511822024600335,1.0474733999944874
157,35543.77564534576,274.39333889400706,35818.16898423977,266.6224883438971,0.21756547711916632,112007822.55360875,0,False,0,0.9813687997767477,2,0.0007964669036755274,0.0006457322641492815,1.0528784999987693
158,35519.325470164295,275.89657684226336,35795.22204700656,266.5307692187313,0.21749063378786443,112007822.55360875,0,False,0,0.9814841479422676,4,0.0007897746994697316,0.0006406507614419491,1.0588373999999021
159,35495.076514469576,277.39825148748923,35772.474765957064,266.43977373684123,0.21741638095361904,112007822.55360875,0,False,0,0.9815980744522028,5,0.0007843266877476902,0.0006354837251637308,1.0643443999942974
160,35470.999097411615,278.89913039331475,35749.89822780493,266.34939120415356,0.2173426282894324,112007822.55360875,0,False,0,0.9817106054546547,4,0.0007803740850782804,0.0006311147970567349,1.0696195999989868
161,35449.70915851882,280.39943515429934,35730.10859367312,266.26944683353673,0.21727739322526254,112007822.55360875,0,False,0,0.9818217664599063,4,0.0007380037938752962,0.000553557775345505,1.0748389000000316
162,35429.838258126256,281.8868126135083,35711.72507073976,266.19480933378946,0.21721648859810838,112007822.55360875,0,False,0,0.9819315823597653,7,0.000776894670840015,0.0005145106929960895,1.0801512999969418
163,35410.31423214497,283.3532679033721,35693.667500048345,266.1214543479912,0.21715663050968004,112007822.55360875,0,False,0,0.9820400774462043,0,0.000829437893809492,0.0005056482333364596,1.0852696999936597
164,35390.93557130946,284.7946368869498,35675.730208196415,266.04862552288995,0.21709720177139322,112007822.55360875,0,False,0,0.9821472754293311,3,0.0008766976117037756,0.0005025342899242571,1.09055609999632
165,35371.54443897766,286.20837419479466,35657.752813172454,265.97572986638335,0.21703771849829692,112007822.55360875,0,False,0,0.9822531994547181,6,0.0009101314271643314,0.0005039110599572583,1.0961572999949567
166,35352.04600387869,287.59351430107876,35639.63951817977,265.90241068436626,0.21697788962595904,112007822.55360875,0,False,0,0.9823578721201132,9,0.0009210139747299471,0.0005079763463386826,1.1015030999988085
167,35332.41137849192,288.9504516091287,35621.36183010104,265.8285589566776,0.2169176261933039,112007822.55360875,0,False,0,0.9824613154915618,6,0.0009181847910558096,0.0005128471647252314,1.106776099994022
168,35313.08471685393,290.2806886377161,35603.36540549165,265.75584553064465,0.2168582916213175,112007822.55360875,0,False,0,0.9825635511189639,7,0.0009037750212945193,0.0005052143906016405,1.1123523999995086
169,35295.06799153332,291.58517577797386,35586.65316731129,265.6880426046054,0.2168029640454426,112007822.55360875,0,False,0,0.9826646000510836,6,0.0008365848236289332,0.00046940051846274975,1.1174226999937673
170,35278.85720637474,292.86223976544,35571.71944614018,265.62702123983826,0.21675317026239568,112007822.55360875,0,False,0,0.9827644828500429,4,0.0008538407996385421,0.00041964387886938334,1.1226050999975996
171,35262.515194502455,294.10887146240407,35556.62406596486,265.56549171344705,0.21670296181655388,112007822.55360875,0,False,0,0.9828632196053112,8,0.0008521409159674765,0.00042436464726358024,1.1280733999956283
172,35246.145800807804,295.3261219652928,35541.4719227731,265.50384479629594,0.21665265757917984,112007822.55360875,0,False,0,0.9829608299472161,7,0.00084730452088959,0.00042614122093408347,1.1333690999963437
173,35229.64282406989,296.51492883465716,35526.157752904546,265.4416803144144,0.2166019310060223,112007822.55360875,0,False,0,0.9830573330599938,3,0.0008305408663489136,0.0004308817007305167,1.1385867999997572
174,35213.04258040384,297.6777798839454,35510.720360287785,265.37913475028074,0.21655089346756504,112007822.55360875,0,False,0,0.9831527476943955,1,0.0008049270346226439,0.00043453594740339705,1.1442676999940886
175,35196.39281514231,298.8180426772711,35495.210857819584,265.3163877906614,0.2164996915892383,112007822.55360875,0,False,0,0.9832470921798697,3,0.0007715370767775357,0.0004367555011794669,1.1495617999971728
176,35179.785945301664,299.93978782802327,35479.725733129686,265.25378770265155,0.21644860955898584,112007822.55360875,0,False,0,0.9833403844363346,3,0.0007347186197214958,0.0004362595492649838,1.1557992999951239
177,35163.2694161722,301.047293089401,35464.316709261606,265.19151349985617,0.21639779345293436,112007822.55360875,0,False,0,0.9834326419855582,1,0.0007014176998594865,0.000434305044632623,1.161249400000088
178,35146.889306538425,302.14510376381565,35449.03441030224,265.12973920908394,0.21634738527795616,112007822.55360875,0,False,0,0.9835238819621621,0,0.0006741135812699729,0.00043092043996356943,1.1664424999980838
179,35130.673444903674,303.2377567441975,35433.91120164787,265.068570165924,0.21629747098849514,112007822.55360875,0,False,0,0.9836141211242594,2,0.0006556680263810515,0.00042661835240228495,1.1717458999992232
180,35114.70196215906,304.3295506139113,35419.03151277297,265.008309160898,0.2162482976633507,112007822.55360875,0,False,0,0.9837033758637466,3,0.000644156448585785,0.00041992792695733896,1.1770889999970677
181,35098.919074998805,305.4234451104965,35404.3425201093,264.9487462699109,0.21619969400325922,112007822.55360875,0,False,0,0.9837916622162577,1,0.000637715026179312,0.0004147203363924573,1.1824860999986413
182,35083.24946468031,306.521638398933,35389.77110307924,264.8895976239169,0.21615142836945406,112007822.55360875,0,False,0,0.9838789958707959,3,0.0006326476452133688,0.00041157146250575815,1.188053799996851
183,35067.99558572936,307.62608911584965,35375.62167484521,264.83200556477067,0.21610443291942932,112007822.55360875,0,False,0,0.9839653921790542,3,0.0006072312878616752,0.0003998168903894671,1.1932944000000134
184,35053.77806814144,308.73559047343855,35362.51365861487,264.7783150793941,0.21606062117594035,112007822.55360875,0,False,0,0.9840508661644373,0,0.0005853717939164818,0.00037053811663927274,1.19835189999867
185,35039.68250700883,309.8438246027245,35349.52633161155,264.72507439609427,0.2160171764735215,112007822.55360875,0,False,0,0.9841354325307938,8,0.0005742390035417052,0.0003672625517715839,1.2036462999967625
186,35025.707641277695,310.94842860926985,35336.656069886965,264.6722790217279,0.2159740951457421,112007822.55360875,0,False,0,0.9842191056708731,4,0.0005731383236773786,0.0003640858325470082,1.2087172999963514
187,35011.83442187464,312.04747135130526,35323.881893225946,264.61985723628015,0.2159313186686594,112007822.55360875,0,False,0,0.9843018996745135,4,0.0005799813522232798,0.0003614993064356641,1.2139362999951118
188,34998.03119635222,313.13957332120054,35311.170769673416,264.56768962347695,0.21588874959790996,112007822.55360875,0,False,0,0.9843838283365739,3,0.0005904907664032498,0.00035984503602837345,1.2192121999978554
189,34984.265705425816,314.2239934491975,35298.48969887501,264.5156543776788,0.21584628853939458,112007822.55360875,0,False,0,0.9844649051646158,8,0.0005972359765094108,0.0003591234876101898,1.224465199993574
190,34970.52357298946,315.30064327200415,35285.82421626147,264.4636972175556,0.21580389119923707,112007822.55360875,0,False,0,0.9845451433863492,4,0.0006016268935518882,0.00035881089308887584,1.2296962999971583
191,34956.795231433905,316.36989326247436,35273.16512469638,264.41178200463725,0.21576152808823887,112007822.55360875,0,False,0,0.9846245559568461,4,0.0006037516904857426,0.00035875856229127445,1.235365599997749
192,34943.08269833957,317.4324300821004,35260.51512842167,264.35991639558205,0.21571920545427706,112007822.55360875,0,False,0,0.9847031555655302,3,0.0005999655819367846,0.00035862946321917413,1.2407800000000861
193,34929.37830670277,318.48921919606687,35247.86752589884,264.30807141176285,0.2156768996506259,112007822.55360875,0,False,0,0.9847809546429579,4,0.0005935196627984584,0.0003586902368490489,1.2465925999931642
194,34916.035355755484,319.5417586438985,35235.577114399384,264.2575840189094,0.21563570164897614,112007822.55360875,0,False,0,0.9848579653673867,6,0.0005817954862071924,0.00034868524997780533,1.2522648999947705
195,34902.74533147714,320.59022261006317,35223.33555408721,264.2072873010021,0.21559465923917415,112007822.55360875,0,False,0,0.9849341996711478,5,0.0005722121880035573,0.00034742045723935454,1.2576772999964305
196,34889.49294424227,321.63597924311443,35211.12892348539,264.1571234861641,0.2155537252790377,112007822.55360875,0,False,0,0.9850096692468265,5,0.0005625753034351649,0.00034654953626049904,1.2629384999963804
197,34876.30478191945,322.68063126782613,35198.98541318727,264.1071933208918,0.2155129819782847,112007822.55360875,0,False,0,0.9850843855532553,6,0.0005492269619882229,0.00034487705079003976,1.268615699998918
198,34863.26490637673,323.72550088337124,35186.990407260106,264.0578152843681,0.21547268921775195,112007822.55360875,0,False,0,0.9851583598213295,4,0.0005364477453113464,0.00034077703622307023,1.2737094999974943
199,34850.354594477845,324.7715070137772,35175.12610149162,264.00891876782435,0.21543278938027996,112007822.55360875,0,False,0,0.9852316030596494,3,0.0005265693683701642,0.00033717875928468725,1.2787843999976758
200,34837.56339917164,325.81966735785215,35163.38306652949,263.96046446076593,0.21539325038827997,112007822.55360875,0,False,0,0.9853041260599963,5,0.0005107258475905785,0.00033384485753520736,1.2839370000001509
201,34824.88214635084,326.87127714818735,35151.75342349903,263.91241784482537,0.21535404407456651,112007822.55360875,0,False,0,0.9853759394026456,3,0.0004939407302580542,0.0003307316309256697,1.2891473999989103
202,34812.360668254456,327.92768379021186,35140.28835204467,263.86496799785476,0.21531532472774956,112007822.55360875,0,False,0,0.9854470534615268,1,0.0004872119713041116,0.0003261593046648994,1.2942945999966469
203,34800.06492412228,328.99004123710637,35129.054965359384,263.81836525959403,0.21527729662649023,112007822.55360875,0,False,0,0.9855174784092318,1,0.0004795865889159556,0.00031967258130459605,1.3004153999936534
204,34787.88079566091,330.05832740713146,35117.93912306804,263.77217743977815,0.21523960710105763,112007822.55360875,0,False,0,0.9855872242218772,1,0.0004743745626149347,0.0003164287312113699,1.308380099995702
205,34775.78716295149,331.13306885953716,35106.92023181103,263.72632467370977,0.21520219098140148,112007822.55360875,0,False,0,0.9856563006838277,1,0.000468034824391874,0.0003137681632852523,1.315646699993522
206,34763.7844851804,332.2149276659609,35095.99941284636,263.68080887762915,0.21516504983118473,112007822.55360875,0,False,0,0.985724717392284,3,0.00046255029763187135,0.00031107311300917524,1.323306299993419
207,34753.45166508135,333.30409705224866,35086.7557621336,263.6416191161075,0.21513307076138982,112007822.55360875,0,False,0,0.9857924837617377,4,0.00042994678971781497,0.00026338189159455283,1.3296105999979773
208,34744.67202015985,334.3917957073514,35079.0638158672,263.6083155750586,0.21510589488120407,112007822.55360875,0,False,0,0.9858596090283016,3,0.00042684926305538865,0.0002192264887226261,1.338485699998273
209,34736.58922392034,335.4675606344607,35072.0567845548,263.57765164717716,0.2150808729404769,112007822.55360875,0,False,0,0.9859261022539157,5,0.000482494745557104,0.000199749666900519,1.346735399994941
210,34728.89504443605,336.52504730216117,35065.42009173821,263.5484587108642,0.21505705133729225,112007822.55360875,0,False,0,0.9859919723304367,2,0.0005541336445694196,0.00018923021416613174,1.3552697999984957
211,34721.39639269908,337.5596900574358,35058.956082756515,263.52000452602863,0.21503383255954306,112007822.55360875,0,False,0,0.98605722798361,2,0.0006130317874002698,0.0001843414099926802,1.361693999999261
212,34713.95449265772,338.5684487080579,35052.52294136578,263.4917626517297,0.21501078702840742,112007822.55360875,0,False,0,0.9861218777769333,4,0.0006518483490102267,0.00018349494992233697,1.3670698999994784
213,34706.51277204141,339.54972330731204,35046.06249534872,263.4635184310777,0.21498773958263429,112007822.55360875,0,False,0,0.9861859301154119,5,0.0006708971390716699,0.00018430758972374603,1.3726525999954902
214,34699.01146663818,340.5031074569961,35039.51457409517,263.43504499833796,0.21496450509848508,112007822.55360875,0,False,0,0.9862493932492103,3,0.0006687294095207168,0.00018683757282060407,1.3787759999977425
215,34691.435170274446,341.42946042159946,35032.86463069604,263.4062837909318,0.21494103578856036,112007822.55360875,0,False,0,0.9863122752772026,4,0.0006460118822988882,0.00018978411887141174,1.384192899997288
216,34685.747824205464,342.33048485233513,35028.0783090578,263.3846913706469,0.21492341624997371,112007822.55360875,0,False,0,0.9863745841504266,6,0.0006162991962311052,0.00013662375853936825,1.3895531999951345
217,34680.63734063445,343.20079070124353,35023.838131335695,263.36528754045946,0.21490758261343806,112007822.55360875,0,False,0,0.9864363276754428,3,0.0006369455286832261,0.00012105082341915502,1.3951961999991909
218,34675.49432997291,344.03823115704967,35019.53256112996,263.3457587658207,0.2148916470215147,112007822.55360875,0,False,0,0.9864975135176035,2,0.0006416672968396887,0.00012293256351820578,1.4005319999996573
219,34672.197652515395,344.84251071816334,35017.040163233556,263.3332400306326,0.2148814316619213,112007822.55360875,0,False,0,0.9865581492042313,1,0.0006490859141704433,7.117164948036744e-05,1.4059499999930267
220,34669.323736322905,345.60657908376265,35014.930315406666,263.3223261948098,0.21487252590939931,112007822.55360875,0,False,0,0.9866182421277148,2,0.0006940935072135156,6.025203206939591e-05,1.4112735999951838
221,34666.30862825476,346.32766951755696,35012.63629777232,263.31087568976244,0.2148631822317172,112007822.55360875,0,False,0,0.9866777995485188,2,0.0007154309335186562,6.551541338746808e-05,1.4165584000002127
222,34663.117251243835,347.00521209025806,35010.12246333409,263.2987552239616,0.2148532918622242,112007822.55360875,0,False,0,0.9867368285981162,1,0.0007209528922117602,7.17979193811366e-05,1.4220992999980808
223,34659.99881964166,347.6398552303746,35007.63867487203,263.28691125706064,0.21484362711741667,112007822.55360875,0,False,0,0.9867953362818408,1,0.0007092495383104113,7.094486643566234e-05,1.4277744999999413
224,34656.76664429827,348.2323066548943,35004.998950953166,263.27463472312814,0.2148336093954346,112007822.55360875,0,False,0,0.9868533294816652,2,0.0006901697236301202,7.540422658558577e-05,1.4333153999978094
225,34653.42310061661,348.7846902329463,35002.207790849556,263.2619345846133,0.21482324600968788,112007822.55360875,0,False,0,0.9869108149589054,2,0.0006603752317218709,7.973604305833889e-05,1.43932269999641
226,34649.97247163983,349.2995795155899,34999.272051155414,263.24882705014977,0.21481255018651435,112007822.55360875,0,False,0,0.9869677993568551,1,0.0006273810259942834,8.387298628942059e-05,1.444469099995331
227,34646.452321553385,349.7804416265339,34996.23276317992,263.23545476076504,0.21480163832180918,112007822.55360875,0,False,0,0.9870242892033497,2,0.0005919913474716746,8.683860541591414e-05,1.4495581999944989
228,34642.910602861564,350.2313661194734,34993.141968981035,263.22199985131016,0.2147906590386537,112007822.55360875,0,False,0,0.9870802909132663,1,0.0005617406580785042,8.831791181067548e-05,1.4549317999990308
229,34639.36930839643,350.65659913157214,34990.025907528005,263.2085458658074,0.21477968050944846,112007822.55360875,0,False,0,0.9871358107909564,2,0.0005414810650866529,8.904777558394219e-05,1.4601289999991423
230,34635.82504684436,351.0604342558785,34986.88548110024,263.1950799192278,0.21476869221993597,112007822.55360875,0,False,0,0.9871908550326172,3,0.0005329889950990102,8.97520463707505e-05,1.4654126999957953
231,34632.220109218775,351.44689952852764,34983.6670087473,263.18138273524886,0.21475751523938166,112007822.55360875,0,False,0,0.9872454297286025,1,0.0005302250209550493,9.199082195166972e-05,1.4708969999992405
232,34628.56334512823,351.819265654032,34980.38261078226,263.16748790505346,0.21474617697838302,112007822.55360875,0,False,0,0.9872995408656738,1,0.0005281492764284966,9.388375335899507e-05,1.476202199999534
233,34624.846966244164,352.180570017193,34977.027536261354,263.1533658011775,0.21473465326075966,112007822.55360875,0,False,0,0.987353194329194,3,0.0005214397746673014,9.59130309761856e-05,1.4816377999959514
234,34621.04547527439,352.5333610696757,34973.578836344066,263.1389194903498,0.21472286498840742,112007822.55360875,0,False,0,0.9874063959052665,5,0.0005049903593931258,9.859899940646491e-05,1.4871057999989716
235,34617.19704644778,352.87940802273096,34970.07645447051,263.1242939998045,0.21471093050437962,112007822.55360875,0,False,0,0.9874591512828198,3,0.00048074461364338954,0.00010014365100998878,1.4924477999957162
236,34613.34250046234,353.22010292256255,34966.562603384904,263.10964444680604,0.2146989763852523,112007822.55360875,0,False,0,0.9875114660556398,10,0.0004528743519860328,0.00010048165294061801,1.497819599993818
237,34609.511557285965,353.55653067817065,34963.06808796414,263.09508379019917,0.21468709480608947,112007822.55360875,0,False,0,0.9875633457243508,13,0.00041668261036819135,9.9938774663222e-05,1.5036129000000074
238,34605.83743383352,353.8878657945989,34959.72529962812,263.08111841724224,0.2146756989817935,112007822.55360875,0,False,0,0.9876147956983485,9,0.00039159635373913854,9.560912468007234e-05,1.5085600999955204
239,34602.29506085997,354.2125336309395,34956.50759449091,263.06765312694745,0.21466471122781322,112007822.55360875,0,False,0,0.987665821297684,9,0.00038752536087426873,9.204034384216723e-05,1.5140099999989616
240,34598.84809625767,354.52986090220656,34953.37795715988,263.0545498418823,0.2146540188721731,112007822.55360875,0,False,0,0.9877164277549009,11,0.00039251263387725155,8.95294623632726e-05,1.5193315999931656
241,34595.46973256089,354.839832523433,34950.30956508432,263.04170670279984,0.2146435387971444,112007822.55360875,0,False,0,0.987766620216829,8,0.0004085702982896186,8.778528013294143e-05,1.5245896999986144
242,34592.120426655405,355.1428657718718,34947.26329242728,263.0289734103656,0.2146331483576096,112007822.55360875,0,False,0,0.9878164037463318,12,0.000419613253654141,8.716010515922997e-05,1.5299467999939225
243,34588.791791359174,355.439823551267,34944.23161491044,263.0163180920879,0.214622821545433,112007822.55360875,0,False,0,0.9878657833240136,12,0.0004266527796407452,8.675006942521714e-05,1.5353141999949003
244,34585.459670686425,355.73190889024744,34941.19157957667,263.0036489126583,0.21461248342247713,112007822.55360875,0,False,0,0.9879147638498831,15,0.000421559692055815,8.699677152068251e-05,1.540598299994599
245,34582.1415278966,356.0206692551295,34938.16219715173,262.9910322725724,0.21460218817192647,112007822.55360875,0,False,0,0.9879633501449782,14,0.0004054783520511805,8.669945952012317e-05,1.5460612999959267
246,34578.88008813052,356.3077606189239,34935.18784874945,262.9786306456497,0.21459206837334815,112007822.55360875,0,False,0,0.9880115469529512,11,0.00039041477126683263,8.513179329524874e-05,1.5514348999931826
247,34575.67581686777,356.59414037153846,34932.26995723931,262.96644583242085,0.21458212549598546,112007822.55360875,0,False,0,0.9880593589416159,12,0.0003778204332323251,8.352299471723013e-05,1.5571759999947972
248,34572.55407163437,356.8803583685566,34929.434430002926,262.9545742961486,0.21457243825441313,112007822.55360875,0,False,0,0.9881067907044573,8,0.00036556642494895786,8.117214368992339e-05,1.5627731999993557
249,34569.46032004788,357.1668351668466,34926.62715521473,262.94280868678607,0.2145628374498056,112007822.55360875,0,False,0,0.9881538467621062,6,0.0003606655189132615,8.036988957899502e-05,1.5679948999968474
250,34566.40953645675,357.4544302337887,34923.86396669054,262.9312059701425,0.21455336956658946,112007822.55360875,0,False,0,0.9882005315637787,6,0.00034632448783848734,7.911409572741923e-05,1.572960099998454
251,34563.401401391864,357.7439966096759,34921.14539800154,262.91976495270137,0.21454403363084837,112007822.55360875,0,False,0,0.9882468494886808,4,0.00034221997266267674,7.784272357681555e-05,1.5782960999931674
252,34560.3942789745,358.0364003674566,34918.43067934195,262.9083272890933,0.21453470043185424,112007822.55360875,0,False,0,0.9882928048473806,5,0.00034254486860307745,7.773853430780212e-05,1.5835367999970913
253,34557.36764170828,358.33271306459136,34915.700354772875,262.89681489781606,0.21452530625465424,112007822.55360875,0,False,0,0.9883384018831489,4,0.0003407375778112519,7.819150276686129e-05,1.5888802999979816
254,34554.33096117714,358.6340978226605,34912.9650589998,262.8852637983999,0.2145158804913912,112007822.55360875,0,False,0,0.9883836447732678,5,0.0003355692312874993,7.833999448051891e-05,1.5943245999951614
255,34551.28760784178,358.941690382624,34910.2292982244,262.87368680734016,0.21450643360039878,112007822.55360875,0,False,0,0.9884285376303082,7,0.00032639456941120333,7.835945101688e-05,1.5996373999951174
256,34548.26613723619,359.2565595874163,34907.52269682361,262.8621925543352,0.2144970542241328,112007822.55360875,0,False,0,0.9884730845033793,6,0.00031972313771560086,7.753032435486847e-05,1.6048729999965872
257,34545.240450315614,359.5794466474953,34904.81989696311,262.85068175797306,0.21448766134839262,112007822.55360875,0,False,0,0.9885172893793485,7,0.00031035270078340533,7.742743259014252e-05,1.6104599999962375
258,34542.25064093713,359.9110252328261,34902.16166616995,262.8393069574531,0.21447837944603834,112007822.55360875,0,False,0,0.9885611561840327,5,0.0003019399354778991,7.615655376556196e-05,1.6158319999958621
259,34539.25717303441,360.2515367112802,34899.50870974569,262.8279177448028,0.21446908578330318,112007822.55360875,0,False,0,0.9886046887833632,2,0.00030156412939496787,7.601123533934682e-05,1.6211970999938785
260,34536.25468848709,360.6011931095261,34896.85588159662,262.81649373084286,0.2144597637225001,112007822.55360875,0,False,0,0.9886478909845237,2,0.00029769638398818426,7.601333792801217e-05,1.6270929999955115
261,34533.25091022643,360.9599949012801,34894.21090512771,262.80506429757565,0.21445043723951127,112007822.55360875,0,False,0,0.9886907665370621,3,0.00029122548223807433,7.579411961592959e-05,1.6326429999971879
262,34530.2507561154,361.3277566071608,34891.57851272256,262.7936481580763,0.21444112160431308,112007822.55360875,0,False,0,0.9887333191339783,5,0.000284304711686469,7.54392300861529e-05,1.6389090999946347
263,34527.26385796973,361.7041045602265,34888.967962529954,262.782281967296,0.2144318467275557,112007822.55360875,0,False,0,0.9887755524127849,3,0.0002764040052446855,7.48189191742891e-05,1.6440726999935578
264,34524.27624878161,362.0885042415033,34886.36475302311,262.77091257892914,0.21442256924154934,112007822.55360875,0,False,0,0.9888174699565481,1,0.0002741337067749817,7.461411611945043e-05,1.6492703999974765
265,34521.28617861198,362.48042754542286,34883.766606157405,262.7595333327108,0.21441328371147977,112007822.55360875,0,False,0,0.9888590752949011,5,0.00027012416971143984,7.44745657536438e-05,1.654777899995679
266,34518.29752961993,362.87929916699045,34881.17682878692,262.7481590025701,0.21440400219295766,112007822.55360875,0,False,0,0.9889003719050378,6,0.0002638532498607329,7.424018741222768e-05,1.6603247999955784
267,34515.32433371432,363.284495976827,34878.60882969115,262.73684299585517,0.21439476826668494,112007822.55360875,0,False,0,0.9889413632126827,3,0.00026017186524622353,7.362134335023528e-05,1.665677399993001
268,34512.35611885297,363.6952823541171,34876.051401207085,262.7255454608591,0.21438554941344057,112007822.55360875,0,False,0,0.9889820525930406,1,0.0002591463787994786,7.332369523537855e-05,1.6714311999967322
269,34509.38240701252,364.1110196738609,34873.49342668638,262.71422651623766,0.2143763130898193,112007822.55360875,0,False,0,0.989022443371725,2,0.0002568533266240111,7.334472848661955e-05,1.6767374999981257
270,34506.41446260228,364.53120371106525,34870.945666313346,262.7029290381144,0.21436709428298348,112007822.55360875,0,False,0,0.989062538825665,3,0.0002548302643182691,7.305721689134614e-05,1.6818243999950937
271,34503.45129340741,364.95532664624443,34868.406620053654,262.6916492521504,0.2143578899130509,112007822.55360875,0,False,0,0.9891023421839937,3,0.00025178299415337435,7.281265853780233e-05,1.6881203999946592
272,34500.509080491,365.3829381765066,34865.89201866751,262.6804487604321,0.21434875024767686,112007822.55360875,0,False,0,0.9891418566289175,3,0.000250860631846817,7.211689979256823e-05,1.6936194999943837
273,34497.59123031295,365.8136007358271,34863.40483104878,262.6693405417273,0.21433968587761015,112007822.55360875,0,False,0,0.9891810852965646,4,0.0002424786099739506,7.133583782683756e-05,1.6988590999972075
274,34494.69828427204,366.2468797648463,34860.945164036886,262.65832666897137,0.21433069849437794,112007822.55360875,0,False,0,0.9892200312778167,2,0.00024417633049907003,7.055154319583798e-05,1.7042500999959884
275,34491.80135768494,366.6823410271273,34858.483698712065,262.64729717887803,0.21432169836730897,112007822.55360875,0,False,0,0.9892586976191228,1,0.00024542443933840116,7.060810638491178e-05,1.7095703999948455
276,34488.89594391595,367.11980926739665,34856.01575318335,262.63623491024975,0.2143126714927678,112007822.55360875,0,False,0,0.9892970873232942,0,0.00024562366086175366,7.079899257952765e-05,1.7148765999954776
277,34485.980360547794,367.5592268377998,34853.539587385596,262.62513345278967,0.21430361263991551,112007822.55360875,0,False,0,0.9893352033502844,0,0.00024450361814226353,7.103984044775506e-05,1.7203233999971417
278,34483.05517449784,368.0007118624896,34851.05588636033,262.61399496027565,0.21429452356624715,112007822.55360875,0,False,0,0.9893730486179503,1,0.00024223199119378854,7.126108437392966e-05,1.7257537999976194
279,34480.12110124696,368.44450482128246,34848.56560606824,262.6028221525693,0.21428540649118533,112007822.55360875,0,False,0,0.9894106260027984,2,0.00023889090769830949,7.145494530242069e-05,1.732518099997833
280,34477.177989888674,368.89093031383595,34846.06892020251,262.59161445060914,0.21427626094221267,112007822.55360875,0,False,0,0.9894479383407154,2,0.00023522555241365143,7.164386316357641e-05,1.7393394999962766
281,34474.234730215496,369.3403195647575,34843.57504978025,262.5804057054353,0.21426711454197161,112007822.55360875,0,False,0,0.9894849884276828,1,0.00022782940589419516,7.156819978659821e-05,1.7449812999984715
282,34471.396659105965,369.7929707582168,34841.18962986418,262.56959709420266,0.2142582946533177,112007822.55360875,0,False,0,0.9895217790204763,0,0.00022639992687684146,6.846082563751093e-05,1.7502880999963963
283,34468.55526410298,370.24807094934397,34838.803335052326,262.5587753784016,0.21424946407126091,112007822.55360875,0,False,0,0.9895583128373504,0,0.00022461828368451492,6.849062380491966e-05,1.7560783999942942
284,34465.71147866941,370.7055275571966,34836.417006226606,262.5479441118114,0.21424062569570548,112007822.55360875,0,False,0,0.9895945925587106,0,0.0002225626221110398,6.849629141305421e-05,1.7618689999944763
285,34462.866421951214,371.1653066263771,34834.03172857759,262.5371075560604,0.2142317830041646,112007822.55360875,0,False,0,0.9896306208277688,1,0.00021998827287876346,6.847080882601396e-05,1.7674038999975892
286,34460.02235760469,371.6274159590792,34831.64977356377,262.52627433308345,0.2142229430321864,112007822.55360875,0,False,0,0.9896664002511865,2,0.00021782746028991634,6.838011265481184e-05,1.7728755999996793
287,34457.186199490556,372.091832802084,34829.27803229264,262.5154707802592,0.21421412727122266,112007822.55360875,0,False,0,0.9897019333997055,2,0.00021326760009553154,6.809155714831373e-05,1.7780634999944596
288,34454.371952650385,372.55849677564987,34826.930449426036,262.5047502528302,0.21420537925945687,112007822.55360875,0,False,0,0.9897372228087635,2,0.00021205489919956148,6.740257045892462e-05,1.7835650999986683
289,34451.56266941589,373.027130552769,34824.589799968664,262.4940481969673,0.21419664632059476,112007822.55360875,0,False,0,0.9897722709790996,2,0.00021057693781334336,6.720803203632564e-05,1.7888565999965067
290,34448.75842411056,373.49749819686093,34822.25592230742,262.48336489808474,0.21418792868753603,112007822.55360875,0,False,0,0.9898070803773446,0,0.00020965422640134102,6.701809481890021e-05,1.7940841999952681
291,34445.953981195424,373.96925019548996,34819.923231390916,262.4726804114875,0.2141792100852953,112007822.55360875,0,False,0,0.9898416534366021,1,0.00020868500393401065,6.69885064801336e-05,1.7994477999964147
292,34443.14907531458,374.442185519772,34817.59126083435,262.4619937260044,0.21417048968875113,112007822.55360875,0,False,0,0.9898759925570155,2,0.00020763398254990687,6.697230608665022e-05,1.8046947999973781
293,34440.34769302247,374.916127505435,34815.26382052791,262.45132003105823,0.21416177989255947,112007822.55360875,0,False,0,0.9899101001063246,2,0.0002070424770206464,6.684667784760097e-05,1.8098503000001074
294,34437.54641648145,375.39076343324655,34812.9371799147,262.44064630495575,0.21415307007094408,112007822.55360875,0,False,0,0.9899439784204114,1,0.00020655855716727138,6.682817700889874e-05,1.815193199996429
295,34434.74364528469,375.86590853227295,34810.60955381696,262.42996644927837,0.21414435524756048,112007822.55360875,0,False,0,0.989977629803833,0,0.0002059016393094472,6.686095130976994e-05,1.8205049999960465
296,34431.94078403547,376.341431101836,34808.282215137304,262.41928581579316,0.21413563978948125,112007822.55360875,0,False,0,0.9900110565303464,0,0.00020508522725105652,6.685716537250547e-05,1.8257689999954891
297,34429.138112085784,376.8172821693314,34805.955394255114,262.40860546897386,0.21412692456532303,112007822.55360875,0,False,0,0.9900442608434212,2,0.00020389846769993262,6.684675985470485e-05,1.831160199995793
298,34426.40154067525,377.2934588273511,34803.6949995026,262.39817659684775,0.21411841454595434,112007822.55360875,0,False,0,0.9900772449567418,1,0.0002006029303990483,6.494275841329677e-05,1.8364293999984511
299,34423.69830103103,377.7692170052618,34801.46751803629,262.3878743426648,0.2141100078475523,112007822.55360875,0,False,0,0.9901100110547005,3,0.00020169109206160993,6.400129257374537e-05,1.8416996999949333
300,34420.99740996525,378.24399955495426,34799.24140952021,262.37758063510404,0.21410160812324286,112007822.55360875,0,False,0,0.9901425612928814,4,0.00020218626894110003,6.396593807215911e-05,1.847784599995066
301,34418.29974669932,378.7175299714376,34797.017276670755,262.36729882628026,0.21409321810837095,112007822.55360875,0,False,0,0.9901748977985322,5,0.0002032472944116974,6.39132567081776e-05,1.8530937999967136
302,34415.60808201102,379.1894096077951,34794.79749161882,262.35703947868836,0.21408484642199285,112007822.55360875,0,False,0,0.99020702267103,4,0.00020258133806161008,6.379239445402558e-05,1.8584724999964237
303,34412.919306809876,379.65937877053796,34792.57868558041,262.34679074389254,0.2140764833957171,112007822.55360875,0,False,0,0.9902389379823359,3,0.00020334926095213297,6.37683274041576e-05,1.863940699993691
304,34410.23094825949,380.1272951131391,34790.358243372626,262.3365431969381,0.21406812133872677,112007822.55360875,0,False,0,0.9902706457774411,3,0.00020169368689357215,6.38194204531626e-05,1.8694818999938434
305,34407.55250326584,380.59317338889446,34788.145676654734,262.32633304060744,0.2140597897926995,112007822.55360875,0,False,0,0.9903021480748041,0,0.000202301749060265,6.359712373220781e-05,1.87536249999539
306,34404.87437921265,381.0568310954482,34785.931210308096,262.31612371035317,0.21405145892075528,112007822.55360875,0,False,0,0.9903334468667806,0,0.00020190935795570567,6.365577421750484e-05,1.8808788999958779
307,34402.19652545659,381.51842802905804,34783.71495348564,262.305915013202,0.21404312856542684,112007822.55360875,0,False,0,0.9903645441200436,1,0.0002004618931927325,6.371129779602914e-05,1.8863089999940712
308,34399.52036201483,381.9782643258448,34781.498626340675,262.29571236303053,0.21403480314446846,112007822.55360875,0,False,0,0.9903954417759961,4,0.0001976182425947515,6.371737889215868e-05,1.8917007999989437
309,34396.852035889635,382.4367532672778,34779.28878915691,262.2855391968441,0.2140265017826107,112007822.55360875,0,False,0,0.9904261417511763,3,0.000194227364025734,6.353484671560954e-05,1.8967056999972556
310,34394.188191699104,382.89432808369065,34777.082519782794,262.27538272471975,0.21401821404320315,112007822.55360875,0,False,0,0.9904566459376537,1,0.00019132021080906165,6.34362993301088e-05,1.9018332999985432
311,34391.52933928149,383.3515197631014,34774.88085904459,262.2652448925762,0.2140099415141267,112007822.55360875,0,False,0,0.9904869562034191,1,0.00018753138651476502,6.330780441259018e-05,1.9083792999954312
312,34388.876615732486,383.80891819871823,34772.6855339312,262.25513003841314,0.21400168773521386,112007822.55360875,0,False,0,0.9905170743927663,1,0.0001847100034887071,6.312962285298917e-05,1.9136546999943675
313,34386.23005044785,384.2671364194613,34770.49718686731,262.2450382769819,0.21399345280010243,112007822.55360875,0,False,0,0.9905470023266669,2,0.000181960174765366,6.293293227978527e-05,1.9187065999940387
314,34383.592127135285,384.7267952058851,34768.31892234117,262.2349790822547,0.21398524443960795,112007822.55360875,0,False,0,0.9905767418031377,1,0.00018024145235129952,6.26469191520136e-05,1.9239207999999053
315,34380.959017951245,385.18824761265756,34766.1472655639,262.2249378604226,0.2139770507450988,112007822.55360875,0,False,0,0.990606294597602,1,0.00017904161613543232,6.246079317547611e-05,1.9293444999930216
316,34378.33051051608,385.6519481609632,34763.98245867705,262.2149138036053,0.21396887105734003,112007822.55360875,0,False,0,0.9906356624632424,1,0.00017770227637134992,6.22676671739482e-05,1.9347705999971367
317,34375.70899880074,386.1183160916246,34761.82731489237,262.20491604392447,0.21396071282819515,112007822.55360875,0,False,0,0.9906648471313493,0,0.00017721817626840974,6.199358163987677e-05,1.9403032999980496
318,34373.09089236082,386.5876894219794,34759.6785817828,262.19493089059074,0.2139525648859017,112007822.55360875,0,False,0,0.9906938503116604,1,0.00017690405091837997,6.181300799023057e-05,1.945562199995038
319,34370.47627169255,387.06036315898615,34757.53663485153,262.1849586520651,0.2139444274821656,112007822.55360875,0,False,0,0.9907226736926963,1,0.00017595956093993475,6.162159774372345e-05,1.9507643999968423
320,34367.86518732928,387.5365550244278,34755.4017423537,262.17499952256804,0.21393630077547188,112007822.55360875,0,False,0,0.990751318942088,0,0.00017557067640783415,6.142243393881618e-05,1.9566402999989805
321,34365.256460695105,388.0164008339493,34753.272861529054,262.1650490080442,0.21392818109864564,112007822.55360875,0,False,0,0.9907797877068997,0,0.00017503925719541507,6.125323598409249e-05,1.9617326999941724
322,34362.64996414521,388.4999720140995,34751.14993615931,262.1551066225688,0.21392006805516947,112007822.55360875,0,False,0,0.9908080816139436,0,0.00017431662407376648,6.10856243152761e-05,1.9678084999977727
323,34360.045768361124,388.98727039555854,34749.03303875668,262.14517263669427,0.2139119618658157,112007822.55360875,0,False,0,0.9908362022700918,1,0.0001733926358900521,6.091589505724156e-05,1.9730480999933206
324,34357.444914193475,389.4782329489723,34746.92314714245,262.1352510220381,0.213903865771447,112007822.55360875,0,False,0,0.9908641512625809,2,0.00017153311081348976,6.0717994997901076e-05,1.978346199997759
325,34354.84997047878,389.97273153793844,34744.82270201672,262.1253515800362,0.21389578777009105,112007822.55360875,0,False,0,0.9908919301593098,2,0.00017036554869051635,6.0449816429428515e-05,1.9839869999996154
326,34352.25812181739,390.4705518359344,34742.72867365332,262.1154635721341,0.21388771909902607,112007822.55360875,0,False,0,0.9909195405091346,1,0.00016908528816245876,6.0268788284122784e-05,1.9896358999976655
327,34349.670590793896,390.9713877791101,34740.641978573,262.10559166409973,0.21387966356554533,112007822.55360875,0,False,0,0.9909469838421562,1,0.00016791957295282764,6.006134693444092e-05,1.9946432999931858
328,34347.09105622925,391.4749367534073,34738.56599298266,262.0957498939243,0.21387163262473002,112007822.55360875,0,False,0,0.9909742616700042,1,0.00016635836094921282,5.975668473903368e-05,2.0000675999981468
329,34344.517742622185,391.9808633464092,34736.4986059686,262.0859314905025,0.2138636207513195,112007822.55360875,0,False,0,0.9910013754861141,0,0.00016570263843351148,5.951273332576691e-05,2.0053434999936144
330,34341.950283693805,392.4888564916873,34734.43914018549,262.07613505885575,0.2138556268070032,112007822.55360875,0,False,0,0.9910283267660007,1,0.00016532758797760513,5.928823761056632e-05,2.010560799993982
331,34339.38915855973,392.9986334295004,34732.38779198923,262.06636242967056,0.21384765228563185,112007822.55360875,0,False,0,0.9910551169675261,1,0.00016377192743194675,5.9058048640894836e-05,2.0159620999984327
332,34336.83827338972,393.5099414268596,34730.348214816586,262.0566285114335,0.2138397093526158,112007822.55360875,0,False,0,0.9910817475311627,0,0.0001639324327154168,5.872263044113331e-05,2.021229799996945
333,34334.29340582916,394.0225307726011,34728.31593660176,262.0469171954868,0.21383178486319812,112007822.55360875,0,False,0,0.9911082198802526,0,0.0001642262767144011,5.851591818943201e-05,2.0266893999942113
334,34331.75414632895,394.53622622771024,34726.290372556665,262.0372269214012,0.2138238775440596,112007822.55360875,0,False,0,0.9911345354212603,1,0.000164484176445415,5.832600834402942e-05,2.0321972999954596
335,34329.22014502492,395.05091054623125,34724.27105557115,262.0275563562921,0.21381598630755871,112007822.55360875,0,False,0,0.9911606955440235,1,0.00016470378960525695,5.814951622669706e-05,2.0375349999958416
336,34326.69095236216,395.5665247664492,34722.25747712861,262.01790378660064,0.21380810975542167,112007822.55360875,0,False,0,0.9911867016219974,1,0.0001647697597984458,5.79876375035019e-05,2.0428939999983413
337,34324.166646119564,396.08307060246517,34720.24971672203,262.00826951117233,0.2138002481315081,112007822.55360875,0,False,0,0.9912125550124953,2,0.00016411984319567288,5.782344099900275e-05,2.048324599993066
338,34321.65329508982,396.60058674436476,34718.253881834185,261.9986766954742,0.21379242033897178,112007822.55360875,0,False,0,0.9912382570569258,1,0.00016346082548739086,5.7483310290864934e-05,2.05374909999955
339,34319.14634946853,397.119068689293,34716.265418157825,261.9891079776735,0.2137846122104577,112007822.55360875,0,False,0,0.9912638090810245,0,0.00016344062830370506,5.7274299655962954e-05,2.0591283999965526
340,34316.64333529909,397.63858953825024,34714.28192483734,261.9795539170914,0.2137768160423179,112007822.55360875,0,False,0,0.9912892123950827,2,0.0001628835269274507,5.7134409378215957e-05,2.0644677999953274
341,34314.21479180457,398.1592369207685,34712.37402872534,261.9702837796859,0.21376925155711596,112007822.55360875,0,False,0,0.9913144682941718,2,0.00016289901312926996,5.495997630410477e-05,2.0696776999975555
342,34311.79197549872,398.67982001200295,34710.471795510726,261.96103517698475,0.21376170464435607,112007822.55360875,0,False,0,0.9913395780583627,0,0.00016517215695047638,5.479985935384907e-05,2.074905099994794
343,34309.372452393065,399.1999801672002,34708.572432560264,261.95179881952737,0.2137541677237852,112007822.55360875,0,False,0,0.991364542952944,1,0.00016727191051603643,5.4720170951630365e-05,2.080838499998208
344,34306.95854646149,399.7194929660936,34706.67803942758,261.94258358068276,0.21374664803612325,112007822.55360875,0,False,0,0.9913893642286339,1,0.00016658187748551744,5.457997837184265e-05,2.086549299994658
345,34304.54934638788,400.23819868368867,34704.78754507157,261.93338598348964,0.21373914274414993,112007822.55360875,0,False,0,0.991414043121789,0,0.0001677811999838563,5.447062245072816e-05,2.091619199993147
346,34302.14150194272,400.7560431006372,34702.89754504336,261.9241932389703,0.21373164141198622,112007822.55360875,0,False,0,0.9914385808546111,2,0.00016814771354589858,5.445934586866475e-05,2.097102099993208
347,34299.73514370092,401.27311965897667,34701.008263359894,261.9150058461749,0.21372414444685986,112007822.55360875,0,False,0,0.9914629786353482,3,0.0001671066494507351,5.4441612001158196e-05,2.1022236999997403
348,34297.331016724136,401.78960475513395,34699.12062147927,261.9058266504361,0.21371665417057867,112007822.55360875,0,False,0,0.9914872376584933,1,0.0001650472973996695,5.43973208587715e-05,2.1078643999935593
349,34294.93027502299,402.30573526099045,34697.23601028398,261.89666005897436,0.2137091741794597,112007822.55360875,0,False,0,0.9915113591049804,0,0.00016354657194443315,5.4312938239749345e-05,2.113386299999547
350,34292.53160901186,402.8217982677524,34695.35340727961,261.88750107254776,0.21370170039409295,112007822.55360875,0,False,0,0.9915353441423755,0,0.00016158653307965704,5.4258010747976024e-05,2.1188460999983363
351,34290.13550668306,403.33818066218294,34693.47368734524,261.87835155538556,0.21369423433570017,112007822.55360875,0,False,0,0.9915591939250656,0,0.0001593771068895196,5.4177858121302396e-05,2.124707799994212
352,34287.74245284183,403.85532380865,34691.59777665048,261.8692133598061,0.21368677751578372,112007822.55360875,0,False,0,0.9915829095944441,2,0.00015714745050408524,5.4070996512698506e-05,2.1298790000000736
353,34285.35583323538,404.37370518799133,34689.72953842337,261.8600994165983,0.21367934048594142,112007822.55360875,0,False,0,0.9916064922790935,2,0.0001534093861565304,5.3852758213536334e-05,2.1352417999951285
354,34282.977264620335,404.89376787390125,34687.87103249424,261.85101590263247,0.2136719282865348,112007822.55360875,0,False,0,0.9916299430949642,0,0.00015201274810585025,5.357510576949766e-05,2.1407700999989174
355,34280.60227942288,405.4159308192212,34686.0182102421,261.84194575897453,0.21366452699737598,112007822.55360875,0,False,0,0.9916532631455512,0,0.0001509907491615523,5.3414124216468926e-05,2.145923500000208
356,34278.230550641696,405.94062486006266,34684.17117550176,261.83288773812086,0.21365713560049485,112007822.55360875,0,False,0,0.9916764535220672,0,0.0001503816080966512,5.3250123122992995e-05,2.1509420000002137
357,34275.86156700842,406.4682514916938,34682.32981850011,261.8238398886107,0.21364975250348822,112007822.55360875,0,False,0,0.9916995153036131,1,0.00015015483619302959,5.308926058321818e-05,2.1562890999994124
358,34273.49498064682,406.99916927530404,34680.494149922124,261.81480088278744,0.2136423766229808,112007822.55360875,0,False,0,0.9917224495573455,2,0.00015017923087086367,5.292806416390343e-05,2.161337799996545
359,34271.13174919226,407.5336405906517,34678.66538978291,261.8057743793756,0.21363501094451268,112007822.55360875,0,False,0,0.9917452573386418,2,0.0001495673591454605,5.273166326031058e-05,2.166521399994963
360,34268.77791896521,408.0717925207915,34676.849711486,261.79678347514204,0.21362767431517785,112007822.55360875,0,False,0,0.9917679396912622,1,0.00014827405339938165,5.2357213765324595e-05,2.171884899995348
361,34266.42602648162,408.613462938605,34675.039489420225,261.78779966408524,0.2136203434739159,112007822.55360875,0,False,0,0.9917904976475093,0,0.00014782834849180672,5.2202610122773775e-05,2.1772376999942935
362,34264.075074227134,409.15856835700396,34673.233642584135,261.7788191364119,0.21361301531191365,112007822.55360875,0,False,0,0.9918129322283843,0,0.0001472534708196859,5.207915730395869e-05,2.1825220999962767
363,34261.72525983845,409.706990869327,34671.43225070778,261.76984264746176,0.2136056904455326,112007822.55360875,0,False,0,0.9918352444437422,1,0.00014658562988480018,5.195338556889604e-05,2.1882709999990766
364,34259.37733077532,410.2585768633749,34669.635907638694,261.7608730531564,0.2135983712052212,112007822.55360875,0,False,0,0.9918574352924432,2,0.00014572239874723606,5.181046621027157e-05,2.1934318999992684
365,34257.03234824956,410.81313340278376,34667.845481652344,261.7519144084702,0.21359106089986177,112007822.55360875,0,False,0,0.9918795057625014,0,0.00014497227532257525,5.164248021293447e-05,2.1985725999984425
366,34254.68964304522,411.3704290050919,34666.06007205031,261.74296415776,0.21358375744403477,112007822.55360875,0,False,0,0.9919014568312324,0,0.0001442994458963843,5.15004488229852e-05,2.204447699994489
367,34252.34950844879,411.9302362237224,34664.27974467251,261.7340234224385,0.21357646175281944,112007822.55360875,0,False,0,0.9919232894653975,0,0.00014373954860305498,5.135649606861135e-05,2.209715099997993
368,34250.01217544575,412.4923277092141,34662.50450315497,261.7250930860308,0.21356917454717733,112007822.55360875,0,False,0,0.9919450046213456,0,0.00014330943882050754,5.1212416084159535e-05,2.2149331999971764
369,34247.67780214467,413.056484913364,34660.73428705804,261.7161737537238,0.21356189632094438,112007822.55360875,0,False,0,0.9919666032451533,0,0.0001430058392323322,5.107005746703461e-05,2.220521600000211
370,34245.34647363602,413.6225060659794,34658.968979702,261.70726575177855,0.2135546273403515,112007822.55360875,0,False,0,0.9919880862727625,0,0.00014280710304989336,5.093104322092629e-05,2.2259873999937554
371,34243.01821073831,414.1902131686973,34657.208423907,261.69836916090367,0.21354736767125737,112007822.55360875,0,False,0,0.9920094546301157,1,0.00014267758791457392,5.0796542621471945e-05,2.2312464999995427
372,34240.69190225816,414.75945770058405,34655.451359958744,261.6894797360343,0.2135401138496648,112007822.55360875,0,False,0,0.9920307092332891,1,0.0001425785097532617,5.069836920408875e-05,2.2367813999953796
373,34238.36779668072,415.3300927038456,34653.697889384566,261.68059842747505,0.21353286665102772,112007822.55360875,0,False,0,0.9920518509886238,0,0.00014247800485311113,5.059725109234002e-05,2.2420941999953357
374,34236.04656261416,415.90200644504284,34651.948569059205,261.67172779119323,0.21352562816103016,112007822.55360875,0,False,0,0.9920728807928552,0,0.00014232365533204094,5.0480047784380624e-05,2.247691599994141
375,34233.72813500153,416.4751421240616,34650.20327712559,261.6628675796454,0.21351839817767523,112007822.55360875,0,False,0,0.9920937995332392,0,0.00014207139586817493,5.036634318371769e-05,2.253114499995718
376,34231.4124652662,417.04948697927904,34648.46195224548,261.6540176082385,0.21351117655033391,112007822.55360875,0,False,0,0.9921146080876776,0,0.00014169244266407845,5.025439147305087e-05,2.258190699998522
377,34229.099530782354,417.62507137877554,34646.72460216113,261.6451777915364,0.21350396320928985,112007822.55360875,0,False,0,0.9921353073248413,0,0.00014117594543030986,5.014219929149395e-05,2.2630955999993603
378,34226.78933639009,418.20196635398986,34644.99130274408,261.6363481490677,0.2134967581704785,112007822.55360875,0,False,0,0.9921558981042907,0,0.000140529587999452,5.00278002308487e-05,2.268352099999902
379,34224.48190834974,418.78027966120044,34643.262188010944,261.6275287822355,0.2134895615166454,112007822.55360875,0,False,0,0.9921763812765954,1,0.00013977754171143344,4.990951557829898e-05,2.2733531999983825
380,34222.17721418159,419.36015063016214,34641.53736481175,261.61871956793,0.21348237314733218,112007822.55360875,0,False,0,0.9921967576834512,2,0.00013895808555390552,4.9788128780425185e-05,2.2785691999961273
381,34219.877560231645,419.94174010603865,34639.81930033769,261.6099293231495,0.21347520025726,112007822.55360875,0,False,0,0.9922170281577958,1,0.000137612124307181,4.959550310866954e-05,2.283975999998802
382,34217.58436872988,420.52510941759493,34638.109478147475,261.60116348644124,0.2134680472843145,112007822.55360875,0,False,0,0.9922371935239224,0,0.00013708597567205406,4.9360020483587416e-05,2.289311299995461
383,34215.2939239052,421.1102664459678,34636.40419035117,261.59240785582904,0.21346090263960185,112007822.55360875,0,False,0,0.9922572545975911,0,0.00013652978430903821,4.923154935412342e-05,2.294598499996937
384,34213.00619596568,421.69730975384914,34634.70350571953,261.5836623184471,0.21345376623102288,112007822.55360875,0,False,0,0.9922772121861395,0,0.00013595865951576222,4.910107360711589e-05,2.3000275999947917
385,34210.72114015973,422.28635488948436,34633.00749504921,261.57492670422266,0.21344663791979723,112007822.55360875,0,False,0,0.9922970670885916,0,0.00013539142078605702,4.896853440766444e-05,2.3052964999951655
386,34208.43869234515,422.8775300820738,34631.316222427224,261.56620076892636,0.21343951750663237,112007822.55360875,0,False,0,0.9923168200957635,0,0.00013484556744721517,4.8834125140032045e-05,2.3104287999958615
387,34206.158766050714,423.47097166641305,34629.62973771713,261.5574841829257,0.2134324047225463,112007822.55360875,0,False,0,0.9923364719903692,0,0.0001343357625314045,4.869825620439267e-05,2.3159403999961796
388,34203.88125162879,424.0668193761011,34627.94807100489,261.54877652793095,0.21342529922621217,112007822.55360875,0,False,0,0.9923560235471243,0,0.00013387206349945542,4.856149849065979e-05,2.3212273999961326
389,34201.606017998005,424.6652116811175,34626.27122967912,261.54007730364384,0.21341820060938377,112007822.55360875,0,False,0,0.9923754755328474,1,0.00013345870268748042,4.8424507346739e-05,2.3265013999989606
390,34199.33246280033,425.2662812461081,34624.59874404644,261.5313842077097,0.21341110699332647,112007822.55360875,0,False,0,0.9923948287065608,2,0.00013307583400259043,4.8301060821418774e-05,2.33207869999751
391,34197.060154760235,425.87011159565196,34622.930266355885,261.52269559164546,0.21340401703286865,112007822.55360875,0,False,0,0.9924140838195894,0,0.00013269203061953301,4.818763974383981e-05,2.337146899997606
392,34194.78941463862,426.4767552939561,34621.266169932576,261.51401268245115,0.21339693172924937,112007822.55360875,0,False,0,0.9924332416156577,0,0.00013230493139542568,4.806341954613288e-05,2.342425799994089
393,34192.52017929302,427.08627747228076,34619.606456765294,261.5053352392376,0.21338985088590168,112007822.55360875,0,False,0,0.9924523028309865,0,0.0001319107959517821,4.7939123864969086e-05,2.347701299993787
394,34190.25240082005,427.6987324890141,34617.95113330906,261.49666307935956,0.21338277435378605,112007822.55360875,0,False,0,0.9924712681943859,1,0.00013150595662355188,4.7814623724794246e-05,2.35290189999796
395,34187.98798642963,428.31416252692196,34616.30214895655,261.48800349702327,0.2133757080850165,112007822.55360875,0,False,0,0.9924901384273501,1,0.000130870552000291,4.763379398631441e-05,2.3583185999959824
396,34185.7268669885,428.93249589030455,34614.6593628788,261.4793562290855,0.21336865186486664,112007822.55360875,0,False,0,0.9925089142441474,0,0.0001303249777103004,4.7457006547913616e-05,2.3635687999994843
397,34183.467776703474,429.55363419577975,34613.02141089925,261.47071643571667,0.2133616017440078,112007822.55360875,0,False,0,0.9925275963519118,1,0.0001298275244798551,4.731960417060848e-05,2.368723999999929
398,34181.21187492243,430.1775225357201,34611.38939745815,261.46208855175325,0.21335456134129202,112007822.55360875,0,False,0,0.9925461854507305,1,0.00012926315405959715,4.715027393089529e-05,2.373941299993021
399,34178.958649909946,430.80400997147456,34609.762659881424,261.45347062110284,0.2133475290605366,112007822.55360875,0,False,0,0.9925646822337327,0,0.0001289502211539168,4.7000065731164534e-05,2.379654099997424
400,34176.70773650359,431.4329711332354,34608.14070763682,261.4448612480405,0.2133405037628221,112007822.55360875,0,False,0,0.9925830873871752,0,0.00012869925708761158,4.686400945720987e-05,2.3847721999991336
401,34174.45913630435,432.0643206774751,34606.52345698183,261.4362604395356,0.21333348545383546,112007822.55360875,0,False,0,0.9926014015905278,0,0.00012848176914156463,4.6730353666040133e-05,2.3906752999973833
402,34172.212822737434,432.6979956599783,34604.91081839741,261.4276680947808,0.2133264740513174,112007822.55360875,0,False,0,0.9926196255165561,0,0.00012826760895747762,4.659926578359653e-05,2.3953853999992134
403,34169.96875217994,433.3339576823474,34603.30270986229,261.419084047741,0.21331946941978228,112007822.55360875,0,False,0,0.9926377598314053,0,0.00012802901748593261,4.647052967589207e-05,2.400152499998512
404,34167.726874037726,433.9721939412958,34601.699067979025,261.41050810569084,0.2133124714019651,112007822.55360875,0,False,0,0.9926558051946807,0,0.00012774393996068206,4.634360762359649e-05,2.405004199994437
405,34165.48713854449,434.61271718560727,34600.0998557301,261.4019400790457,0.21330547984316373,112007822.55360875,0,False,0,0.9926737622595274,1,0.0001273982515278766,4.62177376256644e-05,2.410434499994153
406,34163.24955058997,435.2555645915088,34598.50511518148,261.3933799872903,0.21329849475927784,112007822.55360875,0,False,0,0.9926916316727105,1,0.00012700457077373078,4.6090634283476166e-05,2.4152837000001455
407,34161.01406710026,435.9007818523209,34596.91484895258,261.3848276664132,0.21329151601647311,112007822.55360875,0,False,0,0.9927094140746913,0,0.00012655628600661493,4.596343754157761e-05,2.4201385999986087
408,34158.78063537451,436.5484350015754,34595.32907037609,261.3762829155488,0.21328454345084216,112007822.55360875,0,False,0,0.9927271100997054,0,0.00012604801977526898,4.583583777397227e-05,2.426251899996714
409,34156.54923009122,437.19861158331713,34593.74784167454,261.3677456385589,0.21327757698393554,112007822.55360875,0,False,0,0.9927447203758367,0,0.0001254931689022605,4.570642176366228e-05,2.4316178999943077
410,34154.31982829084,437.8514127825764,34592.17124107342,261.3592157483292,0.21327061654466753,112007822.55360875,0,False,0,0.992762245525093,0,0.00012490898372298167,4.5574726633871286e-05,2.4364678999991156
411,34152.09240536961,438.50694902909686,34590.599354398706,261.35069315144204,0.21326366205680883,112007822.55360875,0,False,0,0.992779686163479,0,0.00012431382733249464,4.544053230303181e-05,2.441129099999671
412,34149.86693174833,439.165335298929,34589.03226704726,261.3421777354292,0.21325671342858465,112007822.55360875,0,False,0,0.9927970429010681,0,0.00012372452105597213,4.5303850777223116e-05,2.4459457999982988
413,34147.643371106045,439.82668629272126,34587.470057398765,261.33366936200946,0.2132497705471568,112007822.55360875,0,False,0,0.9928143163420743,0,0.00012315412876804237,4.516488453431542e-05,2.451013799996872
414,34145.421680762185,440.49111166719314,34585.91279242938,261.32516786854717,0.2132428332798136,112007822.55360875,0,False,0,0.9928315070849221,0,0.00012261045950237007,4.502396292072099e-05,2.456546499997785
415,34143.20181441284,441.15871148784515,34584.36052590068,261.3166730785192,0.21323590148251123,112007822.55360875,0,False,0,0.9928486157223152,0,0.0001220954549200933,4.4881467724013504e-05,2.461346099997172
416,34140.98372690385,441.8295720570009,34582.81329896085,261.30818481977883,0.2132289750147769,112007822.55360875,0,False,0,0.9928656428413056,0,0.00012160601430699458,4.4737763437084264e-05,2.4661057999983313
417,34138.76737983441,442.5037620446831,34581.27114187909,261.2997029460019,0.2132220537572093,112007822.55360875,0,False,0,0.9928825890233606,0,0.00012113723744982248,4.459316448388824e-05,2.47111969999969
418,34136.55274711258,443.18132888848163,34579.73407600106,261.2912273579524,0.21321513762883124,112007822.55360875,0,False,0,0.9928994548444284,0,0.00012068324416945552,4.444792881453172e-05,2.476011299993843
419,34134.33982293776,443.86229603292617,34578.20211897069,261.2827580340416,0.21320822661202626,112007822.55360875,0,False,0,0.9929162408750043,0,0.00012023088717182043,4.4302163429289237e-05,2.481007199996384
420,34132.128629271865,444.54666077700125,34576.675290048865,261.2742950589356,0.21320132077588236,112007822.55360875,0,False,0,0.9929329476801945,0,0.00011976744727097619,4.4155821536607596e-05,2.486419399996521
421,34129.91922288139,445.23439328581003,34575.153616167205,261.2658386505262,0.21319442029820046,112007822.55360875,0,False,0,0.9929495758197797,0,0.00011928037797618594,4.400868125391294e-05,2.4914135999933933
422,34127.711699369815,445.9254365793796,34573.6371359492,261.257389175387,0.2131875254781068,112007822.55360875,0,False,0,0.9929661258482784,0,0.00011876251625984278,4.3860404348249304e-05,2.496372399997199
423,34125.506193642475,446.6197074578218,34572.1259011003,261.24894715057695,0.21318063673752433,112007822.55360875,0,False,0,0.9929825983150071,0,0.00011821305339564494,4.371061230717176e-05,2.5014228999934858
424,34123.30287674764,447.31709827416927,34570.619975021815,261.24051323157227,0.21317375461132546,112007822.55360875,0,False,0,0.9929989937641431,0,0.00011763754901915072,4.355896663085522e-05,2.506459199998062
425,34121.10194960493,448.0174794447947,34569.11942904972,261.23208818828107,0.2131668797277596,112007822.55360875,0,False,0,0.9930153127347828,1,0.0001170469741172072,4.3405237544960206e-05,2.5114218999951845
426,34118.90396583856,448.72070266740013,34567.62466850596,261.2236741409115,0.21316001381692878,112007822.55360875,0,False,0,0.9930315557610018,1,0.00011633199587391279,4.3239763362520585e-05,2.517697199997201
427,34116.70910348563,449.4265604253967,34566.13566391102,261.21527177209845,0.21315315743586694,112007822.55360875,0,False,0,0.9930477233719127,0,0.0001157282268203185,4.307512041151578e-05,2.5235905999943498
428,34114.51748155001,450.1348352487249,34564.65231679873,261.20688153856133,0.21314631095725975,112007822.55360875,0,False,0,0.9930638160917233,0,0.0001151799882248691,4.2913304707062825e-05,2.529410999995889
429,34112.32934537099,450.8453187768625,34563.17466414785,261.1985043807525,0.21313947514852172,112007822.55360875,0,False,0,0.9930798344397928,0,0.00011470077677073656,4.275039822001365e-05,2.5345825999975204
430,34110.14490838166,451.5578052092719,34561.70271359094,261.19014111708606,0.21313265067748338,112007822.55360875,0,False,0,0.9930957789306873,0,0.00011429639310207912,4.258724990451727e-05,2.5397477999940747
431,34107.964347070505,452.272096340834,34560.23644341134,261.18179242462713,0.21312583809663385,112007822.55360875,0,False,0,0.9931116500742366,0,0.00011396470929496435,4.242470898345852e-05,2.5450851999994484
432,34105.78779938504,452.98800613597365,34558.775805521014,261.1734588329566,0.21311903783811412,112007822.55360875,0,False,0,0.9931274483755865,0,0.00011369658689553356,4.226353869765798e-05,2.5504211999941617
433,34103.61536607826,453.70536470238784,34557.320730780644,261.1651407293028,0.2131122502179047,112007822.55360875,0,False,0,0.9931431743352542,0,0.00011347771311942417,4.2104348503501626e-05,2.555574899997737
434,34101.447114210576,454.424021553239,34555.87113576382,261.1568383719277,0.21310547544674885,112007822.55360875,0,False,0,0.9931588284491802,1,0.00011329099255080432,4.19475522457487e-05,2.5609463000000687
435,34099.28308285216,455.1438480775035,34554.426930929665,261.1485519119421,0.2130987136479539,112007822.55360875,0,False,0,0.9931744112087808,1,0.0001131163674304199,4.179332734740166e-05,2.5656252999979188
436,34097.12328760824,455.86473845351765,34552.98802606176,261.1402814106175,0.2130919648715177,112007822.55360875,0,False,0,0.9931899231009995,0,0.00011294529425562449,4.164169386411474e-05,2.5704227999958675
437,34094.96772316041,456.5866102537336,34551.55433341414,261.13202684910334,0.21308522910205807,112007822.55360875,0,False,0,0.9932053646083581,0,0.0001127627348371957,4.149258080186194e-05,2.57538879999629
438,34092.81636905238,457.3094056478298,34550.12577470021,261.1237881505719,0.21307850627688316,112007822.55360875,0,False,0,0.9932207362090064,1,0.00011256147497160451,4.1345714874239196e-05,2.580240399998729
439,34090.669298357316,458.0330901783163,34548.70238853563,261.11556559637467,0.2130717966255774,112007822.55360875,0,False,0,0.993236038376772,1,0.00011233758223291289,4.119771296518374e-05,2.585211999998137
440,34088.52650442606,458.7576375985334,34547.28414202459,261.1073591625715,0.21306510012860552,112007822.55360875,0,False,0,0.9932512715812086,0,0.00011212324260954713,4.1050644828650506e-05,2.5903791999953683
441,34086.38782010628,459.4830337711644,34545.870853877444,261.0991682104954,0.21305841626481156,112007822.55360875,0,False,0,0.9932664362876443,0,0.00011188742883202068,4.09088060680837e-05,2.5954012000001967
442,34084.25318078771,460.2092926085935,34544.46247339631,261.09099249414066,0.21305174483345346,112007822.55360875,0,False,0,0.9932815329572293,0,0.00011163440142811771,4.076841736296635e-05,2.6002943999992567
443,34082.1225116161,460.93644516283126,34543.05895677893,261.0828317282318,0.2130450856017448,112007822.55360875,0,False,0,0.9932965620469821,0,0.00011137031473998612,4.062927939489388e-05,2.6054581999997026
444,34079.99572762412,461.6645367015534,34541.66026432567,261.0746855887185,0.2130384383052587,112007822.55360875,0,False,0,0.9933115240098361,0,0.00011110206427205698,4.0491273659589316e-05,2.6108846999995876
445,34077.872734356766,462.39362340831275,34540.26635776508,261.06655371516575,0.21303180264987806,112007822.55360875,0,False,0,0.9933264192946853,0,0.00011083535372821202,4.035435905285176e-05,2.6157861999963643
446,34075.753429403354,463.123769004364,34538.87719840772,261.0584357166163,0.21302517831657958,112007822.55360875,0,False,0,0.9933412483464289,0,0.00011057349070231659,4.021854791088215e-05,2.6209744999941904
447,34073.63770501785,463.85504136904007,34537.49274638689,261.05033118162424,0.213018564969621,112007822.55360875,0,False,0,0.9933560116060157,1,0.00011031679741790676,4.008387455320378e-05,2.626017499998852
448,34071.524912326524,464.58750893128735,34536.112421257814,261.0422376257395,0.21301196058167687,112007822.55360875,0,False,0,0.9933707095104878,1,0.0001100300891369749,3.9965991139242586e-05,2.630936699999438
449,34069.41554796427,465.3211038821607,34534.73665184643,261.03415695255006,0.21300536670608586,112007822.55360875,0,False,0,0.993385342493024,0,0.00010973843985490685,3.983567677218423e-05,2.6358374999981606
450,34067.310319209886,466.0557120078336,34533.366031217716,261.02609187286197,0.21299878555488122,112007822.55360875,0,False,0,0.9933999109829825,0,0.00010947240986633748,3.968817375196995e-05,2.6414073999985703
451,34065.20921317915,466.7912963465152,34532.000509525664,261.01804233875924,0.21299221708896326,112007822.55360875,0,False,0,0.9934144154059427,0,0.00010921527004437291,3.954209649931059e-05,2.646156199996767
452,34063.11220444696,467.52783335200075,34530.64003779896,261.0100082542697,0.2129856612300181,112007822.55360875,0,False,0,0.9934288561837462,0,0.00010895417704810498,3.939741997645035e-05,2.6510216999959084
453,34061.019257860215,468.2653136699588,34529.284571530174,261.0019894861348,0.21297911786930607,112007822.55360875,0,False,0,0.9934432337345391,0,0.00010868003939320201,3.925401519651976e-05,2.6566346999970847
454,34058.93033129456,469.0037424599192,34527.934073754484,260.99398587436673,0.21297258687627615,112007822.55360875,0,False,0,0.9934575484728109,0,0.00010838525028548524,3.9111663981674085e-05,2.661383599996043
455,34056.84537811957,469.74313926440226,34526.58851738397,260.98599724168946,0.21296606810627008,112007822.55360875,0,False,0,0.9934718008094354,0,0.00010806421954620153,3.897008050465998e-05,2.666220799997973
456,34054.76434921439,470.48353744251745,34525.24788665691,260.9780234012603,0.21295956140682318,112007822.55360875,0,False,0,0.9934859911517097,0,0.00010771365769213338,3.882893690433382e-05,2.6713106999959564
457,34052.68719446339,471.22498319998505,34523.91217766338,260.97006416239924,0.21295306662233943,112007822.55360875,0,False,0,0.9935001199033928,0,0.0001073326069637229,3.8687890030962875e-05,2.676217000000179
458,34050.613863743674,471.96753426040624,34522.581398004084,260.96211933437263,0.2129465835971791,112007822.55360875,0,False,0,0.9935141874647448,0,0.00010692224503458965,3.8546606550389837e-05,2.6814203999965684
459,34048.54430748414,472.71125823332767,34521.25556571747,260.95418872853577,0.21294011217740708,112007822.55360875,0,False,0,0.9935281942325633,0,0.00010648551139492618,3.84047841420526e-05,2.6873885999957565
460,34046.478476920376,473.45623074293377,34519.93470766331,260.9462721593101,0.21293365221159016,112007822.55360875,0,False,0,0.9935421406002222,0,0.0001060266219550693,3.8262167250539136e-05,2.6928883000000496
461,34044.416324187645,474.20253338683807,34518.61885757448,260.93836944454006,0.2129272035510883,112007822.55360875,0,False,0,0.9935560269577076,0,0.00010555054329569212,3.8118556711496255e-05,2.697974799993972
462,34042.35780238656,474.95025159736076,34517.30805398392,260.93048040574547,0.21292076605026075,112007822.55360875,0,False,0,0.9935698536916551,0,0.00010506249445634877,3.7973813377908345e-05,2.7036944999999832
463,34040.30286572636,475.69947247787997,34516.002338204235,260.9226048686712,0.21291433956691433,112007822.55360875,0,False,0,0.9935836211853843,0,0.0001045675321829869,3.782785661165939e-05,2.7087661999976262
464,34038.251469806986,476.45028268443525,34514.70175249142,260.91474266436916,0.21290792396318634,112007822.55360875,0,False,0,0.9935973298189359,0,0.00010407025728397456,3.768065896136407e-05,2.7141887999969185
465,34036.20357205176,477.2027664179706,34513.40633846973,260.9068936308574,0.2129015191068986,112007822.55360875,0,False,0,0.9936109799691056,0,0.0001035746579200709,3.753223860890774e-05,2.719638299997314
466,34034.15913225496,477.95700358567234,34512.11613584063,260.89905761522004,0.212895124873271,112007822.55360875,0,False,0,0.9936245720094791,0,0.00010308408353920309,3.738265114850517e-05,2.72504189999745
467,34032.118113651275,478.71306818117995,34510.83118183246,260.8912344777083,0.21288874114826756,112007822.55360875,0,False,0,0.9936381063104658,1,0.0001025973938328162,3.723196813303937e-05,2.7305055999968317
468,34030.0804889746,479.471026589648,34509.55151556425,260.883424114966,0.21288236784754916,112007822.55360875,0,False,0,0.9936515832393333,1,0.00010212387001528976,3.708013468195413e-05,2.7358032999982242
469,34028.11652443543,480.23091691158373,34508.34744134701,260.8758958755501,0.2128762247610805,112007822.55360875,0,False,0,0.99366500316024,1,9.213539936323428e-05,3.4891042171218654e-05,2.741066899994621
470,34026.40497845978,480.9908560470063,34507.39583450679,260.86933502602324,0.2128708710703004,112007822.55360875,0,False,0,0.9936783664342679,1,0.00010327695054979264,2.7576134784202264e-05,2.74644029999763
471,34024.77050465798,481.7454752806224,34506.5159799386,260.86306946234447,0.21286575833446308,112007822.55360875,0,False,0,0.9936916734194553,1,0.00012980805528616833,2.5497564997525924e-05,2.751682799993432
472,34023.19855833624,482.4922015594949,34505.69075989573,260.8570434484614,0.21286084107263067,112007822.55360875,0,False,0,0.9937049244708291,0,0.0001608158641469854,2.391490474867172e-05,2.7569198999990476
473,34021.67094546336,483.22883071663136,34504.89977617999,260.8511872522851,0.21285606238301932,112007822.55360875,0,False,0,0.9937181199404355,0,0.0001898331190146619,2.292328303890985e-05,2.7623888999951305
474,34020.168850944945,483.95357946857183,34504.12243041352,260.84542875406095,0.21285136341549632,112007822.55360875,0,False,0,0.9937312601773719,0,0.00021394669934156593,2.2528561784436067e-05,2.76790209999308
475,34018.67540358704,484.6651184755372,34503.34052206258,260.8397032799533,0.2128466913958415,112007822.55360875,0,False,0,0.9937443455278178,0,0.0002316824426473355,2.266130235641801e-05,2.7729932999936864
476,34017.1777689717,485.36258984656246,34502.54035881826,260.8339616268238,0.2128420061740122,112007822.55360875,0,False,0,0.993757376335065,0,0.00024233780853858235,2.31908920183428e-05,2.778521499996714
477,34015.668535347926,486.04560803149656,34501.714143379424,260.8281753773849,0.21283728456133907,112007822.55360875,0,False,0,0.9937703529395472,1,0.00024415786468605057,2.394651032194567e-05,2.7837021999948774
478,34014.152907860305,486.7142432142142,34500.86715107452,260.8223644853344,0.21283254284015377,112007822.55360875,0,False,0,0.9937832756788707,0,0.00024197023231355909,2.4549281852643067e-05,2.789011999993818
479,34012.62608497129,487.36886337391536,34499.99494834521,260.8165105393878,0.21282776598674277,112007822.55360875,0,False,0,0.9937961448878428,0,0.00023337729674549956,2.5280603107518542e-05,2.7946516999945743
480,34011.0950440292,488.01028826558036,34499.10533229478,260.8106402891922,0.21282297582897117,112007822.55360875,0,False,0,0.9938089608985013,1,0.00021927017009572844,2.5785976251939136e-05,2.800050199999532
481,34009.56963107597,488.6396759290549,34498.209307005025,260.80479148618406,0.21281820317222738,112007822.55360875,0,False,0,0.9938217240401428,1,0.00020091730563693533,2.5972421056192267e-05,2.805127099993115
482,34008.06066574837,489.258461838614,34497.31912758699,260.7990056183051,0.21281348187090937,112007822.55360875,0,False,0,0.9938344346393507,0,0.00018025004100409974,2.580364128795293e-05,2.810562899998331
483,34006.577622609715,489.8682737564011,34496.445896366116,260.7933190195244,0.2128088415737439,112007822.55360875,0,False,0,0.9938470930200242,0,0.000159457516811692,2.5313016865003117e-05,2.8155668999970658
484,34005.12795451708,490.47089131245417,34495.59884582953,260.7877602745845,0.21280430560604463,112007822.55360875,0,False,0,0.993859699503404,1,0.00014166488501767273,2.455471903188791e-05,2.8206411999999546
485,34003.71686173557,491.06816136301484,34494.785023098586,260.78234933267845,0.21279989024646723,112007822.55360875,0,False,0,0.9938722544081016,1,0.00013069892795480173,2.359207429862615e-05,2.825875199996517
486,34002.340368437115,491.6617964836322,34494.00216492075,260.77707095692716,0.21279558306163118,112007822.55360875,0,False,0,0.9938847580501241,0,0.00012904378123584448,2.2694971930203447e-05,2.8310646999962046
487,34000.992813943754,492.2534586640917,34493.246272607845,260.7719034479894,0.2127913663447498,112007822.55360875,0,False,0,0.9938972107429027,0,0.000136206279878748,2.1913731821827122e-05,2.8365213999932166
488,33999.66556448538,492.8446769496713,34492.510241435055,260.76681370329845,0.21278721308393905,112007822.55360875,0,False,0,0.9939096127973173,0,0.00014943193176624112,2.1338414104975474e-05,2.8418788999988465
489,33998.34773015667,493.4367634116491,34491.78449356832,260.7617599655159,0.21278308920497174,112007822.55360875,0,False,0,0.9939219645217233,0,0.00016443621719004138,2.1040737877816826e-05,2.8469862999991165
490,33997.0280928996,494.0307568385342,34491.05884973813,260.75669921556994,0.21277895960403892,112007822.55360875,0,False,0,0.9939342662219772,0,0.00017765471005045733,2.1038164329248293e-05,2.852249199997459
491,33995.69723925757,494.6273862104724,34490.32462546804,260.75159535181206,0.21277479482198872,112007822.55360875,0,False,0,0.9939465182014613,0,0.00018657772390300078,2.12873798189066e-05,2.8581845999942743
492,33994.34926755602,495.22705584612976,34489.57632340215,260.7464257379419,0.2127705763874704,112007822.55360875,0,False,0,0.9939587207611089,1,0.00018988219036659247,2.169599950179896e-05,2.8631998999990174
493,33992.98262260923,495.8298513590105,34488.81247396824,260.74118440556805,0.21276629943024247,112007822.55360875,0,False,0,0.9939708741994294,1,0.0001873117987333975,2.214725477486889e-05,2.868373299999803
494,33991.58928469703,496.4355654648354,34488.02485016187,260.73584059233985,0.21276193884805059,112007822.55360875,0,False,0,0.9939829788125322,1,0.0001775557814049476,2.2837081066898808e-05,2.873795199993765
495,33990.181480730054,497.0435520596658,34487.22503278972,260.7304411867937,0.21275753290220895,112007822.55360875,0,False,0,0.9939950348941511,2,0.00016341911588704436,2.3191162022898277e-05,2.8791417999964324
496,33988.77501459193,497.65297100327643,34486.427985595205,260.72504680061684,0.21275313105220137,112007822.55360875,0,False,0,0.9940070427356672,6,0.00014878118126992375,2.3111375118109846e-05,2.8843628999966313
497,33987.37732264566,498.2629461583594,34485.64026880402,260.7196859565678,0.21274875657276215,112007822.55360875,0,False,0,0.9940190026261339,5,0.00013354718916728104,2.2841356359538453e-05,2.890133099994273
498,33985.99493827651,498.87255303269376,34484.8674913092,260.7143837162672,0.21274442991431725,112007822.55360875,0,False,0,0.994030914852299,1,0.00012406093356435449,2.2408674706075386e-05,2.8952837999968324
499,33984.629950122784,499.48086034230954,34484.11081046509,260.7091480946642,0.21274015761711101,112007822.55360875,0,False,0,0.9940427796986278,0,0.00012110238515543922,2.194240254228147e-05,2.900287499993283
500,33983.28206325685,500.0870298213103,34483.36909307816,260.70397796449845,0.21273593876129254,112007822.55360875,0,False,0,0.9940545974473258,2,0.00012342297960920857,2.1508960779336225e-05,2.905708799997228
501,33981.950419894885,500.6903488016434,34482.64076869653,260.69887003934207,0.21273177066511792,112007822.55360875,0,False,0,0.9940663683783618,3,0.00012743184251066386,2.1121033146773165e-05,2.910988499999803
502,33980.631576171974,501.2902507180899,34481.921826890066,260.6938111124695,0.21272764255182344,112007822.55360875,0,False,0,0.9940780927694888,4,0.00013364827644211715,2.084938364462436e-05,2.9162394999948447
503,33979.322755141984,501.88635829649184,34481.209113438475,260.6887905343917,0.21272354573136507,112007822.55360875,0,False,0,0.994089770896267,4,0.00013682652208419775,2.066919167581295e-05,2.9222203999961494
504,33978.023098540354,502.4784720341124,34480.501570574466,260.6838050149658,0.21271947751896736,112007822.55360875,0,False,0,0.9941014030320847,2,0.0001417255313746071,2.0519665121992572e-05,2.927444999993895
505,33976.72746205503,503.06657970090197,34479.79404175593,260.67883482191274,0.21271542181297767,112007822.55360875,0,False,0,0.9941129894481797,3,0.00014148111603883682,2.0519678841933083e-05,2.932711299996299
506,33975.439496589264,503.65086797867855,34479.09036456794,260.67389396174394,0.2127113900427895,112007822.55360875,0,False,0,0.9941245304136608,3,0.00013828528360436038,2.0408393018080162e-05,2.9379958999998053
507,33974.15823429673,504.2315897931021,34478.389824089834,260.6689787231949,0.21270737917998975,112007822.55360875,0,False,0,0.9941360261955283,3,0.0001362344298530171,2.0317835264829187e-05,2.943255299993325
508,33972.890905047425,504.80916475590203,34477.70006980333,260.6641168440621,0.21270341185877917,112007822.55360875,0,False,0,0.9941474770586953,2,0.00012631801742414125,2.000540889593806e-05,2.9486853999987943
509,33971.631449164364,505.3840497708965,34477.01549893526,260.65928507983125,0.212699469111501,112007822.55360875,0,False,0,0.9941588832660063,1,0.00012258387974755183,1.985546793099069e-05,2.954353099994478
510,33970.37845686943,505.9568688022377,34476.33532567167,260.65447802356834,0.21269554652606618,112007822.55360875,0,False,0,0.9941702450782601,0,0.00011836230414110664,1.9728310404587428e-05,2.959679799998412
511,33969.131753580165,506.5283474426148,34475.66010102278,260.6496950068431,0.2126916435570317,112007822.55360875,0,False,0,0.9941815627542269,0,0.00011351945852476378,1.9585163054950648e-05,2.9650669999973616
512,33967.892050125876,507.0992856258953,34474.99133575177,260.644938758173,0.2126877624308835,112007822.55360875,0,False,0,0.9941928365506698,1,0.0001071718893794856,1.9398186113046195e-05,2.9704852999930154
513,33966.663555751795,507.670519087544,34474.33407483934,260.6402254286617,0.21268391632701467,112007822.55360875,0,False,0,0.9942040667223634,2,0.00010371696224925016,1.9064860844578e-05,2.975838299993484
514,33965.44295689918,508.242818211028,34473.685775110214,260.6355423072578,0.2126800948731344,112007822.55360875,0,False,0,0.9942152535221137,5,0.0001010827780135416,1.8805286498551178e-05,2.981438499999058
515,33964.23389339077,508.8169116755965,34473.05080506636,260.6309033610204,0.21267630946644292,112007822.55360875,0,False,0,0.9942263972007759,5,9.893956667157723e-05,1.841897753531762e-05,2.9865906999984873
516,33963.03170543426,509.3932984718898,34472.42500390615,260.62629071309846,0.21267254551932746,112007822.55360875,0,False,0,0.9942374980072748,1,0.00010044219796720444,1.8153344296388644e-05,2.991711899994698
517,33961.831910328474,509.97238363818576,34471.80429396666,260.6216871648577,0.21266878899760394,112007822.55360875,0,False,0,0.9942485561886216,0,0.00010246474583926617,1.800598418644466e-05,2.9970271999991382
518,33960.63306164808,510.55455351843625,34471.18761516651,260.6170871667784,0.2126650353728325,112007822.55360875,0,False,0,0.9942595719899339,1,0.00010426051115104843,1.788936821789872e-05,3.002300699998159
519,33959.434398482736,511.1401206070821,34470.574519089816,260.6124877993483,0.21266128226267442,112007822.55360875,0,False,0,0.9942705456544525,0,0.00010609401835942557,1.7785754397016254e-05,3.0075888999999734
520,33958.23440709827,511.72930250391875,34469.96370960219,260.6078832541267,0.21265752492740883,112007822.55360875,0,False,0,0.9942814774235601,0,0.00010753797876574148,1.7719736214060138e-05,3.013100999996823
521,33957.03231085172,512.3222353329609,34469.35454618468,260.6032705506656,0.21265376093497312,112007822.55360875,0,False,0,0.9942923675367986,0,0.00010848058550595126,1.767229645618388e-05,3.018556199996965
522,33955.827626567996,512.9189697474488,34468.74659631545,260.5986478344352,0.2126499887720603,112007822.55360875,0,False,0,0.9943032162318873,0,0.00010887865568027434,1.763740218633081e-05,3.023998399999982
523,33954.62016568477,513.5194749430749,34468.13964062784,260.594014381316,0.21264620784778474,112007822.55360875,0,False,0,0.994314023744739,1,0.00010875264444931465,1.7608870282148e-05,3.0296053999991273
524,33953.415485007805,514.1236432338536,34467.53912824166,260.58939151472686,0.21264243556217832,112007822.55360875,0,False,0,0.9943247903094784,1,0.0001070425821127705,1.742224536758654e-05,3.034989799998584
525,33952.21100138827,514.7309493821223,34466.94195077039,260.58476932233884,0.2126386638267239,112007822.55360875,0,False,0,0.994335516158458,2,0.00010514400524205501,1.7325793670536526e-05,3.040284899994731
526,33951.00869571452,515.3409933274601,34466.34968904198,260.58015540602673,0.2126348988445948,112007822.55360875,0,False,0,0.9943462015222756,3,0.00010399718721662125,1.7183471897850455e-05,3.0458004999964032
527,33949.811611456025,515.953342214184,34465.76495367021,260.5755614460267,0.21263115014693063,112007822.55360875,0,False,0,0.9943568466297904,2,0.000101458174860983,1.6965398919368704e-05,3.0510441999940667
528,33948.61759140086,516.5675153863979,34465.18510678726,260.57097916460634,0.2126274109790543,112007822.55360875,0,False,0,0.9943674517081394,1,0.00010165744947350442,1.682385067398682e-05,3.056394699997327
529,33947.42709860633,517.1830702886497,34464.61016889498,260.56641033949995,0.21262368279160726,112007822.55360875,0,False,0,0.9943780169827539,1,0.0001003871515954675,1.6681700402979374e-05,3.062040299999353
530,33946.244743565265,517.7995901569742,34464.04433372224,260.56187266584215,0.2126199800239206,112007822.55360875,0,False,0,0.9943885426773751,2,0.00010228011033644377,1.6417860813363586e-05,3.0671665999980178
531,33945.06819310154,518.4166369761376,34463.48483007768,260.557357190702,0.2126162953703515,112007822.55360875,0,False,0,0.99439902901407,2,0.00010079356390094824,1.6234416342478957e-05,3.0726708000001963
532,33943.899872058784,519.0338264442925,34462.933698503075,260.5528732217658,0.21261263642602518,112007822.55360875,0,False,0,0.994409476213247,0,0.0001036646464690878,1.5991754093404226e-05,3.078378599995631
533,33942.732896034984,519.6507619990955,34462.38365803408,260.5483943379233,0.21260898163116446,112007822.55360875,0,False,0,0.9944198844936719,0,0.00010634224397922343,1.5960349568831607e-05,3.08362489999854
534,33941.56640187194,520.267189283713,34461.83359115565,260.54391722652804,0.21260532828263082,112007822.55360875,0,False,0,0.9944302540724818,1,0.00010846373169116516,1.5961370632050104e-05,3.090113199999905
535,33940.376600101394,520.8829383393362,34461.25953844073,260.5393505791453,0.21260160187221874,112007822.55360875,0,False,0,0.9944405851652022,2,0.00011318960299212126,1.6657637017453103e-05,3.0957512999957544
536,33939.150996223885,521.4967316673984,34460.647727891286,260.5346464339201,0.2125977632627799,112007822.55360875,0,False,0,0.9944508779857604,1,0.00012873372376974597,1.7753574815326472e-05,3.1009779999949387
537,33937.945970907276,522.1055815215858,34460.051552428864,260.5300211910607,0.21259398903812338,112007822.55360875,0,False,0,0.9944611327465004,1,0.00014593201071102033,1.7300181561582426e-05,3.106891399998858
538,33936.769537521264,522.708136409235,34459.4776739305,260.5255056132557,0.2125903043007791,112007822.55360875,0,False,0,0.9944713496581985,2,0.00016176181915983421,1.665344282753605e-05,3.112300699998741
539,33935.60053628429,523.3031771869153,34458.903713471205,260.5210184852051,0.21258664277859737,112007822.55360875,0,False,0,0.9944815289300767,3,0.0001756517560230645,1.665609864221984e-05,3.118097899998247
540,33934.440312702485,523.8898976645522,34458.330210367036,260.5165649731413,0.21258300868725336,112007822.55360875,0,False,0,0.9944916707698178,3,0.00018216926193231618,1.664310359198401e-05,3.1240354999972624
541,33933.27520724475,524.4676111828451,34457.74281842759,260.51209264540773,0.21257935924221502,112007822.55360875,0,False,0,0.994501775383579,0,0.00018844374230770255,1.7046442351021317e-05,3.129223299998557
542,33932.099752509996,525.0360466526125,34457.13579916261,260.5075805135428,0.21257567731677762,112007822.55360875,0,False,0,0.9945118429760057,0,0.00018911883681025293,1.761633860303928e-05,3.134472999998252
543,33930.91425458534,525.5953003306039,34456.509554915945,260.50302975046316,0.21257196386804783,112007822.55360875,0,False,0,0.9945218737502465,0,0.0001843671168675953,1.8174587995691483e-05,3.139663099995232
544,33929.722075995625,526.1457827161121,34455.86785871174,260.4984532621859,0.21256822942740944,112007822.55360875,0,False,0,0.9945318679079651,0,0.00017468790932597279,1.8623366455127458e-05,3.144767999998294
545,33928.528847391564,526.6881835606252,34455.21703095219,260.4938726626466,0.21256449163195773,112007822.55360875,0,False,0,0.9945418256493554,0,0.0001608938693302701,1.8888735068818632e-05,3.1502779000002192
546,33927.341393091294,527.2234284903545,34454.56482158165,260.48931414970286,0.21256077185929445,112007822.55360875,0,False,0,0.9945517471731544,1,0.00014413345439164482,1.892919060578404e-05,3.1561391999930493
547,33926.16733947122,527.75262909894,34453.91996857016,260.4848070021406,0.21255709400107656,112007822.55360875,0,False,0,0.9945616326766545,1,0.00012635640325961824,1.8716039944953234e-05,3.1614473999943584
548,33925.0107771747,528.2769599367177,34453.287737111415,260.4803669268557,0.21255347087422105,112007822.55360875,0,False,0,0.9945714823557184,3,0.0001095210910573486,1.835005884154318e-05,3.1665651999937836
549,33923.87547314119,528.7976692515226,34452.67314239271,260.47600838903065,0.21254991428239964,112007822.55360875,0,False,0,0.9945812964047901,2,9.44573887307426e-05,1.7838492610424807e-05,3.1716687999942224
550,33922.766493221294,529.3158754227466,34452.08236864404,260.4717508415118,0.2125464400992463,112007822.55360875,0,False,0,0.9945910750169095,0,8.774616884573718e-05,1.7147399455154237e-05,3.1768718999956036
551,33921.67349323558,529.8324566962522,34451.50594993184,260.4675545753658,0.21254301592204414,112007822.55360875,0,False,0,0.9946008183837234,1,8.629851945869786e-05,1.6731026764543225e-05,3.182318999999552
552,33920.59388512724,530.3484047840573,34450.94228991129,260.46340965720015,0.21253963364508796,112007822.55360875,0,False,0,0.9946105266954994,1,8.985214659900374e-05,1.6360968991203685e-05,3.1876479999991716
553,33919.5231951414,530.8645541145036,34450.387749255904,260.45929891306014,0.21253627925433236,112007822.55360875,0,False,0,0.9946202001411376,0,9.643943075498625e-05,1.6096530850156482e-05,3.1928769999940414
554,33918.45781417603,531.381566299209,34449.839380475234,260.4552084876631,0.21253294144378737,112007822.55360875,0,False,0,0.9946298389081831,1,0.00010436474064261613,1.5917637405455132e-05,3.1982744999986608
555,33917.392479907074,531.9000004615946,34449.29248036867,260.45111817731583,0.21252960372712362,112007822.55360875,0,False,0,0.9946394431828375,1,0.00011141473560321993,1.587525853240475e-05,3.203565099996922
556,33916.323830520196,532.4201968789979,34448.744027399196,260.4470150741613,0.21252625557145594,112007822.55360875,0,False,0,0.9946490131499722,0,0.00011637682272617538,1.5920587332401345e-05,3.2087219999957597
557,33915.25065862074,532.9423072960318,34448.19296591677,260.44289454166625,0.21252289319334658,112007822.55360875,0,False,0,0.9946585489931392,1,0.00011903710625797179,1.5996562370607755e-05,3.2146155999944312
558,33914.171591793194,533.4663362626242,34447.63792805582,260.4387513093748,0.2125195122920734,112007822.55360875,0,False,0,0.994668050894583,1,0.0001190638162242841,1.611224895030665e-05,3.219922199998109
559,33913.08571231609,533.9921206982274,34447.077833014315,260.4345818523957,0.2125161099913049,112007822.55360875,0,False,0,0.9946775190352524,0,0.00011631796103539017,1.625931631865599e-05,3.2260405999986688
560,33911.99628940265,534.5193289803832,34446.51561838303,260.43039872258635,0.21251269653342864,112007822.55360875,0,False,0,0.994686953594812,0,0.00011170448488114306,1.6321112461471154e-05,3.231244999995397
561,33910.90550019276,535.0475302512508,34445.95303044401,260.4262102791989,0.21250927873964226,112007822.55360875,0,False,0,0.9946963547516539,0,0.0001059791497191435,1.6332216159495995e-05,3.2363236999954097
562,33909.81574898632,535.5762074042731,34445.391956390595,260.4220257542988,0.21250586414336395,112007822.55360875,0,False,0,0.994705722682908,1,0.00010008996889680037,1.628853331251e-05,3.2415392999973847
563,33908.72924718372,536.1047893207095,34444.83403650443,260.4178536398137,0.21250245967405537,112007822.55360875,0,False,0,0.9947150575644544,1,9.502954022867058e-05,1.6197228554498082e-05,3.2469826999949873
564,33907.64775268872,536.63268390742,34444.280436596135,260.4137006867677,0.2124990708405908,112007822.55360875,0,False,0,0.9947243595709333,1,9.138740841842238e-05,1.6072073615056662e-05,3.2522600999946008
565,33906.5723292117,537.1593054984918,34443.731634710195,260.40957098083663,0.21249570097690512,112007822.55360875,0,False,0,0.9947336288757563,3,9.008565417966265e-05,1.5933033844322183e-05,3.257573599999887
566,33905.50376293802,537.6841061627761,34443.187869100795,260.40546754220816,0.21249235254748877,112007822.55360875,0,False,0,0.9947428656511177,4,8.881156089778266e-05,1.578707020385751e-05,3.2634182999972836
567,33904.44782718509,538.2065716298597,34442.65439881495,260.40141254296253,0.21248904364488616,112007822.55360875,0,False,0,0.994752070068004,2,9.222106622932004e-05,1.5488412044576635e-05,3.2684883999972953
568,33903.40286481152,538.7256229622536,34442.12848777377,260.39739962146905,0.21248576907797023,112007822.55360875,0,False,0,0.994761242296206,2,9.63538354592026e-05,1.526917859144474e-05,3.273511299994425
569,33902.36672352129,539.2406261684289,34441.60734968972,260.3934205141186,0.21248252210358864,112007822.55360875,0,False,0,0.9947703825043277,4,0.0001013306404365744,1.513083270197084e-05,3.2786222999930033
570,33901.338438172206,539.7511249592189,34441.08956313143,260.3894715159283,0.21247929969845414,112007822.55360875,0,False,0,0.994779490859798,4,0.00010696727801951647,1.5033751271778213e-05,3.2836237999945297
571,33900.31541701918,540.2568035664729,34440.57222058565,260.38554267477747,0.21247609374157925,112007822.55360875,0,False,0,0.9947885675288797,2,0.00010835061048170426,1.5021085347132916e-05,3.2888979999988806
572,33899.29823596826,540.7575272424792,34440.05576321074,260.3816362033554,0.21247290603853114,112007822.55360875,0,False,0,0.9947976126766807,0,0.00011163495876917752,1.4995609585277128e-05,3.2947751999963657
573,33898.28343905184,541.2532894705017,34439.53672852234,260.37773882976956,0.21246972575936943,112007822.55360875,0,False,0,0.9948066264671631,2,0.00011251142295571854,1.5070669222080868e-05,3.30015419999836
574,33897.27132750949,541.744287034521,34439.015614544005,260.3738517113786,0.21246655384850552,112007822.55360875,0,False,0,0.9948156090631542,4,0.00010954472988882597,1.5131271435003727e-05,3.306982699999935
575,33896.265216078966,542.2308578059348,34438.496073884904,260.36998757951716,0.21246340069478128,112007822.55360875,0,False,0,0.9948245606263549,3,0.00010378270601587866,1.5085816183480908e-05,3.312304299994139
576,33895.265181041934,542.7133959820713,34437.978577024005,260.3661467281871,0.21246026653810396,112007822.55360875,0,False,0,0.9948334813173508,2,9.783814008060463e-05,1.502669744313825e-05,3.317473199997039
577,33894.27091455135,543.1923956501532,34437.46331020151,260.3623279760394,0.21245715041448598,112007822.55360875,0,False,0,0.9948423712956209,2,9.247576715531415e-05,1.4962168042058201e-05,3.3235438999981852
578,33893.282891604744,543.6684489447598,34436.9513405495,260.35853314844417,0.2124540538134398,112007822.55360875,0,False,0,0.9948512307195476,2,8.589723255615505e-05,1.4866648202087569e-05,3.3286114999937126
579,33892.30305682802,544.1422258341255,34436.44528266215,260.35476971558643,0.21245098283067915,112007822.55360875,0,False,0,0.9948600597464253,4,7.879153270503369e-05,1.4695200000377813e-05,3.3338558999967063
580,33891.33266233001,544.6144034526881,34435.9470657827,260.3510424881376,0.21244794139173948,112007822.55360875,0,False,0,0.9948688585324715,2,7.25463126600747e-05,1.4467720909134272e-05,3.3396865999966394
581,33890.37068423735,545.0856287241763,34435.45631296153,260.34734753493206,0.21244492628876716,112007822.55360875,0,False,0,0.9948776272328337,0,6.897036831796875e-05,1.425117828855569e-05,3.3449125999977696
582,33889.41578588503,545.5565293049107,34434.97231518994,260.3436797231115,0.2124419333333204,112007822.55360875,0,False,0,0.9948863660016005,1,6.530505744642685e-05,1.4055215856309847e-05,3.3506457999974373
583,33888.468835596505,546.0277509971636,34434.49658659367,260.3400423891665,0.21243896524799458,112007822.55360875,0,False,0,0.9948950749918092,0,6.458872659150651e-05,1.3815274538779448e-05,3.3566358999960357
584,33887.52758447013,546.4998920235804,34434.02747649371,260.3364268959307,0.21243601498481252,112007822.55360875,0,False,0,0.994903754355456,0,6.523100437206276e-05,1.362325999962274e-05,3.361675499996636
585,33886.590994580416,546.9735103304004,34433.56450491081,260.33282925739667,0.21243307929116934,112007822.55360875,0,False,0,0.9949124042435034,0,6.69155774510539e-05,1.3445176670538263e-05,3.3667324999987613
586,33885.65789872999,547.4491010906021,34433.106999820586,260.3292449907616,0.2124301545090723,112007822.55360875,0,False,0,0.994921024805891,0,6.91942010898672e-05,1.3286602674038978e-05,3.37204849999398
587,33884.72711157298,547.9270850221023,34432.65419659508,260.32566954325875,0.21242723692343762,112007822.55360875,0,False,0,0.9949296161915413,1,7.160801384091153e-05,1.31502285142681e-05,3.3771254999956
588,33883.79759859483,548.4077995028222,34432.20539809765,260.3220989412725,0.21242432329177222,112007822.55360875,0,False,0,0.9949381785483716,3,7.371165754114657e-05,1.3034095334927665e-05,3.3824387999993633
589,33882.869256989354,548.8914849160537,34431.76074190541,260.3185327900776,0.21242141329197808,112007822.55360875,0,False,0,0.9949467120232998,3,7.40737766790282e-05,1.2913962004371378e-05,3.3884038999967743
590,33881.94169405116,549.3781460776437,34431.3198401288,260.31496958127923,0.21241850569319634,112007822.55360875,0,False,0,0.994955216762254,1,7.352972874580557e-05,1.2805089461247568e-05,3.393877699993027
591,33881.01482824766,549.8677473036965,34430.88257555135,260.3114090017864,0.21241560023994296,112007822.55360875,0,False,0,0.9949636929101806,0,7.284637585618889e-05,1.2699617077693919e-05,3.3989494999987073
592,33880.08824566976,550.3601832879764,34430.44842895774,260.3078494616317,0.21241269563479548,112007822.55360875,0,False,0,0.9949721406110532,0,7.16706969120393e-05,1.2609220593263466e-05,3.404767999993055
593,33879.16231973754,550.8552913080515,34430.01761104559,260.30429239540996,0.21240979304839144,112007822.55360875,0,False,0,0.9949805600078796,1,7.020876026474718e-05,1.251270116448658e-05,3.4105943999966257
594,33878.237517315065,551.3528555685807,34429.59037288364,260.30073959677895,0.21240689394436588,112007822.55360875,0,False,0,0.9949889512427104,1,6.869341348526014e-05,1.2408885954440494e-05,3.416217499994673
595,33877.31437398608,551.8526175001749,34429.16699148626,260.2971931234991,0.21240400000186307,112007822.55360875,0,False,0,0.9949973144566472,0,6.735387736003069e-05,1.2297021044945957e-05,3.421690299997863
596,33876.39331951218,552.3542775439741,34428.74759705615,260.2936546268932,0.2124011125683719,112007822.55360875,0,False,0,0.9950056497898503,0,6.643542338458276e-05,1.218137023795828e-05,3.4270386999996845
597,33875.47468418176,552.8575304341654,34428.332214615926,260.29012537621077,0.2123982326796072,112007822.55360875,0,False,0,0.9950139573815467,1,6.604685526025858e-05,1.206498839531658e-05,3.4324347999936435
598,33874.55868087056,553.3620706815223,34427.92075155208,260.28660618967916,0.2123953610032472,112007822.55360875,0,False,0,0.9950222373700379,2,6.618950994189023e-05,1.1951292362299736e-05,3.437712199993257
599,33873.645709507524,553.8676031944425,34427.513312701965,260.2830986042218,0.2123924987934302,112007822.55360875,0,False,0,0.995030489892707,1,6.626953651780593e-05,1.18345471124406e-05,3.443024799998966
600,33872.73647882355,554.3738505385554,34427.110329362105,260.2796053432675,0.21238964827248977,112007822.55360875,0,False,0,0.9950387150860271,0,6.737311804059076e-05,1.1705270032130071e-05,3.448398799999268
601,33871.82985921758,554.8805553084196,34426.710414525995,260.2761220673828,0.21238680589942324,112007822.55360875,0,False,0,0.995046913085568,0,6.863272770885483e-05,1.1616276599600632e-05,3.453886599992984
602,33870.925644805,555.3875092060626,34426.31315401106,260.27264798593416,0.21238397102906922,112007822.55360875,0,False,0,0.9950550840260046,0,6.982134550339228e-05,1.1539310905649764e-05,3.4592717999985325
603,33870.02362557804,555.89455126244,34425.91817684048,260.26918229240295,0.21238114300330382,112007822.55360875,0,False,0,0.9950632280411236,0,7.074006323282305e-05,1.1473118507175813e-05,3.464996399998199
604,33869.123629113354,556.4015716412151,34425.52520075457,260.2657243246346,0.2123783212818052,112007822.55360875,0,False,0,0.9950713452638311,1,7.123898840288831e-05,1.1415122870257051e-05,3.470185299993318
605,33868.22575669469,556.9085131520895,34425.13426984678,260.26227447209743,0.21237550618238166,112007822.55360875,0,False,0,0.9950794358261598,1,7.050396739657048e-05,1.1355844406549502e-05,3.4752852999954484
606,33867.330117601865,557.415351478706,34424.74546908057,260.25883315500306,0.2123726980479283,112007822.55360875,0,False,0,0.9950874998592755,2,6.996952928841612e-05,1.1294095853402393e-05,3.480522199999541
607,33866.43708261423,557.922095506069,34424.3591781203,260.2554017983651,0.2123698980412644,112007822.55360875,0,False,0,0.9950955374934856,2,6.90691559578049e-05,1.1221316381713894e-05,3.4857825999933993
608,33865.54637962996,558.4287721582431,34423.9751517882,260.2519793570453,0.2123671053095512,112007822.55360875,0,False,0,0.9951035488582447,1,6.78776152661037e-05,1.1155656670592066e-05,3.49109419999877
609,33864.658807776985,558.9354581178467,34423.59426589483,260.2485689020287,0.21236432235873004,112007822.55360875,0,False,0,0.9951115340821629,1,6.587192543292949e-05,1.1064552878927598e-05,3.496581499995955
610,33863.77455224002,559.4422502463468,34423.21680248637,260.24517114536445,0.2123615497698371,112007822.55360875,0,False,0,0.9951194932930115,1,6.425785687497938e-05,1.0965252656258348e-05,3.501908399994136
611,33862.8936879297,559.9492637398238,34422.842951669525,260.2417863754001,0.21235878777816564,112007822.55360875,0,False,0,0.9951274266177301,2,6.170381146320254e-05,1.0860426525252574e-05,3.5071721999993315
612,33862.01923351844,560.4566221735503,34422.47585569199,260.23842619228407,0.21235604584950316,112007822.55360875,0,False,0,0.9951353341824339,1,5.943255694083288e-05,1.0664313172767863e-05,3.512677299993811
613,33861.14819486802,560.9643758788394,34422.11257074686,260.2350790914554,0.2123533145960621,112007822.55360875,0,False,0,0.9951432161124202,0,5.8443978046225825e-05,1.0553713412551716e-05,3.5179390999983298
614,33860.27970056804,561.472614328209,34421.75231489625,260.2317417248251,0.21235059128578262,112007822.55360875,0,False,0,0.9951510725321739,0,5.741026845829439e-05,1.0465826287377036e-05,3.52331299999787
615,33859.41377946917,561.9814433958815,34421.39522286505,260.2284142036345,0.21234787600943833,112007822.55360875,0,False,0,0.9951589035653763,0,5.6389214664388605e-05,1.0374022447519227e-05,3.528769199998351
616,33858.5504480026,562.4909694158945,34421.04141741849,260.2250965914033,0.21234516881886165,112007822.55360875,0,False,0,0.9951667093349094,0,5.542649828699556e-05,1.0278649202624581e-05,3.533901999995578
617,33857.68970891746,563.0012937431313,34420.69100266059,260.2217888990753,0.21234246972298276,112007822.55360875,0,False,0,0.9951744899628637,1,5.455105850861062e-05,1.0180248576768968e-05,3.539044599994668
618,33856.8319094497,563.5125075404562,34420.344416990156,260.2184924614302,0.21233977981098956,112007822.55360875,0,False,0,0.9951822455705438,1,5.355385311956788e-05,1.0069108444347357e-05,3.5447409999978845
619,33855.97681378419,564.0246765826237,34420.00149036681,260.2152063726645,0.21233709834374123,112007822.55360875,0,False,0,0.9951899762784754,0,5.2852951231908944e-05,9.962905053736252e-06,3.5497701999993296
620,33855.12430478393,564.5378497372718,34419.662154521204,260.21193018301034,0.21233442495422458,112007822.55360875,0,False,0,0.9951976822064108,1,5.204615672023555e-05,9.858681897608296e-06,3.5550802999932785
621,33854.27475089889,565.0520557613215,34419.32680666021,260.2086653088205,0.21233176079819163,112007822.55360875,0,False,0,0.9952053634733358,0,5.138780946433425e-05,9.742915531473398e-06,3.5604880999962916
622,33853.42786340733,565.5672832449764,34418.995146652305,260.2054106409293,0.2123291049705568,112007822.55360875,0,False,0,0.995213020197475,1,5.071326364360244e-05,9.635865621897634e-06,3.565757799995481
623,33852.58400207285,566.0835040159886,34418.66750608884,260.20216756235084,0.21232645859986748,112007822.55360875,0,False,0,0.9952206524962992,1,4.9845616423451855e-05,9.519178641673218e-06,3.5713718999977573
624,33851.74310687357,566.6006551998804,34418.34376207345,260.1989358428415,0.21232382149824364,112007822.55360875,0,False,0,0.9952282604865293,0,4.9044381948872886e-05,9.406058945557627e-06,3.5776084999961313
625,33850.90522799189,567.1186509685696,34418.02387896046,260.1957156756886,0.2123211938234088,112007822.55360875,0,False,0,0.995235844284145,0,4.8182366560013456e-05,9.293971702883454e-06,3.5828565999981947
626,33850.07054831297,567.6373845565242,34417.707932869496,260.1925077642051,0.21231857614927038,112007822.55360875,0,False,0,0.9952434040043884,0,4.727131123558459e-05,9.17966970089759e-06,3.58824569999706
627,33849.239274855994,568.1567286260217,34417.39600348202,260.1893129044927,0.21231596912545186,112007822.55360875,0,False,0,0.9952509397617704,1,4.633407464547254e-05,9.06304940716566e-06,3.593318499995803
628,33848.411584218076,568.6765377701691,34417.08812198824,260.1861317757658,0.21231337330619618,112007822.55360875,0,False,0,0.9952584516700772,1,4.519300206993609e-05,8.945519694316017e-06,3.598735099993064
629,33847.587853239274,569.1965384269121,34416.78439166619,260.18296582689374,0.21231078987378896,112007822.55360875,0,False,0,0.9952659398423759,0,4.4149544234078255e-05,8.824986035390312e-06,3.6044602999972994
630,33846.76840181669,569.7164896339851,34416.48489145067,260.17981628795377,0.21230821983198025,112007822.55360875,0,False,0,0.9952734043910191,0,4.3303300064949886e-05,8.702155672259033e-06,3.610636199999135
631,33845.95349215381,570.236164665168,34416.18965681898,260.176684167332,0.21230566400361894,112007822.55360875,0,False,0,0.9952808454276518,0,4.2680064252705076e-05,8.578291264411325e-06,3.6163573999947403
632,33845.14334382372,570.7553444807692,34415.89868830449,260.1735703096059,0.2123031230778851,112007822.55360875,0,False,0,0.9952882630632165,0,4.2278732314960135e-05,8.454408154578207e-06,3.6219341999967583
633,33844.338132482226,571.2738226380903,34415.611955120316,260.1704753905878,0.2123005976062454,112007822.55360875,0,False,0,0.9952956574079583,0,4.207294457465731e-05,8.33141644139537e-06,3.6273770999978296
634,33843.53799193228,571.7914096022967,34415.329401534575,260.1673999252492,0.21229808800891956,112007822.55360875,0,False,0,0.995303028571431,1,4.201718250229223e-05,8.210041015962014e-06,3.632698999994318
635,33842.74301725034,572.3079363425118,34415.05095359285,260.1643442797277,0.21229559458467795,112007822.55360875,0,False,0,0.9953103766625025,2,4.205605317918346e-05,8.090811465885223e-06,3.6389114999983576
636,33841.95327770219,572.8232566700651,34414.77653437226,260.1613087209633,0.21229311755134517,112007822.55360875,0,False,0,0.9953177017893594,1,4.2177893334786116e-05,7.973814159500786e-06,3.6441375999929733
637,33841.16885786231,573.3372174620594,34414.50607532437,260.1582935747477,0.21229065717476908,112007822.55360875,0,False,0,0.9953250040595131,0,4.2312491923028405e-05,7.858805871356436e-06,3.649606599996332
638,33840.38975451463,573.8497044661816,34414.23945898081,260.15529882942855,0.2122882134454413,112007822.55360875,0,False,0,0.9953322835798047,0,4.238606911481645e-05,7.74720819684025e-06,3.6555940999969607
639,33839.61597619242,574.3606367538304,34413.97661294625,260.15232451851136,0.21228578639070253,112007822.55360875,0,False,0,0.9953395404564105,0,4.236039702158329e-05,7.637711560410889e-06,3.660721000000194
640,33838.847519476956,574.8699629519379,34413.717482428896,260.1493706295557,0.21228337600040129,112007822.55360875,0,False,0,0.9953467747948471,0,4.2219891354340635e-05,7.529804540461996e-06,3.666083299998718
641,33838.08437066029,575.3776600939788,34413.46203075427,260.1464371105639,0.2122809822321072,112007822.55360875,0,False,0,0.995353986699976,0,4.196922851534254e-05,7.422960764250034e-06,3.6721822999970755
642,33837.32650522114,575.883731640085,34413.210236861225,260.14352386796463,0.21227860500946552,112007822.55360875,0,False,0,0.9953611762760091,0,4.163148523986121e-05,7.316726600242404e-06,3.677385699993465
643,33836.57388559946,576.388204749715,34412.962090349174,260.1406307580554,0.21227624421521418,112007822.55360875,0,False,0,0.9953683436265139,0,4.124398142101326e-05,7.210792319081045e-06,3.6829367999962415
644,33835.826458068295,576.8911269350042,34412.7175850033,260.13775757497524,0.21227389968136945,112007822.55360875,0,False,0,0.9953754888544187,0,4.0852473391307926e-05,7.105036329926443e-06,3.688885299998219
645,33835.08414962022,577.3925622388164,34412.47671185904,260.13490403873226,0.21227157117945636,112007822.55360875,0,False,0,0.9953826120620162,0,4.050433239434643e-05,6.999538576629232e-06,3.693925199993828
646,33834.346865677304,577.8925870917952,34412.2394527691,260.1320697863964,0.21226925841332192,112007822.55360875,0,False,0,0.9953897133509696,0,4.0242696366351103e-05,6.894565942639867e-06,3.699319100000139
647,33833.614489135405,578.391285907257,34412.005775042664,260.12925436842124,0.21226696101613363,112007822.55360875,0,False,0,0.9953967928223176,0,4.010107404390319e-05,6.790541102567306e-06,3.7049885999949765
648,33832.88688179407,578.8887465952791,34411.77562838935,260.12645725413654,0.21226467855486156,112007822.55360875,0,False,0,0.9954038505764784,0,4.009391225843754e-05,6.687975551954607e-06,3.7104016999946907
649,33832.16388838145,579.3850562540923,34411.54894463554,260.1236778472173,0.2122624105429011,112007822.55360875,0,False,0,0.9954108867132545,0,4.021486442359262e-05,6.587389045322174e-06,3.7158034999956726
650,33831.44534275976,579.8802972114981,34411.32563997126,260.1209155095367,0.21226015645953708,112007822.55360875,0,False,0,0.9954179013318379,0,4.044014825792933e-05,6.489236059639167e-06,3.721462599998631
651,33830.731075706775,580.3745435135986,34411.105619220376,260.11816959107944,0.21225791577435335,112007822.55360875,0,False,0,0.995424894530815,0,4.073342848895391e-05,6.393846990631204e-06,3.7270132999983616
652,33830.020923484015,580.867857968369,34410.888781452384,260.1154394628816,0.21225568797411173,112007822.55360875,0,False,0,0.9954318664081699,0,4.105208926528259e-05,6.3013891617218e-06,3.732244199993147
653,33829.31473628894,581.3602898271815,34410.67502611612,260.1127245495266,0.21225347258926894,112007822.55360875,0,False,0,0.9954388170612908,0,4.13536638810803e-05,6.211851650222653e-06,3.7377796999935526
654,33828.6123856993,581.85187316102,34410.46425886032,260.1100243577679,0.21225126921733303,112007822.55360875,0,False,0,0.9954457465869727,0,4.160134137325509e-05,6.1250543805085045e-06,3.743270199993276
655,33827.91377034514,582.3426259608291,34410.25639630597,260.1073384983405,0.21224907754066155,112007822.55360875,0,False,0,0.9954526550814233,0,4.176794258019462e-05,6.04067857904793e-06,3.7484339000002365
656,33827.21881926387,582.8325499642244,34410.051369228095,260.1046666988652,0.21224689733699148,112007822.55360875,0,False,0,0.9954595426402668,0,4.183805933224073e-05,5.958312995894889e-06,3.754371099996206
657,33826.52749270389,583.3216311508354,34409.84912385473,260.1020088069444,0.21224472848196554,112007822.55360875,0,False,0,0.9954664093585487,0,4.180887443810671e-05,5.8775086150272335e-06,3.7597454999995534
658,33825.83978038895,583.8098409227048,34409.649621311655,260.0993647834956,0.21224257094369214,112007822.55360875,0,False,0,0.9954732553307397,0,4.168922606429507e-05,5.797832543677631e-06,3.765025999993668
659,33825.15569746576,584.2971378941628,34409.45283535992,260.09673468717654,0.21224042477003632,112007822.55360875,0,False,0,0.9954800806507402,0,4.1497808535152505e-05,5.718917626230257e-06,3.770909399994707
660,33824.47527867499,584.7834701895049,34409.25874886449,260.0941186519795,0.21223829007033662,112007822.55360875,0,False,0,0.9954868854118847,1,4.1260199200514246e-05,5.6404993232248015e-06,3.7765494999985094
661,33823.79858513979,585.2687781406812,34409.06736328047,260.0915169133349,0.21223616703670553,112007822.55360875,0,False,0,0.9954936697069463,2,4.0981853243633374e-05,5.562037398761012e-06,3.78148539999529
662,33823.127800617156,585.752984950526,34408.88078556768,260.08893786786535,0.21223406252083526,112007822.55360875,0,False,0,0.9955004336281402,1,4.023444958168267e-05,5.422341466560387e-06,3.7868312999999034
663,33822.46366742171,586.2355619908203,34408.69922941253,260.0863843703538,0.212231978852245,112007822.55360875,0,False,0,0.9955071772671289,2,4.0609393723001396e-05,5.276433031340534e-06,3.792538699999568
664,33821.805447426086,586.7160325083503,34408.52147993444,260.0838535835167,0.2122299137156951,112007822.55360875,0,False,0,0.9955139007150252,1,4.2334604664064856e-05,5.16582963237696e-06,3.798017599998275
665,33821.15333516178,587.1940312458329,34408.347366407615,260.08134625598115,0.2122278677220696,112007822.55360875,0,False,0,0.9955206040623972,0,4.51290803767746e-05,5.0601862368735e-06,3.804068899997219
666,33820.50731399274,587.6692298933641,34408.176543886104,260.07886232446015,0.21222584081972595,112007822.55360875,0,False,0,0.9955272873992719,1,4.828683833424524e-05,4.964566292374546e-06,3.8093550999983563
667,33819.867117231304,588.1413952045988,34408.0085124359,260.0764007642035,0.2122238321724621,112007822.55360875,0,False,0,0.9955339508151392,1,5.0364362984411145e-05,4.883474426104089e-06,3.814453199993295
668,33819.232531474525,588.6103665953549,34407.84289806988,260.0739607552995,0.21222184111122536,112007822.55360875,0,False,0,0.9955405943989568,0,5.27260315290817e-05,4.813250553637765e-06,3.820407699997304
669,33818.60297170443,589.0760575265981,34407.679029231025,260.07154004890435,0.21221986580094643,112007822.55360875,0,False,0,0.9955472182391527,0,5.428848780357417e-05,4.76254321845029e-06,3.8258565999931307
670,33817.97813521089,589.5384661414668,34407.516601352356,260.06913748159695,0.21221790529226695,112007822.55360875,0,False,0,0.9955538224236301,0,5.4911321663800505e-05,4.720686871422347e-06,3.831107799996971
671,33817.35782847558,589.9976704372593,34407.35549891284,260.0667523097698,0.21221595897839896,112007822.55360875,0,False,0,0.9955604070397711,0,5.455174569268997e-05,4.682187365729519e-06,3.837017499994545
672,33816.74197065443,590.4538243315885,34407.19579498602,260.0643842230398,0.21221402660606803,112007822.55360875,0,False,0,0.9955669721744406,1,5.325148382425975e-05,4.6415635407184305e-06,3.8425269999934244
673,33816.1306598662,590.9071513953413,34407.037811261536,260.0620335991634,0.21221210848352565,112007822.55360875,0,False,0,0.9955735179139898,1,5.067671227888195e-05,4.5915896612905474e-06,3.8477086999992025
674,33815.52410851721,591.3579297041929,34406.8820382214,260.0597012553741,0.212210205277639,112007822.55360875,0,False,0,0.9955800443442603,1,4.8108394213381584e-05,4.527359808980321e-06,3.854788999997254
675,33814.924280604675,591.8064726516433,34406.73075325632,260.05739474433204,0.21220832315142205,112007822.55360875,0,False,0,0.9955865515505881,2,4.4562908571460897e-05,4.396939104058845e-06,3.8604315999982646
676,33814.33006180188,592.2531043421378,34406.58316614402,260.05510978176096,0.2122064586088808,112007822.55360875,0,False,0,0.9955930396178063,1,4.119855748350284e-05,4.289483745557939e-06,3.8659600999963004
677,33813.74151187537,592.6981620166206,34406.43967389199,260.05284659805346,0.2122046118380169,112007822.55360875,0,False,0,0.9955995086302503,0,3.9132838348974033e-05,4.170488285180711e-06,3.872155799996108
678,33813.15746448583,593.1419404179622,34406.29940490379,260.05060070873066,0.21220277917946995,112007822.55360875,0,False,0,0.9956059586717599,0,3.733035458569146e-05,4.076823685654609e-06,3.8773426999978255
679,33812.577703320996,593.5847888024148,34406.16249212341,260.0483712824251,0.2122009599548393,112007822.55360875,0,False,0,0.9956123898256845,0,3.602091724564503e-05,3.979293988175948e-06,3.8829002999991644
680,33812.00192720613,594.0270599971175,34406.02898720325,260.04615716140137,0.21219915321940633,112007822.55360875,0,False,0,0.9956188021748851,1,3.537619007434504e-05,3.880261862666251e-06,3.8887419999955455
681,33811.43576353858,594.4690981821644,34405.904861720745,260.0439799862269,0.21219737663199784,112007822.55360875,0,False,0,0.9956251958017389,1,3.450398053996836e-05,3.607666625909984e-06,3.8941971999956877
682,33810.87554835575,594.9107549174206,34405.78630327317,260.0418256679327,0.21219561869593456,112007822.55360875,0,False,0,0.9956315707881428,0,3.494056934898515e-05,3.4458750046449773e-06,3.8994523999936064
683,33810.3188186902,595.3519426239707,34405.67076131417,260.0396847355811,0.21219387168287707,112007822.55360875,0,False,0,0.9956379272155162,0,3.54974757561375e-05,3.3582130046694216e-06,3.904902799993579
684,33809.76543101801,595.792680228457,34405.558111246464,260.03755663756726,0.2121921351427127,112007822.55360875,0,False,0,0.9956442651648055,0,3.614466088824926e-05,3.274171530822433e-06,3.9103060999987065
685,33809.215223764375,596.2329954226052,34405.44821918698,260.0354407528496,0.21219040856866792,112007822.55360875,0,False,0,0.9956505847164865,0,3.6852120533937336e-05,3.1940205453441564e-06,3.915774599998258
686,33808.668019942976,596.672925303173,34405.34094524615,260.03333640109673,0.21218869140558846,112007822.55360875,0,False,0,0.9956568859505683,0,3.7592454321681576e-05,3.117934698896588e-06,3.921976999998151
687,33808.12362993554,597.1125166269084,34405.23614656244,260.0312428533754,0.21218698305866057,112007822.55360875,0,False,0,0.995663168946597,0,3.834258731417573e-05,3.0460004414508248e-06,3.927241799996409
688,33807.58185422756,597.5518256796539,34405.133679907216,260.02915934266895,0.21218528290199434,112007822.55360875,0,False,0,0.9956694337836582,0,3.908463210767495e-05,2.978228511184443e-06,3.932819699999527
689,33807.04248597399,597.9909177708754,34405.03340374486,260.02708507374376,0.21218359028667452,112007822.55360875,0,False,0,0.9956756805403812,0,3.980599807499895e-05,2.914569764095213e-06,3.93919889999961
690,33806.50531333464,598.4298663762787,34404.93517971092,260.0250192321294,0.21218190454808858,112007822.55360875,0,False,0,0.9956819092949419,0,4.0498908174854246e-05,2.854932090630109e-06,3.944504599996435
691,33805.97012158178,598.8687519615235,34404.8388735433,260.02296099222383,0.21218022501254052,112007822.55360875,0,False,0,0.995688120125066,0,4.115949817276155e-05,2.7991963104318566e-06,3.949739199997566
692,33805.43669503485,599.307660529016,34404.74435556387,260.0209095247336,0.2121785510033222,112007822.55360875,0,False,0,0.9956943131080321,0,4.1786669163933414e-05,2.747229242479824e-06,3.9559214999972028
693,33804.904818912786,599.746681937186,34404.65150084997,260.01886400379794,0.21217688184652642,112007822.55360875,0,False,0,0.9957004883206757,0,4.2380852989840176e-05,2.698892714846728e-06,3.961201899997832
694,33804.37428121002,600.1859080473066,34404.560189257325,260.01682361420393,0.2121752168769348,112007822.55360875,0,False,0,0.995706645839391,0,4.294283427740194e-05,2.6540478877634957e-06,3.966463400000066
695,33803.84487469638,600.6254307567266,34404.470305453106,260.01478755907857,0.21217355544429445,112007822.55360875,0,False,0,0.9957127857401356,1,4.3472750981335196e-05,2.6125549556506606e-06,3.9723430999947595
696,33803.316760985996,601.0653399564765,34404.38210094247,260.012756460086,0.21217189805588682,112007822.55360875,0,False,0,0.9957189080984321,1,4.363102247293386e-05,2.563751450045684e-06,3.977937599993311
697,33802.78951610506,601.5057080216733,34404.295224126734,260.0107286867412,0.21217024338122678,112007822.55360875,0,False,0,0.995725012989373,0,4.412607099789458e-05,2.5251671569925886e-06,3.9839402999932645
698,33802.262873711516,601.9466047343453,34404.20947844586,260.0087032147636,0.2121685905844956,112007822.55360875,0,False,0,0.995731100487622,0,4.4575872324352976e-05,2.4922958111748827e-06,3.9903655999951297
699,33801.736673871,602.3880946210046,34404.124768492,260.0066794290908,0.21216693916379878,112007822.55360875,0,False,0,0.995737170667418,0,4.497458074877404e-05,2.4621973631384346e-06,3.996048899993184
700,33801.21077381556,602.830233757026,34404.04100757259,260.00465678066445,0.21216528867110157,112007822.55360875,0,False,0,0.9957432236025777,0,4.53158485579593e-05,2.434618522540938e-06,4.0014827999984846
701,33800.685050292064,603.2730685578069,34403.95811884987,260.0026347954653,0.2121636387196016,112007822.55360875,0,False,0,0.9957492593664994,0,4.5593270779695346e-05,2.4092728729107317e-06,4.007927899998322
702,33800.159401657205,603.7166347797629,34403.87603643697,260.0006130825741,0.2121619889903064,112007822.55360875,0,False,0,0.9957552780321647,0,4.580088389226012e-05,2.3858421353895214e-06,4.013120399999025
703,33799.6337496006,604.1609567544647,34403.79470635507,259.9985913408017,0.21216033923744398,112007822.55360875,0,False,0,0.9957612796721423,0,4.593365892334619e-05,2.363980204234315e-06,4.018332299994654
704,33799.1080403895,604.606046871842,34403.714087261345,259.99656936348026,0.21215868929237225,112007822.55360875,0,False,0,0.9957672643585914,0,4.598793705921555e-05,2.3433198113757833e-06,4.024111199993058
705,33798.58224555115,605.0519053207631,34403.63415087191,259.99454704109144,0.21215703906572353,112007822.55360875,0,False,0,0.9957732321632631,0,4.596176754140166e-05,2.323481390126574e-06,4.029174499999499
706,33798.056361939474,605.4985200876856,34403.55488202716,259.9925243615265,0.21215538854761704,112007822.55360875,0,False,0,0.9957791831575041,1,4.5855121185212067e-05,2.3040834699883754e-06,4.034372299996903
707,33797.525436345764,605.9458607672825,34403.47129711305,259.9904822732777,0.2121537221919134,112007822.55360875,0,False,0,0.9957851174122604,1,4.4946114919865785e-05,2.4295429467754844e-06,4.039889399995445
708,33796.99899189175,606.3927875408025,34403.39177943255,259.9884574049077,0.21215206988772947,112007822.55360875,0,False,0,0.9957910349980785,0,4.915840349555757e-05,2.3113272439884574e-06,4.045195699996839
709,33796.490908175256,606.8370906886371,34403.32799886389,259.98650314266416,0.212150475198549,112007822.55360875,0,False,0,0.9957969359851093,0,5.913342104274493e-05,1.8539035067442863e-06,4.050498199998401
710,33795.99948130254,607.2775656961113,34403.27704699865,259.98461293431404,0.21214893277771232,112007822.55360875,0,False,0,0.9958028204431102,0,7.103917485827358e-05,1.481015593649834e-06,4.0563456999952905
711,33795.522288308304,607.7131480128372,34403.23543632114,259.98277746153997,0.2121474350214191,112007822.55360875,0,False,0,0.9958086884414489,0,8.263183832852788e-05,1.2094974979111239e-06,4.061534599997685
712,33795.05659826763,608.1429335277323,34403.19953179536,259.9809862211759,0.2121459733590257,112007822.55360875,0,False,0,0.9958145400491045,1,9.271738075421975e-05,1.043638056823038e-06,4.066743699993822
713,33794.60095359014,608.5661937402159,34403.16714733036,259.9792336075716,0.21214454321628945,112007822.55360875,0,False,0,0.9958203753346718,1,9.955740248272157e-05,9.413213144549321e-07,4.072600399995281
714,33794.15632547844,608.9823663829184,34403.13869186136,259.9775233572258,0.2121431476422147,112007822.55360875,0,False,0,0.9958261943663633,0,0.00010592743929638885,8.271177150277867e-07,4.077865899998869
715,33793.71666239668,609.3910212542971,34403.107683650975,259.975832193674,0.2121417676430732,112007822.55360875,0,False,0,0.9958319972120115,0,0.00010958920921240307,9.013192272994502e-07,4.083281999999599
716,33793.280950443484,609.7919537837479,34403.07290422723,259.9741562172805,0.21214040003673973,112007822.55360875,0,False,0,0.9958377839390721,0,0.0001105093162734769,1.0109384322410787e-06,4.088814299997466
717,33792.849044796814,610.185145461143,34403.03419025796,259.97249487127215,0.21213904436888437,112007822.55360875,0,False,0,0.9958435546146265,0,0.00010878737513877236,1.1253055614015137e-06,4.094206099995063
718,33792.421598881716,610.5707533856796,34402.99235226739,259.9708506693845,0.21213770269072965,112007822.55360875,0,False,0,0.9958493093053841,0,0.00010464752622108898,1.2161133909396816e-06,4.099628399999347
719,33791.99989077102,610.9490952361291,34402.94898600715,259.96922852818955,0.2121363790142265,112007822.55360875,0,False,0,0.9958550480776853,1,9.843922314911867e-05,1.2605374497795084e-06,4.104974799993215
720,33791.585805210125,611.3206302635876,34402.90643547371,259.96763569802346,0.21213507925569072,112007822.55360875,0,False,0,0.9958607709975038,1,9.034873876934874e-05,1.2368280827448708e-06,4.110299199994188
721,33791.181483937326,611.6859260431145,34402.86740998044,259.966080417955,0.21213381013824964,112007822.55360875,0,False,0,0.9958664781304494,1,8.204497502785228e-05,1.1343661717931226e-06,4.115781999993487
722,33790.7880367757,612.0456116781186,34402.83364845382,259.9645669577902,0.21213257514608938,112007822.55360875,0,False,0,0.9958721695417696,1,7.291843741393088e-05,9.813579262361734e-07,4.121718899994448
723,33790.4091962476,612.4003742697773,34402.80957051738,259.9631096761523,0.21213138599592873,112007822.55360875,0,False,0,0.9958778452963533,1,6.703279109737e-05,6.998823612247354e-07,4.128061199997319
724,33790.04042467897,612.7507215786903,34402.79114625766,259.9616911188222,0.21213022844502497,112007822.55360875,0,False,0,0.9958835054587327,1,6.270039242775034e-05,5.355452053771621e-07,4.134153199993307
725,33789.68072909065,613.097216390313,34402.777945480964,259.9603074667002,0.2121290993769709,112007822.55360875,0,False,0,0.9958891500930859,0,6.032997517179291e-05,3.8371237493599075e-07,4.139537199996994
726,33789.32898125439,613.4403041429107,34402.7692853973,259.958954380319,0.2121279952507363,112007822.55360875,0,False,0,0.9958947792632387,0,5.960653129921922e-05,2.517262902277603e-07,4.145691799996712
727,33788.98442032679,613.7805181498723,34402.76493847666,259.95762893335825,0.21212691367842706,112007822.55360875,0,False,0,0.995900393032668,0,6.0677125056280126e-05,1.2635380017418958e-07,4.15099360000022
728,33788.64593302232,614.1183688093671,34402.76430183169,259.956326843654,0.21212585116577284,112007822.55360875,0,False,0,0.9959059914645038,0,6.337768959355874e-05,1.8505633934692456e-08,4.156271599997126
729,33788.64393580593,614.1169405953119,34402.76087640124,259.95631916076184,0.21212584489648886,112007822.55360875,0,True,1,0.0,0,6.305220690004025e-05,9.956846543513888e-08,4.164865099999588
730,33788.64199144518,614.1154943581236,34402.757485803304,259.95631168119456,0.21212583879311914,112007822.55360875,0,False,1,0.28175352512532087,0,6.273794083183969e-05,9.855598358553374e-08,4.17023359999439
731,33788.639566927166,614.1136188272378,34402.7531857544,259.9563023545579,0.21212583118253023,112007822.55360875,0,False,1,0.434042782780302,0,6.2349525244952e-05,1.249914023315665e-07,4.1756595999977435
732,33788.636717285306,614.1113120097443,34402.74802929505,259.9562913925543,0.21212582223747253,112007822.55360875,0,False,1,0.5310638054044795,0,6.189781133241983e-05,1.4988507822181478e-07,4.181485099994461
733,33788.63349507701,614.1085674819383,34402.74206255895,259.95627899736144,0.21212581212292417,112007822.55360875,0,False,1,0.5987785940560388,1,6.139212376810048e-05,1.7343777576323566e-07,4.186792399996193
734,33788.62995197716,614.1053768754418,34402.7353288526,259.95626536776206,0.21212580100109305,112007822.55360875,0,False,1,0.6489233261224006,1,6.084274682733479e-05,1.9573167568175025e-07,4.1924126999947475
735,33788.62613856175,614.1017309600609,34402.727869521805,259.95625069831175,0.2121257890307376,112007822.55360875,0,False,1,0.6876458540105597,3,6.0257116712704716e-05,2.1682377064541006e-07,4.197659999997995
736,33788.62210387348,614.0976208498272,34402.719724723305,259.95623517766785,0.2121257763658033,112007822.55360875,0,False,1,0.718499853459134,1,5.964520449712028e-05,2.3674862442031232e-07,4.202694899999187
737,33788.61789419334,614.0930385529998,34402.71093274634,259.95621898386406,0.2121257631515667,112007822.55360875,0,False,1,0.7436910466053832,1,5.901280597954151e-05,2.555605206567315e-07,4.2079706999938935
738,33788.613552975134,614.0879777011561,34402.70153067629,259.95620228405835,0.2121257495244296,112007822.55360875,0,False,1,0.7646647176173088,1,5.8363540830861266e-05,2.732944525024119e-07,4.213322799994785
739,33788.60912083253,614.0824339563766,34402.69155478891,259.9561852344834,0.21212573561187884,112007822.55360875,0,False,1,0.782409243228014,3,5.769973723876242e-05,2.8997395379025944e-07,4.218305899994448
740,33788.6046360779,614.0764046290029,34402.681040706906,259.95616798251933,0.21212572153417736,112007822.55360875,0,False,1,0.7976243809601435,2,5.7034530699728686e-05,3.056180062167374e-07,4.223576199998206
741,33788.600130684106,614.0698891387301,34402.670019822835,259.95615065115925,0.2121257073916883,112007822.55360875,0,False,1,0.8108199838000861,0,5.6369198877666785e-05,3.2034956977809966e-07,4.22883699999511
742,33788.59563212319,614.0628902577787,34402.658522380974,259.9561333460828,0.21212569327064684,112007822.55360875,0,False,1,0.8223766390185732,0,5.57060375445554e-05,3.342020213696606e-07,4.234025300000212
743,33788.59116312772,614.0554140638789,34402.6465771916,259.95611615473763,0.21212567924241074,112007822.55360875,0,False,1,0.8325843815233085,0,5.5046947872203106e-05,3.472170433930534e-07,4.2392722999939
744,33788.58674153583,614.0474699933507,34402.63421152918,259.95609914574356,0.2121256653629742,112007822.55360875,0,False,1,0.8416682316299193,1,5.4391533285837095e-05,3.5943927721683887e-07,4.244462899994687
745,33788.58238097723,614.0390708954255,34402.62145187265,259.95608237153147,0.21212565167512107,112007822.55360875,0,False,1,0.8498055224352064,1,5.374277387995588e-05,3.708918465512798e-07,4.2496820999949705
746,33788.5780897405,614.0302329182392,34402.608322658736,259.95606586398594,0.2121256382048694,112007822.55360875,0,False,1,0.8571379479988086,0,5.310061144418087e-05,3.816341126953576e-07,4.255439799999294
747,33788.573871832166,614.0209755607567,34402.594847392924,259.95604963851935,0.21212562496479576,112007822.55360875,0,False,1,0.8637801230052086,0,5.246512297588088e-05,3.9169314390118885e-07,4.261072899993451
748,33788.569727088216,614.0113215069199,34402.58104859514,259.9560336945008,0.2121256119543853,112007822.55360875,0,False,1,0.8698257810419169,1,5.183656954273745e-05,4.0109758720487286e-07,4.266351399994164
749,33788.56566472336,614.0012964194729,34402.56696114284,259.95601806737756,0.2121255992025633,112007822.55360875,0,False,1,0.8753523399411488,1,5.1066211773162634e-05,4.0948823806722494e-07,4.271789699996589
750,33788.56171162527,613.9909278115598,34402.55263943683,259.9560028605813,0.21212558679373048,112007822.55360875,0,False,1,0.8804243161473297,1,5.040631057662061e-05,4.16297598564494e-07,4.27716629999486
751,33788.55783990583,613.9802435467078,34402.538083452535,259.9559879668319,0.2121255746403457,112007822.55360875,0,False,1,0.8850959137641199,2,4.9733797730236645e-05,4.231076817371e-07,4.282479599998624
752,33788.55403971821,613.9692732912699,34402.523313009486,259.95597334825067,0.21212556271149968,112007822.55360875,0,False,1,0.8894130125262103,1,4.9075745464361796e-05,4.2934166698316344e-07,4.288351699993655
753,33788.55030038293,613.9580485387883,34402.508348921714,259.95595896375573,0.21212555097366947,112007822.55360875,0,False,1,0.8934147117832398,0,4.843494290570572e-05,4.349706454817082e-07,4.293768899995484
754,33788.54660579525,613.9466017239815,34402.493207519234,259.95594475139535,0.21212553937630202,112007822.55360875,0,False,1,0.8971345422701921,0,4.7804516283422615e-05,4.401249562037149e-07,4.299101299999165
755,33788.54293898168,613.9349671444422,34402.47790612612,259.95593064587575,0.21212552786611727,112007822.55360875,0,False,1,0.9006014263404838,0,4.7186102978593824e-05,4.447757033151116e-07,4.30469159999484
756,33788.539280477125,613.9231800661131,34402.46246054324,259.9559165723186,0.21212551638201402,112007822.55360875,0,False,1,0.9038404456605403,0,4.6581389602519415e-05,4.4896716229737707e-07,4.309874200000195
757,33788.535608619306,613.9112763660099,34402.446884985315,259.9559024473932,0.21212550485599405,112007822.55360875,0,False,1,0.906873460036305,1,4.599205606948913e-05,4.5274543771960536e-07,4.314957599999616
758,33788.53190314047,613.8992921782582,34402.43119531873,259.95588819313355,0.21212549322443655,112007822.55360875,0,False,1,0.9097196100592845,1,4.5402377745057324e-05,4.560625190164271e-07,4.320868999995582
759,33788.5281420792,613.8872623241136,34402.41540440331,259.9558737250582,0.21212548141840423,112007822.55360875,0,False,1,0.9123957282937485,0,4.4845029832386705e-05,4.590057989021061e-07,4.326408299995819
760,33788.52429786566,613.8752202751244,34402.39951814079,259.9558589371113,0.21212546935135487,112007822.55360875,0,False,1,0.914916677883027,1,4.4306821205153526e-05,4.617775332960972e-07,4.3320468999954755
761,33788.52037101175,613.8631996771553,34402.38357068891,259.95584383126203,0.21212545702489538,112007822.55360875,0,False,1,0.917295633120554,1,4.37033448702665e-05,4.6355638280648004e-07,4.337476599997899
762,33788.51633310725,613.8512279645682,34402.36756107181,259.95582829822166,0.21212544434984548,112007822.55360875,0,False,1,0.9195443132877347,1,4.316458298843181e-05,4.653636008077051e-07,4.342788699999801
763,33788.51216795284,613.8393314179061,34402.35149937074,259.9558122756744,0.21212543127535521,112007822.55360875,0,False,1,0.9216731786097809,2,4.263758830493482e-05,4.6687778221046335e-07,4.347857599997951
764,33788.50785745265,613.827535378145,34402.33539283079,259.9557956940089,0.21212541774462118,112007822.55360875,0,False,1,0.9236915953126076,0,4.216317305114014e-05,4.6818136695899364e-07,4.353304499993101
765,33788.50336689656,613.8158634377329,34402.319230334295,259.95577841970186,0.21212540364868773,112007822.55360875,0,False,1,0.9256079753284939,0,4.171044460070276e-05,4.698081194818707e-07,4.358492100000149
766,33788.49867471587,613.8043389307417,34402.30301364661,259.9557603697824,0.2121253889198501,112007822.55360875,0,False,1,0.9274298950868183,0,4.1279425587436924e-05,4.7138355919860876e-07,4.363764699999592
767,33788.49375928365,613.7929841292637,34402.286743412915,259.9557414610558,0.21212537349022095,112007822.55360875,0,False,1,0.9291641969594342,0,4.086997259320876e-05,4.7294024734638877e-07,4.369004399995902
768,33788.48859907426,613.7818201935768,34402.270419267836,259.95572161071686,0.2121253572922307,112007822.55360875,0,False,1,0.9308170762496849,0,4.048179047339015e-05,4.7450755820033797e-07,4.374331999999413
769,33788.483172810345,613.7708671346963,34402.254039945044,259.95570073691533,0.21212534025908913,112007822.55360875,0,False,1,0.9323941560762216,0,4.01144480056153e-05,4.76111680757192e-07,4.379695599993283
770,33788.47745959627,613.7601437889876,34402.23760338526,259.9556787592696,0.21212532232520437,112007822.55360875,0,False,1,0.9339005520751649,0,3.976739432616577e-05,4.777756644101385e-07,4.384854399999313
771,33788.4714390374,613.7496678042819,34402.22110684168,259.95565559932487,0.21212530342655686,112007822.55360875,0,False,1,0.9353409285021578,0,3.943997562839293e-05,4.795194944447577e-07,4.3900928999937605
772,33788.46509134482,613.7394556367508,34402.20454698157,259.9556311809568,0.21212528350102872,112007822.55360875,0,False,1,0.936719547040866,0,3.9131451664509716e-05,4.813602022206175e-07,4.395531899994239
773,33788.45839742573,613.7295225576263,34402.18791998336,259.9556054307186,0.2121252624886869,112007822.55360875,0,False,1,0.9380403094021824,0,3.88410116528872e-05,4.833119979833399e-07,4.400962899999286
774,33788.45133895987,613.7198826687279,34402.1712216286,259.9555782781353,0.21212524033202346,112007822.55360875,0,False,1,0.9393067946178,0,3.8567789287647256e-05,4.8538641763586e-07,4.406401099993673
775,33788.44389846271,613.7105489256629,34402.15444738838,259.9555496559468,0.21212521697615377,112007822.55360875,0,False,1,0.9405222917844157,0,3.8310876616387035e-05,4.875924870643768e-07,4.412414399994304
776,33788.43605933627,613.7015331674963,34402.13759250377,259.95551950030324,0.21212519236897595,112007822.55360875,0,False,1,0.9416898288939467,0,3.80693366621459e-05,4.899368913292337e-07,4.4174230999997235
777,33788.42780590888,613.6928461516682,34402.12065206055,259.95548775091817,0.21212516646129592,112007822.55360875,0,False,1,0.9428121982856035,0,3.7842214704535205e-05,4.924241459712798e-07,4.422556699995766
778,33788.41912346476,613.684497592929,34402.103621057686,259.9554543511821,0.21212513920692005,112007822.55360875,0,False,1,0.9438919791733417,0,3.7628548229941905e-05,4.950567738176711e-07,4.427699299994856
779,33788.40999826516,613.6764962050969,34402.086494470255,259.955419248244,0.2121251105627216,112007822.55360875,0,False,1,0.9449315576338684,0,3.742737558526888e-05,4.97835470155837e-07,4.4329821999999695
780,33788.400417561934,613.6688497444975,34402.06926730643,259.9553823930635,0.21212508048868325,112007822.55360875,0,False,1,0.9459331443834135,0,3.723774340897697e-05,5.007592729838689e-07,4.438373999997566
781,33788.390369605135,613.6615650540307,34402.05193465917,259.9553437404399,0.21212504894792109,112007822.55360875,0,False,1,0.9468987906238281,0,3.705871294218918e-05,5.038257184565681e-07,4.4437051999993855
782,33788.37984364569,613.6546481069043,34402.034491752594,259.9553032490228,0.2121250159066929,112007822.55360875,0,False,1,0.9478304021985741,0,3.688936530810393e-05,5.070309935824662e-07,4.448900899995351
783,33788.36882993437,613.6481040491946,34402.01693398356,259.9552608813077,0.21212498133439478,112007822.55360875,0,False,1,0.9487297522654735,0,3.672880588267746e-05,5.103700781348893e-07,4.454092999993009
784,33788.35731971789,613.6419372405238,34401.999256958414,259.9552166036215,0.21212494520354933,112007822.55360875,0,False,1,0.9495984926646243,1,3.6576167839377274e-05,5.138368829679549e-07,4.459451199996693
785,33788.34532969781,613.6361512913779,34401.98148098919,259.9551704802111,0.21212490756658234,112007822.55360875,0,False,1,0.9504381641357491,2,3.637974243943204e-05,5.167132610671875e-07,4.464670899993507
786,33788.3328790254,613.6307411959136,34401.963620221315,259.9551225847469,0.2121248684836093,112007822.55360875,0,False,1,0.9512502055187321,1,3.579857457976544e-05,5.191784631725528e-07,4.469884499994805
787,33788.32023063197,613.6257000979825,34401.945930729955,259.95507392867705,0.2121248287799777,112007822.55360875,0,False,1,0.9520359620535963,0,3.565651877971083e-05,5.142000484477481e-07,4.475553599993873
788,33788.30712181058,613.6210084964827,34401.92813030707,259.95502350141487,0.21212478763104303,112007822.55360875,0,False,1,0.9527966928812224,0,3.552479504804568e-05,5.174248841393475e-07,4.480774499999825
789,33788.293557968136,613.6166560485232,34401.91021401666,259.9549713237588,0.21212474505377693,112007822.55360875,0,False,1,0.9535335778332711,0,3.540208521971931e-05,5.207932050136007e-07,4.486020799995458
790,33788.27954311727,613.6126338554449,34401.89217697272,259.9549174111437,0.2121247010607743,112007822.55360875,0,False,1,0.9542477235887569,0,3.528685959497554e-05,5.243035584053132e-07,4.491282899994985
791,33788.265079817334,613.6089346692272,34401.87401448656,259.95486177341377,0.2121246556600681,112007822.55360875,0,False,1,0.9549401692652046,0,3.5177477346686e-05,5.279502088004153e-07,4.496634999995877
792,33788.25016918706,613.6055530217232,34401.85572220878,259.95480441487155,0.21212460885516923,112007822.55360875,0,False,1,0.9556118915041254,0,3.507228842412312e-05,5.317232943316714e-07,4.501870099993539
793,33788.23481097613,613.6024852789776,34401.83729625511,259.9547453345529,0.21212456064529095,112007822.55360875,0,False,1,0.9562638091034213,0,3.496972642576785e-05,5.356092943896294e-07,4.507188699994003
794,33788.219003683764,613.5997296246402,34401.818733308406,259.9546845266835,0.2121245110257213,112007822.55360875,0,False,1,0.9568967872431737,0,3.486838433826921e-05,5.395917241734948e-07,4.5124644999959855
795,33788.20274471381,613.5972859780344,34401.80003069185,259.95462198127507,0.21212445998830992,112007822.55360875,0,False,1,0.9575116413458903,1,3.476706794018573e-05,5.436519709487531e-07,4.517625799999223
796,33788.18605802081,613.595155853028,34401.78121387384,259.9545577904754,0.21212440760824985,112007822.55360875,0,False,1,0.9581091406076137,1,3.458458675886736e-05,5.469719024425764e-07,4.522997899999609
797,33788.16895007664,613.5933401844246,34401.76229026106,259.95449197917947,0.21212435390585554,112007822.55360875,0,False,1,0.9586900112322029,0,3.44812267281768e-05,5.500765399179984e-07,4.528293199997279
798,33788.1513867751,613.5918397333651,34401.743226508464,259.9544244161853,0.21212429877406547,112007822.55360875,0,False,1,0.9592549393975224,0,3.437611212590653e-05,5.541504657475448e-07,4.533578499998839
799,33788.13336462085,613.5906576675807,34401.72402228843,259.9543550880456,0.21212424220190648,112007822.55360875,0,False,1,0.9598045739791348,0,3.4268762644907104e-05,5.582339217405353e-07,4.538858599997184
800,33788.114879828325,613.5897980693245,34401.70467789765,259.9542839801965,0.2121241841774945,112007822.55360875,0,False,1,0.9603395290543362,0,3.4158888777019945e-05,5.623087600165728e-07,4.544077599995944
801,33788.095928543655,613.5892656694082,34401.68519421306,259.95421107781135,0.2121241246887308,112007822.55360875,0,False,1,0.9608603862069443,0,3.40463550430137e-05,5.663581143340359e-07,4.549266099995293
802,33788.076507072656,613.5890655661442,34401.6655726388,259.9541363666778,0.212124063724018,112007822.55360875,0,False,1,0.9613676966511135,0,3.3931137564547804e-05,5.703666593923747e-07,4.554636999993818
803,33788.05661211103,613.5892029381749,34401.6458150492,259.9540598340831,0.21212400127298256,112007822.55360875,0,False,1,0.9618619831905493,0,3.381328110174252e-05,5.7432072737296e-07,4.559890599994105
804,33788.03624097338,613.5896827598143,34401.62592373319,259.95398146969546,0.21212393732719353,112007822.55360875,0,False,1,0.9623437420278342,0,3.3692860018562674e-05,5.782082671243435e-07,4.565089899995655
805,33788.015391816516,613.5905095269457,34401.605901343464,259.9539012664227,0.2121238718808637,112007822.55360875,0,False,1,0.9628134444370816,0,3.356994664321874e-05,5.820187037308284e-07,4.570831199998793
806,33787.994063852275,613.5916870007926,34401.58575085307,259.9538192212312,0.21212380493151767,112007822.55360875,0,False,1,0.9632715383118254,0,3.3444589231943254e-05,5.857427253244451e-07,4.576100199999928
807,33787.972257544396,613.593217975977,34401.56547552037,259.95373533590316,0.2121237364806097,112007822.55360875,0,False,1,0.9637184495988772,0,3.3316800449350104e-05,5.893720377481016e-07,4.581395599998359
808,33787.94997478401,613.5951040782874,34401.5450788623,259.9536496177117,0.21212366653407463,112007822.55360875,0,False,1,0.9641545836278388,1,3.318655601696518e-05,5.92899125139868e-07,4.587073499998951
809,33787.92724012732,613.5973455962711,34401.52458572359,259.9535621611188,0.21212359516899407,112007822.55360875,0,False,1,0.9645803263450347,1,3.287709247190998e-05,5.957040202184829e-07,4.592311899999913
810,33787.90417771842,613.5999381272266,34401.504115845644,259.95347344368537,0.2121235227750604,112007822.55360875,0,False,1,0.964996045459788,0,3.273813330902916e-05,5.95028220273155e-07,4.5972068999981275
811,33787.88068674778,613.6028570011252,34401.48354374891,259.95338307761176,0.21212344903582694,112007822.55360875,0,False,1,0.9654020915102275,0,3.259723262621468e-05,5.979999207548288e-07,4.602425999997649
812,33787.85678603615,613.60608762169,34401.46287365784,259.95329113529664,0.21212337401037135,112007822.55360875,0,False,1,0.9657987988551446,0,3.2454656442219726e-05,6.008488280727145e-07,4.608586099995591
813,33787.832494633665,613.6096152356015,34401.44210986927,259.95319769002134,0.21212329775849167,112007822.55360875,0,False,1,0.9661864865978228,0,3.2310641486121005e-05,6.035728377303537e-07,4.614406199994846
814,33787.807831563194,613.6134251579007,34401.42125672109,259.95310281496234,0.21212322033990028,112007822.55360875,0,False,1,0.966565459447225,0,3.216538724052852e-05,6.061707561585502e-07,4.619884799998545
815,33787.782815591854,613.6175029760898,34401.40031856795,259.9530065823123,0.21212314181350683,112007822.55360875,0,False,1,0.9669360085214439,0,3.201905398968191e-05,6.086420961966525e-07,4.6252843999973265
816,33787.757465033625,613.6218347295508,34401.379299763175,259.95290906252086,0.21212306223679864,112007822.55360875,0,False,1,0.9672984120978823,0,3.187176606821635e-05,6.109868952037115e-07,4.630670599995938
817,33787.731797584245,613.6264070617415,34401.358204645985,259.9528103236595,0.2121229816653224,112007822.55360875,0,False,1,0.9676529363142448,0,3.172361909431001e-05,6.132055638366775e-07,4.635865199998079
818,33787.705830188796,613.6312073434659,34401.33703753226,259.952710430912,0.2121229001522685,112007822.55360875,0,False,1,0.9679998358240649,0,3.1574689688140006e-05,6.152987796664067e-07,4.640965499995218
819,33787.67957894126,613.6362237663666,34401.31580270762,259.9526094461883,0.21212281774815575,112007822.55360875,0,False,1,0.9683393544101703,0,3.142504614417946e-05,6.172674224591547e-07,4.646324299996195
820,33787.653059014774,613.6414454065899,34401.29450442136,259.95250742785606,0.21212273450061248,112007822.55360875,0,False,1,0.9686717255592106,0,3.1274758583154435e-05,6.191125473167112e-07,4.651615999995556
821,33787.626284620856,613.6468622593591,34401.273146880216,259.9524044305836,0.2121226504542484,112007822.55360875,0,False,1,0.9689971730000947,0,3.1123907383575754e-05,6.208353916568136e-07,4.657549899995502
822,33787.59926899524,613.6524652458819,34401.25173424112,259.9523005052859,0.21212256565061044,112007822.55360875,0,False,1,0.9693159112089641,0,3.097258901324975e-05,6.224374022863363e-07,4.662988799995219
823,33787.57202440794,613.6582461946649,34401.23027060261,259.95219569916287,0.21212248012821394,112007822.55360875,0,False,1,0.969628145883101,0,3.08209187841502e-05,6.239202770682873e-07,4.668473499994434
824,33787.54456219497,613.6641977998314,34401.2087599948,259.9520900558215,0.21212239392264248,112007822.55360875,0,False,1,0.9699340743859814,0,3.066903045114492e-05,6.252860040509519e-07,4.673918099993898
825,33787.516892808904,613.6703135594931,34401.1872063684,259.95198361547045,0.21212230706670657,112007822.55360875,0,False,1,0.9702338861655042,0,3.051707294378496e-05,6.265368915025833e-07,4.679400499997428
826,33787.48902588551,613.6765876975567,34401.16561358306,259.9518764151762,0.21212221959065264,112007822.55360875,0,False,1,0.970527763147263,0,3.0365204823691538e-05,6.276755858905472e-07,4.68457149999449
827,33787.4609703235,613.6830150725743,34401.14398539607,259.9517684891699,0.21212213152241358,112007822.55360875,0,False,1,0.9708158801045849,0,3.0213587246855924e-05,6.28705062999636e-07,4.689803799999936
828,33787.4327343744,613.6895910773751,34401.122325451775,259.95165986919335,0.21212204288789074,112007822.55360875,0,False,1,0.9710984050069197,0,3.0062376325756647e-05,6.296286048796155e-07,4.695614399999613
829,33787.40432573963,613.6963115332201,34401.10063727285,259.951550584872,0.21212195371125878,112007822.55360875,0,False,1,0.9713754993480485,0,2.9911715772070916e-05,6.304497486627018e-07,4.700810499998624
830,33787.37575167148,613.7031725821478,34401.078924253634,259.9514406641036,0.21212186401528238,112007822.55360875,0,False,1,0.9716473184554572,0,2.9761730594088034e-05,6.311722245941209e-07,4.70604689999891
831,33787.34701907515,613.710170580994,34401.05718965614,259.9513301334507,0.21212177382163674,112007822.55360875,0,False,1,0.9719140117821313,0,2.9612522454940842e-05,6.317998788341155e-07,4.711209799999779
832,33787.318134608475,613.7173020003128,34401.035436608785,259.9512190185246,0.21212168315122085,112007822.55360875,0,False,1,0.9721757231819224,0,2.9464167074456196e-05,6.323365945675689e-07,4.716254499995557
833,33787.28910477678,613.7245633310914,34401.013668107866,259.95110734434957,0.21212159202445457,112007822.55360875,0,False,1,0.972432591169558,0,2.9316713797056942e-05,6.327862124787571e-07,4.721712499995192
834,33787.259936019655,613.7319510017608,34400.99188702142,259.95099513569727,0.21212150046155182,112007822.55360875,0,False,1,0.9726847491662854,0,2.9170187226678304e-05,6.331524605319183e-07,4.727031799993711
835,33787.23063478751,613.7394613075679,34400.97009609508,259.95088241738097,0.2121214084827603,112007822.55360875,0,False,1,0.9729323257320669,0,2.9024590615725616e-05,6.334388964417589e-07,4.732192599993141
836,33787.20120760551,613.7470903539029,34400.94829795941,259.9507692145015,0.2121213161085625,112007822.55360875,0,False,1,0.9731754447851788,0,2.8879910538410823e-05,6.33648865372009e-07,4.737451699998928
837,33787.17166112329,613.7548340146892,34400.92649513798,259.95065555263864,0.21212122335983158,112007822.55360875,0,False,1,0.9734142258100047,0,2.8736122289279208e-05,6.337854770922008e-07,4.742693899999722
838,33787.14200214923,613.7626879064544,34400.904690055686,259.95054145798287,0.2121211302579392,112007822.55360875,0,False,1,0.9736487840537572,0,2.8593195421723006e-05,6.338515998432063e-07,4.747861699994246
839,33787.11223766858,613.770647378215,34400.8828850468,259.950426957405,0.21212103682481204,112007822.55360875,0,False,1,0.9738792307128099,0,2.845109888442218e-05,6.338498677390477e-07,4.753088199999183
840,33787.08237484536,613.7787075168479,34400.86108236221,259.9503120784638,0.21212094308293825,112007822.55360875,0,False,1,0.9741056731092769,0,2.830980529412145e-05,6.337827044546165e-07,4.75860079999984
841,33787.052421008404,613.7868631671956,34400.8392841756,259.9501968493519,0.21212084905532316,112007822.55360875,0,False,1,0.9743282148584276,0,2.8169294027450114e-05,6.336523541046635e-07,4.763878799996746
842,33787.02238362271,613.7951089657648,34400.817492588474,259.95008129878596,0.2121207547653997,112007822.55360875,0,False,1,0.9745469560274896,0,2.8029552956682903e-05,6.334609148724896e-07,4.769343299994944
843,33786.99227024736,613.803439386541,34400.7957096339,259.94996545584445,0.21212066023689616,112007822.55360875,0,False,1,0.9747619932863513,0,2.789057881733713e-05,6.332103758113602e-07,4.774635399997351
844,33786.962088482105,613.811848797169,34400.77393727927,259.9498493497625,0.21212056549366845,112007822.55360875,0,False,1,0.9749734200506426,0,2.7752376328543263e-05,6.329026460318825e-07,4.779716599994572
845,33786.93184590453,613.8203315235276,34400.75217742806,259.9497330096899,0.2121204705595031,112007822.55360875,0,False,1,0.9751813266176402,0,2.7614956316700163e-05,6.325395832549894e-07,4.784909499998321
846,33786.9015500005,613.8288819205774,34400.730431921074,259.94961646442374,0.21212037545789858,112007822.55360875,0,False,1,0.9753858002954143,0,2.7478333155487993e-05,6.321230092516902e-07,4.790160899996408
847,33786.871208090175,613.8374944472704,34400.70870253744,259.94949974212363,0.21212028021183338,112007822.55360875,0,False,1,0.9755869255256047,0,2.7342521888498322e-05,6.316547166111438e-07,4.795312799993553
848,33786.84082725223,613.8461637432923,34400.68699099552,259.94938287002043,0.21212018484352796,112007822.55360875,0,False,1,0.9757847840001912,0,2.7207535393676366e-05,6.311364719131556e-07,4.800593999992998
849,33786.81041424871,613.8548847054418,34400.66529895415,259.9492658741267,0.2121200893742088,112007822.55360875,0,False,1,0.9759794547725988,0,2.7073381896691272e-05,6.305700051527847e-07,4.80589279999549
850,33786.779975452766,613.8636525615517,34400.64362801432,259.94914877895934,0.21211999382388175,112007822.55360875,0,False,1,0.9761710143634545,0,2.69400630925944e-05,6.299569976843577e-07,4.811063599998306
851,33786.74951678138,613.8724629400042,34400.621979721385,259.94903160728023,0.2121198982111207,112007822.55360875,0,False,1,0.9763595368612947,0,2.680757302416046e-05,6.292990667813229e-07,4.816362799996568
852,33786.71904363487,613.8813119330866,34400.600355567956,259.94891437986377,0.21211980255287766,112007822.55360875,0,False,1,0.9765450940185029,0,2.6675897788730794e-05,6.285977457543973e-07,4.821603799995501
853,33786.688560844515,613.8901961526693,34400.57875699719,259.94879711529546,0.21211970686431847,112007822.55360875,0,False,1,0.9767277553427384,0,2.6545016032666393e-05,6.278544718953717e-07,4.826842099995702
854,33786.65807262965,613.8991127769466,34400.5571854066,259.9486798298066,0.21211961115868802,112007822.55360875,0,False,1,0.9769075881841018,0,2.6414900125819314e-05,6.270705716712734e-07,4.832042899994121
855,33786.62758256486,613.9080595872757,34400.535642152136,259.94856253714835,0.21211951544720728,112007822.55360875,0,False,1,0.9770846578182681,0,2.6285517838283193e-05,6.262472537442206e-07,4.837213999999221
856,33786.59709355786,613.9170349944333,34400.51412855229,259.9484452485064,0.2121194197390039,112007822.55360875,0,False,1,0.9772590275258022,0,2.615683430857938e-05,6.253856064328962e-07,4.842361600000004
857,33786.56660783821,613.9260380539258,34400.49264589214,259.94832797245766,0.2121193240410766,112007822.55360875,0,False,1,0.9774307586678609,0,2.6028814089586967e-05,6.244866013077189e-07,4.847607299998344
858,33786.53612695677,613.935068470281,34400.47119542705,259.9482107149683,0.2121192283582939,112007822.55360875,0,False,1,0.9775999107584725,0,2.5901423046912566e-05,6.235511016507022e-07,4.852795399994648
859,33786.50565179555,613.9441265905352,34400.449778386086,259.9480934794312,0.21211913269342433,112007822.55360875,0,False,1,0.9777665415335723,0,2.577462996576491e-05,6.225798723959017e-07,4.857987299998058
860,33786.475182587325,613.9532133874067,34400.42839597473,259.947976266742,0.2121190370471988,112007822.55360875,0,False,1,0.9779307070169622,0,2.5648407722657058e-05,6.215735983187063e-07,4.863262599996233
861,33786.44471894435,613.9623304328762,34400.40704937723,259.94785907540904,0.21211894141840013,112007822.55360875,0,False,1,0.9780924615833548,0,2.5522733973742936e-05,6.205328973605288e-07,4.8685221999985515
862,33786.414259895144,613.9714798631238,34400.38573975827,259.9477419016951,0.21211884580397863,112007822.55360875,0,False,1,0.9782518580186513,0,2.5397591354255295e-05,6.194583375491915e-07,4.873691199994937
863,33786.38380392818,613.980664335937,34400.36446826412,259.94762473978557,0.2121187501991896,112007822.55360875,0,False,1,0.9784089475775907,0,2.5272967243719822e-05,6.183504543424002e-07,4.878946899996663
864,33786.35334904159,613.9898869818506,34400.34323602344,259.94750758197927,0.21211865459774884,112007822.55360875,0,False,1,0.9785637800389086,0,2.5148853192057278e-05,6.172097595109686e-07,4.884181399997033
865,33786.32289279724,613.999151350381,34400.322044147615,259.94739041889704,0.21211855899200288,112007822.55360875,0,False,1,0.9787164037581244,0,2.5025244129935043e-05,6.160367550982796e-07,4.889511699999275
866,33786.292432378104,614.0084613527745,34400.30089373088,259.9472732397018,0.21211846337310863,112007822.55360875,0,False,1,0.9788668657180801,0,2.4902137502266277e-05,6.148319399770121e-07,4.8948183999964385
867,33786.26196464757,614.0178212027067,34400.27978585028,259.94715603232737,0.21211836773121998,112007822.55360875,0,False,1,0.9790152115773374,0,2.477953245259793e-05,6.135958130217593e-07,4.900015499995789
868,33786.23148620916,614.0272353563602,34400.25872156552,259.94703878370746,0.2121182720556748,112007822.55360875,0,False,1,0.9791614857165423,0,2.4657429176045876e-05,6.123288790312726e-07,4.905275399993116
869,33786.20099346561,614.036708453234,34400.23770191884,259.9469214800037,0.21211817633518087,112007822.55360875,0,False,1,0.9793057312828535,0,2.453582851873233e-05,6.110316451328339e-07,4.910532799993234
870,33786.170482675734,614.0462452589718,34400.216727934705,259.9468041068239,0.21211808055799408,112007822.55360875,0,False,1,0.9794479902325275,0,2.4414731871489526e-05,6.097046281850776e-07,4.915746999999101
871,33786.13995000835,614.0558506113535,34400.1958006197,259.9466866494295,0.21211798471208773,112007822.55360875,0,False,1,0.9795883033717538,0,2.4294141358397692e-05,6.083483475867163e-07,4.921040299996093
872,33786.109391591715,614.0655293704713,34400.174920962185,259.94656909292615,0.21211788878530788,112007822.55360875,0,False,1,0.9797267103958175,0,2.4174060293129172e-05,6.069633335254081e-07,4.9265357999975095
873,33786.078803558055,614.0752863739295,34400.15408993199,259.9464514224345,0.21211779276551293,112007822.55360875,0,False,1,0.9798632499266725,0,2.405449383977085e-05,6.055501242281721e-07,4.931886699996539
874,33786.04818208214,614.0851263977482,34400.13330847988,259.946333623239,0.2121176966406949,112007822.55360875,0,False,1,0.9799979595489997,0,2.393544978970508e-05,6.041092737872643e-07,4.937088199993013
875,33786.01752341349,614.0950541234438,34400.11257753693,259.9462156809115,0.21211760039908037,112007822.55360875,0,False,1,0.9801308758448195,0,2.3816939351285253e-05,6.026413551213662e-07,4.942441699997289
876,33785.98682390186,614.1050741115889,34400.09189801345,259.9460975814096,0.2121175040292106,112007822.55360875,0,False,1,0.9802620344267278,0,2.3698977874537823e-05,6.011469709741528e-07,4.947655699994357
877,33785.95608001588,614.1151907819492,34400.07127079783,259.94597931114794,0.21211740751999988,112007822.55360875,0,False,1,0.9803914699698173,0,2.3581585400878356e-05,5.996267592021407e-07,4.952845099993283
878,33785.92528835489,614.1254084001199,34400.05069675501,259.9458608570442,0.21211731086077296,112007822.55360875,0,False,1,0.980519216242345,0,2.3464786983948973e-05,5.980814010236961e-07,4.958769799995935
879,33785.894445654136,614.1357310704185,34400.030176724555,259.9457422065387,0.21211721404128112,112007822.55360875,0,False,1,0.9806453061352034,0,2.334861273591396e-05,5.965116341328078e-07,4.9639800999939325
880,33785.86354878394,614.146162734623,34400.00971151856,259.94562334759144,0.21211711705169958,112007822.55360875,0,False,1,0.980769771690249,0,2.3233097580363646e-05,5.949182569294837e-07,4.969104599993443
881,33785.83259474332,614.1567071760239,34399.98930191934,259.9455042686575,0.21211701988260767,112007822.55360875,0,False,1,0.98089264412754,0,2.3118280727287727e-05,5.933021354997976e-07,4.974402099993313
882,33785.80158064867,614.1673680281277,34399.968948676804,259.94538495864344,0.21211692252495307,112007822.55360875,0,False,1,0.9810139538715308,0,2.300420490195493e-05,5.916642112304926e-07,4.979647099993599
883,33785.77050371832,614.1781487872764,34399.9486525056,259.94526540684797,0.21211682497000342,112007822.55360875,0,False,1,0.9811337305762713,0,2.2890922794275763e-05,5.900055094811667e-07,4.984986399998888
884,33785.73936126243,614.1890528182252,34399.928414080656,259.94514560292305,0.2121167272093147,112007822.55360875,0,False,1,0.9812520031496537,0,2.277850243394921e-05,5.883271846363335e-07,4.99085329999798
885,33785.70815066989,614.2000833650332,34399.90823403492,259.94502553682344,0.21211662923468996,112007822.55360875,0,False,1,0.9813687997767477,0,2.266698624783082e-05,5.866304572871372e-07,4.996196599997347
886,33785.676869390874,614.211243566661,34399.88811295754,259.94490519873966,0.21211653103812456,112007822.55360875,0,False,1,0.9814841479422676,0,2.255641518876039e-05,5.849166004833482e-07,5.001223599996592
887,33785.64551491773,614.2225364744213,34399.86805139215,259.9447845790245,0.21211643261174631,112007822.55360875,0,False,1,0.9815980744522028,0,2.244682956045692e-05,5.831869371953871e-07,5.00622669999575
888,33785.614084765046,614.2339650704403,34399.848049835484,259.9446636681163,0.21211633394775292,112007822.55360875,0,False,1,0.9817106054546547,0,2.2338268088037554e-05,5.814428310079754e-07,5.011436499997217
889,33785.58257644977,614.2455322863163,34399.82810873609,259.94454245646233,0.21211623503834925,112007822.55360875,0,False,1,0.9818217664599063,0,2.2230767092697643e-05,5.796856825245534e-07,5.016876799993042
890,33785.550987472176,614.2572410211957,34399.80822849337,259.9444209344458,0.21211613587568798,112007822.55360875,0,False,1,0.9819315823597653,0,2.2124359803541535e-05,5.779169202723822e-07,5.022321399999782
891,33785.51931529847,614.2690941585515,34399.788409457025,259.9442990923189,0.21211603645181476,112007822.55360875,0,False,1,0.9820400774462043,0,2.2019075836857634e-05,5.761379892809808e-07,5.027525299999979
892,33785.487557345645,614.2810945810292,34399.76865192667,259.94417692014434,0.21211593675862078,112007822.55360875,0,False,1,0.9821472754293311,0,2.1914940841256252e-05,5.743503453713306e-07,5.03254829999787
893,33785.45571096911,614.293245182814,34399.748956151925,259.94405440774796,0.21211583678780385,112007822.55360875,0,False,1,0.9822531994547181,0,2.1811976304130325e-05,5.72555442042142e-07,5.03775169999426
894,33785.423773453665,614.3055488790835,34399.72932233275,259.94393154468395,0.21211573653084012,112007822.55360875,0,False,1,0.9823578721201132,0,2.171019949537783e-05,5.70754722643867e-07,5.043030899993028
895,33785.39174200786,614.318008612221,34399.70975062008,259.9438083202131,0.21211563597896638,112007822.55360875,0,False,1,0.9824613154915618,0,2.1609623516072472e-05,5.689496125526788e-07,5.048471599999175
896,33785.35961376223,614.330627354576,34399.690241116805,259.9436847232963,0.21211553512317458,112007822.55360875,0,False,1,0.9825635511189639,0,2.1510257421956258e-05,5.671415083832516e-07,5.053926399996271
897,33785.327385771176,614.3434081076914,34399.67079387887,259.9435607426011,0.2121154339542174,112007822.55360875,0,False,1,0.9826646000510836,0,2.141210638638909e-05,5.653317748159391e-07,5.059502899996005
898,33785.29505501868,614.3563538980115,34399.65140891669,259.94343636652445,0.21211533246262668,112007822.55360875,0,False,1,0.9827644828500429,0,2.1315171871966127e-05,5.635217352900823e-07,5.065183899998374
899,33785.26261842761,614.3694677692106,34399.63208619682,259.94331158322814,0.2121152306387424,112007822.55360875,0,False,1,0.9828632196053112,0,2.1219451793846002e-05,5.617126650239192e-07,5.070457199995872
900,33785.230072872204,614.3827527713761,34399.61282564358,259.94318638068665,0.21211512847275166,112007822.55360875,0,False,1,0.9829608299472161,0,2.112494066649131e-05,5.599057918604375e-07,5.075452799996128
901,33785.197415193725,614.3962119473695,34399.5936271411,259.94306074674785,0.21211502595473825,112007822.55360875,0,False,1,0.9830573330599938,0,2.1031629723703456e-05,5.581022837879265e-07,5.080603199996403
902,33785.16464221848,614.4098483167656,34399.57449053525,259.94293466920186,0.21211492307473884,112007822.55360875,0,False,1,0.9831527476943955,0,2.093950703011629e-05,5.563032533815146e-07,5.085782699999982
903,33785.13175077809,614.4236648578326,34399.55541563592,259.94280813585937,0.21211481982280683,112007822.55360875,0,False,1,0.9832470921798697,0,2.08485575891899e-05,5.545097463812504e-07,5.091129999993427
904,33785.0987377312,614.4376644880605,34399.53640221926,259.94268113463477,0.2121147161890804,112007822.55360875,0,False,1,0.9833403844363346,0,2.0758763477838537e-05,5.527227440184951e-07,5.0964615999982925
905,33785.06559998624,614.451850043775,34399.51745003002,259.9425536536342,0.212114612163854,112007822.55360875,0,False,1,0.9834326419855582,0,2.0670104016202356e-05,5.509431585739025e-07,5.101709399998072
906,33785.03233452464,614.4662242593882,34399.498558784035,259.94242568124446,0.21211450773765123,112007822.55360875,0,False,1,0.9835238819621621,0,2.058255599954548e-05,5.491718310505183e-07,5.106905699998606
907,33784.99893842388,614.4807897468287,34399.47972817071,259.94229720622184,0.21211440290129713,112007822.55360875,0,False,1,0.9836141211242594,0,2.0496094000053098e-05,5.474095296929274e-07,5.112340399995446
908,33784.96540887986,614.4955489756819,34399.46095785555,259.94216821777826,0.2121142976459886,112007822.55360875,0,False,1,0.9837033758637466,0,2.0410690749034132e-05,5.456569491409388e-07,5.117570599999453
909,33784.93174322808,614.5105042545345,34399.44224748261,259.9420387056625,0.21211419196336062,112007822.55360875,0,False,1,0.9837916622162577,0,2.0326317598819627e-05,5.439147129674901e-07,5.122816799994325
910,33784.897938963135,614.5256577139672,34399.4235966771,259.9419086602356,0.2121140858455476,112007822.55360875,0,False,1,0.9838789958707959,0,2.0242945048451635e-05,5.421833696596355e-07,5.12830259999464
911,33784.863993756066,614.5410112915961,34399.405005047665,259.9417780725371,0.21211397928523792,112007822.55360875,0,False,1,0.9839653921790542,0,2.016054332900677e-05,5.404634000212739e-07,5.133583199996792
912,33784.82990546922,614.5565667194754,34399.38647218869,259.9416469343426,0.21211387227572034,112007822.55360875,0,False,1,0.9840508661644373,0,2.0079083013948958e-05,5.387552188650301e-07,5.138747399993008
913,33784.7956721684,614.572325514133,34399.36799768254,259.94151523821046,0.21211376481092245,112007822.55360875,0,False,1,0.9841354325307938,0,1.999853563777037e-05,5.370591760695997e-07,5.144401699995797
914,33784.76129213197,614.5882889694009,34399.34958110137,259.9413829775166,0.21211365688543896,112007822.55360875,0,False,1,0.9842191056708731,0,1.991887429315169e-05,5.35375567578275e-07,5.149540099999285
915,33784.72676385686,614.6044581521504,34399.33122200901,259.9412501464777,0.21211354849455066,112007822.55360875,0,False,1,0.9843018996745135,0,1.9840074173471354e-05,5.337046364563352e-07,5.154836299996532
916,33784.69208606145,614.6208339009511,34399.3129199624,259.9411167401627,0.21211343963423376,112007822.55360875,0,False,1,0.9843838283365739,1,1.9762113053350798e-05,5.320465821975101e-07,5.160264599995571
917,33784.65749972409,614.6374167803194,34399.29491650441,259.9409836856208,0.2121133310609657,112007822.55360875,0,False,1,0.9844649051646158,1,1.951098367123547e-05,5.233667902531581e-07,5.165435899994918
918,33784.62289367744,614.6541520263553,34399.2770457038,259.9408505551886,0.21211322242577077,112007822.55360875,0,False,1,0.9845451433863492,0,1.9444600374256822e-05,5.195106660379553e-07,5.170644199999515
919,33784.588241528225,614.671001309939,34399.25924283816,259.94071724733016,0.21211311364579497,112007822.55360875,0,False,1,0.9846245559568461,0,1.9394010548058023e-05,5.17536040472494e-07,5.1764718999984325
920,33784.55356704824,614.6879374787638,34399.241504527,259.9405838534962,0.21211300479566267,112007822.55360875,0,False,1,0.9847031555655302,0,1.9354817593712657e-05,5.156596842213295e-07,5.181560699995316
921,33784.51888931043,614.7049376568891,34399.22382696732,259.94045044706075,0.2121128959352475,112007822.55360875,0,False,1,0.9847809546429579,0,1.9321898461191882e-05,5.138938799666439e-07,5.186653699995077
922,33784.48422259309,614.7219837048316,34399.206206297924,259.9403170829531,0.212112787109372,112007822.55360875,0,False,1,0.9848579653673867,0,1.9290034073247218e-05,5.122403192213159e-07,5.191978099996049
923,33784.449576412,614.7390625244233,34399.18863893642,259.94018379778066,0.21211267834790815,112007822.55360875,0,False,1,0.9849341996711478,0,1.925448807084622e-05,5.106908978051378e-07,5.197261899993464
924,33784.41495564837,614.7561662067191,34399.171121855084,259.940050610322,0.21211256966617925,112007822.55360875,0,False,1,0.9850096692468265,0,1.9211474095521403e-05,5.092294914865514e-07,5.202519099999336
925,33784.38036074536,614.773292025706,34399.15365277106,259.9399175222819,0.21211246106557652,112007822.55360875,0,False,1,0.9850843855532553,0,1.9158474269110775e-05,5.07834446341858e-07,5.207779999997001
926,33784.34578795329,614.7904422847316,34399.13623023802,259.9397845192355,0.2121123525343291,112007822.55360875,0,False,1,0.9851583598213295,0,1.9094393179900866e-05,5.064814447751855e-07,5.212958499992965
927,33784.31122961158,614.8076240263849,34399.11885363796,259.93965157171226,0.2121122440483889,112007822.55360875,0,False,1,0.9852316030596494,0,1.901954989578609e-05,5.05146406660331e-07,5.218123299993749
928,33784.27667446302,614.8248486199201,34399.10152308294,259.9395186364052,0.21211213557241718,112007822.55360875,0,False,1,0.9853041260599963,0,1.8935524643370205e-05,5.038081089653477e-07,5.223934899993765
929,33784.24210800225,614.8421312431159,34399.08423924536,259.9393856575115,0.2121120270608785,112007822.55360875,0,False,1,0.9853759394026456,0,1.8844887338616367e-05,5.024502622134544e-07,5.229038699995726
930,33784.20751286424,614.8594902776977,34399.067003141936,259.93925256822695,0.21211191845926028,112007822.55360875,0,False,1,0.9854470534615268,0,1.8750842940051756e-05,5.010628570093553e-07,5.2341143999947235
931,33784.172869259826,614.8769466390386,34399.04981589886,259.93911929242137,0.2121118097054398,112007822.55360875,0,False,1,0.9855174784092318,0,1.8656833929275568e-05,4.996427104046186e-07,5.239797899994301
932,33784.13815546416,614.8945230618133,34399.032678525975,259.9389857465177,0.21211170073121774,112007822.55360875,0,False,1,0.9855872242218772,0,1.8566142976047273e-05,4.98193205330343e-07,5.244786999995995
933,33784.10334836012,614.9122433635813,34399.0155917237,259.9388518415826,0.21211159146402403,112007822.55360875,0,False,1,0.9856563006838277,0,1.848153808268498e-05,4.967233362551104e-07,5.2497318999958225
934,33784.06842403377,614.9301317079604,34398.99855574173,259.93871748561725,0.21211148182878697,112007822.55360875,0,False,1,0.985724717392284,0,1.840499744504771e-05,4.95246206165754e-07,5.255059299997811
935,33784.03335841208,614.9482118881432,34398.981570300224,259.93858258601045,0.2121113717499354,112007822.55360875,0,False,1,0.9857924837617377,0,1.83375415758056e-05,4.937772092291388e-07,5.260393899996416
936,33783.998127927225,614.9665066500578,34398.964634577285,259.9384470520943,0.2121112611534838,112007822.55360875,0,False,1,0.9858596090283016,0,1.8279186538264502e-05,4.923321030358388e-07,5.265715999994427
937,33783.96271018577,614.9850370725568,34398.947747258324,259.93831079771894,0.21211114996913333,112007822.55360875,0,False,1,0.9859261022539157,0,1.822901644230873e-05,4.90925210708396e-07,5.271137299998372
938,33783.92708461715,615.0038220196798,34398.93090663683,259.9381737437468,0.21211103813230733,112007822.55360875,0,False,1,0.9859919723304367,0,1.8185358183884895e-05,4.895679256840374e-07,5.27631719999772
939,33783.89123307362,615.022877677396,34398.914110751015,259.93803582036094,0.21211092558603473,112007822.55360875,0,False,1,0.98605722798361,0,1.81460295275154e-05,4.88267669138645e-07,5.281457399993087
940,33783.85514035402,615.0422171843455,34398.897357538364,259.93789696908,0.21211081228259446,112007822.55360875,0,False,1,0.9861218777769333,0,1.8108624886994563e-05,4.87027369431401e-07,5.286731000000145
941,33783.81879462548,615.0618503630687,34398.880644988545,259.93775714438056,0.2121106981848391,112007822.55360875,0,False,1,0.9861859301154119,0,1.8070800665847162e-05,4.858455096829166e-07,5.292092899995623
942,33783.7821877417,615.081783526422,34398.863971268125,259.9376163149216,0.21211058326719426,112007822.55360875,0,False,1,0.9862493932492103,0,1.8030714195063846e-05,4.847169473917139e-07,5.298349699995015
943,33783.74531545636,615.1020193702967,34398.847334826656,259.9374744643656,0.21211046751632834,112007822.55360875,0,False,1,0.9863122752772026,0,1.79867702122701e-05,4.836334561197596e-07,5.303965699997207
944,33783.708177472115,615.1225570001272,34398.83073447224,259.93733159156693,0.21211035093130653,112007822.55360875,0,False,1,0.9863745841504266,0,1.7937950746842126e-05,4.825846125879586e-07,5.309349699993618
945,33783.67077733645,615.143392062253,34398.8141693987,259.93718771017143,0.21211023352326397,112007822.55360875,0,False,1,0.9864363276754428,0,1.788398659689136e-05,4.815592038964457e-07,5.314878799996222
946,33783.63312219356,615.164516971805,34398.797639165365,259.9370428476617,0.2121101153146266,112007822.55360875,0,False,1,0.9864975135176035,0,1.782533027617285e-05,4.805466040795883e-07,5.320303099993907
947,33783.59522240902,615.1859212263142,34398.78114363534,259.9368970439134,0.21210999633793312,112007822.55360875,0,False,1,0.9865581492042313,0,1.7763050529900413e-05,4.795379827205032e-07,5.32570080000005
948,33783.55709109061,615.2075917922126,34398.76468288282,259.93675034935177,0.2121098766343309,112007822.55360875,0,False,1,0.9866182421277148,0,1.769866587925795e-05,4.785272026383098e-07,5.331315599993104
949,33783.51874353275,615.2295135498032,34398.74825708256,259.9366028228143,0.2121097562518316,112007822.55360875,0,False,1,0.9866777995485188,0,1.7633939606524953e-05,4.775113412878438e-07,5.336691999997129
950,33783.48019661416,615.2516697811876,34398.73186639535,259.9364545292336,0.21210963524342064,112007822.55360875,0,False,1,0.9867368285981162,1,1.7570661251749926e-05,4.764908039311362e-07,5.341994999995222
951,33783.44159837238,615.2740426521747,34398.71564102456,259.93630603812306,0.21210951407382422,112007822.55360875,0,False,1,0.9867953362818408,1,1.7411415110796722e-05,4.716851438736156e-07,5.348078999995778
952,33783.40291008479,615.2965635162162,34398.69947360101,259.9361572005126,0.21210939262148185,112007822.55360875,0,False,1,0.9868533294816652,0,1.735495636979037e-05,4.7000079067924563e-07,5.353322499999194
953,33783.364165316336,615.3191888655931,34398.68335418193,259.9360081455293,0.21210927099176202,112007822.55360875,0,False,1,0.9869108149589054,0,1.7327618306101314e-05,4.6860548006668137e-07,5.358558799998718
954,33783.32539876355,615.3418804248855,34398.667279188434,259.93585900665397,0.21210914929358582,112007822.55360875,0,False,1,0.9869677993568551,0,1.7324410309903555e-05,4.673142087830986e-07,5.363843899998756
955,33783.28663952817,615.3646044166281,34398.6512439448,259.9357098958439,0.21210902761831102,112007822.55360875,0,False,1,0.9870242892033497,0,1.7338111714021892e-05,4.6615886324464296e-07,5.3696579999959795
956,33783.247910851744,615.3873323296746,34398.635243181416,259.93556090251195,0.21210890603889904,112007822.55360875,0,False,1,0.9870802909132663,0,1.7360321164545835e-05,4.651567082880092e-07,5.374836399998458
957,33783.20923005678,615.4100415057937,34398.61927156257,259.93541209329976,0.21210878460972984,112007822.55360875,0,False,1,0.9871358107909564,0,1.738253711716015e-05,4.643096660617355e-07,5.379951599999913
958,33783.170608643035,615.4327155352643,34398.6033241783,259.93526351244856,0.2121086633669045,112007822.55360875,0,False,1,0.9871908550326172,0,1.7397126283564087e-05,4.6360536004066675e-07,5.3852615999931
959,33783.13205249081,615.455344458031,34398.58739694884,259.93511518258094,0.21210854232888324,112007822.55360875,0,False,1,0.9872454297286025,0,1.7398081569247496e-05,4.630196555409167e-07,5.391725099994801
960,33783.093562131195,615.4779247726675,34398.571486903864,259.9349671057405,0.21210842149733358,112007822.55360875,0,False,1,0.9872995408656738,0,1.73815183412182e-05,4.6252030035397556e-07,5.3972175999952015
961,33783.05513305488,615.5004592607526,34398.55559231563,259.9348192645798,0.21210830085809992,112007822.55360875,0,False,1,0.987353194329194,0,1.7345896687448527e-05,4.620711718181451e-07,5.402365399997507
962,33783.01675604409,615.5229566392151,34398.539712683305,259.93467162363737,0.21210818038224555,112007822.55360875,0,False,1,0.9874063959052665,0,1.7291984326277856e-05,4.6163660216583037e-07,5.407687299993995
963,33782.97841752463,615.5454310575747,34398.523848582205,259.9345241306919,0.2121080600271575,112007822.55360875,0,False,1,0.9874591512828198,0,1.7222591806496653e-05,4.611853070744223e-07,5.412752299998829
964,33782.94009994501,615.5679014607297,34398.50800140574,259.93437671822096,0.21210793973773717,112007822.55360875,0,False,1,0.9875114660556398,0,1.714212271703503e-05,4.60693503475689e-07,5.418187600000238
965,33782.90178219673,615.5903908409232,34398.49217303765,259.9342293050176,0.21210781944771917,112007822.55360875,0,False,1,0.9875633457243508,0,1.7055990537455927e-05,4.6014693678028236e-07,5.424049999994168
966,33782.86344009187,615.6129254047037,34398.47636549657,259.93408179802765,0.21210769908117078,112007822.55360875,0,False,1,0.9876147956983485,0,1.6969962152039684e-05,4.595416857365669e-07,5.429799899997306
967,33782.82504691276,615.635533682067,34398.46058059482,259.9339340944647,0.2121075785542177,112007822.55360875,0,False,1,0.987665821297684,0,1.6889495456656104e-05,4.588837476689944e-07,5.435268799999903
968,33782.78657404288,615.6582456054986,34398.44481964838,259.9337860842368,0.21210745777702422,112007822.55360875,0,False,1,0.9877164277549009,0,1.6819142090649986e-05,4.581875519438893e-07,5.440777799994976
969,33782.74799167995,615.6810915863656,34398.42908326632,259.9336376526899,0.2121073366560321,112007822.55360875,0,False,1,0.987766620216829,0,1.6762082414381377e-05,4.574736487140077e-07,5.446249900000112
970,33782.70926962161,615.7041016150667,34398.41337123668,259.9334886836308,0.21210721509642688,112007822.55360875,0,False,1,0.9878164037463318,0,1.671984572950611e-05,4.567659062944685e-07,5.451543099996343
971,33782.67037810452,615.7273044096004,34398.39768251412,259.93333906255475,0.21210709300477212,112007822.55360875,0,False,1,0.9878657833240136,0,1.6692244315784494e-05,4.56088552427748e-07,5.457304399998975
972,33782.63128866745,615.7507266348317,34398.38201530228,259.9331886799662,0.2121069702917188,112007822.55360875,0,False,1,0.9879147638498831,0,1.6677519044414264e-05,4.554634196562214e-07,5.462506500000018
973,33782.591975002615,615.7743922118335,34398.36636721445,259.933037434654,0.21210684687467807,112007822.55360875,0,False,1,0.9879633501449782,0,1.667266367323561e-05,4.549076706255997e-07,5.4678588999959175
974,33782.552413754966,615.7983217333192,34398.35073548828,259.9328852367663,0.21210672268033023,112007822.55360875,0,False,1,0.9880115469529512,0,1.6673871476382602e-05,4.544322249944926e-07,5.473239499995543
975,33782.51258522884,615.8225319975353,34398.33511722637,259.9327320105294,0.21210659764684356,112007822.55360875,0,False,1,0.9880593589416159,0,1.6677036298449028e-05,4.5404101000003326e-07,5.47846419999405
976,33782.47247396469,615.8470356691054,34398.319509633795,259.93257769646607,0.21210647172568434,112007822.55360875,0,False,1,0.9881067907044573,0,1.6678241188067218e-05,4.537310461046746e-07,5.483939899997495
977,33782.43206915518,615.8718410713722,34398.30391022655,259.93242225299707,0.2121063448829236,112007822.55360875,0,False,1,0.9881538467621062,0,1.6674178740462518e-05,4.5349329475251683e-07,5.489322599998559
978,33782.391364878786,615.8969521108609,34398.288316989645,259.9322656573392,0.21210621709997013,112007822.55360875,0,False,1,0.9882005315637787,1,1.6662463837264896e-05,4.533141210194056e-07,5.494576599994616
979,33782.35035958598,615.9223683296156,34398.272727915595,259.93210790352924,0.21210608837195793,112007822.55360875,0,False,1,0.9882468494886808,1,1.6635605723812958e-05,4.531933073566825e-07,5.50046250000014
980,33782.30906277949,615.9480799931583,34398.25714277264,259.9319490281235,0.21210595872871715,112007822.55360875,0,False,1,0.9882928048473806,0,1.6594960484064605e-05,4.53079230897014e-07,5.506088699999964
981,33782.26749101852,615.9740714713049,34398.24156248983,259.9317890948259,0.21210582822223056,112007822.55360875,0,False,1,0.9883384018831489,0,1.6549157998878294e-05,4.529381459974293e-07,5.511172699996678
982,33782.22566061434,616.0003269105895,34398.22598752493,259.93162816638664,0.21210569690370268,112007822.55360875,0,False,1,0.9883836447732678,0,1.6500852672406685e-05,4.527837526261689e-07,5.516422499997134
983,33782.183590230765,616.0268281747267,34398.21041840549,259.9314663146067,0.21210556483172355,112007822.55360875,0,False,1,0.9884285376303082,0,1.6452868819198478e-05,4.5261402269292897e-07,5.522272099995462
984,33782.14130011316,616.053555454589,34398.194855567745,259.9313036173718,0.21210543206984825,112007822.55360875,0,False,1,0.9884730845033793,0,1.6407856135943352e-05,4.5243161076358305e-07,5.527628699994239
985,33782.09881131901,616.0804879004397,34398.17929921945,259.93114015569205,0.21210529868418163,112007822.55360875,0,False,1,0.9885172893793485,0,1.636800275172852e-05,4.522431585902237e-07,5.532788299999083
986,33782.056144982394,616.1076042576839,34398.16374924008,259.93097601087254,0.21210516474106905,112007822.55360875,0,False,1,0.9885611561840327,0,1.633481749340681e-05,4.5205821043925615e-07,5.53797289999784
987,33782.01332163859,616.134883488053,34398.14820512664,259.9308112619148,0.21210503030497624,112007822.55360875,0,False,1,0.9886046887833632,0,1.6309003055967825e-05,4.518878841084952e-07,5.543324199999915
988,33781.97036062856,616.1623053592642,34398.132665987825,259.93064598322593,0.21210489543661976,112007822.55360875,0,False,1,0.9886478909845237,0,1.6290430041145074e-05,4.517434695995975e-07,5.548960399995849
989,33781.92727959561,616.1898509877539,34398.11713058337,259.9304802426819,0.2121047601913868,112007822.55360875,0,False,1,0.9886907665370621,0,1.627820870568775e-05,4.5163511070263885e-07,5.5544484999991255
990,33781.884094079884,616.2175033210187,34398.101597400906,259.93031410006756,0.2121046246180622,112007822.55360875,0,False,1,0.9887333191339783,0,1.6270842972725554e-05,4.515707184046139e-07,5.559993799994118
991,33781.84081721098,616.2452475483307,34398.08606475931,259.9301476058942,0.21210448875786345,112007822.55360875,0,False,1,0.9887755524127849,0,1.6266441960627448e-05,4.5155519861631017e-07,5.565378799998143
992,33781.79745949375,616.2730714310533,34398.0705309248,259.9299808005754,0.21210435264376817,112007822.55360875,0,False,1,0.9888174699565481,0,1.6262959240528434e-05,4.515900820003904e-07,5.5706968999948
993,33781.754028680014,616.3009655463993,34398.05499422641,259.92981371393324,0.2121042163001115,112007822.55360875,0,False,1,0.9888590752949011,0,1.6258429686630944e-05,4.516735429992734e-07,5.57620379999571
994,33781.71052971692,616.3289234411517,34398.03945315807,259.92964636499977,0.21210407974242357,112007822.55360875,0,False,1,0.9889003719050378,0,1.6251177390425368e-05,4.518007877580639e-07,5.581290199996147
995,33781.66696476247,616.3569416945443,34398.02390645702,259.9294787620768,0.21210394297747878,112007822.55360875,0,False,1,0.9889413632126827,0,1.6239974439694545e-05,4.519647426221047e-07,5.586483299994143
996,33781.623333259915,616.3850198920961,34398.008353152014,259.92931090302193,0.21210380600352885,112007822.55360875,0,False,1,0.9889820525930406,0,1.62241380183532e-05,4.521569334300305e-07,5.5918766999966465
997,33781.57963206338,616.4131605146283,34397.99279257801,259.9291427757318,0.21210366881069745,112007822.55360875,0,False,1,0.989022443371725,0,1.6203561122005055e-05,4.5236845830259584e-07,5.597015999999712
998,33781.535855609574,616.4413687489215,34397.977224358496,259.92897435880275,0.21210353138151902,112007822.55360875,0,False,1,0.989062538825665,0,1.617867931515128e-05,4.525909289176816e-07,5.602351499997894
999,33781.49199613126,616.4696522284327,34397.9616483597,259.9288056223522,0.2121033936916092,112007822.55360875,0,False,1,0.9891023421839937,1,1.6150382096473862e-05,4.5281728910503226e-07,5.60782919999474
1000,33781.448129844604,616.4980206950976,34397.946150539705,259.92863685959884,0.21210325598023616,112007822.55360875,0,False,1,0.9891418566289175,1,1.6068900528833343e-05,4.505447198267156e-07,5.613053799999761
1001,33781.40423801297,616.5264655010284,34397.930703513994,259.92846799845904,0.21210311818857924,112007822.55360875,0,False,1,0.9891810852965646,0,1.606265103162269e-05,4.4906825667962563e-07,5.618243499993696
1002,33781.36027122686,616.5549772516644,34397.91524847853,259.92829884884355,0.21210298016152448,112007822.55360875,0,False,1,0.9892200312778167,0,1.605323907666413e-05,4.49301313991401e-07,5.624107699994056
1003,33781.31622811725,616.5835563542457,34397.89978447149,259.92812940548487,0.21210284189477357,112007822.55360875,0,False,1,0.9892586976191228,0,1.6039988197557776e-05,4.4956233329397523e-07,5.629470299994864
1004,33781.272104887306,616.6122059021434,34397.88431078945,259.92795965377525,0.21210270337640658,112007822.55360875,0,False,1,0.9892970873232942,1,1.602272480243856e-05,4.4984380259897346e-07,5.634737299995322
1005,33781.22795202501,616.6409314791387,34397.86888350415,259.92778978795246,0.21210256476492256,112007822.55360875,0,False,1,0.9893352033502844,1,1.599408794393541e-05,4.484951796429087e-07,5.640042599996377
1006,33781.18373643985,616.6697250252439,34397.8534614651,259.92761968070977,0.21210242595643852,112007822.55360875,0,False,1,0.9893730486179503,0,1.5990550243425647e-05,4.4834286388658146e-07,5.645107599993935
1007,33781.13944871108,616.698587549831,34397.83803626091,259.92744929580283,0.21210228692137886,112007822.55360875,0,False,1,0.9894106260027984,0,1.598458676257466e-05,4.4843508062302064e-07,5.650345299996843
1008,33781.09508256236,616.7275239745288,34397.82260653689,259.9272786090847,0.21210214764003954,112007822.55360875,0,False,1,0.9894479383407154,0,1.59757423995866e-05,4.485666804446083e-07,5.65606179999304
1009,33781.050629284764,616.7565418631197,34397.807171147884,259.92710758704936,0.21210200808507948,112007822.55360875,0,False,1,0.9894849884276828,0,1.596408807586557e-05,4.4873157174856765e-07,5.661554999998771
1010,33781.006077970276,616.7856511654988,34397.79172913577,259.9269361877306,0.21210186822225394,112007822.55360875,0,False,1,0.9895217790204763,0,1.595014331546971e-05,4.489243175849146e-07,5.666668599995319
1011,33780.96141578409,616.81486390143,34397.776279685524,259.926764361749,0.21210172801126914,112007822.55360875,0,False,1,0.9895583128373504,0,1.5934755697353395e-05,4.491407579617498e-07,5.672625499995775
1012,33780.91662827315,616.8441937949999,34397.76082206815,259.9265920534994,0.21210158740675086,112007822.55360875,0,False,1,0.9895945925587106,0,1.5918953415005205e-05,4.4937839143811345e-07,5.677620799993747
1013,33780.87169970777,616.873655871638,34397.74535557941,259.92641920246496,0.21210144635931705,112007822.55360875,0,False,1,0.9896306208277688,0,1.59037888228808e-05,4.4963649865856187e-07,5.682518399997207
1014,33780.826613452686,616.9032660301701,34397.72987948285,259.9262457446446,0.21210130481674241,112007822.55360875,0,False,1,0.9896664002511865,0,1.5890190790866143e-05,4.4991601628951263e-07,5.688669499999378
1015,33780.78135236203,616.9330406026047,34397.71439296463,259.9260716140727,0.21210116272519874,112007822.55360875,0,False,1,0.9897019333997055,0,1.587884179057918e-05,4.502191939312135e-07,5.694454099997529
1016,33780.735899191415,616.9629959142242,34397.69889510564,259.9258967444045,0.2121010200305482,112007822.55360875,0,False,1,0.9897372228087635,0,1.5870092111099146e-05,4.505490921737788e-07,5.700058899994474
1017,33780.69023701791,616.9931478560856,34397.68338487399,259.92572107053167,0.2121008766796621,112007822.55360875,0,False,1,0.9897722709790996,0,1.5863918714368545e-05,4.50908989484573e-07,5.705413099996804
1018,33780.644349657116,617.0235114812405,34397.667861138354,259.92554453018704,0.21210073262173004,112007822.55360875,0,False,1,0.9898070803773446,0,1.585993065868538e-05,4.513017770368256e-07,5.710550699994201
1019,33780.598222065266,617.0541006349208,34397.65232270019,259.92536706549157,0.2121005878095224,112007822.55360875,0,False,1,0.9898416534366021,0,1.585741742890855e-05,4.5172940874429606e-07,5.715970499994
1020,33780.55184071319,617.0849276276165,34397.6367683408,259.9251886243932,0.2121004422005644,112007822.55360875,0,False,1,0.9898759925570155,0,1.5855431753158778e-05,4.521924705942032e-07,5.721362799995404
1021,33780.5051939193,617.1160029584646,34397.621196877764,259.9250091619477,0.21210029575818132,112007822.55360875,0,False,1,0.9899101001063246,0,1.585289511645755e-05,4.526899084109566e-07,5.726635899998655
1022,33780.458272129494,617.147335094707,34397.6056072242,259.92482864139583,0.21210014845237737,112007822.55360875,0,False,1,0.9899439784204114,0,1.5848712549055897e-05,4.5321894429933367e-07,5.732033999993291
1023,33780.41106813359,617.178930311221,34397.58999844481,259.92464703499587,0.21210000026051518,112007822.55360875,0,False,1,0.989977629803833,0,1.5841883437453386e-05,4.537751716145732e-07,5.737499599999865
1024,33780.36357721044,617.2107925923195,34397.57436980276,259.92446432458195,0.21209985116777125,112007822.55360875,0,False,1,0.9900110565303464,0,1.5831596739509225e-05,4.5435282105664846e-07,5.742912499998056
1025,33780.31579719669,617.2429235962355,34397.55872079292,259.9242805018288,0.2120997011673521,112007822.55360875,0,False,1,0.9900442608434212,0,1.581730173386658e-05,4.5494515600732836e-07,5.748256799997762
1026,33780.267728477775,617.2753226809539,34397.543051158726,259.9240955682169,0.21209955026046592,112007822.55360875,0,False,1,0.9900772449567418,0,1.5798748800309407e-05,4.5554495078643687e-07,5.7534535999948275
1027,33780.21937390308,617.3079869884297,34397.52736089151,259.92390953470624,0.21209939845605602,112007822.55360875,0,False,1,0.9901100110547005,0,1.5775998253751305e-05,4.56144998311667e-07,5.758592299993325
1028,33780.17073863042,617.3409115827328,34397.51165021315,259.92372242113805,0.21209924577031303,112007822.55360875,0,False,1,0.9901425612928814,0,1.574939859298348e-05,4.5673859618439636e-07,5.763831799995387
1029,33780.1218299081,617.3740896363478,34397.495919544446,259.92353425539636,0.21209909222599038,112007822.55360875,0,False,1,0.9901748977985322,0,1.5719538472254748e-05,4.5731996149289703e-07,5.769103699996776
1030,33780.07265680508,617.4075126577528,34397.48016946283,259.92334507236967,0.2120989378515574,112007822.55360875,0,False,1,0.99020702267103,0,1.5687178943080772e-05,4.5788454048856164e-07,5.774458799998683
1031,33780.023229901366,617.4411707525296,34397.464400653895,259.9231549127602,0.21209878268022725,112007822.55360875,0,False,1,0.9902389379823359,0,1.5653174080430332e-05,4.5842918902081624e-07,5.779904899995017
1032,33779.97356095172,617.4750529096268,34397.44861386135,259.9229638217898,0.21209862674890123,112007822.55360875,0,False,1,0.9902706457774411,0,1.5618388764854593e-05,4.5895221696142026e-07,5.785188999994716
1033,33779.92366253595,617.5091473040292,34397.43280983998,259.9227718478546,0.21209847009707092,112007822.55360875,0,False,1,0.9903021480748041,0,1.558362219345393e-05,4.594533027519113e-07,5.790964099993289
1034,33779.87354770838,617.5434416069712,34397.41698931535,259.92257904117673,0.2120983127657178,112007822.55360875,0,False,1,0.9903334468667806,0,1.554954462552147e-05,4.599332954188643e-07,5.796258099995612
1035,33779.82322965787,617.5779232949609,34397.401152952836,259.9223854524957,0.2120981547962456,112007822.55360875,0,False,1,0.9903645441200436,0,1.5516653064135862e-05,4.603939453041717e-07,5.80146909999894
1036,33779.77272138837,617.6125799492536,34397.38530133762,259.92219113183995,0.2120979962294779,112007822.55360875,0,False,1,0.9903954417759961,0,1.5485249168786446e-05,4.608375831820317e-07,5.806885499994678
1037,33779.722035427956,617.6473995380032,34397.369434965956,259.9219961274073,0.21209783710474428,112007822.55360875,0,False,1,0.9904261417511763,0,1.5455440077423488e-05,4.612667947213265e-07,5.812315999995917
1038,33779.67118357242,617.6823706740901,34397.35355424651,259.9218004845781,0.21209767745907546,112007822.55360875,0,False,1,0.9904566459376537,0,1.54271602093386e-05,4.616841260413591e-07,5.817520499993407
1039,33779.62017666744,617.7174828425768,34397.33765951002,259.9216042450779,0.21209751732651966,112007822.55360875,0,False,1,0.9904869562034191,0,1.54002098795034e-05,4.6209184278288676e-07,5.8227503999951296
1040,33779.56902443178,617.7527265928163,34397.321751024596,259.92140744629626,0.212097356737587,112007822.55360875,0,False,1,0.9905170743927663,0,1.5374304979681102e-05,4.6249176553953596e-07,5.828064699999231
1041,33779.51773532222,617.7880936914015,34397.30582901362,259.921210120768,0.2120971957188261,112007822.55360875,0,False,1,0.9905470023266669,0,1.5349131159361897e-05,4.6288519476454535e-07,5.833276499994099
1042,33779.466316440004,617.8235772333958,34397.2898936734,259.92101229581266,0.21209703429252982,112007822.55360875,0,False,1,0.9905767418031377,0,1.53243959520831e-05,4.632729173266685e-07,5.838624399999389
1043,33779.41477347742,617.8591717105232,34397.273945187946,259.9208139933292,0.2120968724765679,112007822.55360875,0,False,1,0.990606294597602,0,1.5299873045867486e-05,4.6365529090805105e-07,5.844074299995555
1044,33779.36311070263,617.8948730362607,34397.25798373889,259.9206152297375,0.21209671028433896,112007822.55360875,0,False,1,0.9906356624632424,0,1.5275434244958675e-05,4.640323846686017e-07,5.8492704999953276
1045,33779.311330980454,617.9306785289642,34397.24200950942,259.9204160160585,0.21209654772483622,112007822.55360875,0,False,1,0.9906648471313493,0,1.5251066375596509e-05,4.644041533321237e-07,5.854972699999053
1046,33779.259435826476,617.9665868552981,34397.226022681774,259.920216358122,0.21209638480281684,112007822.55360875,0,False,1,0.9906938503116604,0,1.5226872256388364e-05,4.647706243877053e-07,5.86020329999883
1047,33779.2074254918,618.0025979372447,34397.21002342904,259.9200162568931,0.21209622151906835,112007822.55360875,0,False,1,0.9907226736926963,0,1.5203056679657067e-05,4.651320639274458e-07,5.8653844999935245
1048,33779.15529907543,618.0387128268718,34397.1940119023,259.9198157089045,0.21209605787076133,112007822.55360875,0,False,1,0.990751318942088,0,1.5179899911163635e-05,4.654891118132279e-07,5.870482999998785
1049,33779.103054656196,618.0749335537697,34397.177988209965,259.9196147067635,0.2120958938518634,112007822.55360875,0,False,1,0.9907797877068997,0,1.5157927618003934e-05,4.658430082238759e-07,5.875845699993079
1050,33779.0506894585,618.1112629272116,34397.16195238571,259.9194132397905,0.21209572945365987,112007822.55360875,0,False,1,0.9908080816139436,0,1.513766584940807e-05,4.661959263899862e-07,5.88114069999574
1051,33778.9982000388,618.1477043349006,34397.1459043737,259.91921129473593,0.21209556466533902,112007822.55360875,0,False,1,0.9908362022700918,0,1.511937884462993e-05,4.6655046810262906e-07,5.886613099995884
1052,33778.9455824848,618.1842615341212,34397.12984401892,259.91900885654667,0.21209539947461745,112007822.55360875,0,False,1,0.9908641512625809,0,1.5103231915564799e-05,4.669095169141649e-07,5.892045699998562
1053,33778.89283262219,618.2209384413032,34397.11377106349,259.9188059091615,0.21209523386838913,112007822.55360875,0,False,1,0.9908919301593098,0,1.5089268282349794e-05,4.672760636284116e-07,5.897434799997427
1054,33778.839946223474,618.257738926266,34397.09768514974,259.9186024363146,0.212095067833381,112007822.55360875,0,False,1,0.9909195405091346,0,1.507739885452997e-05,4.676530087336748e-07,5.902902699999686
1055,33778.78691921306,618.2946666170416,34397.0815858301,259.9183984223243,0.21209490135679676,112007822.55360875,0,False,1,0.9909469838421562,0,1.5067405604667783e-05,4.6804296652735876e-07,5.9083213999983855
1056,33778.73374786244,618.3317247206519,34397.06547258309,259.9181938528445,0.21209473442692994,112007822.55360875,0,False,1,0.9909742616700042,0,1.5058957546621354e-05,4.684480853160906e-07,5.913774199994805
1057,33778.68042896972,618.3689158645477,34397.04934483427,259.9179887155551,0.2120945670337272,112007822.55360875,0,False,1,0.9910013754861141,0,1.5051637040226943e-05,4.6886990505578645e-07,5.9193603999956395
1058,33778.62696001771,618.4062419626576,34397.03320198037,259.9177830007701,0.21209439916928477,112007822.55360875,0,False,1,0.9910283267660007,0,1.5044973109186737e-05,4.693092636428122e-07,5.924834699995699
1059,33778.57333930573,618.44370410914,34397.01704341487,259.917576701945,0.21209423082826223,112007822.55360875,0,False,1,0.9910551169675261,0,1.503847793839745e-05,4.6976625587546305e-07,5.93022789999668
1060,33778.519566050876,618.481302502028,34397.0008685529,259.91736981606624,0.21209406200820058,112007822.55360875,0,False,1,0.9910817475311627,0,1.5031682664803258e-05,4.70240252066406e-07,5.93567329999496
1061,33778.46564045589,618.5190363980203,34396.984676853914,259.91716234391254,0.21209389270973522,112007822.55360875,0,False,1,0.9911082198802526,0,1.5024168941698747e-05,4.707299642491654e-07,5.940997599995171
1062,33778.411563741785,618.5569040987333,34396.96846784052,259.9169542901801,0.2120937229366983,112007822.55360875,0,False,1,0.9911345354212603,0,1.5015593491417608e-05,4.7123355574825154e-07,5.946261199998844
1063,33778.357338144786,618.5949029678229,34396.95224111261,259.9167456634712,0.21209355269610924,112007822.55360875,0,False,1,0.9911606955440235,0,1.5005703833804091e-05,4.7174877994065e-07,5.951615999998467
1064,33778.30296687876,618.633029477521,34396.935996356275,259.9165364761494,0.2120933819980569,112007822.55360875,0,False,1,0.9911867016219974,0,1.499434443357986e-05,4.722731310749234e-07,5.957012099999702
1065,33778.24845406514,618.6712792823395,34396.91973334748,259.91632674407026,0.21209321085547944,112007822.55360875,0,False,1,0.9912125550124953,0,1.4981453562686835e-05,4.728039961484537e-07,5.962209999997867
1066,33778.19380463404,618.7096473170054,34396.90345195104,259.91611648620034,0.21209303928385367,112007822.55360875,0,False,1,0.9912382570569258,0,1.4967052120884873e-05,4.7333879218965755e-07,5.967520999998669
1067,33778.13902420064,618.7481279150918,34396.88715211573,259.9159057241424,0.21209286730080762,112007822.55360875,0,False,1,0.9912638090810245,0,1.4951226345398963e-05,4.738750781571242e-07,5.9728741999933845
1068,33778.084118922314,618.7867149443487,34396.87083386666,259.915694481585,0.21209269492567123,112007822.55360875,0,False,1,0.9912892123950827,0,1.4934106839902034e-05,4.7441063468663333e-07,5.978158299993083
1069,33778.02909534172,618.8254019543908,34396.85449729611,259.9154827836992,0.21209252217898428,112007822.55360875,0,False,1,0.9913144682941718,0,1.4915846508958955e-05,4.749435095706393e-07,5.984097699998529
1070,33777.9739602217,618.8641823322034,34396.838142553905,259.91527065650337,0.21209234908197788,112007822.55360875,0,False,1,0.9913395780583627,0,1.4896599876303346e-05,4.7547202918162007e-07,5.989840700000059
1071,33777.918720377595,618.9030494608455,34396.82176983844,259.91505812621784,0.212092175656048,112007822.55360875,0,False,1,0.991364542952944,0,1.4876505906049745e-05,4.7599478176199957e-07,5.995333599996229
1072,33777.86338251233,618.9419968768025,34396.80537938914,259.91484521863055,0.21209200192223768,112007822.55360875,0,False,1,0.9913893642286339,0,1.4855675884515328e-05,4.765105744843052e-07,6.00100659999589
1073,33777.807953059,618.9810184216215,34396.788971480615,259.9146319584913,0.212091827900743,112007822.55360875,0,False,1,0.991414043121789,0,1.4834187217095536e-05,4.770183841652836e-07,6.006749099993613
1074,33777.75243803511,619.020108383766,34396.77254641888,259.91441836895126,0.21209165361045532,112007822.55360875,0,False,1,0.9914385808546111,0,1.4812083260296535e-05,4.775172982494683e-07,6.012630999997782
1075,33777.69684291213,619.0592616270388,34396.75610453917,259.91420447106054,0.21209147906855177,112007822.55360875,0,False,1,0.9914629786353482,0,1.4789378606993365e-05,4.780064665805946e-07,6.018353899999056
1076,33777.641172502874,619.0984737024089,34396.739646205286,259.91399028333535,0.2120913042901416,112007822.55360875,0,False,1,0.9914872376584933,0,1.4766068652349843e-05,4.784850593072342e-07,6.024140299996361
1077,33777.585430868814,619.1377409406501,34396.72317180946,259.91377582140126,0.2120911292879754,112007822.55360875,0,False,1,0.9915113591049804,0,1.4742141869457072e-05,4.789522493258214e-07,6.029785099999572
1078,33777.52962124856,619.1770605238161,34396.706681772375,259.9135610977179,0.2120909540722203,112007822.55360875,0,False,1,0.9915353441423755,0,1.4717593009158453e-05,4.7940720995382e-07,6.035340499998711
1079,33777.4737460082,619.2164305342252,34396.690176542426,259.9133461213879,0.21209077865030415,112007822.55360875,0,False,1,0.9915591939250656,0,1.4692435442990717e-05,4.798491350251317e-07,6.040909399998782
1080,33777.41780661364,619.2558499802986,34396.673656593935,259.9131308980508,0.21209060302682872,112007822.55360875,0,False,1,0.9915829095944441,0,1.4666711106091712e-05,4.802772710428246e-07,6.046792299996014
1081,33777.36180362438,619.2953187992543,34396.65712242363,259.91291542985846,0.21209042720355006,112007822.55360875,0,False,1,0.9916064922790935,0,1.4640496833301487e-05,4.806909664659697e-07,6.051925599997048
1082,33777.305736708106,619.3348378372958,34396.6405745454,259.9126997155318,0.21209025117942437,112007822.55360875,0,False,1,0.9916299430949642,0,1.4613906386553945e-05,4.810897224773601e-07,6.057171299995389
1083,33777.249604674806,619.3744088085323,34396.624013483335,259.9124837504917,0.21209007495071505,112007822.55360875,0,False,1,0.9916532631455512,0,1.4587087988436195e-05,4.814732424822163e-07,6.0622089999960735
1084,33777.193405528924,619.4140342344082,34396.607439763335,259.91226752705967,0.21208989851115648,112007822.55360875,0,False,1,0.9916764535220672,0,1.4560217697461415e-05,4.81841473568877e-07,6.067348299999139
1085,33777.13713653777,619.4537173658923,34396.59085390366,259.91205103472123,0.2120897218521687,112007822.55360875,0,False,1,0.9916995153036131,0,1.4533489411048275e-05,4.821946380276606e-07,6.072640499995032
1086,33777.08079431417,619.4934620910672,34396.574256405234,259.9118342604437,0.21208954496311705,112007822.55360875,0,False,1,0.9917224495573455,0,1.4507102612408698e-05,4.825332399091366e-07,6.077808099995309
1087,33777.024374910965,619.5332728310693,34396.55764774203,259.9116171890397,0.21208936783160848,112007822.55360875,0,False,1,0.9917452573386418,0,1.4481249211013516e-05,4.828580624865661e-07,6.083066399995005
1088,33776.96787392502,619.5731544275376,34396.54102835256,259.91139980356775,0.21208919044381863,112007822.55360875,0,False,1,0.9917679396912622,0,1.4456100831787759e-05,4.831701369500458e-07,6.088774299998477
1089,33776.91128660789,619.6131120248483,34396.52439863273,259.91118208575745,0.21208901278483883,112007822.55360875,0,False,1,0.9917904976475093,0,1.4431797825260114e-05,4.834707017931513e-07,6.094330199994147
1090,33776.85460798026,619.6531509504323,34396.5077589307,259.9109640164503,0.21208883483903557,112007822.55360875,0,False,1,0.9918129322283843,0,1.4408441045754185e-05,4.837611452769047e-07,6.099407899993821
1091,33776.797832947464,619.693276596402,34396.491109543866,259.9107455760437,0.21208865659041307,112007822.55360875,0,False,1,0.9918352444437422,0,1.4386087065631063e-05,4.840429426052511e-07,6.105113999998139
1092,33776.7409564128,619.7334943055561,34396.47445071836,259.9105267449274,0.21208847802296912,112007822.55360875,0,False,1,0.9918574352924432,0,1.4364747147749373e-05,4.843175850621066e-07,6.110750299994834
1093,33776.68397338589,619.7738092645899,34396.457782650476,259.91030750389984,0.21208829912103533,112007822.55360875,0,False,1,0.9918795057625014,0,1.4344389851010805e-05,4.845865207824317e-07,6.116114099997503
1094,33776.62687908324,619.8142264070378,34396.44110549028,259.9100878345557,0.21208811986959275,112007822.55360875,0,False,1,0.9919014568312324,0,1.4324946794211242e-05,4.848510942539095e-07,6.122129999996105
1095,33776.56966901852,619.8547503280979,34396.42441934662,259.90986771963287,0.21208794025455535,112007822.55360875,0,False,1,0.9919232894653975,0,1.4306320817159053e-05,4.851125035871296e-07,6.127536999993026
1096,33776.51233908023,619.8953852130861,34396.40772429332,259.9096471433111,0.2120877602630138,112007822.55360875,0,False,1,0.9919450046213456,0,1.4288395561928994e-05,4.853717670930516e-07,6.1329692999934196
1097,33776.45488559499,619.9361347808128,34396.391020375806,259.9094260914559,0.21208757988343427,112007822.55360875,0,False,1,0.9919666032451533,0,1.427104546104365e-05,4.856297101674711e-07,6.138578199999756
1098,33776.3973053752,619.9770022427151,34396.374307617916,259.9092045518019,0.21208739910580812,112007822.55360875,0,False,1,0.9919880862727625,0,1.425414512428094e-05,4.858869606367457e-07,6.144135599999572
1099,33776.33959575016,620.0179902781026,34396.357586028265,259.90898251407225,0.21208721792174937,112007822.55360875,0,False,1,0.9920094546301157,0,1.423757730948564e-05,4.861439610261177e-07,6.149847799999407
1100,33776.28175458056,620.0591010254154,34396.34085560597,259.90875997003474,0.2120870363245405,112007822.55360875,0,False,1,0.9920307092332891,0,1.4221238845382947e-05,4.864009873855948e-07,6.155636399998912
1101,33776.22378025644,620.1003360889441,34396.324116345386,259.9085369134936,0.21208685430912577,112007822.55360875,0,False,1,0.9920518509886238,0,1.42050441766348e-05,4.866581784810054e-07,6.161214399995515
1102,33776.165671679795,620.1416965600566,34396.30736823985,259.9083133402231,0.2120866718720569,112007822.55360875,0,False,1,0.9920728807928552,0,1.418892648458262e-05,4.869155632928889e-07,6.166896899994754
1103,33776.10742823289,620.1831830516052,34396.290611284494,259.90808924784506,0.2120864890113933,112007822.55360875,0,False,1,0.9920937995332392,0,1.417283658962732e-05,4.87173090419277e-07,6.172523799999908
1104,33776.04904973425,620.2247957438701,34396.273845478114,259.90786463565985,0.2120863057265641,112007822.55360875,0,False,1,0.9921146080876776,0,1.4156740075680917e-05,4.874306526133101e-07,6.17807279999397
1105,33775.99053638428,620.2665344401358,34396.25707082442,259.9076395044373,0.21208612201819746,112007822.55360875,0,False,1,0.9921353073248413,0,1.4140613230398327e-05,4.876881075133385e-07,6.183753799996339
1106,33775.931888703,620.3083986298051,34396.24028733281,259.9074138561769,0.21208593788792493,112007822.55360875,0,False,1,0.9921558981042907,0,1.4124438465563796e-05,4.879452892771564e-07,6.189368499995908
1107,33775.87310746222,620.35038755682,34396.22349501904,259.90718769384665,0.21208575333816848,112007822.55360875,0,False,1,0.9921763812765954,0,1.4108199873406154e-05,4.882020136587375e-07,6.1949372999952175
1108,33775.81419361462,620.3925002911061,34396.206693905726,259.9069610211109,0.2120855683719182,112007822.55360875,0,False,1,0.9921967576834512,0,1.4091879508850754e-05,4.884580807581174e-07,6.200583999998344
1109,33775.75514822248,620.4347358007517,34396.18988402323,259.9067338420553,0.21208538299250806,112007822.55360875,0,False,1,0.9922170281577958,0,1.4075454838046741e-05,4.887132655023289e-07,6.206236199999694
1110,33775.69597238786,620.4770930227168,34396.17306541058,259.9065061609188,0.21208519720339702,112007822.55360875,0,False,1,0.9922371935239224,0,1.4058897608966625e-05,4.889673161645917e-07,6.212027199995646
1111,33775.63666718684,620.5195709299813,34396.15623811682,259.9062779818404,0.21208501100796254,112007822.55360875,0,False,1,0.9922572545975911,0,1.4042174228102559e-05,4.892199410375947e-07,6.217848199994478
1112,33775.577233609285,620.5621685932432,34396.13940220253,259.90604930862725,0.21208482440931126,112007822.55360875,0,False,1,0.9922772121861395,0,1.4025247502082226e-05,4.894708052603683e-07,6.223399699993024
1113,33775.51767250585,620.6048852354942,34396.12255774134,259.905820144551,0.21208463741011288,112007822.55360875,0,False,1,0.9922970670885916,0,1.4008079473808265e-05,4.897195289143484e-07,6.228929499993683
1114,33775.45798454347,620.6477202780814,34396.10570482155,259.9055904921765,0.21208445001246035,112007822.55360875,0,False,1,0.9923168200957635,0,1.3990634934773639e-05,4.899656861771064e-07,6.23441019999882
1115,33775.39817017017,620.6906733771573,34396.088843547324,259.9053603532262,0.21208426221775914,112007822.55360875,0,False,1,0.9923364719903692,0,1.3972885158022924e-05,4.90208815264327e-07,6.2400351999967825
1116,33775.33822958986,620.7337444497415,34396.0719740396,259.9051297284833,0.21208407402664844,112007822.55360875,0,False,1,0.9923560235471243,0,1.3954811354965849e-05,4.904484285833538e-07,6.24589919999562
1117,33775.27816274739,620.7769336889575,34396.05509643634,259.9048986177344,0.21208388543895404,112007822.55360875,0,False,1,0.9923754755328474,0,1.3936407445517868e-05,4.90684031348153e-07,6.251252899994142
1118,33775.21796932386,620.8202415683201,34396.03821089218,259.9046670197511,0.21208369645367361,112007822.55360875,0,False,1,0.9923948287065608,0,1.3917681789839077e-05,4.909151389251313e-07,6.256870899997011
1119,33775.157648742024,620.8636688352973,34396.021317577324,259.90443493231135,0.21208350706899387,112007822.55360875,0,False,1,0.9924140838195894,0,1.389865768063272e-05,4.911412979866408e-07,6.262432799994713
1120,33775.09720018114,620.9072164946523,34396.004416675794,259.9042023522557,0.21208331728233676,112007822.55360875,0,False,1,0.9924332416156577,0,1.387937251776841e-05,4.913621076645555e-07,6.267987499995797
1121,33775.03662260068,620.95088578237,34395.98750838305,259.90396927557947,0.2120831270904344,112007822.55360875,0,False,1,0.9924523028309865,0,1.3859875759489969e-05,4.915772349924773e-07,6.273668899993936
1122,33774.975914771974,620.9946781312076,34395.970592903184,259.9037356975539,0.21208293648942808,112007822.55360875,0,False,1,0.9924712681943859,0,1.3840225833269866e-05,4.917864288672499e-07,6.279237799994007
1123,33774.91507531664,621.0385951291264,34395.953670445764,259.90350161287415,0.2120827454749891,112007822.55360875,0,False,1,0.9924901384273501,0,1.3820486323999998e-05,4.919895304144233e-07,6.284784399998898
1124,33774.85410275064,621.0826384720242,34395.93674122267,259.903267015829,0.212082554042457,112007822.55360875,0,False,1,0.9925089142441474,0,1.3800721805422729e-05,4.921864721423838e-07,6.290516899993236
1125,33774.79299553265,621.1268099123092,34395.91980544496,259.9030319004865,0.21208236218699128,112007822.55360875,0,False,1,0.9925275963519118,0,1.3780993695704226e-05,4.923772781541601e-07,6.2961720999956015
1126,33774.73175211525,621.1711112049319,34395.90286332018,259.90279626089153,0.21208216990373258,112007822.55360875,0,False,1,0.9925461854507305,0,1.376135651691995e-05,4.925620501863515e-07,6.301711199994315
1127,33774.670370997446,621.215544052509,34395.885915049956,259.90256009126745,0.21208197718796706,112007822.55360875,0,False,1,0.9925646822337327,0,1.3741854849241791e-05,4.92740960840219e-07,6.307239399997343
1128,33774.60885077716,621.2601100511603,34395.86896082832,259.90232338621814,0.2120817840352915,112007822.55360875,0,False,1,0.9925830873871752,0,1.3722521224579302e-05,4.929142305245045e-07,6.312403599993559
1129,33774.54719020195,621.3048106386027,34395.852000840554,259.90208614092325,0.21208159044177244,112007822.55360875,0,False,1,0.9926014015905278,0,1.3703375059240166e-05,4.930821134942109e-07,6.317604799995024
1130,33774.48538821685,621.3496470459436,34395.8350352628,259.90184835132226,0.21208139640409648,112007822.55360875,0,False,1,0.9926196255165561,0,1.3684422643264571e-05,4.932448760625047e-07,6.324097499993513
1131,33774.423444007705,621.3946202544627,34395.81806426217,259.901610014281,0.21208120191970614,112007822.55360875,0,False,1,0.9926377598314053,0,1.3665658090807104e-05,4.934027801009438e-07,6.329234799995902
1132,33774.36135703894,621.4397309585019,34395.801087997446,259.9013711277374,0.21208100698691873,112007822.55360875,0,False,1,0.9926558051946807,0,1.3647065070068745e-05,4.935560680204021e-07,6.3342675999956555
1133,33774.299127084865,621.4849795353703,34395.78410662024,259.9011316908215,0.2120808116050244,112007822.55360875,0,False,1,0.9926737622595274,0,1.3628619070319461e-05,4.937049485980854e-07,6.33987829999387
1134,33774.23675425338,621.5303660229594,34395.767120276345,259.90089170394697,0.21208061577436066,112007822.55360875,0,False,1,0.9926916316727105,0,1.3610289943065471e-05,4.938495904198069e-07,6.3450414999970235
1135,33774.17423900189,621.5758901055182,34395.75012910741,259.9006511688722,0.2120804194963624,112007822.55360875,0,False,1,0.9927094140746913,0,1.3592044434538785e-05,4.939901144760945e-07,6.350533199998608
1136,33774.11158214473,621.6215511078092,34395.73313325254,259.9004100887289,0.2120802227735851,112007822.55360875,0,False,1,0.9927271100997054,0,1.3573848485900847e-05,4.941265941620491e-07,6.356999999996333
1137,33774.048784852275,621.6673479976233,34395.7161328499,259.9001684680188,0.21208002560970218,112007822.55360875,0,False,1,0.9927447203758367,0,1.3555669100438865e-05,4.942590576041078e-07,6.362859799999569
1138,33773.98584864184,621.7132793964026,34395.69912803824,259.8999263125784,0.21207982800947625,112007822.55360875,0,False,1,0.992762245525093,0,1.35374756644616e-05,4.943874868137628e-07,6.369224999994913
1139,33773.92277536067,621.7593435975066,34395.682118958175,259.89968362951373,0.21207962997870594,112007822.55360875,0,False,1,0.992779686163479,0,1.3519240678849892e-05,4.945118284758033e-07,6.374737099999038
1140,33773.859567161875,621.8055385914658,34395.66510575334,259.8994404271078,0.21207943152415015,112007822.55360875,0,False,1,0.9927970429010681,0,1.350093992800415e-05,4.946319941597488e-07,6.380054599998402
1141,33773.79622647401,621.8518620973923,34395.648088571405,259.8991967147033,0.21207923265343265,112007822.55360875,0,False,1,0.9928143163420743,0,1.3482552176015505e-05,4.947478666658555e-07,6.38585779999994
1142,33773.73275596523,621.8983115995801,34395.63106756481,259.89895250256484,0.21207903337492934,112007822.55360875,0,False,1,0.9928315070849221,0,1.3464058536853176e-05,4.948593074288318e-07,6.391502699996636
1143,33773.669158503326,621.9448843882162,34395.61404289154,259.89870780172544,0.2120788336976433,112007822.55360875,0,False,1,0.9928486157223152,0,1.3445441662596424e-05,4.949661554600889e-07,6.397505299995828
1144,33773.60543711275,621.9915776030498,34395.59701471579,259.89846262382065,0.21207863363106913,112007822.55360875,0,False,1,0.9928656428413056,0,1.3426684947335193e-05,4.950682294630471e-07,6.403327099993476
1145,33773.541594929695,622.0383882788244,34395.57998320852,259.8982169809162,0.21207843318505257,112007822.55360875,0,False,1,0.9928825890233606,0,1.3407771868538854e-05,4.951653337561252e-07,6.40911369999958
1146,33773.477635156836,622.0853133912731,34395.56294854811,259.8979708853335,0.212078232369648,112007822.55360875,0,False,1,0.9928994548444284,0,1.338868561250711e-05,4.952572515034952e-07,6.41436089999479
1147,33773.413561018504,622.1323499025,34395.545910921006,259.8977243494775,0.21207803119497792,112007822.55360875,0,False,1,0.9929162408750043,0,1.3369409039384922e-05,4.953437491573104e-07,6.41966059999686
1148,33773.34937571766,622.1794948046355,34395.5288705223,259.8974773856709,0.21207782967109767,112007822.55360875,0,False,1,0.9929329476801945,0,1.3349925016983552e-05,4.954245747653535e-07,6.425301600000239
1149,33773.28508239562,622.2267451607339,34395.51182755635,259.8972300059992,0.21207762780786907,112007822.55360875,0,False,1,0.9929495758197797,0,1.333021709942549e-05,4.954994590286719e-07,6.430794699997932
1150,33773.22068409533,622.2740981419985,34395.49478223733,259.89698222216947,0.21207742561484527,112007822.55360875,0,False,1,0.9929661258482784,0,1.3310270461188091e-05,4.955681167822912e-07,6.43625439999596
1151,33773.15618372907,622.3215510605515,34395.47773478962,259.8967340453861,0.21207722310116903,112007822.55360875,0,False,1,0.9929825983150071,0,1.3290072998098617e-05,4.956302508028545e-07,6.4416717999993125
1152,33773.09158405101,622.369101397118,34395.46068544813,259.8964854862451,0.21207702027548678,112007822.55360875,0,False,1,0.9929989937641431,0,1.3269616444765042e-05,4.95685555616274e-07,6.446993599995039
1153,33773.026887635206,622.4167468231532,34395.44363445836,259.89623655464965,0.21207681714587953,112007822.55360875,0,False,1,0.9930153127347828,0,1.3248897388573747e-05,4.95733722786165e-07,6.452337999995507
1154,33772.96209685906,622.4644852171145,34395.42658207617,259.8959872597461,0.21207661371981085,112007822.55360875,0,False,1,0.9930315557610018,0,1.3227918052168849e-05,4.9577445106768e-07,6.4579869999943185
1155,33772.897213892706,622.512314674752,34395.409528567456,259.8957376098835,0.2120764100040935,112007822.55360875,0,False,1,0.9930477233719127,0,1.3206686741660519e-05,4.958074491575324e-07,6.463421799999196
1156,33772.83224069386,622.5602335134562,34395.392474207314,259.89548761259346,0.2120762060048734,112007822.55360875,0,False,1,0.9930638160917233,0,1.3185217899853868e-05,4.958324490209587e-07,6.469010199994955
1157,33772.76717900828,622.6082402708676,34395.37541927915,259.89523727459215,0.21207600172763094,112007822.55360875,0,False,1,0.9930798344397928,0,1.3163531745869642e-05,4.958492092764091e-07,6.474441799997294
1158,33772.70203037538,622.656333698099,34395.35836407348,259.89498660180186,0.21207579717719874,112007822.55360875,0,False,1,0.9930957789306873,0,1.3141653497941833e-05,4.958575234456402e-07,6.479834399993706
1159,33772.63679613844,622.704512748059,34395.3413088865,259.89473559939006,0.21207559235779352,112007822.55360875,0,False,1,0.9931116500742366,0,1.3119612264937105e-05,4.958572258769114e-07,6.4852781999943545
1160,33772.57147745917,622.7527765594746,34395.32425401864,259.89448427182583,0.21207538727306208,112007822.55360875,0,False,1,0.9931274483755865,0,1.3097439659664675e-05,4.958481936489575e-07,6.491006199998083
1161,33772.5060753357,622.801124437316,34395.30719977302,259.8942326229488,0.2120751819261375,112007822.55360875,0,False,1,0.9931431743352542,0,1.3075168279346794e-05,4.958303486865082e-07,6.496358799995505
1162,33772.440590623504,622.8495558303835,34395.29014645389,259.89398065604945,0.21207497631970493,112007822.55360875,0,False,1,0.9931588284491802,0,1.3052830129169855e-05,4.958036581835009e-07,6.501698999993096
1163,33772.375024058325,622.8980703068742,34395.2730943652,259.89372837395797,0.21207477045607376,112007822.55360875,0,False,1,0.9931744112087808,0,1.3030455146423345e-05,4.957681303724292e-07,6.5071137999984785
1164,33772.3093762806,622.9466675287674,34395.25604380937,259.89347577913765,0.21207456433725405,112007822.55360875,0,False,1,0.9931899231009995,0,1.3008069892265369e-05,4.957238100821365e-07,6.51239329999953
1165,33772.2436478603,622.9953472258553,34395.238995086154,259.8932228737806,0.21207435796503463,112007822.55360875,0,False,1,0.9932053646083581,0,1.298569651430919e-05,4.956707749302139e-07,6.5178156999973
1166,33772.1778393216,623.0441091702344,34395.22194849184,259.89296965990286,0.21207415134106053,112007822.55360875,0,False,1,0.9932207362090064,0,1.296335201533699e-05,4.956091253807335e-07,6.5254482999953325
1167,33772.111951166626,623.0929531520109,34395.204904318634,259.8927161394356,0.21207394446690764,112007822.55360875,0,False,1,0.993236038376772,0,1.2941047864283506e-05,4.955389800904423e-07,6.5339554999955
1168,33772.04598389744,623.1418789569187,34395.18786285436,259.8924623143097,0.21207373734415152,112007822.55360875,0,False,1,0.9932512715812086,0,1.2918789924317877e-05,4.954604666010616e-07,6.542944799999532
1169,33771.97993803596,623.1908863464519,34395.17082438241,259.89220818653246,0.21207352997443024,112007822.55360875,0,False,1,0.9932664362876443,0,1.2896578668875367e-05,4.953737139354147e-07,6.5512944999936735
1170,33771.913814140855,623.2399750410214,34395.15378918187,259.8919537582526,0.21207332235949708,112007822.55360875,0,False,1,0.9932815329572293,0,1.2874409629519374e-05,4.952788466743093e-07,6.556878899995354
1171,33771.84761282135,623.2891447065385,34395.13675752789,259.89169903181346,0.2120731145012642,112007822.55360875,0,False,1,0.9932965620469821,0,1.285227400224921e-05,4.951759798795603e-07,6.561831599996367
1172,33771.781334747546,623.3383949446993,34395.11972969225,259.89144400979245,0.21207290640183485,112007822.55360875,0,False,1,0.9933115240098361,0,1.2830159344810244e-05,4.950652112669701e-07,6.567285699995409
1173,33771.71498065684,623.3877252871347,34395.10270594397,259.89118869502613,0.21207269806352366,112007822.55360875,0,False,1,0.9933264192946853,0,1.2808050292018691e-05,4.94946620571657e-07,6.572673599999689
1174,33771.64855135671,623.4371351934653,34395.08568655018,259.8909330906206,0.2120724894888652,112007822.55360875,0,False,1,0.9933412483464289,0,1.2785929228900911e-05,4.948202638364081e-07,6.578102899999067
1175,33771.582047723605,623.4866240531783,34395.06867177678,259.8906771999473,0.21207228068061057,112007822.55360875,0,False,1,0.9933560116060157,0,1.276377689033103e-05,4.946861755270161e-07,6.583423399999447
1176,33771.51547069839,623.5361911911391,34395.05166188953,259.8904210266257,0.21207207164171338,112007822.55360875,0,False,1,0.9933707095104878,0,1.2741572855905279e-05,4.94544360916749e-07,6.588628299999982
1177,33771.44882127831,623.5858358764417,34395.034657154756,259.8901645744922,0.21207186237530404,112007822.55360875,0,False,1,0.993385342493024,0,1.2719295938851082e-05,4.943948024324896e-07,6.593730900000082
1178,33771.382100506176,623.6355573342175,34395.01765784039,259.88990784755833,0.21207165288465604,112007822.55360875,0,False,1,0.9933999109829825,0,1.2696924490686975e-05,4.942374541546034e-07,6.598745199997211
1179,33771.31530945687,623.6853547599405,34395.00066421681,259.88965084995925,0.21207144317314366,112007822.55360875,0,False,1,0.9934144154059427,0,1.267443663046996e-05,4.940722447784303e-07,6.6038361999962945
1180,33771.248449222025,623.735227335708,34394.983676557735,259.88939358589465,0.2120712332441939,112007822.55360875,0,False,1,0.9934288561837462,0,1.2651810464922751e-05,4.938990767680451e-07,6.608929999994871
1181,33771.181520893166,623.7851742479384,34394.966695141105,259.88913605956355,0.21207102310123319,112007822.55360875,0,False,1,0.9934432337345391,0,1.262902429777178e-05,4.937178278369693e-07,6.61419599999499
1182,33771.11452554402,623.8351947058917,34394.94972024991,259.8888782750967,0.2120708127476322,112007822.55360875,0,False,1,0.9934575484728109,0,1.2606056901558422e-05,4.935283509480991e-07,6.619348999993235
1183,33771.047464212585,623.8852879604163,34394.932752173,259.8886202364874,0.21207060218664953,112007822.55360875,0,False,1,0.9934718008094354,0,1.2582887847691065e-05,4.933304757944226e-07,6.624457199999597
1184,33770.98033788343,623.9354533223377,34394.91579120577,259.88836194752326,0.21207039142137588,112007822.55360875,0,False,1,0.9934859911517097,0,1.255949792734822e-05,4.931240119720759e-07,6.630211899995629
1185,33770.91314747096,623.9856901799204,34394.89883765088,259.888103411722,0.21207018045468173,112007822.55360875,0,False,1,0.9935001199033928,0,1.2535869650222983e-05,4.929087483456596e-07,6.635763299993414
1186,33770.84589380386,624.0359980148886,34394.881891818746,259.88784463227154,0.21206996928916844,112007822.55360875,0,False,1,0.9935141874647448,0,1.2511987819320885e-05,4.926844591828903e-07,6.641589299993939
1187,33770.77857761152,624.0863764165318,34394.86495402805,259.8875856119777,0.21206975792712557,112007822.55360875,0,False,1,0.9935281942325633,0,1.2487840139669753e-05,4.924509043661002e-07,6.647391299993615
1188,33770.71119951245,624.1368250935013,34394.848024605955,259.88732635321963,0.2120695463704945,112007822.55360875,0,False,1,0.9935421406002222,0,1.2463417839450972e-05,4.922078374307919e-07,6.652888199998415
1189,33770.64376000528,624.187343882966,34394.831103888246,259.88706685791533,0.21206933462084038,112007822.55360875,0,False,1,0.9935560269577076,0,1.24387162436885e-05,4.919550072579575e-07,6.6586490999980015
1190,33770.57625946242,624.2379327568901,34394.81419221931,259.88680712749704,0.21206912267933187,112007822.55360875,0,False,1,0.9935698536916551,0,1.2413735273235948e-05,4.916921639972478e-07,6.664116199994169
1191,33770.5086981265,624.288591825272,34394.79728995177,259.8865471628976,0.21206891054673024,112007822.55360875,0,False,1,0.9935836211853843,0,1.238847981252212e-05,4.914190681632964e-07,6.669488299994555
1192,33770.44107610981,624.3393213362785,34394.78039744609,259.88628696454845,0.21206869822338748,112007822.55360875,0,False,1,0.9935973298189359,0,1.2362959920646353e-05,4.911354916934641e-07,6.675487599997723
1193,33770.37339339651,624.3901216732944,34394.763515069804,259.8860265323879,0.2120684857092533,112007822.55360875,0,False,1,0.9936109799691056,0,1.2337190860116246e-05,4.908412291596268e-07,6.680836599996837
1194,33770.30564984769,624.4409933489892,34394.746643196675,259.8857658658807,0.2120682730038909,112007822.55360875,0,False,1,0.9936245720094791,0,1.231119293638862e-05,4.905360992490425e-07,6.6861998999956995
1195,33770.237845208976,624.4919369965872,34394.72978220556,259.88550496404747,0.2120680601065011,112007822.55360875,0,False,1,0.9936381063104658,0,1.228499113795826e-05,4.9021995386076e-07,6.691620199999306
1196,33770.169979120554,624.5429533585925,34394.712932479146,259.8852438255029,0.2120678470159535,112007822.55360875,0,False,1,0.9936515832393333,0,1.2258614614732557e-05,4.898926819134899e-07,6.696720099993399
1197,33770.10205112935,624.5940432732849,34394.69609440263,259.88498244850297,0.21206763373082493,112007822.55360875,0,False,1,0.99366500316024,0,1.223209599761039e-05,4.895542099803431e-07,6.701907699993171
1198,33770.03406070277,624.6452076593594,34394.679268362124,259.88472083099754,0.21206742024944253,112007822.55360875,0,False,1,0.9936783664342679,0,1.2205470612760176e-05,4.892045115968364e-07,6.707622599999013
1199,33769.96600724408,624.6964474991091,34394.66245474319,259.8844589706898,0.21206720656993208,112007822.55360875,0,False,1,0.9936916734194553,0,1.2178775623391534e-05,4.888436028186265e-07,6.712859199993545
1200,33769.897890108616,624.7477638205937,34394.64565392921,259.88419686509843,0.21206699269026874,112007822.55360875,0,False,1,0.9937049244708291,0,1.2152049137058171e-05,4.884715470871295e-07,6.718245299998671
1201,33769.829708620564,624.7991576792365,34394.6288662998,259.88393451162216,0.2120667786083299,112007822.55360875,0,False,1,0.9937181199404355,0,1.2125329329680336e-05,4.880884537488586e-07,6.726076199993258
1202,33769.76146209004,624.8506301393037,34394.61209222935,259.8836719076058,0.21206656432194892,112007822.55360875,0,False,1,0.9937312601773719,0,1.2098653607267452e-05,4.876944744593204e-07,6.734325399993395
1203,33769.6931498298,624.9021822557044,34394.595332085504,259.883409050404,0.2120663498289672,112007822.55360875,0,False,1,0.9937443455278178,0,1.2072057847165081e-05,4.872898057216619e-07,6.742513799996232
1204,33769.624771171395,624.9538150565282,34394.57858622792,259.88314593744394,0.21206613512728525,112007822.55360875,0,False,1,0.993757376335065,0,1.2045575728164758e-05,4.868746795788822e-07,6.748252499994123
1205,33769.55632548028,625.0055295267027,34394.56185500698,259.88288256628323,0.2120659202149101,112007822.55360875,0,False,1,0.9937703529395472,0,1.2019238161569565e-05,4.864493659409172e-07,6.755185799993342
1206,33769.48781216969,625.0573265931145,34394.545138762805,259.88261893466324,0.2120657050899987,112007822.55360875,0,False,1,0.9937832756788707,0,1.1993072836039697e-05,4.860141624306455e-07,6.760759699995106
1207,33769.419230712854,625.1092071114809,34394.52843782434,259.8823550405562,0.21206548975089634,112007822.55360875,0,False,1,0.9937961448878428,0,1.196710385224205e-05,4.855693948070567e-07,6.766654099999869
1208,33769.35058065341,625.1611718552084,34394.51175250862,259.8820908822053,0.2120652741961695,112007822.55360875,0,False,1,0.9938089608985013,0,1.1941351462409392e-05,4.851154087151142e-07,6.772163199995703
1209,33769.281861613876,625.213221506409,34394.49508312029,259.8818264581572,0.2120650584246322,112007822.55360875,0,False,1,0.9938217240401428,0,1.1915831882052657e-05,4.846525646087528e-07,6.777379799998016
1210,33769.21307330197,625.2653566491849,34394.47842995116,259.8815617672865,0.2120648424353661,112007822.55360875,0,False,1,0.9938344346393507,0,1.189055717255903e-05,4.841812356354774e-07,6.782474999999977
1211,33769.1442155149,625.3175777652237,34394.46179328012,259.8812968088119,0.21206462622773375,112007822.55360875,0,False,1,0.9938470930200242,0,1.1865535183952379e-05,4.837017974822695e-07,6.787533699993219
1212,33769.07528814136,625.3698852316892,34394.445173373046,259.88103158230444,0.21206440980138502,112007822.55360875,0,False,1,0.993859699503404,0,1.1840769546692884e-05,4.832146283755928e-07,6.792597799998475
1213,33769.006291161684,625.422279321325,34394.42857048301,259.88076608768756,0.21206419315625746,112007822.55360875,0,False,1,0.9938722544081016,0,1.1816259706659668e-05,4.827201006196158e-07,6.798295499997039
1214,33768.93722464594,625.47476020464,34394.41198485058,259.88050032523,0.2120639762925704,112007822.55360875,0,False,1,0.9938847580501241,0,1.179200101167657e-05,4.822185778461124e-07,6.803770799997437
1215,33768.868088750336,625.5273279539903,34394.39541670433,259.88023429553215,0.21206375921081372,112007822.55360875,0,False,1,0.9938972107429027,0,1.1767984842162483e-05,4.817104086680918e-07,6.809165699996811
1216,33768.79888371211,625.5799825493274,34394.37886626144,259.87996799950594,0.21206354191173157,112007822.55360875,0,False,1,0.9939096127973173,0,1.1744198799653188e-05,4.811959241412139e-07,6.814840399994864
1217,33768.72960984314,625.6327238853555,34394.362333728495,259.87970143835065,0.21206332439630257,112007822.55360875,0,False,1,0.9939219645217233,0,1.1720626961285451e-05,4.806754326866584e-07,6.820115499998792
1218,33768.66026752252,625.6855517798033,34394.345819302325,259.87943461352427,0.21206310666571646,112007822.55360875,0,False,1,0.9939342662219772,0,1.1697250196063305e-05,4.801492177640604e-07,6.825350699997216
1219,33768.59085718851,625.7384659825105,34394.32932317102,259.87916752671237,0.21206288872134865,112007822.55360875,0,False,1,0.9939465182014613,0,1.1674046564328686e-05,4.79617533428989e-07,6.8307025999965845
1220,33768.521379329984,625.7914661850114,34394.31284551499,259.8789001797952,0.2120626705647335,112007822.55360875,0,False,1,0.9939587207611089,0,1.1650991781392162e-05,4.790806028520434e-07,6.835992299995269
1221,33768.45183447779,625.844552030304,34394.2963865081,259.8786325748148,0.2120624521975372,112007822.55360875,0,False,1,0.9939708741994294,0,1.162805976420248e-05,4.785386168379446e-07,6.841748499995447
1222,33768.38222319632,625.8977231225042,34394.27994631883,259.87836471394195,0.21206223362153123,112007822.55360875,0,False,1,0.9939829788125322,0,1.1605223234985684e-05,4.779917310753502e-07,6.8496349999986705
1223,33768.31254607537,625.9509790360987,34394.26352511147,259.87809659944554,0.212062014838567,112007822.55360875,0,False,1,0.9939950348941511,0,1.1582454372364154e-05,4.774400680406631e-07,6.858161099997233
1224,33768.242803722744,626.004319324541,34394.24712304729,259.8778282336635,0.2120617958505522,112007822.55360875,0,False,1,0.9940070427356672,0,1.155972550463403e-05,4.768837155171144e-07,6.866894999999204
1225,33768.172996757654,626.0577435279611,34394.23074028562,259.87755961897767,0.21206157665943057,112007822.55360875,0,False,1,0.9940190026261339,0,1.1537009801403771e-05,4.7632272955630505e-07,6.873317799996585
1226,33768.10312580518,626.1112511798021,34394.214376984986,259.87729075779276,0.21206135726716424,112007822.55360875,0,False,1,0.994030914852299,0,1.1514281967082263e-05,4.7575713363193094e-07,6.878735099999176
1227,33768.03319149175,626.1648418122362,34394.19803330398,259.87702165251835,0.21206113767571946,112007822.55360875,0,False,1,0.9940427796986278,0,1.1491518884043731e-05,4.751869260437989e-07,6.884312499998487
1228,33767.96319444194,626.2185149602542,34394.18170940219,259.8767523055571,0.21206091788705686,112007822.55360875,0,False,1,0.9940545974473258,0,1.1468700210250268e-05,4.746120778022939e-07,6.890813899997738
1229,33767.89313527647,626.2722701643725,34394.16540544084,259.87648271929675,0.21206069790312482,112007822.55360875,0,False,1,0.9940663683783618,1,1.1445808888785077e-05,4.7403254087860284e-07,6.896629999995639
1230,33767.82303969777,626.326106966135,34394.149146663905,259.8762129926391,0.21206047780462778,112007822.55360875,0,False,1,0.9940780927694888,1,1.1396169916227548e-05,4.727190424788843e-07,6.902470099994389
1231,33767.75298488508,626.3800146233419,34394.13299950842,259.87594342256875,0.21206025783390686,112007822.55360875,0,False,1,0.994089770896267,0,1.1377718736841942e-05,4.6947390421481466e-07,6.908115499994892
1232,33767.68293023668,626.4339543679873,34394.11688460467,259.875673852851,0.21206003786347363,112007822.55360875,0,False,1,0.9941014030320847,0,1.1371607324775878e-05,4.6853641440528525e-07,6.91338139999425
1233,33767.61289369615,626.4879072011746,34394.10080089732,259.87540435253254,0.2120598179496707,112007822.55360875,0,False,1,0.9941129894481797,0,1.137456857614217e-05,4.6762960662685183e-07,6.918796199999633
1234,33767.542890277684,626.541856791427,34394.08474706911,259.87513497938846,0.21205959813964273,112007822.55360875,0,False,1,0.9941245304136608,0,1.1382672419465693e-05,4.667610968313084e-07,6.924458299996331
1235,33767.47293184924,626.5957898555458,34394.06872170478,259.874865779087,0.21205937847065534,112007822.55360875,0,False,1,0.9941360261955283,0,1.1391817051283776e-05,4.6593373378142657e-07,6.930114599999797
1236,33767.403027011685,626.6496964392503,34394.052723450935,259.87459678472493,0.2120591589697157,112007822.55360875,0,False,1,0.9941474770586953,0,1.1398193372299908e-05,4.651457196192643e-07,6.935845599997265
1237,33767.33318106151,626.7035700930542,34394.03675115457,259.87432801668393,0.21205893965345532,112007822.55360875,0,False,1,0.9941588832660063,0,1.1398672121123069e-05,4.6439122757033274e-07,6.941548299997521
1238,33767.263396025104,626.7574079419344,34394.02080396704,259.87405948276216,0.2120587205282376,112007822.55360875,0,False,1,0.9941702450782601,0,1.1391081140116166e-05,4.636614086849043e-07,6.94718859999557
1239,33767.19367075436,626.8112106503706,34394.004881404726,259.8737911785425,0.21205850159045808,112007822.55360875,0,False,1,0.9941815627542269,0,1.1374357400315545e-05,4.629456499006782e-07,6.953448899999785
1240,33767.1240010758,626.8649822872244,34393.98898336302,259.873523087966,0.21205828282701264,112007822.55360875,0,False,1,0.9941928365506698,0,1.1348572475903791e-05,4.62232931536775e-07,6.959534999994503
1241,33767.054379988,626.918730097581,34393.973110085586,259.87325518409165,0.2120580642159172,112007822.55360875,0,False,1,0.9942040667223634,0,1.1314840730779156e-05,4.6151312788590315e-07,6.966002099994512
1242,33766.98479790474,626.9724641910624,34393.957262095806,259.87298743003186,0.2120578457270713,112007822.55360875,0,False,1,0.9942152535221137,0,1.1275127352276143e-05,4.6077810578290624e-07,6.974396399993566
1243,33766.91524294262,627.0261971581319,34393.94144010075,259.8727197800593,0.21205762732316116,112007822.55360875,0,False,1,0.9942263972007759,0,1.1231979693452978e-05,4.600225246832394e-07,6.980478499994206
1244,33766.84570125297,627.0799436275622,34393.92564488053,259.8724521808842,0.21205740896070205,112007822.55360875,0,False,1,0.9942374980072748,0,1.118821074752447e-05,4.592442610353603e-07,6.986847599997418
1245,33766.77615739718,627.1337197794369,34393.909877176615,259.8721845730981,0.2120571905912163,112007822.55360875,0,False,1,0.9942485561886216,0,1.114656791017315e-05,4.584444381178892e-07,6.992564099993615
1246,33766.70659476292,627.1875428288388,34393.894137591764,259.87191689277597,0.2120569721625408,112007822.55360875,0,False,1,0.9942595719899339,0,1.1109422443736637e-05,4.5762708884129724e-07,6.998105399994529
1247,33766.636996016554,627.241430495686,34393.87842651224,259.87164907321676,0.21205675362024698,112007822.55360875,0,False,1,0.9942705456544525,0,1.107851397015837e-05,4.5679850799607787e-07,7.003470199997537
1248,33766.56734358379,627.2954004760603,34393.86274405985,259.8713810467932,0.2120565349091507,112007822.55360875,0,False,1,0.9942814774235601,0,1.1054778628942009e-05,4.5596638427728453e-07,7.009498299994448
1249,33766.4976201474,627.3494699298185,34393.847090077215,259.87111274686686,0.21205631597487457,112007822.55360875,0,False,1,0.9942923675367986,0,1.1038279170097479e-05,4.551388354172096e-07,7.015387699997518
1250,33766.427809147994,627.4036549983355,34393.83146414633,259.8708441097154,0.21205609676542078,112007822.55360875,0,False,1,0.9943032162318873,0,1.102824148397265e-05,4.543234388724521e-07,7.02061419999518
1251,33766.35789527136,627.4579703649291,34393.81586563629,259.8705750764074,0.21205587723270106,112007822.55360875,0,False,1,0.994314023744739,0,1.1023187378438487e-05,4.5352638478283036e-07,7.025817399997322
1252,33766.28786490439,627.5124288688992,34393.80029377329,259.87030559455764,0.21205565733396864,112007822.55360875,0,False,1,0.9943247903094784,0,1.1021140921628425e-05,4.5275182778314044e-07,7.033306899997115
1253,33766.21770654182,627.567041182268,34393.78474772409,259.87003561989144,0.21205543703309518,112007822.55360875,0,False,1,0.994335516158458,0,1.1019877653404005e-05,4.520014964789854e-07,7.0391998999984935
1254,33766.14741112666,627.6218155562474,34393.7692266829,259.86976511755523,0.21205521630164,112007822.55360875,0,False,1,0.9943462015222756,0,1.1017183600160553e-05,4.5127459210836714e-07,7.044473499998276
1255,33766.07697230996,627.6767576422819,34393.75372995224,259.86949406311606,0.21205499511966563,112007822.55360875,0,False,1,0.9943568466297904,0,1.10110936842954e-05,4.505679666588477e-07,7.049657599993225
1256,33766.006386618814,627.7318703902768,34393.73825700909,259.86922244320823,0.21205477347626558,112007822.55360875,0,False,1,0.9943674517081394,0,1.1000085382866098e-05,4.4987654638192813e-07,7.055207999997947
1257,33765.93565352596,627.7871540243773,34393.72280755034,259.8689502558009,0.2120545513697827,112007822.55360875,0,False,1,0.9943780169827539,0,1.0983211457017488e-05,4.4919393872169325e-07,7.060936799993215
1258,33765.86477541912,627.8426060944964,34393.70738151362,259.86867751008054,0.21205432880771322,112007822.55360875,0,False,1,0.9943885426773751,0,1.0960163705380445e-05,4.485131431159484e-07,7.066585199994734
1259,33765.79375747308,627.8982215997263,34393.691979072806,259.8684042259585,0.21205410580630485,112007822.55360875,0,False,1,0.99439902901407,0,1.0931267111620284e-05,4.4782729120492737e-07,7.072003699999186
1260,33765.72260743235,627.9539931779028,34393.67660061025,259.86813043323474,0.21205388238987458,112007822.55360875,0,False,1,0.994409476213247,1,1.0897409992886703e-05,4.4713032167362985e-07,7.077568299995619
1261,33765.65134433875,628.0099113516849,34393.66125569044,259.8678562051827,0.21205365861821393,112007822.55360875,0,False,1,0.9944198844936719,1,1.0847110965167002e-05,4.4615526248206645e-07,7.082920599998033
1262,33765.57998390757,628.0659575125965,34393.64594142017,259.86758160227515,0.21205343454066905,112007822.55360875,0,False,1,0.9944302540724818,0,1.0804756698251856e-05,4.4526432226713213e-07,7.089717599999858
1263,33765.508542276526,628.1221123015426,34393.63065457807,259.86730668661085,0.21205321020791287,112007822.55360875,0,False,1,0.9944405851652022,0,1.0766448633194239e-05,4.44467042697215e-07,7.096099499998672
1264,33765.43703808607,628.1783575455855,34393.615395631656,259.8670315299194,0.21205298567847716,112007822.55360875,0,False,1,0.9944508779857604,0,1.0733795727125086e-05,4.4365616894616144e-07,7.101620299996284
1265,33765.36548978147,628.2346750320456,34393.60016481351,259.8667562031799,0.21205276101028123,112007822.55360875,0,False,1,0.9944611327465004,0,1.0707668448061854e-05,4.4283853171871e-07,7.107518099997833
1266,33765.29391511326,628.2910469946423,34393.5849621079,259.86648077469806,0.212052536259063,112007822.55360875,0,False,1,0.9944713496581985,0,1.0688140496577622e-05,4.4202135098637374e-07,7.1127172999986215
1267,33765.22233069557,628.3474565710814,34393.56978726665,259.866205308407,0.21205231147699224,112007822.55360875,0,False,1,0.9944815289300767,0,1.0674525870862587e-05,4.412113849233576e-07,7.1177056999949855
1268,33765.15075163029,628.403888220448,34393.554639850736,259.8659298624207,0.21205208671149028,112007822.55360875,0,False,1,0.9944916707698178,0,1.066550174652499e-05,4.404141822877608e-07,7.123439499999222
1269,33765.07919120095,628.4603280902645,34393.53951929122,259.86565448785626,0.21205186200426893,112007822.55360875,0,False,1,0.994501775383579,0,1.065929669878627e-05,4.396335207529634e-07,7.1285022999945795
1270,33765.007660637006,628.5167643247988,34393.524424961804,259.86537922792644,0.21205163739059013,112007822.55360875,0,False,1,0.9945118429760057,0,1.0653916851193317e-05,4.388710677880397e-07,7.133591799996793
1271,33764.93616894621,628.5731873081105,34393.50935625432,259.8651041172947,0.2120514128987394,112007822.55360875,0,False,1,0.9945218737502465,0,1.0647380401755253e-05,4.381262966667246e-07,7.139251599997806
1272,33764.86472281121,628.6295898373387,34393.494312648545,259.86482918167746,0.21205118854970148,112007822.55360875,0,False,1,0.9945318679079651,0,1.0637933327644616e-05,4.373966499900224e-07,7.144379599994863
1273,33764.79332654548,628.6859672238218,34393.4792937693,259.86455443767426,0.21205096435702175,112007822.55360875,0,False,1,0.9945418256493554,0,1.0624224552843104e-05,4.366779109518465e-07,7.150047199997061
1274,33764.72198210334,628.7423173216989,34393.46429942504,259.8642798928061,0.21205074032683735,112007822.55360875,0,False,1,0.9945517471731544,0,1.0605425877595655e-05,4.359647400383127e-07,7.155615099996794
1275,33764.65068913943,628.7986404856728,34393.4493296251,259.86400554574476,0.21205051645806441,112007822.55360875,0,False,1,0.9945616326766545,0,1.0581289278448969e-05,4.352512967720295e-07,7.160973999998532
1276,33764.57944511321,628.8549394615095,34393.43438457472,259.86373138671433,0.2120502927427258,112007822.55360875,0,False,1,0.9945714823557184,0,1.0552140847290394e-05,4.345318853635247e-07,7.166682899995067
1277,33764.50824543513,628.9112192145894,34393.41946464972,259.86345739805404,0.2120500691664102,112007822.55360875,0,False,1,0.9945812964047901,0,1.0518816393542043e-05,4.338015457845442e-07,7.172404199998709
1278,33764.437083651406,628.9674867033654,34393.404570354774,259.86318355492915,0.21204984570885232,112007822.55360875,0,False,1,0.9945910750169095,0,1.0482548469941553e-05,4.3305653166343046e-07,7.177907299999788
1279,33764.36595166459,629.0237506058709,34393.38970227046,259.86290982617965,0.2120496223446254,112007822.55360875,0,False,1,0.9946008183837234,0,1.0444818359496454e-05,4.3229463607680333e-07,7.183621399999538
1280,33764.29483998715,629.0800210084597,34393.37486099561,259.8626361752961,0.21204939904393752,112007822.55360875,0,False,1,0.9946105266954994,0,1.0407189363088973e-05,4.315153284271232e-07,7.189023299994005
1281,33764.2237380243,629.1363090666786,34393.36004709098,259.86236256150795,0.21204917577351975,112007822.55360875,0,False,1,0.9946202001411376,0,1.037113922988676e-05,4.3071971531009723e-07,7.194262499993783
1282,33764.15263438173,629.1926266486364,34393.345261030365,259.8620889409678,0.21204895249759229,112007822.55360875,0,False,1,0.9946298389081831,0,1.0337909555965524e-05,4.299103255828693e-07,7.199810599995544
1283,33764.081517192215,629.2489859713548,34393.33050316357,259.86181526800823,0.21204872917889028,112007822.55360875,0,False,1,0.9946394431828375,0,1.030838801227595e-05,4.290907640581642e-07,7.2052752999952645
1284,33764.01037445391,629.3053992404335,34393.31577369434,259.86154149644346,0.21204850577972587,112007822.55360875,0,False,1,0.9946490131499722,0,1.0283035392648149e-05,4.282652774035325e-07,7.210802999994485
1285,33763.939194371655,629.3618783029319,34393.301072674585,259.86126758088307,0.2120482822630602,112007822.55360875,0,False,1,0.9946585489931392,0,1.0261863888243622e-05,4.2743828047914206e-07,7.2196229999972275
1286,33763.86796569154,629.4184343226632,34393.28640001421,259.8609934780191,0.21204805859355375,112007822.55360875,0,False,1,0.994668050894583,0,1.024446656716021e-05,4.266139021368885e-07,7.227487199997995
1287,33763.79667801826,629.4750774861758,34393.27175550444,259.8607191478476,0.21204783473856303,112007822.55360875,0,False,1,0.9946775190352524,0,1.0230091680043003e-05,4.25795592791237e-07,7.233460199997353
1288,33763.72532210456,629.5318167465663,34393.25713885113,259.86044455478236,0.21204761066904954,112007822.55360875,0,False,1,0.994686953594812,0,1.0217750264571982e-05,4.2498583480306143e-07,7.239316099999996
1289,33763.65389010267,629.5886596109832,34393.24254971366,259.86016966862263,0.21204738636036924,112007822.55360875,0,False,1,0.9946963547516539,0,1.0206342268352578e-05,4.2418597958220075e-07,7.245074799997383
1290,33763.58237576863,629.6456119762723,34393.227987744904,259.85989446533927,0.21204716179291425,112007822.55360875,0,False,1,0.994705722682908,0,1.0194785487120601e-05,4.233962160633108e-07,7.25041479999345
1291,33763.51077461206,629.7026780157352,34393.213452627795,259.85961892765124,0.21204693695258314,112007822.55360875,0,False,1,0.9947150575644544,0,1.0182132706938788e-05,4.226156705554611e-07,7.25608509999438
1292,33763.43908398629,629.7598601184502,34393.19894410474,259.8593430453725,0.21204671183106405,112007822.55360875,0,False,1,0.9947243595709333,0,1.0167665225643055e-05,4.2184261363742414e-07,7.261556899997231
1293,33763.367303116145,629.8171588811045,34393.18446199725,259.8590668155189,0.21204648642592186,112007822.55360875,0,False,1,0.9947336288757563,0,1.0150954618559886e-05,4.2107474553946724e-07,7.267102799996792
1294,33763.295433063526,629.8745731508275,34393.17000621435,259.85879024217564,0.21204626074049016,112007822.55360875,0,False,1,0.9947428656511177,0,1.013188867631141e-05,4.203095212978327e-07,7.272609099993133
1295,33763.223476633466,629.9321001161467,34393.15557674961,259.8585133361363,0.21204603478357656,112007822.55360875,0,False,1,0.994752070068004,0,1.0110661422674038e-05,4.195444833145173e-07,7.2782214999970165
1296,33763.15143822605,629.9897354419584,34393.14117366801,259.8582361143323,0.21204580856899718,112007822.55360875,0,False,1,0.994761242296206,0,1.008773065886617e-05,4.1877755499237397e-07,7.283847199993033
1297,33763.07932364156,630.0474734433012,34393.126797084864,259.85795859908376,0.21204558211496535,112007822.55360875,0,False,1,0.9947703825043277,0,1.0063749444107381e-05,4.180072728092731e-07,7.289703499998723
1298,33763.00713984788,630.1053072918306,34393.11244713971,259.8576808172038,0.21204535544336078,112007822.55360875,0,False,1,0.994779490859798,0,1.003948013302871e-05,4.1723293250255474e-07,7.295573599993077
1299,33762.93489472034,630.1632292481729,34393.09812396851,259.85740279899795,0.21204512857891294,112007822.55360875,0,False,1,0.9947885675288797,0,1.001570097928357e-05,4.1645463815118436e-07,7.300874299995485
1300,33762.86259676458,630.2212309128482,34393.08382767743,259.8571245771975,0.21204490154833072,112007822.55360875,0,False,1,0.9947976126766807,0,9.993115706897736e-06,4.1567325605926136e-07,7.30637609999394
1301,33762.790254832944,630.2793034881718,34393.06955832111,259.85684618586805,0.21204467437941188,112007822.55360875,0,False,1,0.9948066264671631,0,9.97227577887354e-06,4.1489028401820803e-07,7.311723399994662
1302,33762.71787784433,630.3374380434842,34393.05531588781,259.85656765933135,0.21204444710016312,112007822.55360875,0,False,1,0.9948156090631542,0,9.95352341563547e-06,4.1410765266004873e-07,7.31705779999902
1303,33762.64547451633,630.3956257762194,34393.04110029255,259.8562890311348,0.21204421973795937,112007822.55360875,0,False,1,0.9948245606263549,0,9.936960754418426e-06,4.1332749105762785e-07,7.323544499995478
1304,33762.57305311723,630.4538582616733,34393.0269113789,259.8560103330967,0.21204399231876453,112007822.55360875,0,False,1,0.9948334813173508,0,9.922447334736913e-06,4.1255187645765354e-07,7.32936879999761
1305,33762.50062124388,630.512127684886,34393.01274892877,259.85573159445175,0.21204376486643423,112007822.55360875,0,False,1,0.9948423712956209,0,9.909624672869072e-06,4.117826026297043e-07,7.334673599994858
1306,33762.428185629964,630.5704270487481,34392.99861267871,259.85545284111305,0.21204353740211376,112007822.55360875,0,False,1,0.9948512307195476,0,9.897963579711534e-06,4.110209873519416e-07,7.343195699999342
1307,33762.355751987605,630.6287503533055,34392.98450234091,259.85517409506247,0.21204330994374043,112007822.55360875,0,False,1,0.9948600597464253,0,9.886827516444521e-06,4.102677397659013e-07,7.352321499995014
1308,33762.28332488408,630.6870927421797,34392.97041762626,259.8548953738762,0.21204308250565654,112007822.55360875,0,False,1,0.9948688585324715,0,9.8755438908615e-06,4.095228969089193e-07,7.35939359999611
1309,33762.21090765412,630.7454506130782,34392.9563582672,259.85461669038756,0.21204285509833412,112007822.55360875,0,False,1,0.9948776272328337,0,9.863474944660254e-06,4.087858330208329e-07,7.365431599995645
1310,33762.13850234733,630.8038216904483,34392.94232403777,259.854338052484,0.2120426277282094,112007822.55360875,0,False,1,0.9948863660016005,0,9.850080609146398e-06,4.0805533781722987e-07,7.371364899998298
1311,33762.066109709835,630.8622050594479,34392.928314769284,259.8540594630372,0.21204240039762562,112007822.55360875,0,False,1,0.9948950749918092,0,9.834967215944282e-06,4.0732974680516534e-07,7.376980899993214
1312,33761.99372919841,630.9206011614948,34392.914330359905,259.85378091995665,0.21204217310487702,112007822.55360875,0,False,1,0.994903754355456,0,9.817917956316645e-06,4.066071156024673e-07,7.382988299999852
1313,33761.92135902521,630.9790117527185,34392.90037077793,259.85350241636235,0.2120419458443494,112007822.55360875,0,False,1,0.9949124042435034,0,9.798903195422305e-06,4.058854054699055e-07,7.393022299998847
1314,33761.84899623092,631.037439827614,34392.88643605853,259.853223940866,0.21204171860674986,112007822.55360875,0,False,1,0.994921024805891,0,9.778070952888366e-06,4.0516267159409357e-07,7.39979919999314
1315,33761.77663678388,631.0958895110886,34392.87252629497,259.8529454779525,0.21204149137941808,112007822.55360875,0,False,1,0.9949296161915413,0,9.755719799394592e-06,4.0443722534976725e-07,7.407901999999012
1316,33761.70427570252,631.1543659228623,34392.85864162538,259.85266700845125,0.21204126414671057,112007822.55360875,0,False,1,0.9949381785483716,0,9.732258082607925e-06,4.0370776165607264e-07,7.413745299993025
1317,33761.6319071981,631.2128750188197,34392.84478221692,259.85238851008506,0.21204103689044912,112007822.55360875,0,False,1,0.9949467120232998,0,9.708154514481475e-06,4.0297343725260914e-07,7.4190703999993275
1318,33761.559524834694,631.2714234143934,34392.83094824909,259.8521099580863,0.2120408095904232,112007822.55360875,0,False,1,0.994955216762254,0,9.68388578131912e-06,4.022338924906639e-07,7.424707099999068
1319,33761.48712170252,631.3300181953987,34392.81713989792,259.85183132586354,0.21204058222493405,112007822.55360875,0,False,1,0.9949636929101806,0,9.659886894937923e-06,4.0148922869805783e-07,7.43059699999867
1320,33761.41469060075,631.3886667219037,34392.80335732266,259.8515525857052,0.2120403547713688,112007822.55360875,0,False,1,0.9949721406110532,0,9.636509430137752e-06,4.007399337130519e-07,7.436550799997349
1321,33761.342224225285,631.447376430732,34392.78960065602,259.8512737095021,0.2120401272067903,112007822.55360875,0,False,1,0.9949805600078796,0,9.613991710654509e-06,3.999867790697133e-07,7.442273799999384
1322,33761.26971535675,631.5061546420529,34392.775869998804,259.8509946694711,0.21203989950852728,112007822.55360875,0,False,1,0.9949889512427104,0,9.592443525292021e-06,3.9923069264263826e-07,7.4483389999950305
1323,33761.19715704373,631.5650083752193,34392.76216541895,259.8507154388601,0.21203967165474988,112007822.55360875,0,False,1,0.9949973144566472,0,9.571846160296646e-06,3.984726300219855e-07,7.454461599998467
1324,33761.124542776044,631.6239441785957,34392.74848695464,259.85043599261496,0.21203944362501378,112007822.55360875,0,False,1,0.9950056497898503,0,9.552066814437518e-06,3.977134562543385e-07,7.460200199995597
1325,33761.05186664324,631.6829679775725,34392.73483462081,259.8501563079893,0.21203921540075785,112007822.55360875,0,False,1,0.9950139573815467,0,9.532884851674042e-06,3.9695384725785313e-07,7.465708999996423
1326,33760.979123473604,631.7420849443282,34392.721208417934,259.8498763650797,0.21203898696574067,112007822.55360875,0,False,1,0.9950222373700379,0,9.514026171842555e-06,3.961942236050584e-07,7.471339699994132
1327,33760.906308949496,631.8012993921833,34392.707608341676,259.8495961472694,0.21203875830640298,112007822.55360875,0,False,1,0.995030489892707,0,9.495201321656213e-06,3.954347251356232e-07,7.477162699993642
1328,33760.83341969581,631.8606146966144,34392.69403439242,259.84931564156875,0.21203852941214515,112007822.55360875,0,False,1,0.9950387150860271,0,9.47614283661526e-06,3.9467521455212454e-07,7.4828954999975394
1329,33760.76045333901,631.9200332442005,34392.68048658321,259.84903483884256,0.21203830027551276,112007822.55360875,0,False,1,0.995046913085568,0,9.456637697954721e-06,3.939153239615618e-07,7.4890529999975115
1330,33760.68740853543,631.9795564099562,34392.66696494538,259.84875373391895,0.21203807089228555,112007822.55360875,0,False,1,0.9950550840260046,0,9.436551640089718e-06,3.931545210916568e-07,7.495121499996458
1331,33760.61428496851,632.0391845627066,34392.65346953122,259.84847232557865,0.21203784126146857,112007822.55360875,0,False,1,0.9950632280411236,0,9.415843116393347e-06,3.923921972975552e-07,7.500741999996535
1332,33760.541083316006,632.0989170974034,34392.64000041341,259.848190616429,0.21203761138518942,112007822.55360875,0,False,1,0.9950713452638311,0,9.39456601709668e-06,3.9162775916521763e-07,7.506588299998839
1333,33760.46780518891,632.1587524925623,34392.62655768148,259.84790861266873,0.21203738126850635,112007822.55360875,0,False,1,0.9950794358261598,0,9.372861442808137e-06,3.908607171532831e-07,7.5122643999930006
1334,33760.39445304532,632.2186883903827,34392.61314143571,259.84762632375663,0.21203715091913775,112007822.55360875,0,False,1,0.9950874998592755,0,9.35094003001432e-06,3.9009075815693897e-07,7.517764299998817
1335,33760.3210300827,632.2787216965522,34392.59975177925,259.8473437619969,0.2120369203471239,112007822.55360875,0,False,1,0.9950955374934856,0,9.329057183711754e-06,3.893177992435186e-07,7.52352019999671
1336,33760.24754011312,632.3388486962999,34392.586388809425,259.8470609420592,0.2120366895644354,112007822.55360875,0,False,1,0.9951035488582447,0,9.307484252821708e-06,3.8854200965485694e-07,7.529261299998325
1337,33760.17398742615,632.3990651829234,34392.57305260907,259.8467778804507,0.21203645858454206,112007822.55360875,0,False,1,0.9951115340821629,0,9.286478936018781e-06,3.877638105963233e-07,7.534721799995168
1338,33760.10037664424,632.4593665948046,34392.55974323904,259.8464945949598,0.21203622742195943,112007822.55360875,0,False,1,0.9951194932930115,0,9.26625816496364e-06,3.869838411768779e-07,7.540719199998421
1339,33760.02671257567,632.5197481568058,34392.546460732476,259.84621110409006,0.21203599609178653,112007822.55360875,0,False,1,0.9951274266177301,0,9.246976264361096e-06,3.862029074245403e-07,7.546228499995777
1340,33759.953000069436,632.5802050219787,34392.533205091415,259.8459274265019,0.2120357646092503,112007822.55360875,0,False,1,0.9951353341824339,0,9.228710509928253e-06,3.8542191331943605e-07,7.551748399993812
1341,33759.8792438765,632.6407324096232,34392.51997628612,259.8456435804784,0.2120355329892699,112007822.55360875,0,False,1,0.9951432161124202,0,9.21145527693433e-06,3.8464178294128965e-07,7.557447199993476
1342,33759.80544852107,632.7013257359765,34392.506774257046,259.8453595834302,0.21203530124605244,112007822.55360875,0,False,1,0.9951510725321739,0,9.195124961221676e-06,3.838633832513753e-07,7.563186599996698
1343,33759.73161818495,632.7619807341395,34392.49359891909,259.8450754514503,0.21203506939272998,112007822.55360875,0,False,1,0.9951589035653763,0,9.1795648681189e-06,3.8308745681741444e-07,7.569177799996396
1344,33759.65775660763,632.8226935602544,34392.48045016789,259.8447911989295,0.2120348374410454,112007822.55360875,0,False,1,0.9951667093349094,0,9.164568447823522e-06,3.8231456426989585e-07,7.574852399993688
1345,33759.58386700369,632.8834608834325,34392.46732788712,259.8445068382385,0.21203460540109334,112007822.55360875,0,False,1,0.9951744899628637,0,9.14989864599681e-06,3.8154505277971026e-07,7.580432699993253
1346,33759.50995199902,632.944279957458,34392.45423195648,259.84422237948263,0.21203437328111982,112007822.55360875,0,False,1,0.9951822455705438,0,9.135310821901008e-06,3.8077903849844776e-07,7.586181499995291
1347,33759.436013586404,633.0051486728778,34392.44116225928,259.8439378303308,0.21203414108738264,112007822.55360875,0,False,1,0.9951899762784754,0,9.12057472975e-06,3.800164160779222e-07,7.592470099996717
1348,33759.36205310061,633.0660655886576,34392.42811868927,259.8436531959194,0.21203390882407316,112007822.55360875,0,False,1,0.9951976822064108,0,9.10549330877317e-06,3.792568823640361e-07,7.597937899998215
1349,33759.28807121274,633.1270299432026,34392.41510115594,259.8433684788309,0.2120336764932987,112007822.55360875,0,False,1,0.9952053634733358,0,9.08991653265798e-06,3.784999793423951e-07,7.603454599993711
1350,33759.21406794309,633.1880416451044,34392.40210958819,259.84308367914315,0.2120334440951228,112007822.55360875,0,False,1,0.995213020197475,0,9.073749260633745e-06,3.777451425845227e-07,7.609492799994769
1351,33759.140042691586,633.249101244534,34392.38914393612,259.84279879454647,0.21203321162766073,112007822.55360875,0,False,1,0.9952206524962992,0,9.056952702492365e-06,3.769917562524761e-07,7.615674599997874
1352,33759.06599428429,633.3102098867117,34392.376204171,259.8425138205228,0.2120329790872257,112007822.55360875,0,False,1,0.9952282604865293,0,9.039539840009998e-06,3.7623920408402234e-07,7.621578599995701
1353,33758.99192103457,633.3713692493312,34392.3632902839,259.8422287505808,0.21203274646852074,112007822.55360875,0,False,1,0.995235844284145,0,9.02156575807517e-06,3.7548691085787115e-07,7.627291400000104
1354,33758.91782081679,633.432581466207,34392.350402282995,259.84194357653956,0.21203251376487026,112007822.55360875,0,False,1,0.9952434040043884,0,9.00311431314116e-06,3.7473437920475536e-07,7.632947799997055
1355,33758.84369115073,633.4938490397192,34392.33754019045,259.8416582888538,0.2120322809684852,112007822.55360875,0,False,1,0.9952509397617704,0,8.984282866679457e-06,3.739812020895012e-07,7.63864079999621
1356,33758.769529294215,633.5551747448628,34392.32470403908,259.84137287696973,0.21203204807075357,112007822.55360875,0,False,1,0.9952584516700772,0,8.965166899282876e-06,3.732270700041923e-07,7.644433899993601
1357,33758.69533234146,633.6165615278483,34392.31189386931,259.8410873297041,0.21203181506254984,112007822.55360875,0,False,1,0.9952659398423759,0,8.945846251562276e-06,3.724717616598585e-07,7.6499517999982345
1358,33758.621097324714,633.6780124022638,34392.29910972698,259.84080163563505,0.21203158193455365,112007822.55360875,0,False,1,0.9952734043910191,0,8.926374415985883e-06,3.7171511965754307e-07,7.655915399998776
1359,33758.546821316275,633.7395303457723,34392.28635166205,259.8405157834947,0.2120313486775704,112007822.55360875,0,False,1,0.9952808454276518,0,8.906771913790636e-06,3.709570240437287e-07,7.661515499996312
1360,33758.472501528144,633.8011182002183,34392.27361972836,259.8402297625529,0.21203111528284416,112007822.55360875,0,False,1,0.9952882630632165,0,8.88702427211537e-06,3.7019736226920997e-07,7.667084699998668
1361,33758.39813540679,633.862778577823,34392.26091398461,259.83994356298183,0.21203088174235546,112007822.55360875,0,False,1,0.9952956574079583,0,8.867084569831146e-06,3.694359928011501e-07,7.672911799993017
1362,33758.32372072016,633.9245137759006,34392.24823449606,259.8396571761907,0.2120306480490941,112007822.55360875,0,False,1,0.995303028571431,0,8.846880012380513e-06,3.6867272502500914e-07,7.678626699998858
1363,33758.24925563477,633.986325702214,34392.23558133699,259.8393705951228,0.21203041419730176,112007822.55360875,0,False,1,0.9953103766625025,0,8.826321583085927e-06,3.679072966077237e-07,7.683741899993038
1364,33758.17473878066,634.0482158127209,34392.22295459338,259.83908381450493,0.21203018018267555,112007822.55360875,0,False,1,0.9953177017893594,0,8.805315542863214e-06,3.671393671508063e-07,7.689646699996956
1365,33758.100169302495,634.1101850630713,34392.21035436557,259.8387968310448,0.2120299460025289,112007822.55360875,0,False,1,0.9953250040595131,0,8.783775383160479e-06,3.663685196710843e-07,7.69738239999424
1366,33758.025546895544,634.172233874789,34392.19778077033,259.83850964356895,0.2120297116559042,112007822.55360875,0,False,1,0.9953322835798047,0,8.76163289927795e-06,3.655942758327333e-07,7.706949299994449
1367,33757.95087182577,634.2343621166336,34392.18523394241,259.8382222531003,0.21202947714363624,112007822.55360875,0,False,1,0.9953395404564105,0,8.738847204637645e-06,3.648161132949346e-07,7.713795499999833
1368,33757.876144933674,634.296569101209,34392.17271403488,259.8379346628728,0.21202924246836388,112007822.55360875,0,False,1,0.9953467747948471,0,8.715410794271408e-06,3.6403349892646203e-07,7.720247599994764
1369,33757.80136762215,634.3588535964537,34392.160221218604,259.83764687828494,0.2120290076344924,112007822.55360875,0,False,1,0.995353986699976,0,8.691352126217221e-06,3.632459158851571e-07,7.726791499997489
1370,33757.7265418292,634.4212138512578,34392.14775568046,259.83735890679463,0.21202877264810743,112007822.55360875,0,False,1,0.9953611762760091,0,8.666734594546626e-06,3.624528981020243e-07,7.732739199993375
1371,33757.65166998663,634.4836476340772,34392.13531762071,259.83707075776016,0.21202853751684542,112007822.55360875,0,False,1,0.9953683436265139,0,8.641652133083827e-06,3.616540565146252e-07,7.739463599995361
1372,33757.57675496647,634.5461522830967,34392.12290724956,259.83678244223415,0.21202830224972535,112007822.55360875,0,False,1,0.9953754888544187,0,8.616222062186485e-06,3.6084910212715603e-07,7.745682799999486
1373,33757.50180001704,634.6087247662227,34392.11052478326,259.83649397271756,0.2120280668569481,112007822.55360875,0,False,1,0.9953826120620162,0,8.590576005268982e-06,3.600378591273179e-07,7.751027899998007
1374,33757.426808690885,634.6713617489672,34392.09817043985,259.83620536288197,0.21202783134966974,112007822.55360875,0,False,1,0.9953897133509696,0,8.564849891608572e-06,3.592202752529515e-07,7.760625999995682
1375,33757.35178476714,634.7340596681271,34392.08584443526,259.8359166272713,0.21202759573975816,112007822.55360875,0,False,1,0.9953967928223176,0,8.539174093479005e-06,3.5839641206059254e-07,7.77050789999339
1376,33757.276732170525,634.7968148090798,34392.073546979605,259.83562778098974,0.21202736003953854,112007822.55360875,0,False,1,0.9954038505764784,0,8.513664674908078e-06,3.575664387905041e-07,7.7770509999973
1377,33757.20165488959,634.8596233844696,34392.061278274065,259.83533883938725,0.2120271242615365,112007822.55360875,0,False,1,0.9954108867132545,0,8.488416559094694e-06,3.5673061480749863e-07,7.782559999999648
1378,33757.126556896656,634.9224816121122,34392.04903850877,259.8350498177513,0.2120268884182267,112007822.55360875,0,False,1,0.9954179013318379,0,8.463499184790358e-06,3.558892616753122e-07,7.789207799993164
1379,33757.05144207119,634.9853857900194,34392.03682786121,259.83476073101224,0.21202665252179234,112007822.55360875,0,False,1,0.995424894530815,0,8.438954907692001e-06,3.5504274686666843e-07,7.794913699995959
1380,33756.976314129104,635.0483323666032,34392.02464649571,259.8344715934708,0.212026416583903,112007822.55360875,0,False,1,0.9954318664081699,0,8.414800106070464e-06,3.541914530872642e-07,7.8002223999938
1381,33756.90117655912,635.1113180043097,34392.01249456343,259.8341824185537,0.21202618061551487,112007822.55360875,0,False,1,0.9954388170612908,0,8.391028665425698e-06,3.53335763255077e-07,7.806299099996977
1382,33756.82603256798,635.1743396351749,34392.000372203154,259.83389321860216,0.2120259446266985,112007822.55360875,0,False,1,0.9954457465869727,1,8.367617267095418e-06,3.524760372288136e-07,7.811822399999073
1383,33756.75088563011,635.2373945065941,34391.9882801367,259.8336040069879,0.2120257086283653,112007822.55360875,0,False,1,0.9954526550814233,1,8.345080359268379e-06,3.515953223116476e-07,7.818180599999323
1384,33756.67574178914,635.300476391994,34391.97621818114,259.8333148069706,0.21202547263949525,112007822.55360875,0,False,1,0.9954595426402668,0,8.323970905335702e-06,3.507199252863032e-07,7.825268499997037
1385,33756.600607030225,635.3635789183948,34391.96418594862,259.83302564158475,0.2120252366788847,112007822.55360875,0,False,1,0.9954664093585487,0,8.30327872444701e-06,3.498558047426961e-07,7.830757299998368
1386,33756.525485666476,635.426697818928,34391.9521834854,259.8327365274302,0.21202500076007919,112007822.55360875,0,False,1,0.9954732553307397,0,8.282723546984837e-06,3.4899033840559586e-07,7.837143599994306
1387,33756.45038121614,635.4898296215729,34391.94021083772,259.83244747804747,0.21202476489412783,112007822.55360875,0,False,1,0.9954800806507402,0,8.26204203595827e-06,3.481235266984856e-07,7.842951799997536
1388,33756.37529636495,635.5529716937745,34391.92826805873,259.8321585037732,0.21202452908946542,112007822.55360875,0,False,1,0.9954868854118847,0,8.241016263375994e-06,3.472551684282155e-07,7.848730399993656
1389,33756.30023295108,635.6161222627841,34391.91635521386,259.83186961168207,0.2120242933518649,112007822.55360875,0,False,1,0.9954936697069463,0,8.219495420570416e-06,3.463849066931111e-07,7.854818099993281
1390,33756.22519197174,635.679280411965,34391.9044723837,259.83158080561236,0.21202405768445837,112007822.55360875,0,False,1,0.9955004336281402,0,8.197408867035877e-06,3.455123012362102e-07,7.860458299997845
1391,33756.150173610666,635.7424460539561,34391.89261966462,259.8312920862715,0.21202382208782308,112007822.55360875,0,False,1,0.9955071772671289,0,8.174769674995079e-06,3.4463689233627006e-07,7.866195999995398
1392,33756.075177284736,635.8056198821935,34391.88079716693,259.8310034514155,0.2120235865601279,112007822.55360875,0,False,1,0.9955139007150252,0,8.151668848829871e-06,3.4375827527694324e-07,7.872474899995723
1393,33756.000201708295,635.8688033028288,34391.869005011125,259.83071489609654,0.21202335109733544,112007822.55360875,0,False,1,0.9955206040623972,0,8.128261392011943e-06,3.4287615366010006e-07,7.8784621999948286
1394,33755.92524497302,635.9319983495551,34391.85724332257,259.83042641297044,0.21202311569345272,112007822.55360875,0,False,1,0.9955272873992719,0,8.104746129507061e-06,3.4199038594934497e-07,7.884762999994564
1395,33755.85030464121,635.9952075842385,34391.845512225445,259.8301379926555,0.2120228803408243,112007822.55360875,0,False,1,0.9955339508151392,0,8.081341802302029e-06,3.411010066263858e-07,7.891089299999294
1396,33755.77537785006,636.0584339865482,34391.83381183661,259.82984962413406,0.21202264503045967,112007822.55360875,0,False,1,0.9955405943989568,1,8.058262145405326e-06,3.402082285185616e-07,7.896907799993642
1397,33755.70076519256,636.1216807336385,34391.8224459262,259.8295624642914,0.21202241070638386,112007822.55360875,0,False,1,0.9955472182391527,1,7.733742481474105e-06,3.3048282543276084e-07,7.902495700000145
1398,33755.62688778242,636.1848889097615,34391.81177669218,259.82927813386397,0.21202217869112702,112007822.55360875,0,False,1,0.9955538224236301,0,7.908770777773182e-06,3.102258985072059e-07,7.908366299998306
1399,33755.55330728562,636.2479131431744,34391.801220428795,259.8289949458513,0.2120219476080872,112007822.55360875,0,False,1,0.9955604070397711,0,8.30212773012873e-06,3.069411827449014e-07,7.914099699999497
1400,33755.480080436246,636.3106795822171,34391.79076001846,259.82871311860913,0.2120217176354439,112007822.55360875,0,False,1,0.9955669721744406,0,8.824743772152592e-06,3.0415418679451873e-07,7.920360399999481
1401,33755.407250509095,636.3731246369102,34391.78037514601,259.8284328186933,0.21202148890910763,112007822.55360875,0,False,1,0.9955735179139898,0,9.388644387691356e-06,3.0195788658792556e-07,7.926245599999675
1402,33755.33484816511,636.4351964147827,34391.7700445799,259.8281541641133,0.21202126152537484,112007822.55360875,0,False,1,0.9955800443442603,0,9.921511562615485e-06,3.0037892769176e-07,7.931524099993112
1403,33755.26289259673,636.4968557939735,34391.7597483907,259.82787722874053,0.21202103554452498,112007822.55360875,0,False,1,0.9955865515505881,0,1.0370049622071238e-05,2.993794499021127e-07,7.936914599995362
1404,33755.19139276224,636.5580771156722,34391.74946987791,259.82760204705824,0.21202081099469658,112007822.55360875,0,False,1,0.9955930396178063,0,1.0698493793853188e-05,2.98865567345925e-07,7.942820999996911
1405,33755.120348532466,636.6188484888103,34391.73919702128,259.82732861857494,0.2120205878754886,112007822.55360875,0,False,1,0.9955995086302503,0,1.0886092278235399e-05,2.9870119411630264e-07,7.948447699993267
1406,33755.04975162418,636.6791717106267,34391.728923334806,259.8270569114163,0.21202036616089143,112007822.55360875,0,False,1,0.9956059586717599,0,1.0924930752069757e-05,2.987254123167136e-07,7.954051199994865
1407,33754.97958625492,636.7390618170122,34391.71864807193,259.8267868648455,0.2120201458013434,112007822.55360875,0,False,1,0.9956123898256845,0,1.0818349496822161e-05,2.9877133820533297e-07,7.959575399996538
1408,33754.9098295162,636.7985462861114,34391.70837580231,259.8265183906993,0.21201992672490286,112007822.55360875,0,False,1,0.9956188021748851,0,1.0579859228881394e-05,2.986843934671679e-07,7.965126099996269
1409,33754.840451518525,636.8576639273248,34391.69811544585,259.82625137394615,0.2120197088377034,112007822.55360875,0,False,1,0.9956251958017389,0,1.0232387749262184e-05,2.9833808623486826e-07,7.97114899999724
1410,33754.77141540629,636.9164634953522,34391.68787890165,259.8259856727433,0.21201949202400053,112007822.55360875,0,False,1,0.9956315707881428,0,9.807645948813104e-06,2.9764579130428505e-07,7.97704209999938
1411,33754.70267736852,636.9750020751243,34391.677679443645,259.8257211184779,0.21201927614620517,112007822.55360875,0,False,1,0.9956379272155162,0,9.34527704375757e-06,2.965675322345342e-07,7.982553199995891
1412,33754.63418678089,637.0333432882394,34391.66753006913,259.8254575163138,0.21201906104532994,112007822.55360875,0,False,1,0.9956442651648055,0,8.891194211149541e-06,2.951113525636489e-07,7.988570899993647
1413,33754.5658866045,637.0915553747648,34391.65744197926,259.8251946467259,0.21201884654224107,112007822.55360875,0,False,1,0.9956505847164865,0,8.494185787296672e-06,2.93329477532804e-07,7.993988999995054
1414,33754.497714140336,637.1497092059567,34391.647423346294,259.82493226840387,0.21201863244002797,112007822.55360875,0,False,1,0.9956568859505683,0,8.199860150277451e-06,2.9130997778788834e-07,7.999336499997298
1415,33754.429602198055,637.2078762835854,34391.63747848164,259.8246701227505,0.2120184185276738,112007822.55360875,0,False,1,0.995663168946597,0,8.042087343863116e-06,2.8916511408102087e-07,8.004741499993543
1416,33754.36148067581,637.2661267801767,34391.62760745599,259.8244079399617,0.21201820458501694,112007822.55360875,0,False,1,0.9956694337836582,0,8.035572934175856e-06,2.8701819339729344e-07,8.01021299999411
1417,33754.29327854023,637.3245276259133,34391.61780616614,259.82414544664715,0.2120179903889693,112007822.55360875,0,False,1,0.9956756805403812,0,8.170907281810398e-06,2.849905784358663e-07,8.01557469999534
1418,33754.22492613879,637.3831407584505,34391.60806689724,259.8238823747301,0.21201777572077868,112007822.55360875,0,False,1,0.9956819092949419,0,8.416468316481197e-06,2.8318728573479037e-07,8.021109499997692
1419,33754.15635768877,637.4420215614603,34391.59837925023,259.8236184710265,0.2120175603738455,112007822.55360875,0,False,1,0.995688120125066,0,8.728860075131083e-06,2.8168636353455134e-07,8.026528799993685
1420,33754.087513784856,637.5012175264392,34391.5887313113,259.8233535068965,0.2120173441615983,112007822.55360875,0,False,1,0.9956943131080321,0,9.062567771960419e-06,2.805318562337225e-07,8.03183789999457
1421,33754.018343756725,637.5607671672445,34391.57911092397,259.82308728731834,0.21201712692489816,112007822.55360875,0,False,1,0.9957004883206757,0,9.376715361078e-06,2.797308202471571e-07,8.03722509999352
1422,33753.948807713474,637.6206992090085,34391.56950692248,259.822819658757,0.21201690853845973,112007822.55360875,0,False,1,0.995706645839391,0,9.638474018999172e-06,2.792544494551891e-07,8.042464599995583
1423,33753.87887813236,637.6810320649299,34391.55991019729,259.82255051527903,0.21201668891584063,112007822.55360875,0,False,1,0.9957127857401356,0,9.824167005798223e-06,2.790429552509895e-07,8.04766959999688
1424,33753.80854088332,637.7417736061847,34391.550314489505,259.8222798024962,0.2120164680126598,112007822.55360875,0,False,1,0.9957189080984321,0,9.919197275377621e-06,2.7901345014760833e-07,8.053031999996165
1425,33753.73779562418,637.8029212220487,34391.54071684623,259.82200751908675,0.21201624582783862,112007822.55360875,0,False,1,0.995725012989373,0,9.917509908807166e-06,2.7906980591158867e-07,8.058408199998667
1426,33753.666655549336,637.8644621595269,34391.531117708866,259.8217337158281,0.2120160224028118,112007822.55360875,0,False,1,0.995731100487622,0,9.820926123129606e-06,2.791133275000214e-07,8.063881199996104
1427,33753.5951465228,637.9263741245196,34391.52152064732,259.8214584922608,0.212015797818805,112007822.55360875,0,False,1,0.995737170667418,0,9.638459244291599e-06,2.7905304684031183e-07,8.069356599997263
1428,33753.523305669674,637.988626120001,34391.511931789675,259.8211819912675,0.21201557219241132,112007822.55360875,0,False,1,0.9957432236025777,0,9.38559916618693e-06,2.788145805434857e-07,8.074738299997989
1429,33753.4511795355,638.0511794910204,34391.50235902652,259.82090439198885,0.21201534566981045,112007822.55360875,0,False,1,0.9957492593664994,0,9.083468973284461e-06,2.7834667969862777e-07,8.080396199999086
1430,33753.37882194604,638.1139891416582,34391.4928110877,259.82062590158637,0.21201511842004744,112007822.55360875,0,False,1,0.9957552780321647,0,8.757678876630024e-06,2.7762494114423737e-07,8.086461099999724
1431,33753.3062917116,638.1770048854873,34391.483296597085,259.82034674640704,0.21201489062782272,112007822.55360875,0,False,1,0.9957612796721423,0,8.436628154489404e-06,2.7665244622165525e-07,8.092104399998789
1432,33753.23365031764,638.2401728886821,34391.473823206325,259.8200671630952,0.2120146624862394,112007822.55360875,0,False,1,0.9957672643585914,0,8.14899278774811e-06,2.7545746367295806e-07,8.097560899994278
1433,33753.160959730296,638.3034371636693,34391.46439689396,259.81978739014585,0.2120144341899108,112007822.55360875,0,False,1,0.9957732321632631,0,7.920309156374522e-06,2.740886421293288e-07,8.103092299999844
1434,33753.08828042197,638.3667410711865,34391.45502149316,259.8195076603063,0.21201420592876002,112007822.55360875,0,False,1,0.9957791831575041,0,7.769039001646008e-06,2.726083628385146e-07,8.108490999999049
1435,33753.01566969302,638.4300287897025,34391.44569848273,259.81922819411585,0.21201397788274848,112007822.55360875,0,False,1,0.9957851174122604,0,7.703160967194983e-06,2.7108508280036395e-07,8.114341699998477
1436,33752.94318033275,638.4932467133509,34391.4364270461,259.81894919475275,0.2120137502176707,112007822.55360875,0,False,1,0.9957910349980785,0,7.718658453265275e-06,2.69585544814034e-07,8.11959769999521
1437,33752.87085963117,638.5563447427043,34391.427204373875,259.81867084423004,0.21201352308205038,112007822.55360875,0,False,1,0.9957969359851093,0,7.800708470724223e-06,2.681676947654913e-07,8.124886999998125
1438,33752.7987487242,638.6192774367665,34391.418026160965,259.81839330087547,0.2120132966050839,112007822.55360875,0,False,1,0.9958028204431102,0,7.927130026400697e-06,2.668750225100194e-07,8.130379700000049
1439,33752.72688223245,638.6820049993541,34391.4088872318,259.81811669794104,0.2120130708955056,112007822.55360875,0,False,1,0.9958086884414489,0,8.072709977858122e-06,2.6573283939386065e-07,8.135758099997474
1440,33752.65528813919,638.7444940784062,34391.399782217595,259.8178411431332,0.21201284604120463,112007822.55360875,0,False,1,0.9958145400491045,0,8.213050161855288e-06,2.647467638549576e-07,8.141327999997884
1441,33752.58398784609,638.8067183625556,34391.390706208644,259.8175667188271,0.21201262210939956,112007822.55360875,0,False,1,0.9958203753346718,0,8.327260896895212e-06,2.639034470535599e-07,8.146600899999612
1442,33752.51299634721,638.8686589653282,34391.38165531254,259.8172934827365,0.21201239914718512,112007822.55360875,0,False,1,0.9958261943663633,0,8.399485484849578e-06,2.6317330920265145e-07,8.151818699996511
1443,33752.44232246991,638.9303045934516,34391.37262706336,259.8170214688403,0.21201217718228835,112007822.55360875,0,False,1,0.9958319972120115,0,8.419553025297674e-06,2.625148727842517e-07,8.157489199998963
1444,33752.37196914461,638.9916515017651,34391.36362064638,259.8167506884212,0.21201195622391594,112007822.55360875,0,False,1,0.9958377839390721,0,8.383083426647878e-06,2.6188012566472233e-07,8.16297029999987
1445,33752.30193368205,639.0527032429868,34391.35463692504,259.81648113113243,0.21201173626362485,112007822.55360875,0,False,1,0.9958435546146265,0,8.291273687321916e-06,2.6122027138118567e-07,8.167870099998254
1446,33752.23220805301,639.1134702259391,34391.34567827894,259.81621276607433,0.21201151727620082,112007822.55360875,0,False,1,0.9958493093053841,0,8.15048373497653e-06,2.6049122492751444e-07,8.17302799999743
1447,33752.1627791807,639.1739691006454,34391.33674828134,259.8159455429197,0.21201129922057657,112007822.55360875,0,False,1,0.9958550480776853,0,7.971648774960645e-06,2.5965827816315806e-07,8.178254499995091
1448,33752.09362926733,639.234221992867,34391.3278512602,259.8156793931703,0.21201108204085714,112007822.55360875,0,False,1,0.9958607709975038,0,7.769475166413379e-06,2.586994861164741e-07,8.18359419999615
1449,33752.02473618299,639.29425561405,34391.31899179704,259.815414231654,0.2120108656675416,112007822.55360875,0,False,1,0.9958664781304494,0,7.5613281658442804e-06,2.576074758749676e-07,8.189616599993315
1450,33751.95607394551,639.3541002752382,34391.31017422075,259.8151499583714,0.2120106500190298,112007822.55360875,0,False,1,0.9958721695417696,0,7.365708718136993e-06,2.563895932219746e-07,8.19486699999834
1451,33751.88761331585,639.4137888352351,34391.30140215108,259.81488646078714,0.2120104350034923,112007822.55360875,0,False,1,0.9958778452963533,0,7.200280463510091e-06,2.550664578901249e-07,8.19992739999725
1452,33751.81932252377,639.473355614132,34391.2926781379,259.8146236166231,0.21201022052114946,112007822.55360875,0,False,1,0.9958835054587327,0,7.079585080035341e-06,2.536691787661364e-07,8.205066099995747
1453,33751.751168125935,639.5328353032796,34391.28400342922,259.8143612971613,0.21201000646696666,112007822.55360875,0,False,1,0.9958891500930859,0,7.012849470805445e-06,2.522356098593017e-07,8.210127199999988
1454,33751.68311598362,639.5922619018977,34391.27537788552,259.81409937100653,0.21200979273372458,112007822.55360875,0,False,1,0.9958947792632387,0,7.002493612642261e-06,2.508060966053068e-07,8.215204499996617
1455,33751.61513233241,639.6516677088258,34391.26680004124,259.8138377082037,0.21200957921537927,112007822.55360875,0,False,1,0.995900393032668,0,7.043877164980536e-06,2.4941919677464314e-07,8.220925899993745
1456,33751.54718490284,639.711082395506,34391.25826729835,259.8135761845514,0.21200936581058152,112007822.55360875,0,False,1,0.9959059914645038,0,7.126411198530354e-06,2.4810783909960505e-07,8.2263016999932
1457,33751.4792440373,639.7705321832423,34391.24977622054,259.8133146859002,0.21200915242618487,112007822.55360875,0,False,1,0.9959115746215307,0,7.2358461533225115e-06,2.468963986022137e-07,8.231624199994258
1458,33751.4112837649,639.8300391191739,34391.241322884074,259.81305311229033,0.2120089389806215,112007822.55360875,0,False,1,0.9959171425661918,0,7.356527271972127e-06,2.457990482842041e-07,8.237572399993951
1459,33751.34328278848,639.8896204736328,34391.23290326211,259.8127913817504,0.2120087254070023,112007822.55360875,0,False,1,0.9959226953605903,0,7.47324692904977e-06,2.4481878633916796e-07,8.242668999999296
1460,33751.27522532415,639.9492882912451,34391.224513615394,259.8125294335289,0.21200851165575366,112007822.55360875,0,False,1,0.9959282330664909,0,7.5720724155961014e-06,2.43947250805707e-07,8.247686099995917
1461,33751.207101710694,640.0090491263481,34391.21615083704,259.81226723043966,0.21200829769653154,112007822.55360875,0,False,1,0.9959337557453242,0,7.642238491020097e-06,2.4316605388736336e-07,8.252890199997637
1462,33751.13890875413,640.0689039497025,34391.20781270383,259.8120047601886,0.2120080835193038,112007822.55360875,0,False,1,0.9959392634581864,0,7.676982467927802e-06,2.4244950138724996e-07,8.258007299999008
1463,33751.07064978902,640.1288482238062,34391.19949801283,259.81174203560937,0.21200786913454284,112007822.55360875,0,False,1,0.995944756265844,0,7.673653901396727e-06,2.417679265306255e-07,8.263166299999284
1464,33751.00233445708,640.1888721393692,34391.19120659645,259.8114790938117,0.21200765457253043,112007822.55360875,0,False,1,0.9959502342287342,0,7.633529664063124e-06,2.4109122393319805e-07,8.268676199993934
1465,33750.9339782219,640.2489610011195,34391.18293922302,259.81121599431344,0.21200743988183335,112007822.55360875,0,False,1,0.9959556974069682,0,7.5614072668515926e-06,2.403921800502876e-07,8.273653999996895
1466,33750.86560165479,640.3090957472142,34391.174697402006,259.8109528162921,0.21200722512706105,112007822.55360875,0,False,1,0.995961145860333,0,7.465003846546098e-06,2.3964924467785195e-07,8.27863719999732
1467,33750.79722953951,640.369253583193,34391.1664831227,259.81068965513913,0.2120070103860534,112007822.55360875,0,False,1,0.9959665796482935,0,7.35416066202325e-06,2.38848465508285e-07,8.283732599993527
1468,33750.72888985169,640.4294087087391,34391.15829856043,259.8104266185316,0.21200679574667555,112007822.55360875,0,False,1,0.9959719988299949,0,7.239849275737009e-06,2.379844334127433e-07,8.288901799998712
1469,33750.66061267213,640.489533113545,34391.15014578568,259.81016382224976,0.21200658130340486,112007822.55360875,0,False,1,0.9959774034642646,0,7.133002264434081e-06,2.370601967698054e-07,8.294090799994592
1470,33750.592429091754,640.549597417347,34391.1420265091,259.8099013859624,0.2120063671538917,112007822.55360875,0,False,1,0.9959827936096145,0,7.043250263856711e-06,2.3608621825145778e-07,8.299368799998774
1471,33750.52437016003,640.6095717287176,34391.133941888744,259.8096394291791,0.2120061533956566,112007822.55360875,0,False,1,0.9959881693242431,0,6.977725042892942e-06,2.3507856616547974e-07,8.305778699999792
1472,33750.456465920026,640.6694264974715,34391.1258924175,259.8093780675364,0.21200594012305965,112007822.55360875,0,False,1,0.9959935306660377,0,6.940147896692439e-06,2.3405658153680745e-07,8.311259499998414
1473,33750.38874456159,640.729133336509,34391.1178778981,259.80911740953815,0.2120057274246406,112007822.55360875,0,False,1,0.995998877692576,0,6.930414518608084e-06,2.3304033213901358e-07,8.316621199999645
1474,33750.321231712485,640.7886657905606,34391.10989750305,259.8088575538274,0.21200551538089277,112007822.55360875,0,False,1,0.9960042104611292,0,6.944786418032578e-06,2.3204814331965708e-07,8.322010899995803
1475,33750.253949875674,640.8480000315137,34391.101949907184,259.80859858702013,0.21200530406249524,112007822.55360875,0,False,1,0.9960095290286626,0,6.976637702626476e-06,2.310944859434496e-07,8.327478199993493
1476,33750.18691815751,640.9071154627466,34391.094033620255,259.8083405826592,0.21200509352945943,112007822.55360875,0,False,1,0.9960148334518387,1,6.991926628016182e-06,2.3018416046149755e-07,8.33285259999684
1477,33750.12015319331,640.9659951288245,34391.08614832214,259.80808360477664,0.21200488383403585,112007822.55360875,0,False,1,0.996020123787019,0,7.030111781101919e-06,2.2928314258280818e-07,8.338098099993658
1478,33750.05366609646,641.0246253836332,34391.07829148009,259.80782769615104,0.21200467501113207,112007822.55360875,0,False,1,0.9960254000902657,0,7.06109914119134e-06,2.2845576951254202e-07,8.343902399996296
1479,33749.98746459285,641.0829972247342,34391.07046181759,259.8075728865225,0.2120044670850162,112007822.55360875,0,False,1,0.9960306624173441,0,7.07783151556522e-06,2.2766551351942332e-07,8.352416099995025
1480,33749.92155238999,641.1411061048839,34391.06265849488,259.80731919016443,0.2120042600673354,112007822.55360875,0,False,1,0.9960359108237242,0,7.075132818569645e-06,2.2689967500818354e-07,8.358738099996117
1481,33749.85592925195,641.1989519558808,34391.05488120783,259.807066606172,0.2120040539573513,112007822.55360875,0,False,1,0.9960411453645828,0,7.05005958887723e-06,2.2614267919559787e-07,8.367429799996899
1482,33749.79059113336,641.2565390907996,34391.04713022416,259.8068151189778,0.2120038487423609,112007822.55360875,0,False,1,0.9960463660948056,0,7.002021813096438e-06,2.2537789831961216e-07,8.375341199993272
1483,33749.725530365344,641.313875991082,34391.03940635642,259.8065646990674,0.21200364439828012,112007822.55360875,0,False,1,0.9960515730689885,0,6.932707652608621e-06,2.2458948993035746e-07,8.380681999995431
1484,33749.6607358901,641.37097498799,34391.031710878095,259.8063153038821,0.21200344089038095,112007822.55360875,0,False,1,0.9960567663414408,0,6.845839187375044e-06,2.237640519683447e-07,8.385816199996043
1485,33749.59619354429,641.4278518505864,34391.02404539488,259.80606687890986,0.21200323817418115,112007822.55360875,0,False,1,0.9960619459661855,0,6.746777102429005e-06,2.228919236845137e-07,8.391063199997006
1486,33749.531886393044,641.4845252946518,34391.0164116877,259.80581935897067,0.21200303619649352,112007822.55360875,0,False,1,0.9960671119969619,1,6.641988347117308e-06,2.2196801032811973e-07,8.396204799995758
1487,33749.46780447872,641.5410164281743,34391.00882090689,259.8055727057398,0.21200283492604485,112007822.55360875,0,False,1,0.996072264487228,1,6.482688835780637e-06,2.2071987390675353e-07,8.401390799997898
1488,33749.40395029283,641.5973387150385,34391.001289007865,259.8053269288096,0.21200263437066255,112007822.55360875,0,False,1,0.9960774034901616,0,6.440352217164638e-06,2.1900779551856606e-07,8.407534599995415
1489,33749.34030395888,641.6534858238377,34390.99378978272,259.8050819516773,0.21200243446791991,112007822.55360875,0,False,1,0.9960825290586621,0,6.394399582361251e-06,2.1805777283372553e-07,8.41273939999519
1490,33749.27685744734,641.7094662950465,34390.986323742385,259.804837743439,0.21200223519259914,112007822.55360875,0,False,1,0.996087641245353,1,6.346453226250743e-06,2.1709289295390516e-07,8.417922499997076
1491,33749.21360499557,641.765290164479,34390.97889516005,259.8045942819163,0.2120020365266026,112007822.55360875,0,False,1,0.9960927401025831,1,6.252558653995907e-06,2.160037594088258e-07,8.423169699999562
1492,33749.150535982866,641.82096680117,34390.971502784036,259.80435152623164,0.21200183843657394,112007822.55360875,0,False,1,0.9960978256824283,0,6.206077401826762e-06,2.149510206230502e-07,8.428369499997643
1493,33749.08763917452,641.876506670632,34390.96414584515,259.80410943314394,0.2120016408872282,112007822.55360875,0,False,1,0.9961028980366938,0,6.1628400594789525e-06,2.1392064727193094e-07,8.433561899997585
1494,33749.024903499834,641.9319211832029,34390.95682468304,259.8038679600434,0.21200144384379555,112007822.55360875,0,False,1,0.9961079572169154,0,6.1240786069053385e-06,2.1288039735910718e-07,8.438823099997535
1495,33748.96231742862,641.9872220979349,34390.949539526555,259.8036270625513,0.21200124727006264,112007822.55360875,0,False,1,0.9961130032743615,0,6.090655758317359e-06,2.118334921834761e-07,8.444147399997746
1496,33748.899869233224,642.0424212495624,34390.94229048279,259.80338669552873,0.21200105112919593,112007822.55360875,0,False,1,0.9961180362600346,0,6.062995490599999e-06,2.1078347251219345e-07,8.449291999997513
1497,33748.837547250456,642.0975302851083,34390.93507753556,259.8031468140848,0.21200085538456417,112007822.55360875,0,False,1,0.996123056224674,0,6.04106278337262e-06,2.0973392248726362e-07,8.455099799997697
1498,33748.77534013666,642.1525604166864,34390.927900553346,259.8029073745583,0.21200066000053955,112007822.55360875,0,False,1,0.9961280632187556,1,6.0243935316223e-06,2.086881964936432e-07,8.4606691999943
1499,33748.71323760904,642.2075221963561,34390.92075980539,259.80266833737113,0.21200046494482613,112007822.55360875,0,False,1,0.9961330572924953,1,6.008375401890384e-06,2.076346406257709e-07,8.465900099996361
1500,33748.65123102998,642.2624235959571,34390.91365462594,259.80242966927767,0.21200027019029533,112007822.55360875,0,False,1,0.9961380384958499,0,5.997515902599593e-06,2.066004426225597e-07,8.471608299994841
1501,33748.58931248751,642.3172721207833,34390.90658460829,259.80219133982496,0.21200007571209728,112007822.55360875,0,False,1,0.9961430068785194,1,5.9884501704277675e-06,2.0557806989753874e-07,8.47713439999643
1502,33748.52748573031,642.3720742782475,34390.899560008555,259.80195336344303,0.21199988152200702,112007822.55360875,0,False,1,0.9961479624899473,1,5.936824106666922e-06,2.042574747691922e-07,8.483027599999332
1503,33748.46583100932,642.4267656961953,34390.89259670552,259.8017160490258,0.21199968787208373,112007822.55360875,0,False,1,0.9961529053793241,0,5.936326060255657e-06,2.0247516422251858e-07,8.488712099999248
1504,33748.40438347437,642.4813097576379,34390.88569323201,259.80147953187014,0.21199949487273045,112007822.55360875,0,False,1,0.9961578355955873,0,5.990924277873563e-06,2.0073551410994386e-07,8.494343899998057
1505,33748.343169119624,642.5356777710621,34390.878846890686,259.8012439120322,0.21199930260559358,112007822.55360875,0,False,1,0.996162753187424,0,6.088732137074765e-06,1.9907429507278537e-07,8.50052749999304
1506,33748.282209702345,642.5898445294063,34390.87205423175,259.8010092732603,0.21199911113901224,112007822.55360875,0,False,1,0.996167658203272,0,6.214528464117032e-06,1.9751338611969761e-07,8.50628709999728
1507,33748.22152245179,642.6437889127225,34390.86531136451,259.8007756818743,0.21199892052710376,112007822.55360875,0,False,1,0.9961725506913216,0,6.3522316430085225e-06,1.9606560805844936e-07,8.511719799993443
1508,33748.16111991295,642.6974943709598,34390.858614283905,259.8005431861641,0.21199873080927298,112007822.55360875,0,False,1,0.9961774306995176,0,6.4869059493223045e-06,1.9473428617675778e-07,8.517121099997894
1509,33748.10100990231,642.750949277948,34390.85195918026,259.800311816219,0.211998542010073,112007822.55360875,0,False,1,0.9961822982755598,0,6.60608821966401e-06,1.9351373916150721e-07,8.52264959999593
1510,33748.04119555238,642.8041471511726,34390.84534270356,259.80008158409953,0.21199835413934526,112007822.55360875,0,False,1,0.9961871534669052,0,6.70050002072138e-06,1.923906018031166e-07,8.528024399995047
1511,33747.981675424715,642.8570867354923,34390.83876216021,259.79985248427187,0.21199816719257408,112007822.55360875,0,False,1,0.9961919963207703,0,6.764313435015361e-06,1.9134578642176766e-07,8.533709899995301
1512,33747.922443675394,642.909771952447,34390.832215627845,259.79962449424517,0.2119979811514069,112007822.55360875,0,False,1,0.996196826884131,0,6.795127131601678e-06,1.903568682761458e-07,8.539348899998004
1513,33747.86349026288,642.9622117201591,34390.825701983034,259.79939757537113,0.21199779598430638,112007822.55360875,0,False,1,0.9962016452037252,0,6.7937568480193134e-06,1.8940061611024295e-07,8.544932599994354
1514,33747.80480119367,643.0144196519701,34390.81922084564,259.7991716737899,0.21199761164732261,112007822.55360875,0,False,1,0.9962064513260545,0,6.763892057671854e-06,1.8845541692012668e-07,8.550479199999245
1515,33747.74635880649,643.066413644782,34390.812772451274,259.79894672152346,0.21199742808498517,112007822.55360875,0,False,1,0.9962112452973847,0,6.711632387302432e-06,1.8750336602511896e-07,8.556018499999482
1516,33747.68814209984,643.118215370556,34390.8063574704,259.7987226377368,0.21199724523133218,112007822.55360875,0,False,1,0.9962160271637484,0,6.644895604942291e-06,1.8653181933861275e-07,8.561888299998827
1517,33747.63012710955,643.1698496864836,34390.799976796035,259.7984993301907,0.21199706301109594,112007822.55360875,0,False,1,0.9962207969709452,0,6.572684881805958e-06,1.8553430522771702e-07,8.567558899994765
1518,33747.57228734359,643.2213439809545,34390.793631324545,259.7982766969157,0.2119968813410688,112007822.55360875,0,False,1,0.9962255547645451,0,6.504219417982233e-06,1.84510726566774e-07,8.573054899999988
1519,33747.51459427895,643.2727274735752,34390.78732175253,259.7980546281244,0.21199670013166358,112007822.55360875,0,False,1,0.9962303005898873,0,6.4479715107321415e-06,1.8346689191200404e-07,8.578864699993574
1520,33747.457017922236,643.3240304881334,34390.78104841037,259.79783300836914,0.21199651928867433,112007822.55360875,0,False,1,0.9962350344920842,0,6.410708446501663e-06,1.824134498447491e-07,8.584667499999341
1521,33747.39952743015,643.3752837175349,34390.77481114768,259.79761171893074,0.21199633871522552,112007822.55360875,0,False,1,0.9962397565160214,0,6.396688189843578e-06,1.8136438008016247e-07,8.590898699992977
1522,33747.34209178059,643.4265174993984,34390.76860927999,259.79739064040115,0.21199615831387952,112007822.55360875,0,False,1,0.996244466706359,0,6.4071709682318405e-06,1.8033521271010828e-07,8.59692769999674
1523,33747.284680478944,643.4777611201804,34390.76244159912,259.7971696554023,0.21199597798885514,112007822.55360875,0,False,1,0.9962491651075346,0,6.44036019816241e-06,1.793411755109046e-07,8.602867499997956
1524,33747.22726427874,643.5290421644696,34390.75630644321,259.7969486513602,0.21199579764829138,112007822.55360875,0,False,1,0.9962538517637619,0,6.4917840116599e-06,1.7839546078419023e-07,8.609034899993276
1525,33747.16981589201,643.5803859244596,34390.750201816474,259.79672752323887,0.21199561720647822,112007822.55360875,0,False,1,0.9962585267190355,0,6.55501762525026e-06,1.7750777802300154e-07,8.614669399998093
1526,33747.112310661585,643.6318148826641,34390.744125544246,259.7965061761285,0.21199543658596878,112007822.55360875,0,False,1,0.9962631900171289,0,6.622578541089023e-06,1.7668332886441197e-07,8.620637099993473
1527,33747.054727167466,643.6833482787025,34390.73807544617,259.7962845275793,0.21199525571948352,112007822.55360875,0,False,1,0.996267841701599,0,6.686823791295308e-06,1.759222788010601e-07,8.626691699995717
1528,33746.997047740675,643.7350017685543,34390.73204950923,259.79606250957954,0.21199507455152447,112007822.55360875,0,False,1,0.9962724818157848,0,6.740725068470725e-06,1.752197620418623e-07,8.632147499993152
1529,33746.93925886135,643.7867871820962,34390.72604604344,259.79584007008793,0.21199489303962568,112007822.55360875,0,False,1,0.9962771104028102,0,6.77845975238354e-06,1.74566385460301e-07,8.637770599998476
1530,33746.88135142349,643.8387123820964,34390.72006380559,259.7956171740528,0.21199471115518473,112007822.55360875,0,False,1,0.9962817275055854,0,6.795806322212958e-06,1.7394915842863756e-07,8.643241300000227
1531,33746.82332085486,643.8907812251799,34390.71410208004,259.79539380387354,0.2119945288838395,112007822.55360875,0,False,1,0.9962863331668075,0,6.790361374541062e-06,1.7335273979294064e-07,8.648589999997057
1532,33746.765167088146,643.9429936226952,34390.70816071084,259.7951699592898,0.21199434622537747,112007822.55360875,0,False,1,0.9962909274289622,0,6.761604993893435e-06,1.7276085579620266e-07,8.65416980000009
1533,33746.706894386974,643.9953456969557,34390.70224008393,259.794945656712,0.21199416319318967,112007822.55360875,0,False,1,0.996295510334325,0,6.710838959927463e-06,1.7215774931518325e-07,8.660291599997436
1534,33746.64851103766,644.0478300260514,34390.69634106371,259.7947209280345,0.2119939798133021,112007822.55360875,0,False,1,0.9963000819249631,0,6.641015174161474e-06,1.715295074476471e-07,8.665591599994514
1535,33746.59002892352,644.1004359683923,34390.690464891915,259.79449581899735,0.2119937961230388,112007822.55360875,0,False,1,0.9963046422427353,0,6.556464528261846e-06,1.7086515891562637e-07,8.671307999997225
1536,33746.531463003965,644.1531500563951,34390.68461306036,259.7942703871814,0.21199361216938625,112007822.55360875,0,False,1,0.996309191329295,0,6.462532559124893e-06,1.7015743148076506e-07,8.676492399994459
1537,33746.47283072358,644.2059564472901,34390.678787170866,259.79404469973355,0.21199342800713653,112007822.55360875,0,False,1,0.99631372922609,0,6.365130050134553e-06,1.6940312642302242e-07,8.68159029999515
1538,33746.41415137818,644.2588374179306,34390.67298879611,259.7938188309267,0.21199324369689684,112007822.55360875,0,False,1,0.9963182559743646,0,6.270215936869946e-06,1.6860309125267004e-07,8.688383799999428
1539,33746.35544546453,644.3117738897745,34390.667219354305,259.79359285965666,0.21199305930304665,112007822.55360875,0,False,1,0.9963227716151607,0,6.1832465035832366e-06,1.677618175241296e-07,8.697930099995574
1540,33746.296734037656,644.36474596984,34390.6614800075,259.79336686696854,0.21199287489171914,112007822.55360875,0,False,1,0.996327276189319,0,6.108733688377514e-06,1.6688675366745204e-07,8.70574939999642
1541,33746.23803810607,644.4177334819944,34390.65577158807,259.7931409337285,0.21199269052890166,112007822.55360875,0,False,1,0.9963317697374797,0,6.0498880543834895e-06,1.6598748558903124e-07,8.71169469999586
1542,33746.17937807676,644.4707164888022,34390.650094565564,259.7929151384878,0.21199250627869234,112007822.55360875,0,False,1,0.996336252300085,0,6.007965080704812e-06,1.6507456395296955e-07,8.717916399997193
1543,33746.12077325983,644.5236757909615,34390.644449050786,259.7926895555756,0.21199232220174433,112007822.55360875,0,False,1,0.9963407239173789,0,5.982427371829752e-06,1.6415841989642293e-07,8.723907799998415
1544,33746.062241442676,644.576593390284,34390.638834832964,259.79246425346014,0.2119921383539281,112007822.55360875,0,False,1,0.9963451846294094,0,5.971126350281289e-06,1.6324840408778236e-07,8.729258799998206
1545,33746.003798538135,644.6294529055075,34390.63325144364,259.79223929339435,0.21199195478522634,112007822.55360875,0,False,1,0.9963496344760289,0,5.970665245485062e-06,1.6235200942475553e-07,8.734706399998686
1546,33745.945458307484,644.6822399317615,34390.627698239245,259.7920147283495,0.21199177153886392,112007822.55360875,0,False,1,0.9963540734968964,0,5.976886527740796e-06,1.6147432814893497e-07,8.739816799999971
1547,33745.88723215604,644.7349423362213,34390.622174492266,259.7917906022284,0.21199158865066578,112007822.55360875,0,False,1,0.9963585017314777,0,5.9853989237368195e-06,1.6061780050054695e-07,8.744865499997104
1548,33745.82912899725,644.7875504843478,34390.616679481594,259.7915669493421,0.21199140614863,112007822.55360875,0,False,1,0.9963629192190472,0,5.992068179543029e-06,1.5978224073870732e-07,8.75031989999843
1549,33745.77115517961,644.8400573930594,34390.611212572665,259.7913437941288,0.21199122405269819,112007822.55360875,0,False,1,0.9963673259986886,0,5.993418920421491e-06,1.5896513227638624e-07,8.755791399998998
1550,33745.7133144711,644.892458809161,34390.60577328026,259.7911211510936,0.21199104237470665,112007822.55360875,0,False,1,0.9963717221092964,0,5.986920756322921e-06,1.581621324797734e-07,8.761138499998196
1551,33745.6556080952,644.9447532133366,34390.600361308534,259.79089902494735,0.21199086111849946,112007822.55360875,0,False,1,0.996376107589577,0,5.971152163978574e-06,1.5736773466339255e-07,8.766425599998911
1552,33745.59803481426,644.9969417518979,34390.59497656616,259.79067741092734,0.21199068028019022,112007822.55360875,0,False,1,0.9963804824780496,0,5.9458480494645535e-06,1.5657599228702602e-07,8.771757999995316
1553,33745.54059105619,645.0490281002915,34390.58961915648,259.79045629528497,0.21199049984855997,112007822.55360875,0,False,1,0.9963848468130476,0,5.9118424251394165e-06,1.5578124421129144e-07,8.777049799995439
1554,33745.483271081925,645.1010182639889,34390.58428934591,259.7902356559304,0.2119903198055833,112007822.55360875,0,False,1,0.99638920063272,0,5.870919406395226e-06,1.549787494027947e-07,8.782422899996163
1555,33745.42606719127,645.1529203238331,34390.5789875151,259.79001546322473,0.2119901401270747,112007822.55360875,0,False,1,0.996393543975031,0,5.825586692797842e-06,1.541651856015466e-07,8.78781949999393
1556,33745.36896996546,645.2047441341364,34390.57371409959,259.78979568091376,0.2119899607834505,112007822.55360875,0,False,1,0.9963978768777637,0,5.778788041070966e-06,1.533389569426941e-07,8.79316889999609
1557,33745.311968544105,645.2565009827869,34390.568469526894,259.789576267194,0.21198978174059885,112007822.55360875,0,False,1,0.9964021993785185,0,5.733576089623596e-06,1.525002967803769e-07,8.798614499995892
1558,33745.25505093381,645.3082032233392,34390.56325415715,259.78935717590053,0.21198960296084893,112007822.55360875,0,False,1,0.9964065115147163,0,5.692773663121092e-06,1.5165116423247224e-07,8.804124399997818
1559,33745.19820434428,645.359863889476,34390.55806823375,259.78913835780077,0.2119894244040266,112007822.55360875,0,False,1,0.9964108133235979,0,5.658658364801912e-06,1.5079495369870245e-07,8.809527099998377
1560,33745.14141554633,645.4114963023901,34390.55291184872,259.78891976197264,0.2119892460285792,112007822.55360875,0,False,1,0.9964151048422265,0,5.632708438728935e-06,1.4993606749360724e-07,8.814914199996565
1561,33745.08467124466,645.4631136815021,34390.54778492616,259.7887013372393,0.21198906779274612,112007822.55360875,0,False,1,0.9964193861074879,0,5.615444174070908e-06,1.4907938734929916e-07,8.820195599997533
1562,33745.027958456274,645.5147287685377,34390.54268722481,259.78848303362594,0.21198888965574766,112007822.55360875,0,False,1,0.996423657156092,0,5.606387045689076e-06,1.4822972222197435e-07,8.825446299997566
1563,33744.97126488448,645.5663534743588,34390.53761835884,259.78826480379934,0.21198871157895963,112007822.55360875,0,False,1,0.9964279180245732,0,5.604140242362401e-06,1.4739127619685535e-07,8.83120329999656
1564,33744.914579277,645.6179985570785,34390.53257783408,259.7880466044464,0.21198853352703823,112007822.55360875,0,False,1,0.9964321687492921,0,5.606574066986803e-06,1.4656719869276993e-07,8.836464799998794
1565,33744.857891756605,645.6696733389356,34390.52756509554,259.7878283975468,0.21198835546895875,112007822.55360875,0,False,1,0.9964364093664367,0,5.611084003441913e-06,1.4575925885706238e-07,8.841730899999675
1566,33744.80119411281,645.7213854682004,34390.52257958101,259.7876101514959,0.2119881773789316,112007822.55360875,0,False,1,0.9964406399120224,0,5.614881884831629e-06,1.4496766636570122e-07,8.847545199998422
1567,33744.74448004413,645.7731407310295,34390.51762077516,259.7873918420374,0.21198799923716344,112007822.55360875,0,False,1,0.9964448604218941,0,5.615282186645235e-06,1.441910585162152e-07,8.853081599998404
1568,33744.687745342024,645.8249429167753,34390.5126882588,259.787173452971,0.21198782103043481,112007822.55360875,0,False,1,0.9964490709317265,0,5.609953393383213e-06,1.434266390154113e-07,8.858740699994087
1569,33744.63098800982,645.8767937387687,34390.50778174859,259.78695497661084,0.21198764275247398,112007822.55360875,0,False,1,0.9964532714770257,0,5.597114839579788e-06,1.4267045851831641e-07,8.863853599999857
1570,33744.57420831259,645.9286928111195,34390.502901123706,259.786736413977,0.2119874644041133,112007822.55360875,0,False,1,0.9964574620931298,0,5.57566924326909e-06,1.4191779058493837e-07,8.868825499994273
1571,33744.51740875673,645.9806376806138,34390.498046437344,259.7865177747172,0.21198728599322544,112007822.55360875,0,False,1,0.9964616428152095,0,5.545268558875463e-06,1.4116357576257283e-07,8.875041299994336
1572,33744.46059400111,646.0326239114071,34390.49321791252,259.7862990767647,0.21198710753444397,112007822.55360875,0,False,1,0.9964658136782705,0,5.506315483581823e-06,1.4040287582386436e-07,8.880846799998835
1573,33744.40377070433,646.0846452189146,34390.488415923246,259.78608034575035,0.21198692904868385,112007822.55360875,0,False,1,0.9964699747171526,0,5.459905692709026e-06,1.3963129986665975e-07,8.887242599994352
1574,33744.34694731522,646.1366936481428,34390.483640963364,259.7858616141965,0.2119867505624835,112007822.55360875,0,False,1,0.9964741259665322,0,5.407717536419306e-06,1.3884536398164355e-07,8.892887399997562
1575,33744.29013381577,646.1887597906982,34390.478893606465,259.785642920527,0.21198657210719696,112007822.55360875,0,False,1,0.9964782674609225,0,5.35185758143727e-06,1.380427489440944e-07,8.898294899998291
1576,33744.233341427105,646.2408330338816,34390.474174460986,259.7854243079357,0.21198639371807076,112007822.55360875,0,False,1,0.9964823992346745,0,5.294672674718739e-06,1.3722244154295243e-07,8.904185499995947
1577,33744.176582290085,646.2929018346352,34390.46948412472,259.78520582315724,0.2119862154332405,112007822.55360875,0,False,1,0.9964865213219783,0,5.23854234395503e-06,1.363847512958738e-07,8.909374599999865
1578,33744.11986913223,646.3449540106841,34390.46482314291,259.7849875151843,0.21198603729268461,112007822.55360875,0,False,1,0.9964906337568638,0,5.1856689791641994e-06,1.3553120614680519e-07,8.914394799998263
1579,33744.06321493224,646.3969770409793,34390.46019197322,259.7847694339768,0.2119858593371706,112007822.55360875,0,False,1,0.9964947365732013,0,5.137886207283535e-06,1.346643527457993e-07,8.919886999996379
1580,33744.00663259285,646.4489583675395,34390.45559096039,259.7845516292023,0.21198568160722753,112007822.55360875,0,False,1,0.9964988298047033,0,5.0965068222424155e-06,1.3378747506295938e-07,8.925273499997274
1581,33743.950134630824,646.5008856909736,34390.4510203218,259.78433414904305,0.2119855041421723,112007822.55360875,0,False,1,0.9965029134849246,0,5.0622289513273826e-06,1.3290427555437094e-07,8.930361899998388
1582,33743.8937328922,646.5527472523416,34390.446480144536,259.7841170390992,0.211985326979215,112007822.55360875,0,False,1,0.9965069876472635,0,5.035112498519036e-06,1.3201854384514395e-07,8.936006399999314
1583,33743.83743829835,646.6045320945706,34390.44197039292,259.78390034141205,0.2119851501526615,112007822.55360875,0,False,1,0.9965110523249632,0,5.0146279580658265e-06,1.311338488963163e-07,8.941691799998807
1584,33743.78126062739,646.6562302973516,34390.43749092474,259.78368409362196,0.21198497369322658,112007822.55360875,0,False,1,0.9965151075511118,0,4.999768787453653e-06,1.3025328914142855e-07,8.947232200000144
1585,33743.725208333555,646.7078331802965,34390.433041513854,259.78346832827356,0.21198479762746686,112007822.55360875,0,False,1,0.9965191533586435,0,4.989209385269292e-06,1.2937930461265258e-07,8.95364349999727
1586,33743.66928840598,646.7593334700833,34390.42862187607,259.7832530722717,0.21198462197733683,112007822.55360875,0,False,1,0.9965231897803403,0,4.981485506240091e-06,1.2851358342663872e-07,8.959297499997774
1587,33743.613506266855,646.8107254283645,34390.42423169522,259.78303834648966,0.21198444675986922,112007822.55360875,0,False,1,0.9965272168488313,0,4.975173352629642e-06,1.2765705522525767e-07,8.96434489999956
1588,33743.55786570859,646.8620049383009,34390.419870646896,259.78282416552713,0.21198427198697742,112007822.55360875,0,False,1,0.9965312345965956,0,4.9690469262249994e-06,1.2680996014658752e-07,8.969628199993167
1589,33743.50236886842,646.9131695486969,34390.41553841712,259.78261053761247,0.21198409766537588,112007822.55360875,0,False,1,0.9965352430559612,0,4.962198735983571e-06,1.2597199438406797e-07,8.975211999997555
1590,33743.447016238846,646.964218475827,34390.41123471467,259.7823974646429,0.21198392379661266,112007822.55360875,0,False,1,0.9965392422591071,0,4.9541151351600885e-06,1.251424961555398e-07,8.98074309999356
1591,33743.39180671193,647.0151525641122,34390.40695927604,259.78218494235483,0.21198375037720876,112007822.55360875,0,False,1,0.9965432322380638,0,4.94470308069206e-06,1.243206602343217e-07,8.986241200000222
1592,33743.33673765536,647.0659742078204,34390.40271186318,259.78197296061694,0.21198357739889687,112007822.55360875,0,False,1,0.9965472130247143,0,4.934269672861629e-06,1.2350574592182783e-07,8.991700099999434
1593,33743.28180501784,647.1166872368995,34390.39849225474,259.7817615038355,0.21198340484895248,112007822.55360875,0,False,1,0.9965511846507942,0,4.923459450329179e-06,1.2269726746010604e-07,8.996982699994987
1594,33743.227003461696,647.1672967708638,34390.39430023256,259.78155055146505,0.2119832327106103,112007822.55360875,0,False,1,0.9965551471478941,0,4.913157370574135e-06,1.2189513239845335e-07,9.003983199996583
1595,33743.172326519736,647.2178090453626,34390.390135565096,259.781340078612,0.21198306096355707,112007822.55360875,0,False,1,0.9965591005474584,0,4.904368005426265e-06,1.2109973002974967e-07,9.009172999998555
1596,33743.117766773576,647.2682312166181,34390.3859979902,259.7811300567213,0.21198288958449168,112007822.55360875,0,False,1,0.9965630448807884,0,4.898083634399434e-06,1.2031195000892484e-07,9.014112799995928
1597,33743.06331605007,647.3185711493238,34390.38188719939,259.7809204543323,0.21198271854774217,112007822.55360875,0,False,1,0.9965669801790412,0,4.895155349167193e-06,1.1953313940470174e-07,9.019455499998003
1598,33743.008965631794,647.3688371938612,34390.37780282566,259.78071123788925,0.21198254782592668,112007822.55360875,0,False,1,0.9965709064732313,0,4.8961814318735255e-06,1.1876500093496066e-07,9.024761900000158
1599,33742.954706477416,647.4190379587845,34390.3737444362,259.78050237258924,0.21198237739064596,112007822.55360875,0,False,1,0.9965748237942318,0,4.901425624857799e-06,1.1800944677240122e-07,9.030125499994028
1600,33742.900529446866,647.4691820844712,34390.36971153134,259.7802938232493,0.21198220721319042,112007822.55360875,0,False,1,0.9965787321727745,0,4.910774345070469e-06,1.1726842188405606e-07,9.035950799996499
1601,33742.84642552599,647.5192780236279,34390.365703549614,259.780085555171,0.21198203726524606,112007822.55360875,0,False,1,0.9965826316394507,0,4.923736723879653e-06,1.165437231392648e-07,9.041299899996375
1602,33742.79238604514,647.5693338340017,34390.36171987914,259.77987753498206,0.21198186751958079,112007822.55360875,0,False,1,0.9965865222247129,0,4.9394855669034185e-06,1.1583681630180427e-07,9.046745799998462
1603,33742.738402885705,647.6193569881704,34390.35775987388,259.77966973143106,0.21198169795069333,112007822.55360875,0,False,1,0.9965904039588748,0,4.956932021051243e-06,1.1514869470109965e-07,9.05559629999334
1604,33742.68446866916,647.6693542047092,34390.35382287387,259.77946211611555,0.2119815285354071,112007822.55360875,0,False,1,0.9965942768721122,0,4.974823031456492e-06,1.1447976308012166e-07,9.06355739999708
1605,33742.630576923104,647.7193313043525,34390.34990822746,259.77925466412097,0.2119813592533917,112007822.55360875,0,False,1,0.9965981409944639,1,4.991849022006071e-06,1.1382978004801145e-07,9.069547399994917
1606,33742.57670132163,647.7692930912128,34390.34599441285,259.77904727410805,0.21198119002195367,112007822.55360875,0,False,1,0.9966019963558324,1,4.99272647053985e-06,1.1380560592866554e-07,9.075228499998047
1607,33742.52286389479,647.8192338657506,34390.34209776054,259.7788400308801,0.21198102091029303,112007822.55360875,0,False,1,0.9966058429859845,0,4.9877416191701266e-06,1.1330657466406604e-07,9.080783999997948
1608,33742.46906988201,647.8691508292395,34390.33822071125,259.7786329546062,0.21198085193486788,112007822.55360875,0,False,1,0.9966096809145529,0,4.9787526909366005e-06,1.1273657235355336e-07,9.086315699998522
1609,33742.41532194745,647.9190412011725,34390.33436314862,259.77842605554235,0.21198068310404708,112007822.55360875,0,False,1,0.996613510171036,0,4.965982725939193e-06,1.1216995327447083e-07,9.091696199997386
1610,33742.361623323835,647.9689016960102,34390.33052501985,259.77821934613314,0.2119805144279856,112007822.55360875,0,False,1,0.9966173307847989,0,4.9497217217790515e-06,1.1160486936673767e-07,9.099243599994224
1611,33742.307977689714,648.0187286396372,34390.32670632935,259.77801284053936,0.21198034591823867,112007822.55360875,0,False,1,0.9966211427850742,0,4.930287056715266e-06,1.1103965663500701e-07,9.105918199995358
1612,33742.25438903982,648.0685180924738,34390.3229071323,259.777806554139,0.2119801775873548,112007822.55360875,0,False,1,0.996624946200963,0,4.907987791277921e-06,1.1047283980334162e-07,9.111288899999636
1613,33742.2008615528,648.1182659758082,34390.31912752861,259.777600503018,0.21198000944846024,112007822.55360875,0,False,1,0.9966287410614353,0,4.8830960301232595e-06,1.0990311729388925e-07,9.116535499997553
1614,33742.14739945995,648.1679681979215,34390.31536765787,259.7773947034651,0.21197984151484672,112007822.55360875,0,False,1,0.9966325273953309,0,4.855827720982626e-06,1.0932933541547748e-07,9.122332199993252
1615,33742.09400691854,648.2176207766946,34390.311627695235,259.77718917148417,0.21197967379957344,112007822.55360875,0,False,1,0.9966363052313604,0,4.826334271927304e-06,1.0875046064805717e-07,9.12782739999966
1616,33742.040687893066,648.2672199555651,34390.30790784863,259.77698392233697,0.2119795063150941,112007822.55360875,0,False,1,0.996640074598105,0,4.79470523591169e-06,1.0816553923292438e-07,9.133310499993968
1617,33741.98744604686,648.3167623099686,34390.30420835683,259.77677897012603,0.21197933907291647,112007822.55360875,0,False,1,0.9966438355240186,0,4.760981170577e-06,1.0757367495793082e-07,9.138924699997006
1618,33741.93428464648,648.3662448417296,34390.30052948821,259.77657432742654,0.21197917208330194,112007822.55360875,0,False,1,0.9966475880374271,0,4.725174793151397e-06,1.0697400630796662e-07,9.144545499999367
1619,33741.881206480524,648.4156650592473,34390.29687153977,259.7763700049738,0.21197900535501057,112007822.55360875,0,False,1,0.9966513321665301,0,4.687297775305783e-06,1.063657013873099e-07,9.150082399995881
1620,33741.82821379411,648.4650210417581,34390.29323483587,259.77616601141114,0.21197883889509542,112007822.55360875,0,False,1,0.9966550679394014,0,4.647390046160325e-06,1.0574796468989633e-07,9.15559629999916
1621,33741.775308239885,648.5143114864038,34390.28961972629,259.775962353101,0.21197867270874826,112007822.55360875,0,False,1,0.9966587953839894,0,4.605548355697051e-06,1.0512005698693945e-07,9.161095899995416
1622,33741.72249084584,648.5635357373345,34390.28602658317,259.7757590340016,0.211978506799199,112007822.55360875,0,False,1,0.996662514528118,0,4.56195100093486e-06,1.0448132769720239e-07,9.166668899997603
1623,33741.66976200005,648.6126937965446,34390.282455796594,259.7755560556075,0.21197834116766717,112007822.55360875,0,False,1,0.9966662253994871,0,4.516876061374837e-06,1.0383125550852818e-07,9.172277399993618
1624,33741.61712145203,648.6617863166271,34390.278907768654,259.77535341695534,0.21197817581336673,112007822.55360875,0,False,1,0.996669928025674,0,4.470711107504362e-06,1.0316949111510023e-07,9.17758319999848
1625,33741.56456832989,648.7108145760973,34390.27538290599,259.77515111468955,0.2119780107335595,112007822.55360875,0,False,1,0.996673622434133,0,4.423953090716453e-06,1.0249590228200412e-07,9.182768999999098
1626,33741.512101172775,648.7597804383643,34390.27188161114,259.7749491431873,0.21197784592365723,112007822.55360875,0,False,1,0.9966773086521971,0,4.377197972263854e-06,1.0181060811973896e-07,9.18939539999701
1627,33741.45971797695,648.8086862958181,34390.26840427276,259.7747474947361,0.21197768137736644,112007822.55360875,0,False,1,0.9966809867070775,0,4.331120493444084e-06,1.0111401230089916e-07,9.197441399999661
1628,33741.40741625468,648.8575350008546,34390.264951255536,259.7745461597602,0.21197751708687326,112007822.55360875,0,False,1,0.9966846566258658,0,4.286445376600989e-06,1.0040681236943777e-07,9.203731499997957
1629,33741.35519310399,648.9063297859349,34390.26152288992,259.7743451270891,0.2119773530430626,112007822.55360875,0,False,1,0.9966883184355335,0,4.243912045817578e-06,9.969000291439456e-08,9.209414399992966
1630,33741.303045287554,648.9550741750091,34390.25811946256,259.77414438426143,0.2119771892357658,112007822.55360875,0,False,1,0.9966919721629327,0,4.2042356838842044e-06,9.896485843287358e-08,9.21702699999878
1631,33741.250969318855,649.0037718887918,34390.254741207646,259.7739439178566,0.21197702565403165,112007822.55360875,0,False,1,0.9966956178347974,0,4.168067949449309e-06,9.82329037103559e-08,9.224627199997485
1632,33741.198961553404,649.0524267464618,34390.25138829987,259.77374371384576,0.21197686228641247,112007822.55360875,0,False,1,0.9966992554777439,0,4.135960896595846e-06,9.749586917949366e-08,9.232052599996678
1633,33741.14701828277,649.1010425663917,34390.24806084916,259.7735437579538,0.21197669912125972,112007822.55360875,0,False,1,0.996702885118271,0,4.108337501170265e-06,9.675563781605545e-08,9.237985599997046
1634,33741.09513582906,649.1496230684565,34390.24475889752,259.77334403602333,0.21197653614702086,112007822.55360875,0,False,1,0.9967065067827613,0,4.0854715783509445e-06,9.601418505301e-08,9.243232099994202
1635,33741.043310637506,649.1981717803703,34390.24148241788,259.7731445343706,0.21197637335252995,112007822.55360875,0,False,1,0.9967101204974814,0,4.067478928476252e-06,9.527351911770751e-08,9.248596099998394
1636,33740.991539364826,649.2466919503223,34390.23823131515,259.7729452401263,0.21197621072728548,112007822.55360875,0,False,1,0.9967137262885827,0,4.054320230757573e-06,9.453561798389331e-08,9.254075799995917
1637,33740.93981896095,649.2951864679736,34390.23500542892,259.7727461415495,0.21197604826170677,112007822.55360875,0,False,1,0.9967173241821018,0,4.045814884342333e-06,9.380238092203904e-08,9.25950069999817
1638,33740.88814674233,649.3436577955952,34390.23180453792,259.7725472283102,0.21197588594736458,112007822.55360875,0,False,1,0.996720914203962,0,4.041663714902939e-06,9.307557793393828e-08,9.265285699999367
1639,33740.836520454635,649.3921079108277,34390.22862836546,259.7723484917309,0.21197572377717794,112007822.55360875,0,False,1,0.9967244963799724,0,4.041477599853344e-06,9.235682034431808e-08,9.270973999999114
1640,33740.784938323675,649.4405382622101,34390.22547658589,259.77214992498205,0.21197556174557391,112007822.55360875,0,False,1,0.9967280707358299,1,4.0448086159283085e-06,9.164753181557471e-08,9.276530199997069
1641,33740.73340369399,649.4889497364408,34390.22235343043,259.771951540939,0.2119753998630589,112007822.55360875,0,False,1,0.9967316372971192,1,4.034897565825938e-06,9.081520743357887e-08,9.282107499995618
1642,33740.68192128064,649.5373355449237,34390.21925682556,259.771753357753,0.21197523814444438,112007822.55360875,0,False,1,0.9967351960893136,0,4.0290459844851346e-06,9.004317661727184e-08,9.287555899994913
1643,33740.63049629717,649.5856843558603,34390.21618065303,259.77155539549426,0.21197507660610773,112007822.55360875,0,False,1,0.9967387471377752,1,4.025992497979534e-06,8.944905272874674e-08,9.293064399993455
1644,33740.57912657581,649.633988987326,34390.213115563136,259.7713576458182,0.21197491524123982,112007822.55360875,0,False,1,0.996742290467756,1,4.035304832559668e-06,8.91267991892069e-08,9.298824999998033
1645,33740.5278696938,649.6822070651768,34390.21007675897,259.7711603303715,0.2119747542307055,112007822.55360875,0,False,1,0.9967458261043984,0,4.241211831418884e-06,8.83624696658189e-08,9.304140599997481
1646,33740.476859673414,649.7302350481544,34390.20709472157,259.7709639650799,0.21197459399550317,112007822.55360875,0,False,1,0.9967493540727355,0,4.64060098624836e-06,8.671181121597398e-08,9.309491999993043
1647,33740.42614328901,649.7780171720165,34390.20416046103,259.77076873000556,0.21197443468256463,112007822.55360875,0,False,1,0.996752874397692,0,5.138463520612748e-06,8.532256095876463e-08,9.314882199993008
1648,33740.37575867124,649.8255046093183,34390.201263280556,259.77057477193694,0.21197427641167008,112007822.55360875,0,False,1,0.9967563871040848,0,5.6566611095052025e-06,8.424435219455324e-08,9.320167299993045
1649,33740.325735366154,649.8726564977105,34390.198391863865,259.77038220461606,0.21197411927563364,112007822.55360875,0,False,1,0.9967598922166233,0,6.139199307592501e-06,8.349519879420701e-08,9.328305999995791
1650,33740.27609461351,649.9194407426933,34390.1955353562,259.7701911098096,0.2119739633411774,112007822.55360875,0,False,1,0.9967633897599102,0,6.548469549137453e-06,8.30616803077871e-08,9.333368199993856
1651,33740.22684975476,649.9658345813733,34390.192684336136,259.7700015388796,0.2119738086502131,112007822.55360875,0,False,1,0.9967668797584419,0,6.860338736786614e-06,8.290211847219866e-08,9.33871519999957
1652,33740.17800669103,650.0118248999928,34390.18983159102,259.7698135145461,0.21197365522128037,112007822.55360875,0,False,1,0.9967703622366095,0,7.060679713353671e-06,8.295228643392625e-08,9.344804399996065
1653,33740.12956432914,650.0574083042501,34390.18697263339,259.76962703260415,0.21197350305094795,112007822.55360875,0,False,1,0.9967738372186987,0,7.1432626667261145e-06,8.313294129141216e-08,9.350245699999505
1654,33740.0815149758,650.1025909475062,34390.184105923305,259.7694420634413,0.21197335211505197,112007822.55360875,0,False,1,0.9967773047288911,0,7.108537095411825e-06,8.335837450822209e-08,9.35631899999862
1655,33740.03384466457,650.14738812779,34390.18123279236,259.76925855329597,0.21197320236972264,112007822.55360875,0,False,1,0.9967807647912642,0,6.962961886551479e-06,8.354508758065142e-08,9.361714399994526
1656,33739.98653342361,650.1918236698697,34390.17835709348,259.7690764252882,0.21197305375222544,112007822.55360875,0,False,1,0.9967842174297921,0,6.718697659810696e-06,8.361976529517561e-08,9.366676300000108
1657,33739.93955551265,650.235929113487,34390.17548462613,259.76889558033173,0.2119729061817055,112007822.55360875,0,False,1,0.9967876626683458,0,6.393577849728745e-06,8.352580544303448e-08,9.372120599997288
1658,33739.89287967225,650.2797427330254,34390.17262240527,259.76871589809366,0.21197275955997041,112007822.55360875,0,False,1,0.996791100530695,0,6.011311683761805e-06,8.322786442773121e-08,9.377616399993713
1659,33739.846469436154,650.3233084173135,34390.169777853465,259.76853723819653,0.21197261377247137,112007822.55360875,0,False,1,0.9967945310405067,0,5.601806404901755e-06,8.271408913677727e-08,9.383138899996993
1660,33739.800283558085,650.3666744409041,34390.16695799899,259.76835944186155,0.211972468689644,112007822.55360875,0,False,1,0.9967979542213473,0,5.201225317560277e-06,8.199594515837688e-08,9.38883939999505
1661,33739.75427659733,650.4098921599618,34390.16416875729,259.7681823341624,0.21197232416874742,112007822.55360875,0,False,1,0.9968013700966823,0,4.8507824191567494e-06,8.110579113338542e-08,9.394007099996088
1662,33739.70839969437,650.45301466682,34390.16141436119,259.7680057270116,0.21197218005630114,112007822.55360875,0,False,1,0.9968047786898774,0,4.592463275817335e-06,8.009255467991402e-08,9.39918019999459
1663,33739.66260154973,650.4960954373439,34390.15869698708,259.76782942292806,0.21197203619115948,112007822.55360875,0,False,1,0.9968081800241984,0,4.4601538466545826e-06,7.901603246935834e-08,9.404884499999753
1664,33739.61682958988,650.5391870044607,34390.156016594345,259.7676532195257,0.21197189240817424,112007822.55360875,0,False,1,0.9968115741228123,0,4.4693892630603795e-06,7.794069099134731e-08,9.40985169999476
1665,33739.571031318395,650.5823396045942,34390.15337092299,259.7674769147146,0.21197174854243891,112007822.55360875,0,False,1,0.9968149610087877,0,4.613832754667089e-06,7.693106573336649e-08,9.41516099999717
1666,33739.52515587843,650.6255998871127,34390.15075576554,259.76730031271615,0.21197160443419696,112007822.55360875,0,False,1,0.9968183407050951,0,4.85884071184002e-06,7.604378558945508e-08,9.420694499996898
1667,33739.47915567307,650.6690097912699,34390.14816546434,259.7671232303005,0.21197145993393188,112007822.55360875,0,False,1,0.9968217132346074,0,5.159221917591857e-06,7.532101902169837e-08,9.426086199993733
1668,33739.43298795751,650.7126055758632,34390.14559353337,259.76694550291614,0.2119713149073686,112007822.55360875,0,False,1,0.9968250786201011,0,5.471803182919511e-06,7.478685343879902e-08,9.43150869999954
1669,33739.38661630993,650.7564170207833,34390.143033330714,259.76676699035204,0.21197116924009415,112007822.55360875,0,False,1,0.9968284368842555,0,5.761195910364211e-06,7.444582201889312e-08,9.437165299998014
1670,33739.34001193677,650.8004667769408,34390.140478713714,259.7665875817626,0.21197102284165795,112007822.55360875,0,False,1,0.9968317880496546,0,6.000691199002458e-06,7.428340724000852e-08,9.442706399997405
1671,33739.29315468493,650.8447699489891,34390.13792463392,259.7664071995643,0.21197087564875128,112007822.55360875,0,False,1,0.9968351321387866,0,6.171215950780237e-06,7.426779183380785e-08,9.448207399997045
1672,33739.246033701245,650.8893338897163,34390.13536759096,259.76622580197466,0.21197072762727948,112007822.55360875,0,False,1,0.9968384691740452,0,6.261183645984385e-06,7.435396050619199e-08,9.453844199997548
1673,33739.19864770103,650.9341582053765,34390.1328059064,259.766043384046,0.2119705787732052,112007822.55360875,0,False,1,0.9968417991777293,0,6.265542211102932e-06,7.44889350461051e-08,9.45951619999687
1674,33739.15100483335,650.9792349656307,34390.13023979898,259.76585997714693,0.2119704291121254,112007822.55360875,0,False,1,0.9968451221720442,0,6.185042733687226e-06,7.461754915471824e-08,9.464894999997341
1675,33739.10312215837,651.0245491065314,34390.1276712649,259.76567564695057,0.21197027869762974,112007822.55360875,0,False,1,0.9968484381791017,0,6.025724552718152e-06,7.468811728037913e-08,9.470728799999051
1676,33739.055024776186,651.0700790101852,34390.12510378637,259.765490490081,0.21197012760856399,112007822.55360875,0,False,1,0.9968517472209207,0,5.798570238170212e-06,7.465742939093499e-08,9.476161599995976
1677,33739.006744667815,651.1157972405251,34390.12254190834,259.7653046296515,0.21196997594538933,112007822.55360875,0,False,1,0.9968550493194275,0,5.519275070547345e-06,7.44945829538184e-08,9.48130079999828
1678,33738.958319323276,651.16167141108,34390.119990734354,259.7651182099832,0.2119698238258726,112007822.55360875,0,False,1,0.9968583444964566,0,5.208038876677473e-06,7.41833351896692e-08,9.486567399995693
1679,33738.90979024052,651.2076651578354,34390.11745539836,259.764931390827,0.2119696713803714,112007822.55360875,0,False,1,0.9968616327737508,0,4.889179677604702e-06,7.37228016870804e-08,9.492035499999474
1680,33738.861201379426,651.2537391882863,34390.11494056771,259.7647443414115,0.21196951874697734,112007822.55360875,0,False,1,0.9968649141729626,0,4.5901526523391625e-06,7.312655003875812e-08,9.497686599999724
1681,33738.8125976502,651.2998523766014,34390.1124500268,259.7645572346243,0.2119693660667677,112007822.55360875,0,False,1,0.9968681887156532,0,4.339290327229132e-06,7.242025563927197e-08,9.507092599997122
1682,33738.76402350428,651.3459628744954,34390.109986378775,259.7643702415875,0.211969213479379,112007822.55360875,0,False,1,0.996871456423294,0,4.161609766981638e-06,7.163826598553245e-08,9.515059199999087
1683,33738.71552168087,651.3920292078752,34390.107550888744,259.76418352683214,0.2119690611190695,112007822.55360875,0,False,1,0.9968747173172672,0,4.0730407791048055e-06,7.08194894283665e-08,9.5205907999989
1684,33738.66713214504,651.4380113305956,34390.10514347564,259.76399724421026,0.2119689091113834,112007822.55360875,0,False,1,0.9968779714188651,0,4.075459696624263e-06,7.00030700233026e-08,9.525757599993085
1685,33738.61889123512,651.4838716086448,34390.102762843766,259.7638115336127,0.21196875757047245,112007822.55360875,0,False,1,0.9968812187492924,0,4.155869282024879e-06,6.922432663159492e-08,9.53321579999465
1686,33738.57083102073,651.5295757107217,34390.10040673145,259.7636265184975,0.2119686065970791,112007822.55360875,0,False,1,0.9968844593296647,1,4.203183294771687e-06,6.851134852490808e-08,9.544062699998904
1687,33738.52298219356,651.5750933842965,34390.09807557785,259.7634423170187,0.2119684562876177,112007822.55360875,0,False,1,0.9968876931810106,1,4.364425550099509e-06,6.778560025176212e-08,9.552573199995095
1688,33738.47536735406,651.6203967097671,34390.09576406383,259.76325901618213,0.2119683067130855,112007822.55360875,0,False,1,0.9968909203242707,0,4.533969373573449e-06,6.721452250733189e-08,9.559202099997492
1689,33738.4280052562,651.6654637298456,34390.09346898605,259.763076688186,0.2119681579323967,112007822.55360875,0,False,1,0.9968941407802994,0,4.688678984709832e-06,6.673659166710574e-08,9.564707599995018
1690,33738.38090958983,651.7102779252822,34390.091187515114,259.76289538573377,0.21196800998855758,112007822.55360875,0,False,1,0.9968973545698645,0,4.811032996284383e-06,6.634093447180144e-08,9.569977299994207
1691,33738.334089003765,651.754828439832,34390.088917443594,259.7627151421226,0.2119678629087388,112007822.55360875,0,False,1,0.9969005617136477,0,4.8889429208865595e-06,6.600946497961386e-08,9.575298599993403
1692,33738.28754721873,651.7991101670177,34390.08665738575,259.7625359716783,0.21196771670463035,112007822.55360875,0,False,1,0.9969037622322457,0,4.9154436461262e-06,6.571829024355702e-08,9.580277999993996
1693,33738.241283190524,651.8431236867758,34390.0844068773,259.76235787038325,0.21196757137295383,112007822.55360875,0,False,1,0.99690695614617,0,4.8882677495210134e-06,6.544061581887902e-08,9.58535899999697
1694,33738.19529131284,651.8868750579801,34390.08216637082,259.7621808166571,0.21196742689609954,112007822.55360875,0,False,1,0.9969101434758469,0,4.809457573967284e-06,6.514978138820647e-08,9.591047299996717
1695,33738.14956165667,651.9303754763963,34390.079937133065,259.7620047722787,0.21196728324287875,112007822.55360875,0,False,1,0.9969133242416194,0,4.685049980923521e-06,6.482211189781574e-08,9.596090099999856
1696,33738.104080248595,651.9736408107981,34390.077721059395,259.76182968345677,0.2119671403693975,112007822.55360875,0,False,1,0.9969164984637464,0,4.5249593118993925e-06,6.443932883824485e-08,9.601056199993764
1697,33738.058829395915,652.0166910243117,34390.07552042023,259.76165548208195,0.21196699822007822,112007822.55360875,0,False,1,0.9969196661624035,0,4.3433682300855376e-06,6.399052611201166e-08,9.606145300000207
1698,33738.013788081145,652.0595494958532,34390.073337577,259.7614820872454,0.21196685672889876,112007822.55360875,0,False,1,0.9969228273576832,0,4.156950868009314e-06,6.347305715560261e-08,9.611368399993808
1699,33737.968932424854,652.102242280553,34390.07117470541,259.76130940702024,0.2119667158208463,112007822.55360875,0,False,1,0.9969259820695963,0,3.9841562799854926e-06,6.289232273656832e-08,9.616526599995268
1700,33737.9242362259,652.144797323191,34390.069033549094,259.7611373405418,0.21196657541361466,112007822.55360875,0,False,1,0.9969291303180704,0,3.8435425120037835e-06,6.22608863763428e-08,9.621784799994202
1701,33737.87967158107,652.1872436465633,34390.06691522763,259.76096578039227,0.21196643541955035,112007822.55360875,0,False,1,0.996932272122953,0,3.7510568858294356e-06,6.159689476027853e-08,9.62720999999874
1702,33737.835209579374,652.2296105367271,34390.0648201161,259.76079461527434,0.21196629574783404,112007822.55360875,0,False,1,0.9969354075040089,0,3.7168345245213628e-06,6.092199629931899e-08,9.632439399996656
1703,33737.790821058516,652.2719267464931,34390.06274780501,259.7606237329227,0.21196615630685667,112007822.55360875,0,False,1,0.9969385364809232,0,3.7427365204226407e-06,6.025900517017145e-08,9.637672099997872
1704,33737.746477403314,652.3142197374364,34390.060697140754,259.76045302317794,0.21196601700672751,112007822.55360875,0,False,1,0.9969416590733005,0,3.821978077757801e-06,5.9629558372575e-08,9.643009199993685
1705,33737.70215135969,652.3565149790938,34390.05866633879,259.76028238112036,0.21196587776183146,112007822.55360875,0,False,1,0.9969447753006647,0,3.941134987230327e-06,5.905200297540056e-08,9.64826269999321
1706,33737.65781783048,652.3988353219759,34390.05665315245,259.76011171013334,0.2119657384933288,112007822.55360875,0,False,1,0.996947885182461,0,4.0835713496490935e-06,5.8539776112027395e-08,9.653569299996889
1707,33737.61345463886,652.4412004297459,34390.054655068605,259.75994092484257,0.21196559913155366,112007822.55360875,0,False,1,0.9969509887380551,0,4.233010252079313e-06,5.8100626818326814e-08,9.658992199998465
1708,33737.56904322292,652.4836263127435,34390.05266953566,259.7597699537899,0.2119654596181957,112007822.55360875,0,False,1,0.9969540859867342,0,4.373646518646667e-06,5.77356728445938e-08,9.664310000000114
1709,33737.52456920499,652.5261249854818,34390.05069419047,259.75959874162487,0.21196531990808873,112007822.55360875,0,False,1,0.9969571769477067,0,4.492612420733968e-06,5.74394349278494e-08,9.669820600000094
1710,33737.48002281055,652.5687042437005,34390.04872705425,259.7594272507181,0.21196517997052688,112007822.55360875,0,False,1,0.9969602616401037,0,4.58062672661552e-06,5.7200736180435275e-08,9.675125599998864
1711,33737.43539911607,652.6113675634051,34390.04676667947,259.75925546211465,0.21196503979004286,112007822.55360875,0,False,1,0.9969633400829782,0,4.632007276423393e-06,5.7004129138569194e-08,9.680437799994252
1712,33737.39069811455,652.6541141209641,34390.044812235516,259.75908337578704,0.2119648993666142,112007822.55360875,0,False,1,0.9969664122953061,0,4.644489862326561e-06,5.6831674866639905e-08,9.68587639999896
1713,33737.34592459811,652.6969389300939,34390.0428635282,259.75891101018306,0.2119647587152944,112007822.55360875,0,False,1,0.9969694782959873,0,4.618969306042915e-06,5.666486698876686e-08,9.691264999994019
1714,33737.30108786676,652.7398330885397,34390.0409209553,259.75873840110467,0.2119646178652981,112007822.55360875,0,False,1,0.9969725381038441,0,4.559201139780997e-06,5.648649246119557e-08,9.696520199999213
1715,33737.25620128224,652.7827841245168,34390.038985406754,259.75856559999033,0.21196447685859937,112007822.55360875,0,False,1,0.9969755917376241,0,4.471457099419237e-06,5.628224036359141e-08,9.7018997999985
1716,33737.211281693,652.8257764305763,34390.03705812358,259.75839267170176,0.21196433574812576,112007822.55360875,0,False,1,0.996978639215998,0,4.364098925884314e-06,5.604190151137641e-08,9.707150599999295
1717,33737.166348762235,652.868791770583,34390.03514053282,259.75821969193674,0.21196419459564705,112007822.55360875,0,False,1,0.9969816805575625,0,4.2470149323056126e-06,5.576006664367387e-08,9.712468999998237
1718,33737.121424233505,652.9118098439308,34390.03323407743,259.7580467444021,0.21196405346946853,112007822.55360875,0,False,1,0.9969847157808387,0,4.130856573735749e-06,5.543627325571096e-08,9.717933499996434
1719,33737.076531169005,652.9548088900593,34390.03134005907,259.75787391788145,0.2119639124420381,112007822.55360875,0,False,1,0.9969877449042734,0,4.0260353400514e-06,5.507463027231587e-08,9.723710699996445
1720,33737.03169319381,652.997766315748,34390.029459509555,259.7577013033254,0.211963771587572,112007822.55360875,0,False,1,0.9969907679462393,0,3.94151692669919e-06,5.468298339906462e-08,9.729270099996938
1721,33736.986933775115,653.040659327562,34390.02759310268,259.75752899107704,0.2119636309797907,112007822.55360875,0,False,1,0.9969937849250357,0,3.8835829115729e-06,5.427174407403861e-08,9.734471499999927
1722,33736.942275560585,653.0834655522148,34390.0257411128,259.7573570683248,0.21196349068984047,112007822.55360875,0,False,1,0.9969967958588879,0,3.85486452819091e-06,5.385252673511265e-08,9.739658299993607
1723,33736.89773979311,653.1261636284353,34390.02390342154,259.75718561684914,0.21196335078445463,112007822.55360875,0,False,1,0.9969998007659487,0,3.85397586962839e-06,5.3436751388935064e-08,9.744518399995286
1724,33736.853345813615,653.1687337551879,34390.0220795688,259.75701471110887,0.211963211324392,112007822.55360875,0,False,1,0.9970027996642984,0,3.8759074023593385e-06,5.3034355138822944e-08,9.749823899997864
1725,33736.80911065654,653.211158182708,34390.020268839246,259.7568444166834,0.21196307236316575,112007822.55360875,0,False,1,0.9970057925719445,0,3.9130566759021e-06,5.2652759290871585e-08,9.756202899996424
1726,33736.7650487383,653.2534216347586,34390.018470373056,259.7566747890737,0.211962933946065,112007822.55360875,0,False,1,0.9970087795068233,0,3.956559632279481e-06,5.229616545380902e-08,9.761332099995343
1727,33736.72117163426,653.2955116527028,34390.01668328696,259.7565058728434,0.21196279610945384,112007822.55360875,0,False,1,0.9970117604867988,0,3.997567123229593e-06,5.196525552915693e-08,9.766718199993193
1728,33736.67748793749,653.3374188543735,34390.01490679187,259.75633770107515,0.21196265888032806,112007822.55360875,0,False,1,0.9970147355296645,0,4.0282449271106325e-06,5.16572907257189e-08,9.77220419999503
1729,33736.634003191066,653.3791371032169,34390.013140294286,259.7561702951099,0.21196252227610188,112007822.55360875,0,False,1,0.9970177046531424,0,4.042436150733908e-06,5.136658378679872e-08,9.777674599994498
1730,33736.590719885666,653.4206635857353,34390.0113834714,259.75600366453773,0.2119623863046009,112007822.55360875,0,False,1,0.997020667874885,0,4.036027910342504e-06,5.108526360986207e-08,9.783330899997964
1731,33736.54763751505,653.4619987977842,34390.00963631283,259.7558378074112,0.21196225096423596,112007822.55360875,0,False,1,0.9970236252124735,0,4.0070985772372924e-06,5.080424509116062e-08,9.789081999995688
1732,33736.50475268355,653.5031464427092,34390.007899126256,259.7556727106592,0.21196211624434105,112007822.55360875,0,False,1,0.9970265766834202,0,3.955913575056817e-06,5.051428000272571e-08,9.794644599998719
1733,33736.462059261474,653.5441132465933,34390.00617250807,259.7555083506853,0.21196198212566125,112007822.55360875,0,False,1,0.9970295223051675,0,3.884812900377275e-06,5.020697274881252e-08,9.803431099993759
1734,33736.41954858571,653.5849086979636,34390.00445728368,259.75534469413986,0.2119618485809831,112007822.55360875,0,False,1,0.9970324620950892,0,3.7980065447895824e-06,4.9875663890290666e-08,9.808319999996456
1735,33736.37720970433,653.6255447211103,34390.00275442544,259.7551816988617,0.21196171557590282,112007822.55360875,0,False,1,0.9970353960704896,0,3.7012701416874507e-06,4.951608072871089e-08,9.813649599993369
1736,33736.335029664064,653.666035293696,34390.00106495776,259.7550193149848,0.21196158306972948,112007822.55360875,0,False,1,0.9970383242486054,0,3.601515493096921e-06,4.9126709673565156e-08,9.819012699997984
1737,33736.2929938394,653.7063960205053,34389.999389859906,259.75485748620525,0.21196145101651878,112007822.55360875,0,False,1,0.9970412466466049,0,3.506205453806837e-06,4.870886309984788e-08,9.824700199998915
1738,33736.251086301,653.7466436760199,34389.997729977025,259.75469615119954,0.21196131936623036,112007822.55360875,0,False,1,0.9970441632815883,0,3.42260180770186e-06,4.826644111893556e-08,9.831833799995366
1739,33736.20929021877,653.786795728958,34389.99608594773,259.7545352451763,0.2119611880659941,112007822.55360875,0,False,1,0.9970470741705888,0,3.3568901985205303e-06,4.780544940694467e-08,9.840006999998877
1740,33736.167588293436,653.8268698620186,34389.99445815545,259.75437470153776,0.21196105706146579,112007822.55360875,0,False,1,0.9970499793305728,0,3.3133129532548337e-06,4.7333307999841416e-08,9.847320699998818
1741,33736.12596320705,653.8668834997982,34389.992846706846,259.754214453614,0.21196092629824245,112007822.55360875,0,False,1,0.9970528787784394,0,3.29351762859723e-06,4.6858065304072565e-08,9.853458399993542
1742,33736.084398081046,653.9068533572499,34389.991251438296,259.75405443642666,0.21196079572330134,112007822.55360875,0,False,1,0.9970557725310215,0,3.296328190701141e-06,4.638758015955826e-08,9.859871699998621
1743,33736.04287692821,653.9467950201301,34389.98967194834,259.75389458842847,0.21196066528641955,112007822.55360875,0,False,1,0.9970586606050862,0,3.318029773761102e-06,4.592876885500153e-08,9.865884899998491
1744,33736.00138508344,653.9867225676742,34389.98810765111,259.75373485316214,0.2119605349415276,112007822.55360875,0,False,1,0.9970615430173342,0,3.353078600522197e-06,4.5486993261457687e-08,9.8716318999941
1745,33735.95990959802,654.0266482463134,34389.986557844335,259.75357518077794,0.21196040464794785,112007822.55360875,0,False,1,0.9970644197844013,0,3.3950174909444212e-06,4.506563853420791e-08,9.877648999994562
1746,33735.91843958244,654.066582201601,34389.98502178404,259.75341552935333,0.21196027437147125,112007822.55360875,0,False,1,0.9970672909228582,0,3.4373644335159663e-06,4.466591719653776e-08,9.883309699995152
1747,33735.87696648427,654.1065322737414,34389.98349875801,259.7532558659632,0.21196014408523067,112007822.55360875,0,False,1,0.9970701564492105,0,3.4743223171130466e-06,4.4286905952665034e-08,9.888958199997433
1748,33735.835484290335,654.1465038602544,34389.98198815059,259.75309616745795,0.21196001377033602,112007822.55360875,0,False,1,0.9970730163798995,0,3.5012588571131593e-06,4.392579661156333e-08,9.894685199993546
1749,33735.79398964562,654.1864998473872,34389.98048949301,259.7529364209214,0.2119598834162475,112007822.55360875,0,False,1,0.9970758707313022,0,3.5149747995118696e-06,4.3578318172635383e-08,9.900068499999179
1750,33735.752481884825,654.2265206100002,34389.97900249482,259.7527766237921,0.21195975302087502,112007822.55360875,0,False,1,0.9970787195197318,0,3.5138054425324053e-06,4.323928564316756e-08,9.905731999999261
1751,33735.710962976984,654.2665640778259,34389.97752705481,259.75261678365047,0.21195962259040424,112007822.55360875,0,False,1,0.9970815627614383,0,3.497599199439537e-06,4.2903196036521176e-08,9.911080699996091
1752,33735.66943738722,654.3066258642701,34389.976063251495,259.75245691768623,0.21195949213886206,112007822.55360875,0,False,1,0.9970844004726078,0,3.4676037343622403e-06,4.256482331264738e-08,9.91649669999606
1753,33735.62791186359,654.346699452375,34389.97461131596,259.7522970518782,0.21195936168744733,112007822.55360875,0,False,1,0.997087232669364,0,3.4262757268455857e-06,4.221973080568236e-08,9.922403799995664
1754,33735.58639515974,654.3867764311804,34389.97317159092,259.7521372199264,0.2119592312636595,112007822.55360875,0,False,1,0.9970900593677678,0,3.377019562177481e-06,4.186467299950693e-08,9.927616399996623
1755,33735.54489770689,654.4268467745761,34389.97174448147,259.75197746198927,0.21195910090026807,112007822.55360875,0,False,1,0.9970928805838177,0,3.3238558465446924e-06,4.14978356623618e-08,9.93253609999374
1756,33735.50343124955,654.466899153834,34389.97033040338,259.75181782328127,0.21195897063416827,112007822.55360875,0,False,1,0.9970956963334504,0,3.2710244984111797e-06,4.111890799329859e-08,9.938835899993137
1757,33735.462008460294,654.50692127437,34389.96892973466,259.7516583525899,0.21195884050517103,112007822.55360875,0,False,1,0.9970985066325407,0,3.2225407083261622e-06,4.072898889612936e-08,9.94465549999586
1758,33735.42064254841,654.5469002269218,34389.96754277533,259.751499100769,0.21195871055477333,112007822.55360875,0,False,1,0.997101311496902,0,3.1817437391027543e-06,4.033034557601864e-08,9.950139799999306
1759,33735.37934687604,654.5868228432402,34389.96616971928,259.75134011926116,0.2119585808249526,112007822.55360875,0,False,1,0.9971041109422867,1,3.15090122661577e-06,3.992606423422513e-08,9.955552999999782
1760,33735.33813480532,654.6266760465553,34389.96481085188,259.75118145950876,0.2119584513576862,112007822.55360875,0,False,1,0.9971069049843863,1,3.1264307589466413e-06,3.951348456264958e-08,9.96069329999591
1761,33735.297019737736,654.6664463743803,34389.963466112116,259.75102317310603,0.21195832219507527,112007822.55360875,0,False,1,0.9971096936388315,0,3.116203953332552e-06,3.9102679297330815e-08,9.966255100000126
1762,33735.25601411056,654.706121187625,34389.962135298185,259.7508653079352,0.21195819337619198,112007822.55360875,0,False,1,0.9971124769211934,0,3.1156179949188085e-06,3.86977419365111e-08,9.971686099997896
1763,33735.21512918784,654.7456889834621,34389.960818171305,259.75070790736197,0.21195806493642297,112007822.55360875,0,False,1,0.9971152548469827,0,3.12195139533087e-06,3.829974790275039e-08,9.977221699999063
1764,33735.17437491798,654.7851395198827,34389.95951443786,259.7505510096869,0.21195793690702172,112007822.55360875,0,False,1,0.9971180274316501,0,3.131825106793573e-06,3.7910291605250566e-08,9.982248399996024
1765,33735.13375975894,654.8244640289375,34389.95822378787,259.75039464747283,0.21195780931455976,112007822.55360875,0,False,1,0.997120794690588,0,3.141654024481792e-06,3.752984908311168e-08,9.98756489999505
1766,33735.093290549565,654.8636553840311,34389.9569459336,259.7502388470492,0.211957682180522,112007822.55360875,0,False,1,0.9971235566391287,0,3.1480633067235356e-06,3.715777335048456e-08,9.992578499994124
1767,33735.052972425765,654.902708218255,34389.95568064402,259.75008362818966,0.21195755552104384,112007822.55360875,0,False,1,0.9971263132925461,0,3.1482240495988227e-06,3.67924152040246e-08,9.997718999999051
1768,33735.012808779626,654.9416189921136,34389.954427771736,259.7499290039542,0.21195742934678236,112007822.55360875,0,False,1,0.9971290646660552,0,3.140091057893818e-06,3.643134346930615e-08,10.00338589999592
1769,33734.972801259275,654.9803860103694,34389.953187269646,259.749774980689,0.21195730366291604,112007822.55360875,0,False,1,0.9971318107748136,0,3.1225447305724134e-06,3.6071640990140585e-08,10.008574599996791
1770,33734.93294980694,655.0190093890748,34389.95195919602,259.7496215581726,0.21195717846926418,112007822.55360875,0,False,1,0.9971345516339201,0,3.095447730157867e-06,3.571024420184515e-08,10.013630399997055
1771,33734.89325273285,655.0574909751273,34389.95074370798,259.7494687299008,0.21195705376051935,112007822.55360875,0,False,1,0.9971372872584161,0,3.0596278406133015e-06,3.5344278473156215e-08,10.019156899994414
1772,33734.85370682251,655.0958342218653,34389.94954104438,259.7493164834992,0.21195692952658388,112007822.55360875,0,False,1,0.9971400176632857,0,3.0167949868948135e-06,3.497136742484559e-08,10.024530499998946
1773,33734.81430747483,655.1340440252658,34389.9483515001,259.74916480125523,0.21195680575300432,112007822.55360875,0,False,1,0.9971427428634558,0,2.9693960719865907e-06,3.458988152718729e-08,10.030215199993108
1774,33734.77504886874,655.1721265262106,34389.94717539495,259.7490136607596,0.21195668242149449,112007822.55360875,0,False,1,0.9971454628737961,0,2.920408750557459e-06,3.419909614457209e-08,10.035854399997334
1775,33734.73592415513,655.2100888850131,34389.94601304014,259.748863035645,0.21195655951053852,112007822.55360875,0,False,1,0.9971481777091203,0,2.8730768599753666e-06,3.37992611429647e-08,10.040814499996486
1776,33734.6969256711,655.2479390349515,34389.944864706056,259.7487128964111,0.211956436996064,112007822.55360875,0,False,1,0.9971508873841854,0,2.8305979210137266e-06,3.339156407653784e-08,10.0460374999966
1777,33734.65804517215,655.2856854219079,34389.94373059406,259.74856321131847,0.21195631485217134,112007822.55360875,0,False,1,0.9971535919136923,0,2.795787142181885e-06,3.2978011495833274e-08,10.051243199995952
1778,33734.619274077944,655.3233367373745,34389.94261081532,259.7484139473346,0.21195619305190583,112007822.55360875,0,False,1,0.9971562913122863,1,2.7707593703758433e-06,3.256122626170578e-08,10.056431099998008
1779,33734.580605453455,655.3609016517908,34389.94150710524,259.74826507776123,0.21195607157348156,112007822.55360875,0,False,1,0.997158985594557,1,2.7448217396600497e-06,3.2093978465654e-08,10.0621100999997
1780,33734.54203638955,655.3983818982014,34389.94041828775,259.74811659139914,0.21195595040775989,112007822.55360875,0,False,1,0.9971616747750387,0,2.737853714369424e-06,3.1660928952781283e-08,10.067268399994646
1781,33734.5035645517,655.4357787370234,34389.93934328872,259.74796847926143,0.21195582954740746,112007822.55360875,0,False,1,0.9971643588682112,0,2.73575242343973e-06,3.125911275432387e-08,10.072380599995086
1782,33734.46518714971,655.4730947970012,34389.938281946714,259.74782073060675,0.21195570898365926,112007822.55360875,0,False,1,0.9971670378884987,0,2.738005975094878e-06,3.086199130674803e-08,10.077814899996156
1783,33734.42690185022,655.5103322136878,34389.9372340639,259.74767333645246,0.2119555887091854,112007822.55360875,0,False,1,0.9971697118502716,0,2.743877575486229e-06,3.0470622049365815e-08,10.082959599996684
1784,33734.3887068725,655.547492541491,34389.93619941399,259.7475262899437,0.21195546871839233,112007822.55360875,0,False,1,0.9971723807678456,0,2.752484352366166e-06,3.008583307727404e-08,10.088900799994008
1785,33734.350601068436,655.5845766823128,34389.93517775075,259.7473795866608,0.2119553490076735,112007822.55360875,0,False,1,0.997175044655483,0,2.7629005431366e-06,2.9708204099800832e-08,10.094632299995283
1786,33734.31258399222,655.6215848242294,34389.93416881645,259.74723322488813,0.21195522957562893,112007822.55360875,0,False,1,0.997177703527392,0,2.7742374666610984e-06,2.9338069190896986e-08,10.099649599993427
1787,33734.274655947585,655.6585164031065,34389.93317235069,259.7470872057956,0.21195511042321333,112007822.55360875,0,False,1,0.997180357397727,0,2.7856146300820123e-06,2.897550642204714e-08,10.104711499996483
1788,33734.23681801259,655.695370085627,34389.93218809822,259.7469415335341,0.21195499155381384,112007822.55360875,0,False,1,0.99718300628059,0,2.7962950701070755e-06,2.8620366001341318e-08,10.110126599996875
1789,33734.19907204237,655.7321437728555,34389.931215815224,259.7467962152464,0.21195487297325902,112007822.55360875,0,False,1,0.9971856501900292,0,2.8057243604809004e-06,2.8272314915194834e-08,10.115371899999445
1790,33734.16142065001,655.7688346238136,34389.93025527382,259.7466512609932,0.21195475468975844,112007822.55360875,0,False,1,0.9971882891400408,0,2.813543770555915e-06,2.7930890456116153e-08,10.120545399993716
1791,33734.123867166534,655.8054390980345,34389.92930626457,259.74650668359925,0.21195463671377715,112007822.55360875,0,False,1,0.9971909231445678,0,2.8195829735574286e-06,2.7595556289354454e-08,10.126126399998611
1792,33734.08641558165,655.8419530156107,34389.92836859726,259.7463624984252,0.21195451905784954,112007822.55360875,0,False,1,0.9971935522175017,0,2.823835488173733e-06,2.7265752595533464e-08,10.131287299998803
1793,33734.04907046745,655.8783716328377,34389.92744210029,259.7462187230738,0.2119544017363396,112007822.55360875,0,False,1,0.9971961763726817,0,2.8264210058638025e-06,2.6940939231408035e-08,10.136356299997715
1794,33734.01183688766,655.9146897312123,34389.92652661887,259.7460753770407,0.21195428476515582,112007822.55360875,0,False,1,0.9971987956238949,0,2.827539372871903e-06,2.6620626831005195e-08,10.1421107999995
1795,33733.97472029549,655.9509017172606,34389.92562201275,259.745932481321,0.21195416816143034,112007822.55360875,0,False,1,0.9972014099848776,0,2.8274212983125837e-06,2.6304392250416772e-08,10.147147499999846
1796,33733.93772642341,655.9870017304578,34389.92472815387,259.745790057985,0.21195405194317266,112007822.55360875,0,False,1,0.9972040194693141,0,2.8262808983511162e-06,2.5991881741397722e-08,10.152180999997654
1797,33733.90086116793,656.0229837563747,34389.923844924306,259.74564812973455,0.21195393612890764,112007822.55360875,0,False,1,0.9972066240908386,0,2.824274816592621e-06,2.5682800161188638e-08,10.157747699995525
1798,33733.86413047295,656.0588417421282,34389.922972215085,259.74550671945394,0.21195382073730898,112007822.55360875,0,False,1,0.9972092238630338,0,2.8214718677670113e-06,2.537688727642137e-08,10.162900799994532
1799,33733.82754021462,656.0945697112246,34389.92210992584,259.74536584976687,0.21195370578683773,112007822.55360875,0,False,1,0.9972118187994318,0,2.817835956694305e-06,2.5073892797585783e-08,10.16827529999864
1800,33733.79109609063,656.130161874989,34389.921257965616,259.74522554260983,0.2119535912953942,112007822.55360875,0,False,1,0.9972144089135146,0,2.813223494535968e-06,2.477354337374152e-08,10.173845899997104
1801,33733.75480351677,656.1656127379263,34389.920416254696,259.7450858188342,0.21195347727999325,112007822.55360875,0,False,1,0.9972169942187147,0,2.807394899350511e-06,2.447551170294779e-08,10.179140399995958
1802,33733.71866753249,656.2009171945913,34389.91958472708,259.7449466978424,0.2119533637564674,112007822.55360875,0,False,1,0.9972195747284137,0,2.800038248295368e-06,2.4179399183320875e-08,10.184661499995855
1803,33733.68269271789,656.2360706158191,34389.91876333371,259.74480819726847,0.211953250739206,112007822.55360875,0,False,1,0.9972221504559443,0,2.7908019623729653e-06,2.388471327477918e-08,10.190071899996838
1804,33733.646883123096,656.2710689225014,34389.917952045595,259.74467033270616,0.21195313824093379,112007822.55360875,0,False,1,0.9972247214145895,0,2.7793327081302223e-06,2.3590870461045182e-08,10.195312599993485
1805,33733.6112422114,656.3059086454507,34389.917150856854,259.7445331174899,0.21195302627253162,112007822.55360875,0,False,1,0.9972272876175836,0,2.7653144995620654e-06,2.329719836535882e-08,10.201028699993913
1806,33733.57577281661,656.3405869702925,34389.916359786905,259.7443965625307,0.21195291484290307,112007822.55360875,0,False,1,0.9972298490781113,0,2.7485052587457916e-06,2.3002961773873995e-08,10.20623259999411
1807,33733.54047711515,656.3751017667265,34389.915578881875,259.7442606762088,0.21195280395888633,112007822.55360875,0,False,1,0.9972324058093092,0,2.7287676637206833e-06,2.270738379289423e-08,10.2113176999992
1808,33733.50535661267,656.4094516019138,34389.914808214584,259.7441254643218,0.21195269362521235,112007822.55360875,0,False,1,0.9972349578242647,0,2.7060918837441126e-06,2.2409688374926412e-08,10.216754499997478
1809,33733.47041214506,656.4436357381495,34389.91404788321,259.74399093008896,0.21195258384450802,112007822.55360875,0,False,1,0.9972375051360179,0,2.680608612367868e-06,2.2109137978575725e-08,10.222158799995668
1810,33733.4356438933,656.4776541153752,34389.91329800868,259.74385707420805,0.21195247461734276,112007822.55360875,0,False,1,0.9972400477575603,0,2.6525916025753743e-06,2.1805071440018854e-08,10.227412299995194
1811,33733.40105141111,656.5115073194469,34389.91255873055,259.74372389496193,0.21195236594231537,112007822.55360875,0,False,1,0.9972425857018354,0,2.6224496326559124e-06,2.149694649907635e-08,10.232821899997361
1812,33733.36663366471,656.5451965374059,34389.911830202116,259.7435913883717,0.21195225781617907,112007822.55360875,0,False,1,0.9972451189817397,0,2.5907085013952716e-06,2.1184364341633752e-08,10.23832059999404
1813,33733.33238908321,656.5787235012931,34389.9111125845,259.7434595483906,0.21195215023399958,112007822.55360875,0,False,1,0.9972476476101217,0,2.5579842830881378e-06,2.0867096680935006e-08,10.243738699995447
1814,33733.2983156183,656.6120904222829,34389.91040604059,259.74332836713364,0.21195204318934277,112007822.55360875,0,False,1,0.9972501715997835,0,2.5249496657019906e-06,2.0545092739496525e-08,10.249263699995936
1815,33733.264410811644,656.6452999171099,34389.90971072875,259.7431978351373,0.21195193667448636,112007822.55360875,0,False,1,0.9972526909634791,0,2.492295802592615e-06,2.0218483480579344e-08,10.254942799998389
1816,33733.23067186817,656.6783549288891,34389.90902679706,259.7430679416418,0.2119518306806503,112007822.55360875,0,False,1,0.9972552057139172,0,2.4606925948123915e-06,1.9887568702291842e-08,10.260251699997752
1817,33733.197095733645,656.7112586445097,34389.90835437815,259.7429386748893,0.21195172519824007,112007822.55360875,0,False,1,0.9972577158637589,0,2.430750699666842e-06,1.9552796938225786e-08,10.265571599993564
1818,33733.163679174184,656.7440144107987,34389.90769358498,259.7428100224304,0.21195162021709696,112007822.55360875,0,False,1,0.9972602214256195,0,2.4029886418511765e-06,1.9214740703494278e-08,10.270760799998243
1819,33733.130418856104,656.7766256516154,34389.90704450772,259.7426819714315,0.2119515157267487,112007822.55360875,0,False,1,0.9972627224120681,0,2.377808110808997e-06,1.8874062220004212e-08,10.27594329999556
1820,33733.09731142383,656.8090957879382,34389.90640721177,259.74255450897465,0.21195141171665408,112007822.55360875,0,False,1,0.9972652188356281,0,2.3554797888025503e-06,1.8531482315310377e-08,10.281528499996057
1821,33733.06435357409,656.8414281628721,34389.90578173696,259.74242762234314,0.21195130817643623,112007822.55360875,0,False,1,0.9972677107087765,0,2.3361408958477493e-06,1.8187743820580437e-08,10.28675619999558
1822,33733.03154212445,656.873625973308,34389.90516809776,259.74230129928566,0.21195120509609802,112007822.55360875,0,False,1,0.9972701980439459,0,2.3198042167329264e-06,1.7843584912461343e-08,10.29203449999477
1823,33732.998874074554,656.9056922097411,34389.9045662843,259.74217552825166,0.21195110246621415,112007822.55360875,0,False,1,0.997272680853523,0,2.3063769332500515e-06,1.7499712666514694e-08,10.29776409999613
1824,33732.96634665859,656.9376296055011,34389.90397626409,259.7420502985937,0.2119510002780962,112007822.55360875,0,False,1,0.9972751591498497,0,2.295686389182457e-06,1.7156785285120796e-08,10.302681199995277
1825,33732.93395738778,656.9694405963569,34389.90339798414,259.7419256007308,0.21195089852392607,112007822.55360875,0,False,1,0.9972776329452229,0,2.2875091827455023e-06,1.6815398768403176e-08,10.30780699999741
1826,33732.901704081974,657.0011272911623,34389.90283137314,259.7418014262701,0.21195079719685517,112007822.55360875,0,False,1,0.9972801022518948,0,2.2815998359448134e-06,1.6476085856356443e-08,10.31297110000014
1827,33732.869584889835,657.0326914539016,34389.90227634374,259.7416777680849,0.211950696291068,112007822.55360875,0,False,1,0.9972825670820733,0,2.2777156859434747e-06,1.613931285524961e-08,10.317923199996585
1828,33732.83759829741,657.0641344971806,34389.90173279459,259.74155462034724,0.21195059580180892,112007822.55360875,0,False,1,0.9972850274479222,0,2.2756354636852288e-06,1.5805486831082004e-08,10.323185399996873
1829,33732.80574312514,657.0954574869176,34389.90120061206,259.74143197851646,0.21195049572537278,112007822.55360875,0,False,1,0.997287483361561,0,2.27517008988941e-06,1.5474965130338062e-08,10.328588199998194
1830,33732.774018513956,657.1266611576932,34389.90067967165,259.74130983928586,0.21195039605906127,112007822.55360875,0,False,1,0.9972899348350658,0,2.2761653366200577e-06,1.5148063631308553e-08,10.334144299995387
1831,33732.742423901174,657.1577459379603,34389.90016983914,259.74118820048994,0.21195029680110733,112007822.55360875,0,False,1,0.9972923818804683,0,2.2784970396508815e-06,1.4825064995413056e-08,10.339789899997413
1832,33732.71095898737,657.188711984083,34389.899670971456,259.7410670609766,0.21195019795057082,112007822.55360875,0,False,1,0.9972948245097575,0,2.2820603910759574e-06,1.45062264953786e-08,10.34544819999428
1833,33732.67962369548,657.2195592219642,34389.89918291745,259.7409464204498,0.21195009950721017,112007822.55360875,0,False,1,0.9972972627348786,0,2.286755431083021e-06,1.4191783400396502e-08,10.350995399996464
1834,33732.6484181238,657.2502873948652,34389.89870551866,259.7408262792886,0.21195000147133475,112007822.55360875,0,False,1,0.9972996965677342,0,2.292471153894081e-06,1.388194791825685e-08,10.357989899996028
1835,33732.61734249435,657.2808961158961,34389.89823861024,259.7407066383486,0.21194990384364268,112007822.55360875,0,False,1,0.9973021260201841,0,2.2990706400473576e-06,1.3576905810185316e-08,10.368212899993523
1836,33732.58639709854,657.3113849235742,34389.89778202211,259.74058749875246,0.21194980662505003,112007822.55360875,0,False,1,0.9973045511040446,0,2.306379344680138e-06,1.3276809620519424e-08,10.375930199996219
1837,33732.555582241665,657.3417533388118,34389.89733558048,259.7404688616761,0.21194970981651642,112007822.55360875,0,False,1,0.9973069718310908,0,2.3141781378584306e-06,1.2981766828643721e-08,10.381477099996118
1838,33732.524898187956,657.3720009217036,34389.89689910966,259.74035072813757,0.21194961341887258,112007822.55360875,0,False,1,0.9973093882130545,0,2.3222020250437116e-06,1.2691832443947264e-08,10.387423899999703
1839,33732.494345107894,657.4021273265341,34389.896472434426,259.7402330987939,0.2119495174326546,112007822.55360875,0,False,1,0.9973118002616256,0,2.3301447144287432e-06,1.2406993772596998e-08,10.393597099995532
1840,33732.46392302902,657.4321323535102,34389.89605538253,259.7401159737518,0.21194942185794963,112007822.55360875,0,False,1,0.9973142079884526,0,2.3376685058114127e-06,1.2127163435639073e-08,10.39945639999496
1841,33732.43363179164,657.4620159958527,34389.89564778749,259.73999935239715,0.21194932669425648,112007822.55360875,0,False,1,0.9973166114051415,0,2.344418404524312e-06,1.1852174291252807e-08,10.40540539999347
1842,33732.40347101049,657.4917784810358,34389.89524949153,259.7398832332474,0.21194923194036538,112007822.55360875,0,False,1,0.9973190105232578,0,2.3500389834412927e-06,1.158177287599688e-08,10.410594599998149
1843,33732.373440043266,657.5214203051511,34389.89486034842,259.7397676138302,0.21194913759425899,112007822.55360875,0,False,1,0.9973214053543248,0,2.3541923474783912e-06,1.1315623636255159e-08,10.415606599999592
1844,33732.343537966495,657.5509422595702,34389.89448022607,259.739652490591,0.21194904365303663,112007822.55360875,0,False,1,0.9973237959098247,0,2.356575591355085e-06,1.1053315275408759e-08,10.421306699994602
1845,33732.313763559476,657.5803454493107,34389.89410900879,259.7395378588307,0.21194895011286385,112007822.55360875,0,False,1,0.9973261822011992,0,2.356936319190255e-06,1.0794370909314884e-08,10.427030099999683
1846,33732.28411529635,657.6096313027355,34389.89374659909,259.7394237126754,0.2119488569689475,112007822.55360875,0,False,1,0.997328564239849,0,2.3550850900635267e-06,1.0538261606947613e-08,10.432120899997244
1847,33732.25459134628,657.6388015724493,34389.89339291873,259.7393100450769,0.2119487642155363,112007822.55360875,0,False,1,0.997330942037134,0,2.3509039983581168e-06,1.0284427124506771e-08,10.439381199998024
1848,33732.225189581804,657.6678583274912,34389.893047909296,259.73919684784505,0.21194867184594698,112007822.55360875,0,False,1,0.9973333156043738,0,2.344350956787176e-06,1.0032291561787188e-08,10.448054699998465
1849,33732.19590759477,657.6968039371408,34389.89271153191,259.7390841117092,0.21194857985261462,112007822.55360875,0,False,1,0.9973356849528477,0,2.3354595897178814e-06,9.781286212016132e-09,10.453980999998748
1850,33732.16674271955,657.7256410468688,34389.89238376642,259.7389718264071,0.2119484882271652,112007822.55360875,0,False,1,0.9973380500937952,0,2.3243349662120584e-06,9.530866910805798e-09,10.459405699999479
1851,33732.137692062795,657.7543725471456,34389.89206460994,259.73885998079993,0.21194839696050932,112007822.55360875,0,False,1,0.9973404110384155,0,2.3111456568810843e-06,9.280531385106886e-09,10.464615599994431
1852,33732.108752538945,657.7830015359981,34389.891754074946,259.73874856300876,0.21194830604295375,112007822.55360875,0,False,1,0.9973427677978686,0,2.296112837318547e-06,9.02983342857471e-09,10.470483999997668
1853,33732.07992091059,657.8115312763309,34389.89145218692,259.73863756057006,0.2119482154643282,112007822.55360875,0,False,1,0.9973451203832742,0,2.2794973196571685e-06,8.77839411492006e-09,10.475492799996573
1854,33732.051193832805,657.8399651491526,34389.891158981955,259.7385269606063,0.2119481252141245,112007822.55360875,0,False,1,0.9973474688057133,0,2.261585512720015e-06,8.52590560622062e-09,10.480625399999553
1855,33732.022567900116,657.8683066039116,34389.890874504024,259.7384167500068,0.2119480352816443,112007822.55360875,0,False,1,0.9973498130762276,0,2.2426753535423844e-06,8.272138134820789e-09,10.486647899997479
1856,33731.99403969534,657.8965591072011,34389.89059880254,259.7383069156159,0.2119479456561524,112007822.55360875,0,False,1,0.9973521532058194,0,2.223063227155561e-06,8.016933867732173e-09,10.492137599998387
1857,33731.96560583873,657.9247260910983,34389.89033192983,259.73819744442187,0.21194785632703125,112007822.55360875,0,False,1,0.9973544892054527,0,2.2030327758746703e-06,7.760208176073344e-09,10.49789609999425
1858,33731.937263036656,657.952810902385,34389.89007393904,259.73808832374453,0.21194776728393375,112007822.55360875,0,False,1,0.9973568210860524,0,2.182846316198042e-06,7.501937152291996e-09,10.504565899995214
1859,33731.90900812831,657.9808167538447,34389.88982488215,259.7379795414152,0.21194767851693014,112007822.55360875,0,False,1,0.997359148858505,0,2.16273930620061e-06,7.242154225006804e-09,10.509788399998797
1860,33731.880838129604,658.0087466787478,34389.88958480835,259.7378710859454,0.21194759001664581,112007822.55360875,0,False,1,0.9973614725336589,0,2.142918011794931e-06,6.9809412729617845e-09,10.51509139999689
1861,33731.85275027318,658.0366034895342,34389.889353762715,259.7377629466812,0.211947501774387,112007822.55360875,0,False,1,0.997363792122324,0,2.12356017318085e-06,6.718417411681539e-09,10.521204099997703
1862,33731.82474204354,658.0643897415694,34389.88913178511,259.73765511393816,0.21194741378225126,112007822.55360875,0,False,1,0.9973661076352723,0,2.104818176635332e-06,6.454734550448266e-09,10.526514499993937
1863,33731.796811206616,658.0921077027019,34389.88891890932,259.7375475791154,0.2119473260332202,112007822.55360875,0,False,1,0.997368419083238,0,2.0868239680385046e-06,6.190069140971906e-09,10.531868699996267
1864,33731.76895583313,658.1197593291917,34389.88871516233,259.7374403347855,0.21194723852123293,112007822.55360875,0,False,1,0.997370726476918,0,2.069694797988479e-06,5.9246190038017124e-09,10.53694519999408
1865,33731.74117431534,658.1473462484017,34389.88852056374,259.737333374759,0.21194715124123883,112007822.55360875,0,False,1,0.9973730298269708,0,2.05353881228511e-06,5.658598885302058e-09,10.541860099998303
1866,33731.71346537677,658.1748697484703,34389.888335125244,259.73722669412166,0.21194706418922796,112007822.55360875,0,False,1,0.9973753291440188,0,2.0384595869783127e-06,5.392238976644129e-09,10.547242199994798
1867,33731.68582807505,658.2023307750034,34389.88815885006,259.73712028924575,0.21194697736223997,112007822.55360875,0,False,1,0.9973776244386457,0,2.0245588559315054e-06,5.125785336950736e-09,10.552329599995574
1868,33731.65826179788,658.2297299346524,34389.88799173253,259.7370141577741,0.21194689075835144,112007822.55360875,0,False,1,0.9973799157214,0,2.011936953232449e-06,4.859496084989314e-09,10.557614899997134
1869,33731.63076625233,658.2570675052759,34389.88783375761,259.73690829857946,0.21194680437664246,112007822.55360875,0,False,1,0.9973822030027913,0,2.000690801260099e-06,4.593644572760104e-09,10.56298919999972
1870,33731.60334144819,658.2843434522346,34389.88768490043,259.7368027116996,0.21194671821714392,112007822.55360875,0,False,1,0.9973844862932946,0,1.9909096176900412e-06,4.32851600033412e-09,10.568242499997723
1871,33731.57598767569,658.3115574502256,34389.887545125915,259.7366973982525,0.21194663228076807,112007822.55360875,0,False,1,0.9973867656033465,0,1.9826688282191017e-06,4.064407415852358e-09,10.57384219999949
1872,33731.54870547868,658.3387089099493,34389.88741438863,259.73659236033217,0.21194654656922365,112007822.55360875,0,False,1,0.9973890409433489,0,1.976022941298031e-06,3.801620098911676e-09,10.57955929999298
1873,33731.52149562367,658.3657970088033,34389.88729263247,259.7364876008901,0.21194646108491907,112007822.55360875,0,False,1,0.9973913123236662,0,1.9709983077045143e-06,3.540464003588159e-09,10.584909499993955
1874,33731.4943590662,658.3928207247227,34389.88717979092,259.73638312360555,0.21194637583085668,112007822.55360875,0,False,1,0.9973935797546272,0,1.9675867385510885e-06,3.281242102064269e-09,10.5914158999949
1875,33731.46729691502,658.4197788722388,34389.88707578726,259.73627893274755,0.21194629081051997,112007822.55360875,0,False,1,0.9973958432465252,0,1.96574089130419e-06,3.0242514424904952e-09,10.596409899997525
1876,33731.440310395315,658.4466701398061,34389.88698053512,259.73617503303353,0.21194620602775843,112007822.55360875,0,False,1,0.9973981028096169,0,1.9653721254819455e-06,2.769771724064032e-09,10.601746499996807
1877,33731.41340081188,658.4734931274404,34389.88689393932,259.73607142948737,0.21194612148667155,112007822.55360875,0,False,1,0.9974003584541244,0,1.9663512556522584e-06,2.518060007712538e-09,10.607752399999299
1878,33731.38656951308,658.5002463837485,34389.88681589683,259.7359681273007,0.2119460371914957,112007822.55360875,0,False,1,0.9974026101902337,0,1.9685122867909795e-06,2.2693441573423463e-09,10.612696599993797
1879,33731.359817856646,658.526928441464,34389.88674629811,259.73586513170125,0.21194595314649683,112007822.55360875,0,False,1,0.9974048580280956,0,1.971658876662465e-06,2.023813742215575e-09,10.617704799995408
1880,33731.33314717778,658.5535378506842,34389.88668502846,259.73576244783,0.21194586935586995,112007822.55360875,0,False,1,0.997407101977826,0,1.97557298966178e-06,1.7816181327955452e-09,10.623944299994037
1881,33731.3065587605,658.5800732090811,34389.88663196958,259.73566008063085,0.2119457858236493,112007822.55360875,0,False,1,0.9974093420495057,0,1.9800249902718712e-06,1.5428629040116273e-09,10.629618899998604
1882,33731.28005381262,658.6065331884716,34389.88658700109,259.7355580347543,0.21194570255362977,112007822.55360875,0,False,1,0.9974115782531806,0,1.9847843265211753e-06,1.307607931105044e-09,10.635307799995644
1883,33731.25363344489,658.6329165572369,34389.88655000213,259.73545631447735,0.21194561954930133,112007822.55360875,0,False,1,0.9974138105988619,0,1.9896299505073575e-06,1.0758676012008609e-09,10.640770199999679
1884,33731.22729865455,658.6592221982186,34389.88652085277,259.7353549236397,0.21194553681379727,112007822.55360875,0,False,1,0.9974160390965269,0,1.99435971086247e-06,8.476141984691673e-10,10.646093499999552
1885,33731.2010503135,658.6854491218392,34389.88649943534,259.7352538655987,0.21194545434985715,112007822.55360875,0,False,1,0.9974182637561173,0,1.998798102380893e-06,6.227827702946862e-10,10.651361199998064
1886,33731.17488916115,658.7115964743343,34389.886485635485,259.73515314320144,0.2119453721598043,112007822.55360875,0,False,1,0.9974204845875417,0,2.002801948340645e-06,4.0127662816439385e-10,10.661265799993998
1887,33731.14881580195,658.7376635411157,34389.88647934306,259.7350527587755,0.21194529024553796,112007822.55360875,0,False,1,0.9974227016006744,0,2.0062637918726805e-06,1.8297306012792123e-10,10.670415699998557
1888,33731.14883132647,658.7376445773596,34389.88647590383,259.73505281854614,0.2119452902943111,112007822.55360875,0,True,2,0.0,0,2.0036538858040163e-06,1.0000698173192624e-10,10.681709099997533
1889,33731.14884673438,658.7376257391568,34389.88647247354,259.73505287786776,0.21194529034271792,112007822.55360875,0,False,2,0.28175352512532087,0,2.001067103815155e-06,9.974717059202814e-11,10.68739469999855
1890,33731.14886634038,658.7376017484758,34389.88646808886,259.73505295335235,0.21194529040431376,112007822.55360875,0,False,2,0.434042782780302,0,1.997782223708393e-06,1.274991482369243e-10,10.692516299997806
1891,33731.14888994942,658.7375728331243,34389.886462782546,259.735053044249,0.21194529047848595,112007822.55360875,0,False,2,0.5310638054044795,0,1.9938377673133177e-06,1.5429862605688252e-10,10.69779269999708
1892,33731.148917402694,658.7375391763968,34389.886456579094,259.7350531499462,0.2119452905647355,112007822.55360875,0,False,2,0.5987785940560388,0,1.989267591457969e-06,1.8038595052460664e-10,10.703057399994577
1893,33731.14894855873,658.7375009406454,34389.886449499376,259.73505326989937,0.21194529066261794,112007822.55360875,0,False,2,0.6489233261224006,0,1.9841040981847553e-06,2.05866273222803e-10,10.708055399998557
1894,33731.148983286905,658.7374582756235,34389.88644156253,259.7350534036055,0.21194529077172292,112007822.55360875,0,False,2,0.6876458540105597,0,1.978379371895134e-06,2.3079016000387154e-10,10.713101299996197
1895,33731.14902146562,658.7374113213027,34389.88643278692,259.73505355059655,0.21194529089166844,112007822.55360875,0,False,2,0.718499853459134,0,1.9721255731026304e-06,2.55179825992006e-10,10.723464599999716
1896,33731.14906298232,658.7373602082691,34389.88642319058,259.735053710439,0.2119452910221008,112007822.55360875,0,False,2,0.7436910466053832,0,1.9653750271917572e-06,2.790454266732104e-10,10.731732000000193
1897,33731.14910773448,658.7373050569488,34389.886412791435,259.73505388273827,0.211945291162698,112007822.55360875,0,False,2,0.7646647176173088,0,1.9581601725406087e-06,3.0238971249244483e-10,10.736961999995401
1898,33731.14915563117,658.7372459762627,34389.88640160743,259.73505406714423,0.21194529131317433,112007822.55360875,0,False,2,0.782409243228014,0,1.9505134574094585e-06,3.252120487329807e-10,10.74216819999856
1899,33731.14920659459,658.7371830620223,34389.88638965662,259.73505426335737,0.21194529147328536,112007822.55360875,0,False,2,0.7976243809601435,0,1.9424672164601186e-06,3.4750947337938806e-10,10.747619299996586
1900,33731.14926056191,658.7371163952655,34389.886376957176,259.7350544711357,0.21194529164283366,112007822.55360875,0,False,2,0.8108199838000861,0,1.93405355635192e-06,3.692783896983187e-10,10.753150399999868
1901,33731.149317486714,658.7370460406464,34389.88636352736,259.73505469030056,0.21194529182167346,112007822.55360875,0,False,2,0.8223766390185732,0,1.9253042570367092e-06,3.905164703918907e-10,10.758497499999066
1902,33731.14937734049,658.736972044971,34389.88634938546,259.7350549207422,0.21194529200971512,112007822.55360875,0,False,2,0.8325843815233085,0,1.9162506906583532e-06,4.1122265759769313e-10,10.763646799998241
1903,33731.14944011389,658.7368944359306,34389.886334549825,259.73505516242466,0.21194529220692943,112007822.55360875,0,False,2,0.8416682316299193,0,1.9069237626271948e-06,4.313952587354052e-10,10.768809799999872
1904,33731.14950581764,658.7368132210812,34389.88631903872,259.7350554153891,0.21194529241334986,112007822.55360875,0,False,2,0.8498055224352064,0,1.8973538645630314e-06,4.510368126765633e-10,10.773966499997186
1905,33731.14957448329,658.7367283870926,34389.88630287038,259.7350556797572,0.21194529262907572,112007822.55360875,0,False,2,0.8571379479988086,0,1.8875708422762298e-06,4.701481657118134e-10,10.77937949999614
1906,33731.149646163576,658.7366398992906,34389.886286062865,259.73505595573187,0.21194529285427263,112007822.55360875,0,False,2,0.8637801230052086,0,1.8776039649296085e-06,4.887341840110754e-10,10.784780599999067
1907,33731.149720932575,658.7365477014955,34389.88626863407,259.73505624359825,0.21194529308917326,112007822.55360875,0,False,2,0.8698257810419169,0,1.8674818971519588e-06,5.06799945316779e-10,10.790021999993769
1908,33731.14979888546,658.736451716166,34389.88625060163,259.73505654372286,0.21194529333407666,112007822.55360875,0,False,2,0.8753523399411488,0,1.8572326625706273e-06,5.243530662424568e-10,10.79533879999508
1909,33731.14988013805,658.7363518448376,34389.88623198289,259.73505685655164,0.21194529358934674,112007822.55360875,0,False,2,0.8804243161473297,0,1.846883598856894e-06,5.41401586546766e-10,10.800588099999004
1910,33731.149964826,658.7362479688454,34389.886212794845,259.73505718260674,0.21194529385540956,112007822.55360875,0,False,2,0.8850959137641199,0,1.8364612984743528e-06,5.57956084859486e-10,10.805744099998265
1911,33731.150053103804,658.7361399503169,34389.88619305412,259.7350575224831,0.21194529413275062,112007822.55360875,0,False,2,0.8894130125262103,0,1.8259915356897312e-06,5.740271398103406e-10,10.811278299996047
1912,33731.15014514347,658.736027633406,34389.886172776874,259.7350578768429,0.21194529442191026,112007822.55360875,0,False,2,0.8934147117832398,0,1.8154991771433202e-06,5.896280804727942e-10,10.816488399999798
1913,33731.15024113306,658.7359108457531,34389.88615197881,259.73505824641023,0.2119452947234793,112007822.55360875,0,False,2,0.8971345422701921,0,1.8050080801229635e-06,6.04772659065473e-10,10.821739099999832
1914,33731.15034127497,658.7357894001306,34389.886130675106,259.7350586319643,0.21194529503809365,112007822.55360875,0,False,2,0.9006014263404838,0,1.794540977738905e-06,6.194758972425695e-10,10.830046899995068
1915,33731.15044578417,658.7356630962498,34389.886108880426,259.7350590343328,0.21194529536642862,112007822.55360875,0,False,2,0.9038404456605403,0,1.7841193594894766e-06,6.337526050856547e-10,10.836868399994273
1916,33731.15055488614,658.7355317226923,34389.88608660883,259.73505945438376,0.21194529570919263,112007822.55360875,0,False,2,0.906873460036305,0,1.7737633472458583e-06,6.476205546926807e-10,10.842761799998698
1917,33731.15066881489,658.7353950589312,34389.88606387382,259.7350598930182,0.21194529606712084,112007822.55360875,0,False,2,0.9097196100592845,0,1.7634915743937302e-06,6.610958255807965e-10,10.848284399995464
1918,33731.150787810875,658.7352528774077,34389.88604068828,259.73506035116196,0.21194529644096877,112007822.55360875,0,False,2,0.9123957282937485,0,1.7533210716065576e-06,6.741964014205499e-10,10.854255499994906
1919,33731.15091211885,658.735104945627,34389.88601706448,259.73506082975723,0.21194529683150526,112007822.55360875,0,False,2,0.914916677883027,0,1.743267168360639e-06,6.869404774550971e-10,10.859829299995909
1920,33731.15104198584,658.7349510282412,34389.88599301408,259.7350613297552,0.21194529723950645,112007822.55360875,0,False,2,0.917295633120554,0,1.733343408378232e-06,6.993449794920055e-10,10.865199499996379
1921,33731.151177659056,658.7347908890847,34389.885968548144,259.7350618521075,0.2119452976657489,112007822.55360875,0,False,2,0.9195443132877347,0,1.723561488791204e-06,7.114283143470608e-10,10.870760499994503
1922,33731.151319383935,658.734624293133,34389.885943677065,259.73506239775924,0.21194529811100385,112007822.55360875,0,False,2,0.9216731786097809,0,1.713931223864378e-06,7.232091004086735e-10,10.87615039999946
1923,33731.15146740239,658.7344510083593,34389.88591841075,259.7350629676417,0.2119452985760312,112007822.55360875,0,False,2,0.9236915953126076,0,1.7044605317302987e-06,7.347019361858657e-10,10.88154019999638
1924,33731.151621950994,658.7342708074605,34389.88589275845,259.7350635626657,0.2119452990615742,112007822.55360875,0,False,2,0.9256079753284939,0,1.6951554539919988e-06,7.459256516396988e-10,10.88729769999918
1925,33731.15178325946,658.7340834694336,34389.885866728895,259.73506418371574,0.2119452995683546,112007822.55360875,0,False,2,0.9274298950868183,0,1.6860201955092323e-06,7.568956915696527e-10,10.893057099994621
1926,33731.151951549306,658.7338887809866,34389.885840330295,259.7350648316446,0.21194530009706825,112007822.55360875,0,False,2,0.9291641969594342,0,1.6770571936856256e-06,7.676268660574313e-10,10.898494999994
1927,33731.15212703257,658.733686537768,34389.885813570334,259.73506550726864,0.21194530064838135,112007822.55360875,0,False,2,0.9308170762496849,0,1.6682672101545927e-06,7.781346199025724e-10,10.905250999996497
1928,33731.1523099109,658.7334765454054,34389.88578645631,259.7350662113643,0.21194530122292743,112007822.55360875,0,False,2,0.9323941560762216,0,1.6596494405621706e-06,7.884301664526144e-10,10.911158299997624
1929,33731.15250037465,658.7332586203503,34389.885758995,259.7350669446644,0.21194530182130453,112007822.55360875,0,False,2,0.9339005520751649,0,1.6512016442641525e-06,7.985287389345526e-10,10.917816999994102
1930,33731.15269860235,658.7330325905236,34389.88573119287,259.73506770785633,0.2119453024440735,112007822.55360875,0,False,2,0.9353409285021578,0,1.6429202836566034e-06,8.084390118247575e-10,10.928974299997208
1931,33731.15290476025,658.7327982957663,34389.88570305602,259.7350685015801,0.21194530309175663,112007822.55360875,0,False,2,0.936719547040866,0,1.6348006743787282e-06,8.181724100434442e-10,10.936569199999212
1932,33731.15311900211,658.7325555881006,34389.885674590216,259.7350693264277,0.21194530376483703,112007822.55360875,0,False,2,0.9380403094021824,0,1.626837140145752e-06,8.277376080670247e-10,10.94214490000013
1933,33731.15334146915,658.732304331809,34389.88564580096,259.73507018294293,0.21194530446375834,112007822.55360875,0,False,2,0.9393067946178,0,1.619023170561131e-06,8.371430687993275e-10,10.94741609999619
1934,33731.15357229018,658.7320444033444,34389.88561669353,259.7350710716217,0.2119453051889253,112007822.55360875,0,False,2,0.9405222917844157,0,1.6113515754888142e-06,8.463951394181728e-10,10.952942599993548
1935,33731.1538115819,658.731775691085,34389.885587272984,259.73507199291316,0.2119453059407044,112007822.55360875,0,False,2,0.9416898288939467,0,1.6038146372785254e-06,8.554999555287901e-10,10.958423399999447
1936,33731.15405944929,658.7314980949493,34389.88555754424,259.7350729472217,0.21194530671942563,112007822.55360875,0,False,2,0.9428121982856035,0,1.5964042561100495e-06,8.64461748582993e-10,10.964330699993297
1937,33731.154315986176,658.7312115258921,34389.885527512066,259.7350739349084,0.21194530752538365,112007822.55360875,0,False,2,0.9438919791733417,0,1.5891120872401534e-06,8.732851731778068e-10,10.97006679999322
1938,33731.154581275856,658.7309159052966,34389.88549718115,259.7350749562941,0.21194530835884023,112007822.55360875,0,False,2,0.9449315576338684,0,1.581929670434118e-06,8.819719218938154e-10,10.975486099996488
1939,33731.1548553918,658.7306111642872,34389.88546655609,259.73507601166153,0.21194530922002608,112007822.55360875,0,False,2,0.9459331443834135,0,1.5748485471066052e-06,8.905253798924276e-10,10.980839999996533
1940,33731.155138398426,658.7302972429792,34389.88543564141,259.7350771012588,0.2119453101091437,112007822.55360875,0,False,2,0.9468987906238281,0,1.5678603698537603e-06,8.989468166090169e-10,10.98627189999388
1941,33731.15543035197,658.7299740896907,34389.885404441666,259.7350782253024,0.2119453110263697,112007822.55360875,0,False,2,0.9478304021985741,0,1.5609569989217002e-06,9.072360204707229e-10,10.991785999998683
1942,33731.15573130124,658.7296416601301,34389.88537296137,259.7350793839802,0.2119453119718574,112007822.55360875,0,False,2,0.9487297522654735,0,1.5541305903730592e-06,9.153940493402984e-10,10.997471199996653
1943,33731.156041288494,658.7292999165859,34389.88534120508,259.7350805774549,0.2119453129457396,112007822.55360875,0,False,2,0.9495984926646243,0,1.5473736709432957e-06,9.234194222092372e-10,11.002784799995425
1944,33731.156360350215,658.7289488271291,34389.88530917734,259.735081805867,0.21194531394813096,112007822.55360875,0,False,2,0.9504381641357491,0,1.5406792059096325e-06,9.313127737950618e-10,11.007789999996021
1945,33731.156688517935,658.7285883648497,34389.885276882786,259.7350830693379,0.21194531497913044,112007822.55360875,0,False,2,0.9512502055187321,0,1.5340406525508572e-06,9.3907135365361e-10,11.01301699999749
1946,33731.15702581892,658.7282185071397,34389.885244326055,259.7350843679726,0.21194531603882377,112007822.55360875,0,False,2,0.9520359620535963,0,1.5274520084283854e-06,9.466949502119562e-10,11.018185399996582
1947,33731.15737227683,658.7278392350349,34389.885211511864,259.73508570186215,0.21194531712728526,112007822.55360875,0,False,2,0.9527966928812224,0,1.520907845099071e-06,9.541814477437166e-10,11.023659899998165
1948,33731.157727912374,658.7274505326263,34389.885178445,259.73508707108624,0.21194531824457996,112007822.55360875,0,False,2,0.9535335778332711,0,1.5144033356259584e-06,9.615287305224872e-10,11.029600999994727
1949,33731.15809274374,658.7270523865485,34389.88514513029,259.735088475715,0.21194531939076505,112007822.55360875,0,False,2,0.9542477235887569,0,1.507934269962628e-06,9.687357406848716e-10,11.034563899993373
1950,33731.15846678707,658.7266447855516,34389.88511157262,259.7350899158105,0.21194532056589124,112007822.55360875,0,False,2,0.9549401692652046,0,1.501497063790794e-06,9.758005740770344e-10,11.039800899998227
1951,33731.1588500568,658.7262277201597,34389.88507777696,259.7350913914283,0.21194532177000383,112007822.55360875,0,False,2,0.9556118915041254,0,1.4950887548951603e-06,9.827209033999096e-10,11.047832499993092
1952,33731.159242565904,658.7258011824164,34389.88504374832,259.7350929026184,0.21194532300314362,112007822.55360875,0,False,2,0.9562638091034213,0,1.488706993627765e-06,9.89495670790046e-10,11.057964299994637
1953,33731.15964432601,658.7253651657184,34389.88500949173,259.73509444942556,0.2119453242653471,112007822.55360875,0,False,2,0.9568967872431737,0,1.4823500232394938e-06,9.96124029956585e-10,11.063775199996599
1954,33731.16005534757,658.7249196647299,34389.884975012304,259.73509603189007,0.2119453255566472,112007822.55360875,0,False,2,0.9575116413458903,0,1.4760166528744076e-06,1.0026036536004061e-09,11.068944199992984
1955,33731.160475639765,658.7244646753785,34389.88494031514,259.7350976500471,0.21194532687707263,112007822.55360875,0,False,2,0.9581091406076137,0,1.4697062241954389e-06,1.0089351764388647e-09,11.074438899995585
1956,33731.16090521047,658.724000194922,34389.88490540539,259.7350993039272,0.21194532822664824,112007822.55360875,0,False,2,0.9586900112322029,0,1.46341857064931e-06,1.0151166943180239e-09,11.07969349999621
1957,33731.16134406612,658.7235262220809,34389.884870288195,259.735100993555,0.21194532960539422,112007822.55360875,0,False,2,0.9592549393975224,0,1.4571539713350945e-06,1.0211490535278232e-09,11.084859699993103
1958,33731.16179221148,658.7230427572218,34389.8848349687,259.73510271894895,0.21194533101332555,112007822.55360875,0,False,2,0.9598045739791348,0,1.4509131007070663e-06,1.0270314077773371e-09,11.091428299994732
1959,33731.162249649424,658.7225498025936,34389.88479945202,259.73510448012,0.21194533245045122,112007822.55360875,0,False,2,0.9603395290543362,0,1.4446969759332703e-06,1.0327654496469195e-09,11.09759109999868
1960,33731.162716380655,658.7220473625908,34389.88476374325,259.7351062770709,0.21194533391677342,112007822.55360875,0,False,2,0.9608603862069443,0,1.438506899727679e-06,1.0383509675634527e-09,11.102785799994308
1961,33731.1631924034,658.7215354440464,34389.88472784745,259.7351081097948,0.2119453354122866,112007822.55360875,0,False,2,0.9613676966511135,0,1.432344403479452e-06,1.0437894425346745e-09,11.107785599997442
1962,33731.16367771307,658.7210140565346,34389.88469176961,259.73510997827407,0.2119453369369764,112007822.55360875,0,False,2,0.9618619831905493,0,1.4262111919134315e-06,1.049082990286148e-09,11.112747099999979
1963,33731.16417230199,658.7204832126773,34389.884655514674,259.7351118824792,0.2119453384908187,112007822.55360875,0,False,2,0.9623437420278342,0,1.4201090853639197e-06,1.054232457107787e-09,11.117954199995438
1964,33731.16467615907,658.7199429284424,34389.88461908751,259.7351138223674,0.21194534007377858,112007822.55360875,0,False,2,0.9628134444370816,0,1.4140399662874282e-06,1.0592405934429824e-09,11.123363099999551
1965,33731.16518926947,658.7193932234234,34389.884582492894,259.7351157978816,0.21194534168580945,112007822.55360875,0,False,2,0.9632715383118254,0,1.4080057298500596e-06,1.0641099381625228e-09,11.128611099993577
1966,33731.16571161444,658.7188341210941,34389.884545735535,259.7351178089495,0.2119453433268524,112007822.55360875,0,False,2,0.9637184495988772,0,1.4020082347470237e-06,1.0688421838467664e-09,11.133863099996233
1967,33731.16624317097,658.7182656490278,34389.884508819996,259.73511985548265,0.21194534499683515,112007822.55360875,0,False,2,0.9641545836278388,0,1.3960492613052825e-06,1.0734417735199972e-09,11.140796699997736
1968,33731.166783911736,658.7176878390751,34389.88447175081,259.73512193737577,0.21194534669567186,112007822.55360875,0,False,2,0.9645803263450347,0,1.3901304728625165e-06,1.0779095534721511e-09,11.149971399994683
1969,33731.16733380483,658.7171007274967,34389.88443453232,259.73512405450606,0.2119453484232623,112007822.55360875,0,False,2,0.964996045459788,0,1.384253383574031e-06,1.0822510245905818e-09,11.156824899997446
1970,33731.167892813784,658.7165043550434,34389.884397168826,259.73512620673307,0.21194535017949187,112007822.55360875,0,False,2,0.9654020915102275,0,1.3784193297132383e-06,1.086467667883073e-09,11.162396699997771
1971,33731.168460897476,658.7158987669845,34389.88435966446,259.73512839389855,0.21194535196423142,112007822.55360875,0,False,2,0.9657987988551446,0,1.3726294478926232e-06,1.0905639263739576e-09,11.16768599999341
1972,33731.169038010186,658.7152840130801,34389.88432202327,259.73513061582634,0.21194535377733723,112007822.55360875,0,False,2,0.9661864865978228,0,1.3668846586686222e-06,1.0945425505067013e-09,11.17297719999624
1973,33731.169624101676,658.7146601474975,34389.88428424917,259.7351328723231,0.2119453556186515,112007822.55360875,0,False,2,0.966565459447225,0,1.3611856544809083e-06,1.0984071370152244e-09,11.178081699996255
1974,33731.1702191173,658.7140272286754,34389.88424634598,259.7351351631785,0.2119453574880026,112007822.55360875,0,False,2,0.9669360085214439,0,1.3555328942561924e-06,1.1021610710608507e-09,11.183087099998374
1975,33731.170822998254,658.713385319134,34389.88420831739,259.735137488166,0.21194535938520573,112007822.55360875,0,False,2,0.9672984120978823,0,1.3499266004826007e-06,1.105807526232307e-09,11.188298099994427
1976,33731.17143568173,658.7127344852386,34389.88417016697,259.7351398470439,0.2119453613100636,112007822.55360875,0,False,2,0.9676529363142448,0,1.3443667649407808e-06,1.1093498876909454e-09,11.193459199996141
1977,33731.17205710131,658.7120747969176,34389.88413189822,259.7351422395564,0.21194536326236751,112007822.55360875,0,False,2,0.9679998358240649,0,1.3388531539334905e-06,1.1127909058802968e-09,11.198593999994046
1978,33731.17268718716,658.7114063273422,34389.8840935145,259.73514466543475,0.21194536524189814,112007822.55360875,0,False,2,0.9683393544101703,0,1.3333853220808583e-06,1.1161341775343528e-09,11.204259399994044
1979,33731.17332586653,658.7107291525728,34389.88405501911,259.73514712439874,0.21194536724842683,112007822.55360875,0,False,2,0.9686717255592106,0,1.3279626259774221e-06,1.119381183660998e-09,11.210920499994245
1980,33731.173973064026,658.7100433511777,34389.884016415206,259.73514961615814,0.21194536928171676,112007822.55360875,0,False,2,0.9689971730000947,0,1.3225842431740972e-06,1.1225365788573104e-09,11.2167558000001
1981,33731.17462870209,658.7093490038319,34389.88397770592,259.7351521404143,0.21194537134152425,112007822.55360875,0,False,2,0.9693159112089641,0,1.3172491925145168e-06,1.1256009978407482e-09,11.223356699993019
1982,33731.17529270135,658.708646192904,34389.88393889426,259.73515469686174,0.2119453734276,112007822.55360875,0,False,2,0.969628145883101,0,1.3119563577467261e-06,1.1285778257727395e-09,11.228686699992977
1983,33731.17596498114,658.7079350020331,34389.88389998318,259.7351572851898,0.21194537553969053,112007822.55360875,0,False,2,0.9699340743859814,0,1.3067045121483978e-06,1.1314687552338226e-09,11.234046699995815
1984,33731.17664545985,658.7072155157086,34389.883860975555,259.7351599050843,0.2119453776775394,112007822.55360875,0,False,2,0.9702338861655042,0,1.3014923450626807e-06,1.1342761135223836e-09,11.23924929999339
1985,33731.17733405538,658.7064878188556,34389.88382187423,259.7351625562291,0.21194537984088876,112007822.55360875,0,False,2,0.970527763147263,0,1.2963184875777824e-06,1.1370007469285232e-09,11.244501199995284
1986,33731.17803068552,658.7057519964332,34389.88378268196,259.7351652383078,0.21194538202948032,112007822.55360875,0,False,2,0.9708158801045849,0,1.291181541280569e-06,1.1396454058958697e-09,11.249883199998294
1987,33731.17873526841,658.7050081330497,34389.883743401464,259.7351679510051,0.21194538424305687,112007822.55360875,0,False,2,0.9710984050069197,0,1.2860801037096836e-06,1.1422107251419235e-09,11.25536049999937
1988,33731.17944772283,658.7042563126024,34389.883704035434,259.7351706940084,0.21194538648136324,112007822.55360875,0,False,2,0.9713754993480485,0,1.2810127946042688e-06,1.1446979741020296e-09,11.260762899997644
1989,33731.180167968545,658.7034966179443,34389.88366458649,259.7351734670087,0.21194538874414737,112007822.55360875,0,False,2,0.9716473184554572,0,1.2759782817805312e-06,1.147109056929382e-09,11.266033899999456
1990,33731.180895926664,658.7027291305797,34389.88362505724,259.7351762697023,0.21194539103116142,112007822.55360875,0,False,2,0.9719140117821313,0,1.2709753033159434e-06,1.14944397362365e-09,11.271281499997713
1991,33731.18163151988,658.7019539303963,34389.883585450276,259.73517910179163,0.21194539334216253,112007822.55360875,0,False,2,0.9721757231819224,0,1.2660026908065143e-06,1.1517039936201914e-09,11.276512399999774
1992,33731.1823746727,658.7011710954293,34389.883545768134,259.7351819629859,0.21194539567691342,112007822.55360875,0,False,2,0.972432591169558,0,1.261059385855175e-06,1.1538899632091389e-09,11.281710899995232
1993,33731.183125311654,658.7003807016649,34389.88350601332,259.73518485300235,0.2119453980351834,112007822.55360875,0,False,2,0.9726847491662854,0,1.2561444593241645e-06,1.1560031518258603e-09,11.28687809999974
1994,33731.18388336548,658.6995828228779,34389.88346618835,259.7351877715666,0.21194540041674853,112007822.55360875,0,False,2,0.9729323257320669,0,1.2512571234748253e-06,1.158043136324801e-09,11.292212899999868
1995,33731.18464876521,658.6987775305072,34389.88342629572,259.7351907184131,0.21194540282139215,112007822.55360875,0,False,2,0.9731754447851788,0,1.2463967434964333e-06,1.1600107629961e-09,11.297481799992966
1996,33731.18542144427,658.6979648935646,34389.88338633784,259.7351936932855,0.21194540524890507,112007822.55360875,0,False,2,0.9734142258100047,0,1.241562845758454e-06,1.1619079359929815e-09,11.302680699998746
1997,33731.18620133858,658.6971449785796,34389.88334631716,259.73519669593713,0.21194540769908599,112007822.55360875,0,False,2,0.9736487840537572,0,1.2367551207242938e-06,1.1637340205972794e-09,11.307927599998948
1998,33731.186988386544,658.6963178495713,34389.883306236115,259.7351997261309,0.21194541017174143,112007822.55360875,0,False,2,0.9738792307128099,0,1.2319734278493842e-06,1.1654894399539075e-09,11.313263599993661
1999,33731.18778252901,658.6954835680522,34389.88326609706,259.7352027836389,0.21194541266668548,112007822.55360875,0,False,2,0.9741056731092769,0,1.2272177913416113e-06,1.1671763097887172e-09,11.318373599999177
2000,33731.18858370932,658.694642193054,34389.88322590238,259.73520586824316,0.21194541518374022,112007822.55360875,0,False,2,0.9743282148584276,0,1.2224883979193366e-06,1.1687937838109286e-09,11.323536999996577
2001,33731.18939187321,658.6937937811763,34389.883185654384,259.73520897973464,0.2119454177227351,112007822.55360875,0,False,2,0.9745469560274896,0,1.2177855894796082e-06,1.1703439777464015e-09,11.328818699999829
2002,33731.19020696874,658.6929383866525,34389.883145355394,259.7352121179134,0.21194542028350694,112007822.55360875,0,False,2,0.9747619932863513,0,1.2131098552502903e-06,1.171826891594829e-09,11.334012299994356
2003,33731.19102894625,658.6920760614305,34389.88310500768,259.7352152825883,0.21194542286589976,112007822.55360875,0,False,2,0.9749734200506426,0,1.208461819229727e-06,1.173243794791611e-09,11.339912199997343
2004,33731.19185775818,658.6912068552625,34389.883064613445,259.7352184735762,0.21194542546976416,112007822.55360875,0,False,2,0.9751813266176402,0,1.2038422278298356e-06,1.1745963799173922e-09,11.345893399993656
2005,33731.192693359095,658.6903308158024,34389.883024174895,259.73522169070213,0.21194542809495734,112007822.55360875,0,False,2,0.9753858002954143,0,1.1992519364790349e-06,1.175885070117113e-09,11.351339699998789
2006,33731.19353570547,658.6894479887062,34389.88298369417,259.7352249337986,0.21194543074134262,112007822.55360875,0,False,2,0.9755869255256047,0,1.1946918927076283e-06,1.1771113463988104e-09,11.35743999999977
2007,33731.19438475564,658.6885584177326,34389.882943173376,259.73522820270506,0.21194543340878902,112007822.55360875,0,False,2,0.9757847840001912,0,1.1901631193720287e-06,1.1782766897705295e-09,11.36357919999864
2008,33731.19524046969,658.6876621448401,34389.88290261453,259.735231497268,0.21194543609717123,112007822.55360875,0,False,2,0.9759794547725988,0,1.1856666996355258e-06,1.1793830043855615e-09,11.369128299993463
2009,33731.19610280937,658.6867592102809,34389.88286201965,259.73523481734,0.21194543880636899,112007822.55360875,0,False,2,0.9761710143634545,0,1.1812037566730607e-06,1.1804309249614911e-09,11.374666899995646
2010,33731.19697173795,658.6858496526846,34389.88282139063,259.7352381627797,0.21194544153626696,112007822.55360875,0,False,2,0.9763595368612947,0,1.1767754386532155e-06,1.1814236250873442e-09,11.379877199993643
2011,33731.19784722022,658.684933509134,34389.88278072935,259.7352415334516,0.21194544428675452,112007822.55360875,0,False,2,0.9765450940185029,0,1.1723829002051029e-06,1.1823617394807237e-09,11.38507629999367
2012,33731.198729222364,658.6840108152317,34389.882740037596,259.7352449292254,0.21194544705772542,112007822.55360875,0,False,2,0.9767277553427384,0,1.1680272865926257e-06,1.1832478070128182e-09,11.391122599998198
2013,33731.19961771194,658.683081605155,34389.882699317095,259.73524834997636,0.21194544984907776,112007822.55360875,0,False,2,0.9769075881841018,0,1.1637097177470824e-06,1.18408373183697e-09,11.397338899994793
2014,33731.2005126578,658.6821459116987,34389.8826585695,259.73525179558436,0.21194545266071363,112007822.55360875,0,False,2,0.9770846578182681,0,1.1594312732554473e-06,1.1848716296791524e-09,11.405190999998013
2015,33731.201414030074,658.6812037663083,34389.882617796386,259.7352552659345,0.21194545549253918,112007822.55360875,0,False,2,0.9772590275258022,0,1.155192978867635e-06,1.1856136162653515e-09,11.41054659999645
2016,33731.20232180016,658.6802551991013,34389.88257699926,259.7352587609166,0.21194545834446463,112007822.55360875,0,False,2,0.9774307586678609,0,1.1509957952628157e-06,1.1863118073215646e-09,11.415726199993514
2017,33731.20323594066,658.6793002388808,34389.88253617954,259.7352622804253,0.21194546121640384,112007822.55360875,0,False,2,0.9775999107584725,0,1.1468406056510719e-06,1.1869689532916668e-09,11.421278699999675
2018,33731.20415642545,658.6783389131377,34389.882495338585,259.7352658243599,0.21194546410827478,112007822.55360875,0,False,2,0.9777665415335723,0,1.142728207731489e-06,1.187586323611196e-09,11.426998599999934
2019,33731.205083229586,658.6773712480497,34389.882454477636,259.7352693926244,0.21194546701999903,112007822.55360875,0,False,2,0.9779307070169622,0,1.1386593069819352e-06,1.1881677265871625e-09,11.43248009999661
2020,33731.206016329415,658.6763972684713,34389.88241359789,259.7352729851277,0.21194546995150232,112007822.55360875,0,False,2,0.9780924615833548,0,1.1346345089955917e-06,1.1887144316551313e-09,11.437856999997166
2021,33731.20695570253,658.6754169979247,34389.88237270046,259.73527660178365,0.2119454729027143,112007822.55360875,0,False,2,0.9782518580186513,0,1.1306543184432163e-06,1.1892285545411643e-09,11.443135099994834
2022,33731.20790132777,658.6744304585858,34389.88233178636,259.7352802425106,0.21194547587356832,112007822.55360875,0,False,2,0.9784089475775907,0,1.1267191336931347e-06,1.1897132688344507e-09,11.448422199995548
2023,33731.20885318526,658.6734376712731,34389.88229085653,259.7352839072322,0.2119454788640021,112007822.55360875,0,False,2,0.9785637800389086,0,1.122829249935509e-06,1.1901706902610826e-09,11.453620799999044
2024,33731.20981125642,658.6724386554387,34389.88224991186,259.7352875958768,0.21194548187395723,112007822.55360875,0,False,2,0.9787164037581244,0,1.1189848570615865e-06,1.1906020882566712e-09,11.458935899994685
2025,33731.21077552396,658.6714334291643,34389.882208953124,259.7352913083779,0.2119454849033794,112007822.55360875,0,False,2,0.9788668657180801,0,1.115186045057302e-06,1.1910112711283187e-09,11.464386099993135
2026,33731.2117459719,658.6704220091628,34389.882167981064,259.7352950446739,0.2119454879522183,112007822.55360875,0,False,2,0.9790152115773374,0,1.1114328064309884e-06,1.1913986620211673e-09,11.469688899996981
2027,33731.21272258553,658.6694044107903,34389.88212699632,259.73529880470824,0.21194549102042787,112007822.55360875,0,False,2,0.9791614857165423,0,1.1077250427779218e-06,1.191767434524476e-09,11.474628699994355
2028,33731.213705351416,658.6683806480637,34389.88208599948,259.73530258842914,0.2119454941079658,112007822.55360875,0,False,2,0.9793057312828535,1,1.1040625705489183e-06,1.1921192812191516e-09,11.479524199996376
2029,33731.21469438977,658.6673507336784,34389.88204512345,259.7353063962994,0.21194549721520972,112007822.55360875,0,False,2,0.9794479902325275,1,1.0975021042747403e-06,1.1886063307806865e-09,11.485392199996568
2030,33731.21569070894,658.6663135806358,34389.882004289575,259.73531023220136,0.2119455003453277,112007822.55360875,0,False,2,0.9795883033717538,0,1.0938457930225548e-06,1.1873804804048186e-09,11.491164799997932
2031,33731.21669511843,658.6652683354421,34389.881963453874,259.7353140992516,0.2119455035008628,112007822.55360875,0,False,2,0.9797267103958175,0,1.0903484052335466e-06,1.1874335865436032e-09,11.496953699999722
2032,33731.217708206976,658.6642144088333,34389.88192261581,259.7353179997167,0.2119455066836647,112007822.55360875,0,False,2,0.9798632499266725,0,1.0869847362890447e-06,1.1875023490568565e-09,11.502288699994097
2033,33731.21873047971,658.6631512948074,34389.88188177452,259.73532193554155,0.2119455098953203,112007822.55360875,0,False,2,0.9799979595489997,0,1.0837233049154395e-06,1.1875960771401817e-09,11.507464099995559
2034,33731.21976234911,658.6620785799056,34389.88184092901,259.7353259083142,0.21194551313712554,112007822.55360875,0,False,2,0.9801308758448195,0,1.0805298241372721e-06,1.1877187906735892e-09,11.512672699995164
2035,33731.22080412847,658.6609959498235,34389.88180007829,259.73532991924094,0.2119455164100647,112007822.55360875,0,False,2,0.9802620344267278,0,1.0773706433596347e-06,1.1878702780845907e-09,11.517772100000002
2036,33731.221856028125,658.6599031933075,34389.88175922143,259.73533396913143,0.21194551971479855,112007822.55360875,0,False,2,0.9803914699698173,0,1.0742158389684167e-06,1.188048846792312e-09,11.522937899993849
2037,33731.222918154366,658.6588002033677,34389.881718357734,259.735338058395,0.211945523051661,112007822.55360875,0,False,2,0.980519216242345,0,1.0710416844180413e-06,1.1882477264728286e-09,11.52820729999803
2038,33731.22399051084,658.6576869758924,34389.88167748674,259.73534218704566,0.2119455264206636,112007822.55360875,0,False,2,0.9806453061352034,0,1.0678323224514327e-06,1.188459935229549e-09,11.533449899994594
2039,33731.22507300245,658.6565636058147,34389.88163660827,259.7353463547172,0.21194552982150744,112007822.55360875,0,False,2,0.980769771690249,0,1.0645805523590724e-06,1.1886772217300781e-09,11.538692999994964
2040,33731.226165441396,658.6554302810333,34389.88159572243,259.73535056068664,0.2119455332536026,112007822.55360875,0,False,2,0.98089264412754,0,1.0612877259577744e-06,1.1888915462145983e-09,11.544451699999627
2041,33731.22726755526,658.654287274331,34389.88155482959,259.7353548039052,0.2119455367160932,112007822.55360875,0,False,2,0.9810139538715308,0,1.0579628486505177e-06,1.189095080495872e-09,11.550004899996566
2042,33731.22837899671,658.6531349335737,34389.88151393028,259.7353590830356,0.2119455402078881,112007822.55360875,0,False,2,0.9811337305762713,0,1.0546210231847584e-06,1.189283169976034e-09,11.555603199994948
2043,33731.22949935466,658.6519736705075,34389.88147302517,259.735363396495,0.21194554372769572,112007822.55360875,0,False,2,0.9812520031496537,0,1.0512814451569892e-06,1.189452006347704e-09,11.560952399995585
2044,33731.23062816645,658.6508039484788,34389.881432114926,259.73536774250226,0.2119455472740625,112007822.55360875,0,False,2,0.9813687997767477,0,1.0479651696770755e-06,1.189601166465534e-09,11.566102899996622
2045,33731.23176493078,658.6496262694305,34389.88139120021,259.73537211912736,0.21194555084541367,112007822.55360875,0,False,2,0.9814841479422676,0,1.0446928777759248e-06,1.1897312850473158e-09,11.571348799996485
2046,33731.23290912102,658.6484411605146,34389.88135028153,259.73537652434266,0.21194555444009455,112007822.55360875,0,False,2,0.9815980744522028,0,1.0414828603247812e-06,1.1898463819729089e-09,11.576763899996877
2047,33731.234060198585,658.6472491606676,34389.881309359254,259.73538095607455,0.21194555805641316,112007822.55360875,0,False,2,0.9817106054546547,2,1.038349392115016e-06,1.1899511118400833e-09,11.581985599994368
2048,33731.23521795719,658.6460508074467,34389.881268764635,259.73538541352883,0.2119455616937214,112007822.55360875,0,False,2,0.9818217664599063,2,1.0230321021283708e-06,1.1804233630352382e-09,11.587517399995704
2049,33731.23638357607,658.6448453650258,34389.88122894109,259.7353899012457,0.21194556535572404,112007822.55360875,0,False,2,0.9819315823597653,0,1.0196858222453653e-06,1.158001743426385e-09,11.593477299997176
2050,33731.23755904494,658.6436301427557,34389.88118918769,259.73539442688565,0.21194556904867215,112007822.55360875,0,False,2,0.9820400774462043,0,1.0170389699385754e-06,1.1559621846149411e-09,11.599037399995723
2051,33731.23874553699,658.6424039607731,34389.88114949776,259.7353989949656,0.21194557277625153,112007822.55360875,0,False,2,0.9821472754293311,0,1.0149734175833637e-06,1.1541164263256492e-09,11.60452229999646
2052,33731.23994405415,658.641165809124,34389.88110986327,259.735403609343,0.21194557654160992,112007822.55360875,0,False,2,0.9822531994547181,0,1.0133464830628467e-06,1.152504455786563e-09,11.610157299997809
2053,33731.24115541011,658.6399148653394,34389.88107027545,259.7354082731506,0.21194558034730362,112007822.55360875,0,False,2,0.9823578721201132,0,1.0120055251665985e-06,1.151147430261835e-09,11.61591149999731
2054,33731.24238021834,658.6386505068937,34389.881030725235,259.7354129887503,0.21194558419525997,112007822.55360875,0,False,2,0.9824613154915618,0,1.0108020185569812e-06,1.1500538126578823e-09,11.621655899994948
2055,33731.2436188854,658.637372318467,34389.88099120386,259.7354177577074,0.2119455880867563,112007822.55360875,0,False,2,0.9825635511189639,0,1.0096037884895527e-06,1.1492151400706763e-09,11.626780899998266
2056,33731.24487160917,658.6360800940579,34389.88095170323,259.7354225807838,0.21194559202241423,112007822.55360875,0,False,2,0.9826646000510836,0,1.008304443353445e-06,1.1486121593919362e-09,11.631819700000051
2057,33731.246138382034,658.6347738341099,34389.88091221614,259.7354274579501,0.21194559600220986,112007822.55360875,0,False,2,0.9827644828500429,0,1.006829434807826e-06,1.1482182124711625e-09,11.637259600000107
2058,33731.24741899865,658.6334537379298,34389.88087273658,259.7354323884158,0.21194560002549812,112007822.55360875,0,False,2,0.9828632196053112,0,1.005138575340852e-06,1.1479992361155854e-09,11.64258109999355
2059,33731.24871306783,658.6321201917701,34389.880833259595,259.7354373706747,0.21194560409104987,112007822.55360875,0,False,2,0.9829608299472161,0,1.003225152299124e-06,1.1479245522943528e-09,11.647859599994263
2060,33731.25002002828,658.6307737530374,34389.88079378132,259.73544240256575,0.21194560819710181,112007822.55360875,0,False,2,0.9830573330599938,0,1.0011120611854475e-06,1.1479620019680102e-09,11.653802499997255
2061,33731.25133916762,658.6294151311583,34389.88075429878,259.73544748134634,0.21194561234141585,112007822.55360875,0,False,2,0.9831527476943955,0,9.988455733915671e-07,1.1480859848485278e-09,11.659218899992993
2062,33731.252669643945,658.6280451656947,34389.88071480964,259.73545260377506,0.21194561652134702,112007822.55360875,0,False,2,0.9832470921798697,0,9.964875005964373e-07,1.1482778825446137e-09,11.664492999996583
2063,33731.254010509634,658.6266648023367,34389.88067531197,259.73545776620347,0.21194562073391815,112007822.55360875,0,False,2,0.9833403844363346,0,9.941065839934267e-07,1.148525846989127e-09,11.670353899993643
2064,33731.25536073656,658.6252750674269,34389.88063580399,259.7354629646732,0.21194562497589925,112007822.55360875,0,False,2,0.9834326419855582,0,9.917699652066351e-07,1.1488258583022925e-09,11.67570749999868
2065,33731.25671924215,658.6238770416816,34389.88059628383,259.73546819501627,0.21194562924388913,112007822.55360875,0,False,2,0.9835238819621621,0,9.895355220793824e-07,1.1491798206380513e-09,11.680982899997616
2066,33731.25808491558,658.6224718337588,34389.88055674934,259.7354734529559,0.21194563353439796,112007822.55360875,0,False,2,0.9836141211242594,0,9.874457558960191e-07,1.1495966200472722e-09,11.686437299998943
2067,33731.25945664373,658.6210605543062,34389.88051719804,259.73547873420654,0.21194563784392872,112007822.55360875,0,False,2,0.9837033758637466,0,9.85523713500718e-07,1.1500853541535086e-09,11.691896699994686
2068,33731.26083333594,658.6196442910817,34389.88047762702,259.7354840345691,0.2119456421690549,112007822.55360875,0,False,2,0.9837916622162577,0,9.83771218484304e-07,1.1506589288877843e-09,11.697362199993222
2069,33731.26221394736,658.6182240856947,34389.880438033055,259.7354893500207,0.2119456465064939,112007822.55360875,0,False,2,0.9838789958707959,0,9.82169429984603e-07,1.1513260187285064e-09,11.70280289999937
2070,33731.263597500176,658.6168009124456,34389.88039841262,259.7354946767968,0.21194565085317366,112007822.55360875,0,False,2,0.9839653921790542,0,9.806815062765468e-07,1.1520957212994025e-09,11.708016899996437
2071,33731.26498310245,658.6153756596851,34389.88035876213,259.7355000114634,0.21194565520629213,112007822.55360875,0,False,2,0.9840508661644373,0,9.79256963159985e-07,1.1529697291820268e-09,11.71336319999682
2072,33731.26636996407,658.6139491140274,34389.8803190781,259.7355053509784,0.211945659563367,112007822.55360875,0,False,2,0.9841354325307938,0,9.778371562198678e-07,1.1539450803599687e-09,11.718598199993721
2073,33731.267757409616,658.612521947677,34389.88027935729,259.7355106927415,0.21194566392227626,112007822.55360875,0,False,2,0.9842191056708731,0,9.763612730218108e-07,1.1550143697914553e-09,11.723934799993003
2074,33731.26914488795,658.6110947090401,34389.88023959699,259.7355160346307,0.21194566828128839,112007822.55360875,0,False,2,0.9843018996745135,0,9.747722076060053e-07,1.1561627873924201e-09,11.729396799993992
2075,33731.27053197838,658.609667816712,34389.88019979509,259.73552137502634,0.21194567263908184,112007822.55360875,0,False,2,0.9843838283365739,0,9.73021772045121e-07,1.1573725610618085e-09,11.734712099998433
2076,33731.271918393424,658.6082415568425,34389.88015995027,259.7355267128216,0.2119456769947533,112007822.55360875,0,False,2,0.9844649051646158,0,9.710748080377175e-07,1.1586204178099207e-09,11.740035699993314
2077,33731.27330397818,658.6068160838042,34389.880120061986,259.73553204742007,0.21194568134781622,112007822.55360875,0,False,2,0.9845451433863492,0,9.689119056209478e-07,1.1598843540827423e-09,11.745542399999977
2078,33731.27468870655,658.6053914240146,34389.88008013056,259.73553737872123,0.2119456856981885,112007822.55360875,0,False,2,0.9846245559568461,0,9.665305821809414e-07,1.1611387695913071e-09,11.750865199996042
2079,33731.27607267438,658.6039674826887,34389.88004015707,259.7355427070942,0.21194569004617136,112007822.55360875,0,False,2,0.9847031555655302,0,9.6394492797016e-07,1.162362083926603e-09,11.756333199999062
2080,33731.27745608999,658.6025440532466,34389.88000014324,259.735548033341,0.21194569439241923,112007822.55360875,0,False,2,0.9847809546429579,0,9.61183847206252e-07,1.163535043978502e-09,11.763432099993224
2081,33731.27883926232,658.6011208290353,34389.879960091355,259.735553358651,0.21194569873790267,112007822.55360875,0,False,2,0.9848579653673867,0,9.582881340419827e-07,1.1646415702263261e-09,11.772596899994824
2082,33731.28022258704,658.599697416998,34389.87992000404,259.73555868454764,0.21194570308386484,112007822.55360875,0,False,2,0.9849341996711478,0,9.553067129568753e-07,1.165671930328434e-09,11.7800866999969
2083,33731.281606531214,658.5982733528784,34389.879879884094,259.73556401282906,0.211945707431773,112007822.55360875,0,False,2,0.9850096692468265,0,9.5229241042537e-07,1.1666206233958874e-09,11.786003599998367
2084,33731.28299161676,658.5968481175372,34389.8798397343,259.73556934550476,0.2119457117832669,112007822.55360875,0,False,2,0.9850843855532553,0,9.49297659911509e-07,1.1674887072914991e-09,11.792037999999593
2085,33731.28437840333,658.5954211539383,34389.87979955727,259.73557468472944,0.21194571614010482,112007822.55360875,0,False,2,0.9851583598213295,0,9.463705161713434e-07,1.1682806250403031e-09,11.797551499999827
2086,33731.28576747094,658.5939918843764,34389.87975935532,259.73558003273615,0.2119457205041089,112007822.55360875,0,False,2,0.9852316030596494,0,9.435513204590379e-07,1.1690052626927716e-09,11.80340819999401
2087,33731.28715940277,658.5925597275124,34389.87971913028,259.73558539177014,0.21194572487711133,112007822.55360875,0,False,2,0.9853041260599963,0,9.408702687796944e-07,1.169676584042763e-09,11.808999299995776
2088,33731.28855476876,658.5911241148218,34389.87967888358,259.73559076402586,0.21194572926090274,112007822.55360875,0,False,2,0.9853759394026456,0,9.38346052950429e-07,1.1703064371578253e-09,11.814223599998513
2089,33731.28995411004,658.5896845060728,34389.87963861611,259.7355961515866,0.21194573365718317,112007822.55360875,0,False,2,0.9854470534615268,0,9.359856180026197e-07,1.170910478413085e-09,11.819806199993764
2090,33731.29135792475,658.5882404035053,34389.879598328254,259.73560155637017,0.21194573806751751,112007822.55360875,0,False,2,0.9855174784092318,0,9.337849791961074e-07,1.1715033063205619e-09,11.826136999996379
2091,33731.29276665555,658.586791364413,34389.87955801996,259.735606980081,0.2119457424932966,112007822.55360875,0,False,2,0.9855872242218772,0,9.317309402171233e-07,1.1720976152386016e-09,11.831532899996091
2092,33731.2941806789,658.5853370118853,34389.87951769079,259.7356124241684,0.21194574693570306,112007822.55360875,0,False,2,0.9856563006838277,0,9.298034749900063e-07,1.1727046185171427e-09,11.837926099993638
2093,33731.29560029649,658.5838770435225,34389.879477340015,259.73561788979384,0.21194575139568475,112007822.55360875,0,False,2,0.985724717392284,0,9.279784862250113e-07,1.1733327790618635e-09,11.844855599993025
2094,33731.29702572873,658.5824112379848,34389.879436966716,259.73562337780595,0.21194575587393405,112007822.55360875,0,False,2,0.9857924837617377,0,9.262306535275286e-07,1.1739878093341632e-09,11.850101299998641
2095,33731.29845711054,658.5809394592986,34389.87939656984,259.73562888872425,0.21194576037087492,112007822.55360875,0,False,2,0.9858596090283016,0,9.245360778647006e-07,1.1746733060690652e-09,11.856376699994144
2096,33731.2998944894,658.5794616589012,34389.8793561483,259.73563442273144,0.21194576488665648,112007822.55360875,0,False,2,0.9859261022539157,0,9.228744962616856e-07,1.1753905387025611e-09,11.861485800000082
2097,33731.301337825564,658.5779778754533,34389.879315701015,259.7356399796746,0.21194576942115392,112007822.55360875,0,False,2,0.9859919723304367,0,9.212308852739824e-07,1.1761392956621602e-09,11.866635599995789
2098,33731.30278699445,658.5764882325071,34389.87927522696,259.735645559074,0.21194577397397577,112007822.55360875,0,False,2,0.98605722798361,0,9.195963564503013e-07,1.1769176727942373e-09,11.872586099998443
2099,33731.304241791,658.5749929341632,34389.87923472516,259.7356511601401,0.2119457785444778,112007822.55360875,0,False,2,0.9861218777769333,0,9.179683137755918e-07,1.1777244006630815e-09,11.878290599997854
2100,33731.305701935846,658.5734922588927,34389.87919419474,259.73565678179745,0.21194578313178236,112007822.55360875,0,False,2,0.9861859301154119,0,9.16349925024367e-07,1.1785565172518377e-09,11.883940599997004
2101,33731.30716708308,658.5719865517368,34389.87915363482,259.73566242271426,0.2119457877348028,112007822.55360875,0,False,2,0.9862493932492103,0,9.147490076850859e-07,1.1794144457059126e-09,11.889333599996462
2102,33731.30863682941,658.5704762151325,34389.87911304454,259.7356680813377,0.2119457923522719,112007822.55360875,0,False,2,0.9863122752772026,0,9.131764899437282e-07,1.1802973397348593e-09,11.894579299994803
2103,33731.310110724415,658.5689616986283,34389.87907242304,259.7356737559337,0.21194579698277474,112007822.55360875,0,False,2,0.9863745841504266,0,9.116446264686719e-07,1.181204987766155e-09,11.901092499996594
2104,33731.31158828158,658.5674434877781,34389.87903176936,259.73567944462917,0.21194580162478283,112007822.55360875,0,False,2,0.9864363276754428,0,9.101651665973369e-07,1.182140986534853e-09,11.909510199999204
2105,33731.3130689899,658.5659220925075,34389.878991082405,259.73568514545667,0.2119458062766907,112007822.55360875,0,False,2,0.9864975135176035,0,9.087476592913359e-07,1.1831082980580981e-09,11.915662699997483
2106,33731.31455232579,658.5643980352479,34389.87895036104,259.73569085640037,0.21194581093685347,112007822.55360875,0,False,2,0.9865581492042313,0,9.073980596883427e-07,1.184109038062478e-09,11.921578099994804
2107,33731.31603776479,658.5628718391298,34389.87890960392,259.73569657544107,0.2119458156036234,112007822.55360875,0,False,2,0.9866182421277148,0,9.061177586192089e-07,1.1851487074368961e-09,11.927534699992975
2108,33731.317524793085,658.5613440165151,34389.8788688096,259.7357023006005,0.2119458202753863,112007822.55360875,0,False,2,0.9866777995485188,0,9.049031109055877e-07,1.1862302681985587e-09,11.933324999998149
2109,33731.31901291839,658.5598150581303,34389.87882797652,259.7357080299834,0.21194582495059555,112007822.55360875,0,False,2,0.9867368285981162,0,9.037454826727205e-07,1.1873575286552677e-09,11.939422899995407
2110,33731.32050168002,658.5582854230348,34389.87878710306,259.73571376181604,0.2119458296278038,112007822.55360875,0,False,2,0.9867953362818408,0,9.026317864463576e-07,1.1885317582431118e-09,11.944453999996767
2111,33731.321990657925,658.5567555296387,34389.87874618756,259.73571949448126,0.21194583430569144,112007822.55360875,0,False,2,0.9868533294816652,0,9.015454318267242e-07,1.189754014825543e-09,11.949836899999355
2112,33731.323479480474,658.5552257479414,34389.87870522842,259.7357252265482,0.21194583898309088,112007822.55360875,0,False,2,0.9869108149589054,0,9.004675727466566e-07,1.1910232405395679e-09,11.955414599993674
2113,33731.32496783095,658.5536963931373,34389.87866422409,259.7357309567975,0.21194584365900715,112007822.55360875,0,False,2,0.9869677993568551,0,8.993785268830857e-07,1.1923371080863152e-09,11.960546999995131
2114,33731.32645545251,658.5521677206882,34389.878623173194,259.7357366842403,0.21194584833263325,112007822.55360875,0,False,2,0.9870242892033497,0,8.982592228323301e-07,1.1936911744404427e-09,11.96593859999848
2115,33731.32794215162,658.550639922932,34389.878582074554,259.7357424081315,0.21194585300336125,112007822.55360875,0,False,2,0.9870802909132663,0,8.970925429256118e-07,1.1950795155680613e-09,11.971187999995891
2116,33731.329427799974,658.5491131272511,34389.878540927224,259.7357481279771,0.211945857670788,112007822.55360875,0,False,2,0.9871358107909564,0,8.958644491218482e-07,1.1964953611446618e-09,11.976553899999999
2117,33731.330912334735,658.5475873957913,34389.87849973053,259.7357538435351,0.21194586233471607,112007822.55360875,0,False,2,0.9871908550326172,0,8.945648077494976e-07,1.1979308829824628e-09,11.98257569999987
2118,33731.33239575739,658.5460627266851,34389.878458484076,259.73575955481135,0.21194586699515017,112007822.55360875,0,False,2,0.9872454297286025,0,8.931878561253571e-07,1.1993776181756962e-09,11.988147999996727
2119,33731.33387813108,658.5445390566923,34389.87841718777,259.7357652620489,0.2119458716522887,112007822.55360875,0,False,2,0.9872995408656738,0,8.917322999833513e-07,1.2008273153911905e-09,11.993888799996057
2120,33731.33535957664,658.5430162651553,34389.87837584179,259.7357709657129,0.21194587630651118,112007822.55360875,0,False,2,0.987353194329194,0,8.902010549125503e-07,1.202271723295725e-09,12.00258909999684
2121,33731.33684026744,658.54149417912,34389.878334446556,259.73577666647094,0.2119458809583624,112007822.55360875,0,False,2,0.9874063959052665,0,8.886006806110218e-07,1.203704071564561e-09,12.011131399995065
2122,33731.33832042325,658.5399725794709,34389.87829300272,259.73578236516914,0.21194588560853275,112007822.55360875,0,False,2,0.9874591512828198,0,8.86940577580104e-07,1.2051171667276246e-09,12.01626839999517
2123,33731.33980030322,658.538451207891,34389.87825151111,259.73578806280517,0.21194589025783636,112007822.55360875,0,False,2,0.9875114660556398,0,8.852320360863885e-07,1.206506565759221e-09,12.022091799997725
2124,33731.34128019822,658.536929774462,34389.87820997268,259.73579376049895,0.21194589490718713,112007822.55360875,0,False,2,0.9875633457243508,0,8.834872248951498e-07,1.207867825633629e-09,12.02764439999737
2125,33731.34276042279,658.5354079657001,34389.87816838849,259.7357994594615,0.21194589955757318,112007822.55360875,0,False,2,0.9876147956983485,0,8.817182178026432e-07,1.209198619051585e-09,12.032537899998715
2126,33731.34424130685,658.5338854528223,34389.87812675967,259.7358051609629,0.21194590421003098,112007822.55360875,0,False,2,0.987665821297684,0,8.799361371259859e-07,1.2104961955685136e-09,12.037761599996884
2127,33731.34572318731,658.5323619000454,34389.87808508736,259.7358108663005,0.21194590886561912,112007822.55360875,0,False,2,0.9877164277549009,0,8.781504809871273e-07,1.2117609783295571e-09,12.043017999996664
2128,33731.347206399965,658.530836972721,34389.878043372686,259.735816576767,0.21194591352539247,112007822.55360875,0,False,2,0.987766620216829,0,8.763686746572463e-07,1.2129927557619125e-09,12.048230499996862
2129,33731.34869127166,658.5293103451178,34389.87800161678,259.73582229362074,0.21194591819037786,112007822.55360875,0,False,2,0.9878164037463318,0,8.74595873551804e-07,1.2141917394380735e-09,12.053501499998674
2130,33731.35017811303,658.5277817076915,34389.877959820726,259.73582801805776,0.21194592286155126,112007822.55360875,0,False,2,0.9878657833240136,0,8.728350028379509e-07,1.2153591987937843e-09,12.058968899997126
2131,33731.35166721187,658.5262507736796,34389.87791798555,259.735833751186,0.21194592753981675,112007822.55360875,0,False,2,0.9879147638498831,0,8.710870157239903e-07,1.2164968264100961e-09,12.064259299993864
2132,33731.35315882738,658.524717284904,34389.87787611229,259.7358394940035,0.2119459322259887,112007822.55360875,0,False,2,0.9879633501449782,0,8.693513167525469e-07,1.2176041991415672e-09,12.069694199999503
2133,33731.35465318524,658.5231810166639,34389.87783420191,259.73584524737913,0.21194593692077615,112007822.55360875,0,False,2,0.9880115469529512,0,8.676262968415983e-07,1.21868364428721e-09,12.075220299993816
2134,33731.3561504737,658.521641781649,34389.87779225535,259.73585101203764,0.2119459416247705,112007822.55360875,0,False,2,0.9880593589416159,0,8.659099134275873e-07,1.2197355849921937e-09,12.080406799999764
2135,33731.357650840735,658.52009943281,34389.87775027355,259.7358567885487,0.21194594633843658,112007822.55360875,0,False,2,0.9881067907044573,0,8.642002504634906e-07,1.22076044440169e-09,12.085986399993999
2136,33731.35915439226,658.5185538651657,34389.87770825742,259.7358625773201,0.21194595106210723,112007822.55360875,0,False,2,0.9881538467621062,0,8.62496004317017e-07,1.2217584340882206e-09,12.091698399999586
2137,33731.36066119134,658.5170050165398,34389.87766620788,259.7358683785947,0.21194595579598052,112007822.55360875,0,False,2,0.9882005315637787,0,8.607968446328679e-07,1.2227301887696127e-09,12.096729899996717
2138,33731.36217125856,658.5154528672566,34389.87762412582,259.7358741924517,0.2119459605401211,112007822.55360875,0,False,2,0.9882468494886808,0,8.591036250183808e-07,1.2236759200183924e-09,12.101936299994122
2139,33731.36368457326,658.5138974388409,34389.8775820121,259.73588001881166,0.2119459652944642,112007822.55360875,0,False,2,0.9882928048473806,0,8.574184268968599e-07,1.2245962625523915e-09,12.107452799995372
2140,33731.365201075816,658.5123387917904,34389.87753986761,259.7358858574449,0.21194597005882232,112007822.55360875,0,False,2,0.9883384018831489,0,8.557444417167319e-07,1.2254912163714882e-09,12.112496099995042
2141,33731.36672067062,658.510777022514,34389.87749769314,259.73589170798334,0.2119459748328952,112007822.55360875,0,False,2,0.9883836447732678,0,8.540857109966849e-07,1.226362897202087e-09,12.117827399997623
2142,33731.36824322994,658.5092122595394,34389.87745548948,259.7358975699352,0.2119459796162815,112007822.55360875,0,False,2,0.9884285376303082,0,8.524467546355332e-07,1.2272117281893817e-09,12.123321099999885
2143,33731.36976859824,658.5076446591082,34389.877413257345,259.7359034427017,0.2119459844084926,112007822.55360875,0,False,2,0.9884730845033793,0,8.508321361773772e-07,1.2280396134871405e-09,12.128680399997393
2144,33731.37129659711,658.5060744002928,34389.877370997405,259.735909325596,0.21194598920896804,112007822.55360875,0,False,2,0.9885172893793485,0,8.492460001264059e-07,1.22884824567649e-09,12.134290699999838
2145,33731.37282703044,658.5045016797642,34389.87732871021,259.73591521786295,0.21194599401709158,112007822.55360875,0,False,2,0.9885611561840327,0,8.476916385697788e-07,1.2296407983471421e-09,12.139671999997518
2146,33731.37435968989,658.5029267063575,34389.87728639625,259.73592111870045,0.21194599883220877,112007822.55360875,0,False,2,0.9886046887833632,0,8.461711215396768e-07,1.2304189640802513e-09,12.144945199994254
2147,33731.37589436035,658.5013496955679,34389.87724405592,259.73592702728035,0.2119460036536438,112007822.55360875,0,False,2,0.9886478909845237,0,8.446850273721906e-07,1.231185916465561e-09,12.150636299993494
2148,33731.37743082543,658.4997708641166,34389.877201689545,259.7359329427695,0.21194600848071685,112007822.55360875,0,False,2,0.9886907665370621,0,8.432322953239569e-07,1.231943136511599e-09,12.156099599997106
2149,33731.37896887265,658.4981904247152,34389.877159297364,259.73593886434986,0.2119460133127603,112007822.55360875,0,False,2,0.9887333191339783,0,8.418102102156399e-07,1.2326935862354846e-09,12.161285299996962
2150,33731.380508298396,658.4966085811442,34389.87711687954,259.73594479123756,0.21194601814913458,112007822.55360875,0,False,2,0.9887755524127849,0,8.404145164704654e-07,1.2334391697910811e-09,12.166588299995055
2151,33731.38204891245,658.4950255237599,34389.877074436205,259.7359507227001,0.211946022989242,112007822.55360875,0,False,2,0.9888174699565481,0,8.39039648047267e-07,1.234181156614297e-09,12.171762899997702
2152,33731.383590541955,658.4934414255126,34389.877031967466,259.7359566580721,0.21194602783253952,112007822.55360875,0,False,2,0.9888590752949011,0,8.376790474524299e-07,1.2349197582777722e-09,12.176963999998407
2153,33731.385133034826,658.4918564385654,34389.87698947339,259.735962596768,0.2119460326785494,112007822.55360875,0,False,2,0.9889003719050378,0,8.363255478124789e-07,1.2356564557900814e-09,12.182565899995097
2154,33731.386676262526,658.4902706915623,34389.876946954086,259.73596853829287,0.2119460375268677,112007822.55360875,0,False,2,0.9889413632126827,0,8.349717765568704e-07,1.236390191287937e-09,12.187763099995209
2155,33731.388220122084,658.4886842875951,34389.87690440968,259.7359744822503,0.211946042377171,112007822.55360875,0,False,2,0.9889820525930406,0,8.336105538993515e-07,1.237120118480701e-09,12.1928609999959
2156,33731.38976453745,658.4870973028897,34389.87686184034,259.7359804283475,0.21194604722922034,112007822.55360875,0,False,2,0.989022443371725,0,8.322352475822211e-07,1.2378449679324167e-09,12.198278099996969
2157,33731.391309460116,658.4855097862161,34389.87681924633,259.73598637639765,0.21194605208286332,112007822.55360875,0,False,2,0.989062538825665,0,8.308400654698242e-07,1.2385624123438364e-09,12.203480799995305
2158,33731.39285486896,658.4839217590128,34389.87677662797,259.73599232631955,0.21194605693803367,112007822.55360875,0,False,2,0.9891023421839937,0,8.294202597760366e-07,1.2392705475610112e-09,12.208694699998887
2159,33731.39440076948,658.4823332161927,34389.87673398567,259.7359982781343,0.21194606179474856,112007822.55360875,0,False,2,0.9891418566289175,0,8.279722426414358e-07,1.2399666231393515e-09,12.214595499994175
2160,33731.39594719235,658.4807441275885,34389.87669131994,259.7360042319599,0.21194606665310436,112007822.55360875,0,False,2,0.9891810852965646,0,8.264936047119404e-07,1.2406478886342505e-09,12.219992499994987
2161,33731.39749419142,658.4791544399762,34389.8766486314,259.73601018800383,0.21194607151327033,112007822.55360875,0,False,2,0.9892200312778167,0,8.24983051406993e-07,1.2413113820284266e-09,12.225306799999089
2162,33731.39904184113,658.4775640796075,34389.876605920734,259.73601614655263,0.21194607637548027,112007822.55360875,0,False,2,0.9892586976191228,0,8.23440264836223e-07,1.241954564449896e-09,12.23056329999963
2163,33731.4005902336,658.4759729551698,34389.87656318877,259.736022107961,0.21194608124002362,112007822.55360875,0,False,2,0.9892970873232942,0,8.218657190037866e-07,1.2425738391633665e-09,12.235699599994405
2164,33731.40213947529,658.4743809610864,34389.87652043638,259.73602807263876,0.21194608610723484,112007822.55360875,0,False,2,0.9893352033502844,0,8.202604643832529e-07,1.243167936732769e-09,12.240960299997823
2165,33731.40368968347,658.4727879810591,34389.87647766453,259.73603404103744,0.21194609097748232,112007822.55360875,0,False,2,0.9893730486179503,0,8.186259082535543e-07,1.2437336835680962e-09,12.24649629999476
2166,33731.40524098251,658.471193891765,34389.87643487428,259.73604001363583,0.2119460958511568,112007822.55360875,0,False,2,0.9894106260027984,0,8.169636118391357e-07,1.2442689639426166e-09,12.251547799998662
2167,33731.40679350014,658.4695985665991,34389.87639206673,259.73604599092573,0.2119461007286596,112007822.55360875,0,False,2,0.9894479383407154,0,8.152751223854211e-07,1.2447716621295852e-09,12.256841799993708
2168,33731.4083473637,658.4680018793803,34389.87634924308,259.7360519733974,0.21194610561039073,112007822.55360875,0,False,2,0.9894849884276828,0,8.135618522447488e-07,1.2452400855475634e-09,12.262938599997142
2169,33731.40990269664,658.46640370792,34389.87630640456,259.73605796152617,0.2119461104967381,112007822.55360875,0,False,2,0.9895217790204763,0,8.118250135814372e-07,1.2456723300424417e-09,12.268137399994885
2170,33731.411459615076,658.4648039373739,34389.87626355245,259.73606395575905,0.21194611538806643,112007822.55360875,0,False,2,0.9895583128373504,0,8.100656079846478e-07,1.24606776089606e-09,12.273583999995026
2171,33731.413018224805,658.4632024633012,34389.87622068811,259.73606995650334,0.21194612028470813,112007822.55360875,0,False,2,0.9895945925587106,0,8.082844680834986e-07,1.246423204518328e-09,12.27915049999865
2172,33731.41457861853,658.4615991943597,34389.87617781289,259.736075964116,0.2119461251869545,112007822.55360875,0,False,2,0.9896306208277688,0,8.064823395243971e-07,1.24673950719969e-09,12.284462799994799
2173,33731.41614087367,658.4599940545867,34389.87613492826,259.73608197889513,0.21194613009504867,112007822.55360875,0,False,2,0.9896664002511865,0,8.046599919223926e-07,1.2470132837773752e-09,12.289972200000193
2174,33731.41770505043,658.4583869852175,34389.87609203564,259.73608800107246,0.21194613500917986,112007822.55360875,0,False,2,0.9897019333997055,0,8.028183417070255e-07,1.2472453805418169e-09,12.29526249999617
2175,33731.41927119057,658.4567779460108,34389.87604913658,259.7360940308088,0.21194613992947922,112007822.55360875,0,False,2,0.9897372228087635,0,8.009585713490465e-07,1.247432835475546e-09,12.300516599992989
2176,33731.42083931651,658.4551669160637,34389.876006232575,259.7361000681904,0.2119461448560172,112007822.55360875,0,False,2,0.9897722709790996,0,7.990822309203298e-07,1.2475767064416487e-09,12.306102799993823
2177,33731.42240943107,658.4535538941113,34389.87596332518,259.7361061132282,0.21194614978880263,112007822.55360875,0,False,2,0.9898070803773446,0,7.97191309052817e-07,1.2476750892859492e-09,12.3112725999963
2178,33731.42398151768,658.4519388983123,34389.87592041599,259.73611216585834,0.2119461547277835,112007822.55360875,0,False,2,0.9898416534366021,0,7.952882634530872e-07,1.2477275608628959e-09,12.316248399998585
2179,33731.425555541005,658.4503219655483,34389.87587750655,259.7361182259449,0.21194615967284883,112007822.55360875,0,False,2,0.9898759925570155,0,7.933760089096811e-07,1.2477345443175852e-09,12.322140599993872
2180,33731.42713144821,658.4487031502584,34389.87583459847,259.73612429328426,0.2119461646238325,112007822.55360875,0,False,2,0.9899101001063246,0,7.914578602340677e-07,1.247695193359138e-09,12.327909199993883
2181,33731.428709170454,658.4470825228566,34389.87579169331,259.73613036761157,0.21194616958051835,112007822.55360875,0,False,2,0.9899439784204114,0,7.895374365565224e-07,1.247610142705313e-09,12.333187899996119
2182,33731.43028862486,658.4454601677743,34389.875748792634,259.7361364486076,0.21194617454264597,112007822.55360875,0,False,2,0.989977629803833,0,7.876185314680981e-07,1.2474798155012088e-09,12.339070599999104
2183,33731.43186971678,658.4438361811909,34389.87570589797,259.7361425359081,0.21194617950991798,112007822.55360875,0,False,2,0.9900110565303464,0,7.857049646422435e-07,1.2473050580372537e-09,12.344627799997397
2184,33731.433452342266,658.44221066851,34389.875663010775,259.73614862911273,0.21194618448200786,112007822.55360875,0,False,2,0.9900442608434212,0,7.838004219470586e-07,1.2470877744672014e-09,12.349856499997259
2185,33731.43503639088,658.4405837416488,34389.87562013253,259.73615472779636,0.21194618945856863,112007822.55360875,0,False,2,0.9900772449567418,0,7.819082999389472e-07,1.2468275416455116e-09,12.35551179999311
2186,33731.43662174838,658.4389555162112,34389.87557726459,259.7361608315191,0.21194619443924134,112007822.55360875,0,False,2,0.9901100110547005,0,7.800315666687766e-07,1.2465279563072652e-09,12.360983200000192
2187,33731.43820829969,658.437326108612,34389.875534408304,259.736166939838,0.21194619942366452,112007822.55360875,0,False,2,0.9901425612928814,0,7.781726475471333e-07,1.2461890184522663e-09,12.366712299997744
2188,33731.439795931685,658.4356956332197,34389.875491564904,259.7361730523174,0.2119462044114827,112007822.55360875,0,False,2,0.9901748977985322,0,7.763333442144948e-07,1.2458143248156233e-09,12.37242869999318
2189,33731.44138453603,658.4340641995886,34389.87544873562,259.7361791685403,0.21194620940235562,112007822.55360875,0,False,2,0.99020702267103,0,7.745147928561998e-07,1.2454038753971584e-09,12.377775199995085
2190,33731.44297401173,658.4324319098353,34389.875405921564,259.7361852881178,0.2119462143959659,112007822.55360875,0,False,2,0.9902389379823359,0,7.727174609030993e-07,1.2449610553593414e-09,12.383160299999872
2191,33731.44456426757,658.4307988562211,34389.87536312379,259.7361914106988,0.21194621939202704,112007822.55360875,0,False,2,0.9902706457774411,0,7.709411793979621e-07,1.2444875572833377e-09,12.38875339999504
2192,33731.446155224316,658.4291651189883,34389.8753203433,259.7361975359781,0.21194622439029004,112007822.55360875,0,False,2,0.9903021480748041,0,7.691852089582955e-07,1.2439850737503233e-09,12.393973699996423
2193,33731.44774681656,658.4275307644916,34389.87527758105,259.736203663704,0.21194622939054944,112007822.55360875,0,False,2,0.9903334468667806,0,7.674483283973478e-07,1.2434546626234858e-09,12.3993954999969
2194,33731.44933899425,658.4258958436614,34389.87523483791,259.73620979368377,0.21194623439264806,112007822.55360875,0,False,2,0.9903645441200436,0,7.657289387510186e-07,1.2428988627746853e-09,12.405001199993421
2195,33731.4509317239,658.4242603908207,34389.87519211472,259.73621592578843,0.21194623939648058,112007822.55360875,0,False,2,0.9903954417759961,0,7.640251773142497e-07,1.242318943639798e-09,12.411258299995097
2196,33731.45252498941,658.4226244228754,34389.875149412284,259.73622205995605,0.21194624440199647,112007822.55360875,0,False,2,0.9904261417511763,0,7.623350216537755e-07,1.241715328364038e-09,12.416897600000084
2197,33731.45411879248,658.4209879388819,34389.87510673136,259.7362281961932,0.21194624940920115,112007822.55360875,0,False,2,0.9904566459376537,0,7.606563905194794e-07,1.2410899211012954e-09,12.42234599999938
2198,33731.45571315269,658.4193509199911,34389.87506407268,259.7362343345752,0.21194625441815598,112007822.55360875,0,False,2,0.9904869562034191,0,7.589872226704762e-07,1.2404429334241302e-09,12.427759799997148
2199,33731.457308107194,658.4177133297592,34389.87502143695,259.73624047524515,0.21194625942897782,112007822.55360875,0,False,2,0.9905170743927663,0,7.573255375402405e-07,1.2397756347684437e-09,12.433262399994419
2200,33731.458903710074,658.4160751148037,34389.874978824875,259.73624661841126,0.21194626444183653,112007822.55360875,0,False,2,0.9905470023266669,0,7.556694736329578e-07,1.2390878135614686e-09,12.438872699996864
2201,33731.46050003136,658.4144362057797,34389.87493623714,259.7362527643431,0.21194626945695208,112007822.55360875,0,False,2,0.9905767418031377,0,7.540173044814333e-07,1.2383801045211091e-09,12.44441409999854
2202,33731.462097155745,658.4127965186449,34389.87489367439,259.7362589133667,0.2119462744745906,112007822.55360875,0,False,2,0.990606294597602,0,7.523674361277642e-07,1.237653565510612e-09,12.449881999993522
2203,33731.46369518115,658.4111559561717,34389.87485113732,259.73626506585924,0.21194627949505973,112007822.55360875,0,False,2,0.9906356624632424,0,7.507183914403342e-07,1.2369067155212025e-09,12.455415299999004
2204,33731.46529421692,658.4095144096675,34389.874808626584,259.73627122224156,0.21194628451870293,112007822.55360875,0,False,2,0.9906648471313493,0,7.490687833746965e-07,1.2361410355614666e-09,12.460916899995937
2205,33731.46689438199,658.4078717608515,34389.87476614284,259.73627738297165,0.21194628954589398,112007822.55360875,0,False,2,0.9906938503116604,0,7.474172878288115e-07,1.2353561024859736e-09,12.466224399999192
2206,33731.46849580295,658.406227883847,34389.87472368679,259.7362835485368,0.21194629457703043,112007822.55360875,0,False,2,0.9907226736926963,0,7.457626161189707e-07,1.2345508584312817e-09,12.471905599995807
2207,33731.47009861188,658.4045826472334,34389.87468125911,259.73628971944555,0.2119462996125273,112007822.55360875,0,False,2,0.990751318942088,0,7.44103496029371e-07,1.2337259381153026e-09,12.47726999999577
2208,33731.47170294438,658.4029359161128,34389.87463886049,259.73629589622,0.2119463046528106,112007822.55360875,0,False,2,0.9907797877068997,0,7.424386647361475e-07,1.2328809183926005e-09,12.482419999992999
2209,33731.47330893751,658.401287554144,34389.87459649165,259.7363020793878,0.21194630969831096,112007822.55360875,0,False,2,0.9908080816139436,0,7.407668728706892e-07,1.2320149529723965e-09,12.487736999995832
2210,33731.47491672781,658.3996374254973,34389.87455415331,259.73630826947476,0.21194631474945735,112007822.55360875,0,False,2,0.9908362022700918,0,7.390869020137083e-07,1.2311280418545896e-09,12.493135599994275
2211,33731.47652644954,658.3979853966908,34389.87451184623,259.7363144669976,0.2119463198066715,112007822.55360875,0,False,2,0.9908641512625809,0,7.373975976289292e-07,1.230219127175724e-09,12.498364199993375
2212,33731.478138232895,658.3963313382709,34389.874469571165,259.73632067245774,0.2119463248703625,112007822.55360875,0,False,2,0.9908919301593098,0,7.356979068635377e-07,1.2292882089356939e-09,12.503593599998567
2213,33731.479752202635,658.3946751263042,34389.87442732894,259.7363268863354,0.21194632994092225,112007822.55360875,0,False,2,0.9909195405091346,0,7.339869262485307e-07,1.2283331714076783e-09,12.508883299997251
2214,33731.48136847668,658.3930166436572,34389.87438512033,259.73633310908457,0.21194633501872118,112007822.55360875,0,False,2,0.9909469838421562,0,7.322639507666052e-07,1.2273557071729358e-09,12.514126399997622
2215,33731.48298716518,658.3913557810429,34389.87434294623,259.73633934112945,0.21194634010410549,112007822.55360875,0,False,2,0.9909742616700042,0,7.305285177979392e-07,1.2263524310686064e-09,12.519589999996242
2216,33731.48460836965,658.3896924378187,34389.87430080747,259.7363455828608,0.211946345197394,112007822.55360875,0,False,2,0.9910013754861141,0,7.287804465185141e-07,1.2253246125306002e-09,12.525102099993092
2217,33731.48623218244,658.3880265225326,34389.87425870497,259.7363518346342,0.2119463502988769,112007822.55360875,0,False,2,0.9910283267660007,0,7.270198652912064e-07,1.2242701358320742e-09,12.530377099996258
2218,33731.48785868644,658.3863579532149,34389.874216639655,259.73635809676875,0.21194635540881457,112007822.55360875,0,False,2,0.9910551169675261,0,7.252472266007321e-07,1.2231890009729018e-09,12.535853299996234
2219,33731.48948795503,658.3846866574189,34389.87417461244,259.73636436954695,0.21194636052743748,112007822.55360875,0,False,2,0.9910817475311627,0,7.234633036566259e-07,1.2220809963802821e-09,12.541207799993572
2220,33731.4911200523,658.3830125720289,34389.874132624325,259.7363706532156,0.2119463656549471,112007822.55360875,0,False,2,0.9911082198802526,0,7.216691762478712e-07,1.2209442179000278e-09,12.546475600000122
2221,33731.49275503342,658.3813356428424,34389.87409067626,259.7363769479871,0.21194637079151665,112007822.55360875,0,False,2,0.9911345354212603,0,7.198661982132095e-07,1.2197795118226964e-09,12.551643899998453
2222,33731.49439294529,658.3796558239574,34389.87404876925,259.736383254042,0.21194637593729357,112007822.55360875,0,False,2,0.9911606955440235,0,7.180559530977156e-07,1.2185858202847863e-09,12.557020399995963
2223,33731.496033827294,658.3779730769849,34389.874006904276,259.7363895715319,0.2119463810924015,112007822.55360875,0,False,2,0.9911867016219974,0,7.162402013471849e-07,1.2173633548588346e-09,12.562154799998098
2224,33731.49767771223,658.3762873701163,34389.87396508235,259.73639590058315,0.21194638625694356,112007822.55360875,0,False,2,0.9912125550124953,0,7.144208206477493e-07,1.2161116923993564e-09,12.567422399995849
2225,33731.499324627366,658.3745986770796,34389.87392330445,259.73640224130065,0.21194639143100535,112007822.55360875,0,False,2,0.9912382570569258,0,7.125997448421206e-07,1.2148314676242382e-09,12.572982499994396
2226,33731.50097459554,658.3729069760132,34389.873881571555,259.7364085937724,0.21194639661465867,112007822.55360875,0,False,2,0.9912638090810245,0,7.107789018844921e-07,1.2135226805333461e-09,12.578197699993325
2227,33731.502627636364,658.3712122482962,34389.87383988466,259.73641495807385,0.2119464018079651,112007822.55360875,0,False,2,0.9912892123950827,0,7.08960161980609e-07,1.212185119553871e-09,12.583583299994643
2228,33731.50428376735,658.3695144773643,34389.87379824472,259.73642133427245,0.21194640701097966,112007822.55360875,0,False,2,0.9913144682941718,0,7.071452882584404e-07,1.2108198425490558e-09,12.589174099994125
2229,33731.50594300511,658.3678136475468,34389.87375665266,259.73642772243215,0.21194641222375454,112007822.55360875,0,False,2,0.9913395780583627,0,7.053358998953518e-07,1.2094274842367982e-09,12.594379999994999
2230,33731.507605366445,658.3661097429551,34389.8737151094,259.73643412261765,0.21194641744634257,112007822.55360875,0,False,2,0.991364542952944,0,7.035334469307113e-07,1.208008467762325e-09,12.599966299996595
2231,33731.509270869385,658.3644027464516,34389.87367361584,259.7364405348983,0.2119464226788003,112007822.55360875,0,False,2,0.9913893642286339,0,7.017391927207402e-07,1.2065634278435412e-09,12.605311299994355
2232,33731.510939534084,658.3626926387234,34389.87363217281,259.7364469593518,0.21194642792119112,112007822.55360875,0,False,2,0.991414043121789,0,6.999542101779384e-07,1.2050940570617388e-09,12.610805699994671
2233,33731.51261138367,658.360979397487,34389.87359078116,259.7364533960671,0.21194643317358766,112007822.55360875,0,False,2,0.9914385808546111,0,6.981793850958883e-07,1.2035999322714532e-09,12.616501299999072
2234,33731.514286444835,658.3592629968363,34389.87354944167,259.736459845147,0.2119464384360738,112007822.55360875,0,False,2,0.9914629786353482,0,6.964154239584013e-07,1.2020831691993414e-09,12.621835799996916
2235,33731.515964748374,658.3575434067534,34389.87350815513,259.7364663067101,0.2119464437087463,112007822.55360875,0,False,2,0.9914872376584933,0,6.946628709411936e-07,1.2005435562726237e-09,12.627120599994669
2236,33731.517646329456,658.3558205927878,34389.87346692225,259.73647278089175,0.21194644899171558,112007822.55360875,0,False,2,0.9915113591049804,0,6.929221213574556e-07,1.1989832092179714e-09,12.632584699997096
2237,33731.51933122782,658.3540945159114,34389.87342574373,259.7364792678449,0.2119464542851065,112007822.55360875,0,False,2,0.9915353441423755,0,6.911934398855316e-07,1.19740233960797e-09,12.637914799997816
2238,33731.5210194877,658.3523651325472,34389.873384620245,259.73648576774,0.21194645958905814,112007822.55360875,0,False,2,0.9915591939250656,0,6.894769729271025e-07,1.1958022168785964e-09,12.643189499998698
2239,33731.52271115766,658.3506323947712,34389.873343552434,259.7364922807639,0.21194646490372293,112007822.55360875,0,False,2,0.9915829095944441,0,6.877727600861922e-07,1.194183264175122e-09,12.648951299997861
2240,33731.52440629021,658.3488962506746,34389.87330254089,259.7364988071188,0.21194647022926585,112007822.55360875,0,False,2,0.9916064922790935,0,6.860807423186678e-07,1.192547174078892e-09,12.65433949999715
2241,33731.5261049413,658.3471566448763,34389.87326158618,259.7365053470201,0.2119464755658628,112007822.55360875,0,False,2,0.9916299430949642,0,6.8440076300946e-07,1.1908943697351902e-09,12.65965039999719
2242,33731.52780716969,658.3454135191737,34389.87322068886,259.73651190069404,0.21194648091369825,112007822.55360875,0,False,2,0.9916532631455512,0,6.827325709906865e-07,1.1892256974346603e-09,12.665225999997347
2243,33731.52951303614,658.3436668133039,34389.87317984945,259.7365184683746,0.21194648627296317,112007822.55360875,0,False,2,0.9916764535220672,0,6.810758167674335e-07,1.1875417918952732e-09,12.670506199996453
2244,33731.531222602614,658.3419164658051,34389.87313906842,259.7365250503002,0.21194649164385215,112007822.55360875,0,False,2,0.9916995153036131,0,6.794300504478631e-07,1.1858441341257206e-09,12.675763699997333
2245,33731.532935931304,658.340162414947,34389.87309834625,259.73653164671043,0.21194649702656068,112007822.55360875,0,False,2,0.9917224495573455,0,6.777947200056847e-07,1.1841325125532662e-09,12.681095899999491
2246,33731.534653083654,658.33840459971,34389.87305768336,259.7365382578418,0.21194650242128174,112007822.55360875,0,False,2,0.9917452573386418,0,6.761691710924055e-07,1.182408831331972e-09,12.686295299994526
2247,33731.536374119416,658.3366429607879,34389.8730170802,259.7365448839243,0.21194650782820298,112007822.55360875,0,False,2,0.9917679396912622,0,6.745526519957313e-07,1.180672032598389e-09,12.691629499997362
2248,33731.538099095575,658.3348774415889,34389.87297653716,259.73655152517745,0.21194651324750358,112007822.55360875,0,False,2,0.9917904976475093,0,6.729443185806244e-07,1.1789238089339072e-09,12.697060599995893
2249,33731.53982806542,658.3331079892095,34389.87293605463,259.7365581818063,0.21194651867935083,112007822.55360875,0,False,2,0.9918129322283843,0,6.713432517729403e-07,1.1771643719111629e-09,12.702376599998388
2250,33731.5415610776,658.331334555361,34389.872895632965,259.7365648539982,0.2119465241238976,112007822.55360875,0,False,2,0.9918352444437422,0,6.697484710796275e-07,1.175394356248155e-09,12.707743699997081
2251,33731.54329817531,658.3295570972253,34389.87285527254,259.73657154191943,0.21194652958127966,112007822.55360875,0,False,2,0.9918574352924432,0,6.681589590915616e-07,1.1736137619448435e-09,12.713170699993498
2252,33731.54503939548,658.3277755782215,34389.8728149737,259.73657824571217,0.21194653505161293,112007822.55360875,0,False,2,0.9918795057625014,0,6.665736872163168e-07,1.1718228005738692e-09,12.718458199997258
2253,33731.54678476814,658.3259899686637,34389.87277473681,259.73658496549206,0.2119465405349918,112007822.55360875,0,False,2,0.9919014568312324,0,6.649916421646949e-07,1.1700214721351932e-09,12.723917299997993
2254,33731.548534315894,658.3242002463029,34389.872734562196,259.73659170134613,0.21194654603148727,112007822.55360875,0,False,2,0.9919232894653975,0,6.634118563498323e-07,1.1682106229195043e-09,12.73399509999581
2255,33731.55028805347,658.3224063967341,34389.872694450205,259.73659845333106,0.21194655154114564,112007822.55360875,0,False,2,0.9919450046213456,0,6.618334353261243e-07,1.1663896182087215e-09,12.742879699995683
2256,33731.5520459875,658.3206084136683,34389.872654401166,259.73660522147236,0.21194655706398768,112007822.55360875,0,False,2,0.9919666032451533,0,6.602555828746662e-07,1.1645590927208541e-09,12.749259299998812
2257,33731.55380811638,658.318806299059,34389.87261441544,259.73661200576396,0.2119465626000085,112007822.55360875,0,False,2,0.9919880862727625,0,6.586776237759874e-07,1.1627179885924546e-09,12.755808199995954
2258,33731.55557443028,658.3170000630879,34389.87257449336,259.7366188061679,0.21194656814917703,112007822.55360875,0,False,2,0.9920094546301157,0,6.570990189425268e-07,1.1608673636868982e-09,12.761581699996896
2259,33731.55734491129,658.3151897240093,34389.8725346353,259.73662562261524,0.2119465737114371,112007822.55360875,0,False,2,0.9920307092332891,0,6.555193790634923e-07,1.1590057369953694e-09,12.766810099994473
2260,33731.559119533726,658.3133753078582,34389.872494841584,259.7366324550071,0.211946579286708,112007822.55360875,0,False,2,0.9920518509886238,0,6.539384676285205e-07,1.1571348010992939e-09,12.773590400000103
2261,33731.56089826455,658.3115568480343,34389.872455112585,259.73663930321635,0.21194658487488593,112007822.55360875,0,False,2,0.9920728807928552,0,6.523562007677723e-07,1.1552528634171704e-09,12.780428999998549
2262,33731.56268106391,658.3097343847686,34389.87241544868,259.7366461670894,0.21194659047584566,112007822.55360875,0,False,2,0.9920937995332392,0,6.507726415606549e-07,1.1533601355216423e-09,12.785562999997637
2263,33731.56446788573,658.3079079644885,34389.87237585022,259.7366530464491,0.21194659608944252,112007822.55360875,0,False,2,0.9921146080876776,0,6.491879866312089e-07,1.1514570405580387e-09,12.790708099993935
2264,33731.56625867848,658.3060776390987,34389.87233631758,259.73665994109683,0.21194660171551458,112007822.55360875,0,False,2,0.9921353073248413,0,6.476025530298022e-07,1.1495429438082697e-09,12.795795599995472
2265,33731.56805338595,658.3042434651891,34389.872296851136,259.7366668508162,0.21194660735388515,112007822.55360875,0,False,2,0.9921558981042907,0,6.460167593144227e-07,1.1476182684176645e-09,12.80084359999455
2266,33731.56985194808,658.3024055031925,34389.87225745127,259.7366737753761,0.21194661300436568,112007822.55360875,0,False,2,0.9921763812765954,0,6.44431105386654e-07,1.145682168095446e-09,12.80715689999488
2267,33731.571654301835,658.3005638165106,34389.87221811835,259.7366807145338,0.2119466186667581,112007822.55360875,0,False,2,0.9921967576834512,0,6.428461531026219e-07,1.1437357007049991e-09,12.81240589999652
2268,33731.573460382126,658.2987184706213,34389.87217885275,259.73668766803866,0.21194662434085787,112007822.55360875,0,False,2,0.9922170281577958,0,6.412625071593238e-07,1.141778019955546e-09,12.818433299995377
2269,33731.57527012265,658.2968695321938,34389.87213965484,259.7366946356354,0.2119466300264567,112007822.55360875,0,False,2,0.9922371935239224,0,6.396807953657993e-07,1.1398095489924176e-09,12.827230899994902
2270,33731.57708345678,658.295017068222,34389.872100525004,259.7367016170675,0.2119466357233453,112007822.55360875,0,False,2,0.9922572545975911,0,6.381016541464607e-07,1.1378302878155767e-09,12.835384399993927
2271,33731.57890031839,658.2931611451972,34389.87206146359,259.7367086120804,0.21194664143131586,112007822.55360875,0,False,2,0.9922772121861395,0,6.365257132200376e-07,1.135840659570358e-09,12.840643499999715
2272,33731.58072064262,658.2913018283326,34389.872022470954,259.73671562042443,0.2119466471501647,112007822.55360875,0,False,2,0.9922970670885916,0,6.349535835305813e-07,1.133840664256726e-09,12.845476999995299
2273,33731.58254436658,658.2894391808541,34389.87198354743,259.7367226418574,0.21194665287969422,112007822.55360875,0,False,2,0.9923168200957635,0,6.333858481759068e-07,1.1318309365927052e-09,12.851090099997236
2274,33731.58437143001,658.28757326337,34389.87194469338,259.7367296761473,0.21194665861971507,112007822.55360875,0,False,2,0.9923364719903692,0,6.318230532920652e-07,1.1298108418602033e-09,12.857200099999318
2275,33731.586201775805,658.2857041333252,34389.87190590913,259.7367367230743,0.2119466643700478,112007822.55360875,0,False,2,0.9923560235471243,0,6.302657011978633e-07,1.1277812263499337e-09,12.862787899997784
2276,33731.58803535043,658.2838318445504,34389.87186719498,259.73674378243226,0.21194667013052435,112007822.55360875,0,False,2,0.9923754755328474,0,6.287142450549116e-07,1.1257427247799275e-09,12.868286400000216
2277,33731.58987210434,658.2819564469082,34389.87182855125,259.73675085403045,0.21194667590098895,112007822.55360875,0,False,2,0.9923948287065608,0,6.27169081416049e-07,1.1236951255774697e-09,12.873207099997671
2278,33731.59171199219,658.2800779860405,34389.87178997823,259.7367579376942,0.21194668168129915,112007822.55360875,0,False,2,0.9924140838195894,0,6.25630544991482e-07,1.1216390634605949e-09,12.87805209999351
2279,33731.593554972984,658.2781965032138,34389.871751476196,259.7367650332659,0.21194668747132628,112007822.55360875,0,False,2,0.9924332416156577,0,6.240989029698901e-07,1.119574750001966e-09,12.88379239999631
2280,33731.59540101015,658.2763120352635,34389.87171304541,259.7367721406045,0.21194669327095528,112007822.55360875,0,False,2,0.9924523028309865,0,6.225743479263393e-07,1.1175030314923113e-09,12.889044699993974
2281,33731.59725007152,658.2744246146282,34389.87167468615,259.7367792595863,0.21194669908008518,112007822.55360875,0,False,2,0.9924712681943859,0,6.210569905373814e-07,1.1154232732135455e-09,12.894793699997535
2282,33731.59910212916,658.272534269472,34389.87163639863,259.73678639010365,0.21194670489862816,112007822.55360875,0,False,2,0.9924901384273501,0,6.195468559522699e-07,1.1133369561744662e-09,12.900064999994356
2283,33731.60095715922,658.270641023881,34389.871598183105,259.7367935320648,0.21194671072650934,112007822.55360875,0,False,2,0.9925089142441474,0,6.180438743951462e-07,1.1112436572296794e-09,12.905267799993453
2284,33731.60281514163,658.2687448981304,34389.87156003976,259.73680068539244,0.21194671656366568,112007822.55360875,0,False,2,0.9925275963519118,0,6.165478784519168e-07,1.1091446458153022e-09,12.910749899994698
2285,33731.60467605983,658.266845909005,34389.87152196884,259.7368078500228,0.21194672241004506,112007822.55360875,0,False,2,0.9925461854507305,0,6.150585987987675e-07,1.1070388640678755e-09,12.915954999996757
2286,33731.60653990034,658.2649440701662,34389.871483970506,259.73681502590404,0.21194672826560523,112007822.55360875,0,False,2,0.9925646822337327,0,6.135756629656494e-07,1.1049280045688995e-09,12.921145799999067
2287,33731.60840665242,658.2630393925501,34389.87144604497,259.73682221299475,0.21194673413031243,112007822.55360875,0,False,2,0.9925830873871752,0,6.120985962202006e-07,1.1028112210276053e-09,12.92678739999974
2288,33731.61027630759,658.2611318847855,34389.871408192375,259.7368294112623,0.21194674000413996,112007822.55360875,0,False,2,0.9926014015905278,0,6.106268259615606e-07,1.1006902060255015e-09,12.932116099997074
2289,33731.612148859305,658.2592215536196,34389.871370412926,259.7368366206815,0.2119467458870673,112007822.55360875,0,False,2,0.9926196255165561,0,6.091596877444064e-07,1.09856326698106e-09,12.937127399993187
2290,33731.61402430243,658.2573084043377,34389.87133270677,259.7368438412326,0.21194675177907835,112007822.55360875,0,False,2,0.9926377598314053,0,6.076964337805926e-07,1.096432096475793e-09,12.942507499996282
2291,33731.61590263289,658.2553924411685,34389.87129507406,259.73685107289987,0.21194675768016025,112007822.55360875,0,False,2,0.9926558051946807,0,6.062362467398837e-07,1.0942962713643136e-09,12.947798799999873
2292,33731.6177838473,658.2534736676607,34389.87125751496,259.7368583156703,0.21194676359030237,112007822.55360875,0,False,2,0.9926737622595274,0,6.047782537160061e-07,1.0921557916466152e-09,12.952857899996161
2293,33731.61966794262,658.2515520870269,34389.87122002965,259.7368655695322,0.21194676950949523,112007822.55360875,0,False,2,0.9926916316727105,0,6.033215420930152e-07,1.0900102341773089e-09,12.958342799996899
2294,33731.62155491582,658.2496277024411,34389.87118261826,259.73687283447384,0.2119467754377292,112007822.55360875,0,False,2,0.9927094140746913,0,6.018651771601895e-07,1.0878606568198434e-09,12.96354999999312
2295,33731.62344476369,658.2477005172884,34389.87114528098,259.7368801104829,0.21194678137499426,112007822.55360875,0,False,2,0.9927271100997054,0,6.00408220421158e-07,1.0857057901380647e-09,12.968578099993465
2296,33731.625337482605,658.2457705353594,34389.871108017964,259.73688739754544,0.21194678732127903,112007822.55360875,0,False,2,0.9927447203758367,0,5.989497486155519e-07,1.0835462688500398e-09,12.973976299996139
2297,33731.6272330684,658.2438377609868,34389.87107082939,259.73689469564545,0.2119467932765704,112007822.55360875,0,False,2,0.992762245525093,0,5.974888689228239e-07,1.0813816698103782e-09,12.979534899997816
2298,33731.629131516325,658.2419021991251,34389.87103371545,259.73690200476454,0.21194679924085344,112007822.55360875,0,False,2,0.992779686163479,0,5.960247384830525e-07,1.0792113583009943e-09,12.984827299995231
2299,33731.63103282097,658.2399638553686,34389.87099667634,259.73690932488194,0.21194680521411113,112007822.55360875,0,False,2,0.9927970429010681,0,5.945565747490809e-07,1.0770353343218778e-09,12.991079899999022
2300,33731.63293697634,658.2380227359162,34389.87095971226,259.7369166559746,0.21194681119632472,112007822.55360875,0,False,2,0.9928143163420743,0,5.930836729147531e-07,1.074853809445711e-09,12.996252799996
2301,33731.63484397595,658.2360788474812,34389.87092282344,259.73692399801746,0.21194681718747374,112007822.55360875,0,False,2,0.9928315070849221,0,5.916054120273565e-07,1.0726653026636325e-09,13.001489700000093
2302,33731.63675381294,658.2341321971526,34389.870886010096,259.7369313509842,0.21194682318753671,112007822.55360875,0,False,2,0.9928486157223152,0,5.901212644586396e-07,1.0704704486937071e-09,13.00770019999618
2303,33731.638666480285,658.2321827922156,34389.8708492725,259.7369387148477,0.21194682919649152,112007822.55360875,0,False,2,0.9928656428413056,0,5.886308025904588e-07,1.0682679780997605e-09,13.012875199994596
2304,33731.640581970954,658.2302306399367,34389.87081261089,259.736946089581,0.2119468352143161,112007822.55360875,0,False,2,0.9928825890233606,0,5.871337000782049e-07,1.0660583140271624e-09,13.018046899996989
2305,33731.642500278234,658.22827574732,34389.87077602556,259.73695347515815,0.21194684124098934,112007822.55360875,0,False,2,0.9928994548444284,0,5.856297356210696e-07,1.0638403986124263e-09,13.023453699999664
2306,33731.64442139593,658.2263181208466,34389.87073951678,259.7369608715553,0.21194684727649177,112007822.55360875,0,False,2,0.9929162408750043,0,5.841187904443412e-07,1.0616142318555318e-09,13.028722499999276
2307,33731.646345318666,658.2243577662027,34389.87070308487,259.7369682787518,0.21194685332080654,112007822.55360875,0,False,2,0.9929329476801945,0,5.826008492174691e-07,1.0593791790383756e-09,13.033980199994403
2308,33731.64827204214,658.2223946880076,34389.870666730145,259.7369756967311,0.2119468593739201,112007822.55360875,0,False,2,0.9929495758197797,0,5.810759939375345e-07,1.0571346054428506e-09,13.039386699994793
2309,33731.65020156339,658.2204288895492,34389.87063045294,259.73698312548174,0.21194686543582317,112007822.55360875,0,False,2,0.9929661258482784,0,5.795444033686316e-07,1.0548805110689318e-09,13.044374099998095
2310,33731.652133881056,658.2184603725343,34389.87059425359,259.7369905649985,0.21194687150651143,112007822.55360875,0,False,2,0.9929825983150071,0,5.780063453951711e-07,1.0526166843438986e-09,13.049298899997666
2311,33731.65406899559,658.2164891368662,34389.870558132454,259.7369980152831,0.21194687758598635,112007822.55360875,0,False,2,0.9929989937641431,0,5.764621729820044e-07,1.0503422789769444e-09,13.055055099997844
2312,33731.65600690945,658.2145151804515,34389.8705220899,259.7370054763451,0.2119468836742556,112007822.55360875,0,False,2,0.9930153127347828,0,5.7491231791345e-07,1.04805729496804e-09,13.06080409999413
2313,33731.65794762726,658.2125384990451,34389.8704861263,259.7370129482021,0.21194688977133372,112007822.55360875,0,False,2,0.9930315557610018,0,5.733572828117211e-07,1.0457613091717651e-09,13.066106299993407
2314,33731.659891155905,658.2105590861402,34389.870450242044,259.7370204308808,0.2119468958772424,112007822.55360875,0,False,2,0.9930477233719127,0,5.717976350979236e-07,1.0434543215880891e-09,13.071460099999967
2315,33731.66183750461,658.2085769329033,34389.870414437515,259.7370279244167,0.21194690199201058,112007822.55360875,0,False,2,0.9930638160917233,0,5.702339975327624e-07,1.0411359090715896e-09,13.076592699995672
2316,33731.66378668494,658.2065920281627,34389.8703787131,259.73703542885426,0.2119469081156746,112007822.55360875,0,False,2,0.9930798344397928,0,5.686670391610908e-07,1.0388062831949314e-09,13.081748199998401
2317,33731.66573871076,658.2046043584477,34389.87034306921,259.7370429442468,0.21194691424827797,112007822.55360875,0,False,2,0.9930957789306873,0,5.670974663645717e-07,1.0364648092399942e-09,13.087187699995411
2318,33731.66769359816,658.2026139080807,34389.87030750624,259.7370504706564,0.21194692038987129,112007822.55360875,0,False,2,0.9931116500742366,0,5.655260106797213e-07,1.034111910352139e-09,13.092560899996897
2319,33731.669651365264,658.2006206593218,34389.870272024586,259.7370580081528,0.2119469265405115,112007822.55360875,0,False,2,0.9931274483755865,0,5.639534183846492e-07,1.0317471633859404e-09,13.097836299995834
2320,33731.671612032085,658.1986245925656,34389.87023662465,259.737065556813,0.21194693270026144,112007822.55360875,0,False,2,0.9931431743352542,0,5.623804374848846e-07,1.0293709914867614e-09,13.103662599998643
2321,33731.673575620254,658.1966256865818,34389.87020130684,259.7370731167203,0.21194693886918908,112007822.55360875,0,False,2,0.9931588284491802,0,5.608078084378996e-07,1.0269829715091762e-09,13.108973199996399
2322,33731.67554215272,658.1946239188015,34389.87016607152,259.73708068796304,0.21194694504736653,112007822.55360875,0,False,2,0.9931744112087808,0,5.59236247089164e-07,1.0245841613166421e-09,13.114249099999142
2323,33731.67751165346,658.1926192656402,34389.8701309191,259.73708827063365,0.21194695123486915,112007822.55360875,0,False,2,0.9931899231009995,0,5.576664354291042e-07,1.02217371461834e-09,13.119466299998749
2324,33731.679484147106,658.1906117028532,34389.87009584996,259.73709586482676,0.21194695743177422,112007822.55360875,0,False,2,0.9932053646083581,0,5.560990090158123e-07,1.019752054559636e-09,13.124637499997334
2325,33731.681459658554,658.1886012059172,34389.87006086447,259.7371034706384,0.21194696363816004,112007822.55360875,0,False,2,0.9932207362090064,0,5.545345455563727e-07,1.0173196042858987e-09,13.129951199996867
2326,33731.68343821256,658.1865877504298,34389.87002596299,259.7371110881638,0.21194696985410438,112007822.55360875,0,False,2,0.993236038376772,0,5.529735547159064e-07,1.0148767869424992e-09,13.135869699995965
2327,33731.68541983336,658.184571312521,34389.86999114588,259.73711871749623,0.21194697607968335,112007822.55360875,0,False,2,0.9932512715812086,0,5.514164705048377e-07,1.0124233909567141e-09,13.141117799998028
2328,33731.68740454422,658.1825518692675,34389.86995641348,259.7371263587253,0.21194698231497,112007822.55360875,0,False,2,0.9932664362876443,0,5.498636425315058e-07,1.0099602626193148e-09,13.146427599996969
2329,33731.689392367036,658.1805293991054,34389.86992176614,259.7371340119354,0.21194698856003327,112007822.55360875,0,False,2,0.9932815329572293,0,5.483153324948156e-07,1.0074867672121822e-09,13.151670899998862
2330,33731.691383321944,658.1785038822305,34389.86988720417,259.7371416772039,0.21194699481493628,112007822.55360875,0,False,2,0.9932965620469821,0,5.467717107290573e-07,1.0050043857441895e-09,13.157120899995789
2331,33731.69337742691,658.1764753009833,34389.8698527279,259.7371493546001,0.21194700107973552,112007822.55360875,0,False,2,0.9933115240098361,0,5.452328531911715e-07,1.0025124834972197e-09,13.162520099998801
2332,33731.6953746974,658.1744436402079,34389.86981833761,259.73715704418345,0.21194700735447958,112007822.55360875,0,False,2,0.9933264192946853,0,5.436987449438146e-07,1.000012118334753e-09,13.167764299992996
2333,33731.69737514603,658.172408887583,34389.86978403362,259.7371647460025,0.21194701363920804,112007822.55360875,0,False,2,0.9933412483464289,0,5.421692806012437e-07,9.97502867111374e-10,13.172992899999372
2334,33731.699378782265,658.1703710339199,34389.869749816186,259.73717246009386,0.21194701993395074,112007822.55360875,0,False,2,0.9933560116060157,0,5.406442698833737e-07,9.949857876905673e-10,13.178355299998657
2335,33731.70138561219,658.1683300734188,34389.869715685614,259.73718018648077,0.2119470262387267,112007822.55360875,0,False,2,0.9933707095104878,0,5.391234430651639e-07,9.924600337815189e-10,13.183853399998043
2336,33731.703395638266,658.1662860038867,34389.86968164215,259.7371879251728,0.21194703255354372,112007822.55360875,0,False,2,0.993385342493024,0,5.376064585070875e-07,9.899270863931186e-10,13.189119899994694
2337,33731.70540885915,658.1642388269099,34389.86964768606,259.73719567616473,0.2119470388783975,112007822.55360875,0,False,2,0.9933999109829825,0,5.36092909780857e-07,9.873865223799548e-10,13.19488669999555
2338,33731.70742526961,658.1621885479811,34389.869613817595,259.7372034394365,0.2119470452132717,112007822.55360875,0,False,2,0.9934144154059427,0,5.345823372879668e-07,9.84838341742017e-10,13.200228299996525
2339,33731.70944486042,658.1601351765829,34389.869580037004,259.7372112149525,0.21194705155813728,112007822.55360875,0,False,2,0.9934288561837462,0,5.330742352759558e-07,9.822831791973988e-10,13.205540299997665
2340,33731.7114676183,658.1580787262232,34389.86954634452,259.7372190026616,0.2119470579129525,112007822.55360875,0,False,2,0.9934432337345391,0,5.31568063872562e-07,9.797212463187938e-10,13.210995599998569
2341,33731.71349352597,658.1560192144302,34389.8695127404,259.73722680249733,0.21194706427766313,112007822.55360875,0,False,2,0.9934575484728109,0,5.300632576641725e-07,9.771516968153875e-10,13.216161599993939
2342,33731.71552256215,658.1539566627043,34389.86947922486,259.73723461437777,0.21194707065220228,112007822.55360875,0,False,2,0.9934718008094354,0,5.285592377362595e-07,9.745760116960842e-10,13.221615399997972
2343,33731.71755470172,658.1518910964323,34389.86944579815,259.73724243820607,0.211947077036491,112007822.55360875,0,False,2,0.9934859911517097,0,5.270554202480604e-07,9.719929215246666e-10,13.227263099994161
2344,33731.71958991572,658.149822544766,34389.86941246049,259.73725027387087,0.21194708343043833,112007822.55360875,0,False,2,0.9935001199033928,0,5.255512272807929e-07,9.694034841646376e-10,13.232730299998366
2345,33731.72162817165,658.1477510404724,34389.86937921212,259.737258121247,0.2119470898339422,112007822.55360875,0,False,2,0.9935141874647448,0,5.240460964063002e-07,9.668070648978851e-10,13.238380299997516
2346,33731.72366943352,658.1456766197558,34389.86934605328,259.7372659801959,0.21194709624688948,112007822.55360875,0,False,2,0.9935281942325633,0,5.22539489261555e-07,9.64203663724402e-10,13.244142699993972
2347,33731.72571366215,658.1435993220603,34389.86931298421,259.73727385056674,0.21194710266915714,112007822.55360875,0,False,2,0.9935421406002222,0,5.210308999299119e-07,9.615934922168848e-10,13.249387899995781
2348,33731.72776081528,658.1415191898552,34389.869280005136,259.7372817321968,0.2119471091006124,112007822.55360875,0,False,2,0.9935560269577076,0,5.195198647863253e-07,9.589763388026246e-10,13.254664899999625
2349,33731.72981084791,658.1394362684108,34389.869247116316,259.73728962491276,0.2119471155411138,112007822.55360875,0,False,2,0.9935698536916551,0,5.180059673760798e-07,9.563519919089115e-10,13.263620499994431
2350,33731.73186371243,658.1373506055664,34389.869214318,259.7372975285314,0.2119471219905119,112007822.55360875,0,False,2,0.9935836211853843,0,5.164888474781889e-07,9.537202399630349e-10,13.269608299997344
2351,33731.733919358936,658.1352622514996,34389.86918161043,259.73730544286065,0.21194712844864988,112007822.55360875,0,False,2,0.9935973298189359,0,5.149682059891397e-07,9.51081506110395e-10,13.275454399998125
2352,33731.735977735385,658.1331712584966,34389.86914899388,259.7373133677,0.21194713491536415,112007822.55360875,0,False,2,0.9936109799691056,0,5.134438093250895e-07,9.484349440601698e-10,13.280887999993865
2353,33731.73803878787,658.1310776807314,34389.8691164686,259.7373213028419,0.2119471413904854,112007822.55360875,0,False,2,0.9936245720094791,0,5.119154950322256e-07,9.457807653850549e-10,13.286475599998084
2354,33731.740102460826,658.1289815740562,34389.86908403488,259.73732924807257,0.21194714787383911,112007822.55360875,0,False,2,0.9936381063104658,0,5.103831745528625e-07,9.431185469396335e-10,13.29222349999327
2355,33731.742168697165,658.1268829958051,34389.86905169297,259.7373372031721,0.21194715436524586,112007822.55360875,0,False,2,0.9936515832393333,0,5.088468329460517e-07,9.404487118693058e-10,13.29748059999838
2356,33731.74423743855,658.1247820046154,34389.86901944316,259.7373451679159,0.21194716086452242,112007822.55360875,0,False,2,0.99366500316024,0,5.073065324442915e-07,9.3777062545595e-10,13.303070599999046
2357,33731.74630862547,658.1226786602679,34389.86898728574,259.73735314207494,0.21194716737148184,112007822.55360875,0,False,2,0.9936783664342679,0,5.057624102921171e-07,9.350840761268513e-10,13.308305999998993
2358,33731.74838219745,658.1205730235456,34389.868955221,259.73736112541627,0.2119471738859341,112007822.55360875,0,False,2,0.9936916734194553,0,5.042146759095228e-07,9.323892754547048e-10,13.313445499996305
2359,33731.7504580931,658.1184651561142,34389.86892324921,259.73736911770357,0.2119471804076863,112007822.55360875,0,False,2,0.9937049244708291,0,5.026636094282059e-07,9.296862234395017e-10,13.31884679999348
2360,33731.752536250264,658.1163551204231,34389.86889137069,259.73737711869757,0.21194718693654319,112007822.55360875,0,False,2,0.9937181199404355,0,5.011095561737403e-07,9.26974285363116e-10,13.324657399993157
2361,33731.75461660609,658.1142429796256,34389.86885958572,259.7373851281563,0.21194719347230737,112007822.55360875,0,False,2,0.9937312601773719,0,4.995529209691201e-07,9.242538843709484e-10,13.329938599999878
2362,33731.756699097095,658.1121287975178,34389.868827894614,259.73739314583526,0.21194720001477932,112007822.55360875,0,False,2,0.9937443455278178,0,4.979941612447328e-07,9.215243857448716e-10,13.337787199998274
2363,33731.75878365917,658.1100126384939,34389.86879629766,259.7374011714877,0.21194720656375768,112007822.55360875,0,False,2,0.993757376335065,0,4.964337806229496e-07,9.187866357756993e-10,13.345357999998669
2364,33731.76087022765,658.1078945675185,34389.86876479517,259.7374092048646,0.21194721311903922,112007822.55360875,0,False,2,0.9937703529395472,0,4.94872318180415e-07,9.160399997453041e-10,13.351617999993323
2365,33731.76295873731,658.1057746501077,34389.86873338742,259.73741724571494,0.21194721968041913,112007822.55360875,0,False,2,0.9937832756788707,0,4.933103418144706e-07,9.132849007990894e-10,13.35757869999361
2366,33731.7650491224,658.1036529523229,34389.868702074724,259.73742529378546,0.21194722624769077,112007822.55360875,0,False,2,0.9937961448878428,0,4.917484379904945e-07,9.105209157916332e-10,13.36292289999983
2367,33731.76714131658,658.1015295407684,34389.86867085735,259.73743334882084,0.21194723282064576,112007822.55360875,0,False,2,0.9938089608985013,0,4.901872019669132e-07,9.077491025864608e-10,13.368285899996408
2368,33731.76923525302,658.0994044825941,34389.868639735614,259.73744141056375,0.21194723939907412,112007822.55360875,0,False,2,0.9938217240401428,0,4.886272296269042e-07,9.049681917473238e-10,13.37315249999665
2369,33731.77133086428,658.0972778454983,34389.868608709774,259.7374494787545,0.211947245982764,112007822.55360875,0,False,2,0.9938344346393507,0,4.870691074226511e-07,9.021796642831639e-10,13.378403999995498
2370,33731.7734280824,658.0951496977267,34389.86857778013,259.73745755313155,0.21194725257150188,112007822.55360875,0,False,2,0.9938470930200242,0,4.855134036933051e-07,8.993824623304389e-10,13.387561699993967
2371,33731.77552683885,658.0930201080664,34389.86854694692,259.73746563343093,0.21194725916507245,112007822.55360875,0,False,2,0.993859699503404,0,4.839606617002118e-07,8.965782784708032e-10,13.397225399996387
2372,33731.777627064585,658.0908891458321,34389.868516210416,259.73747371938686,0.21194726576325879,112007822.55360875,0,False,2,0.9938722544081016,0,4.824113905541026e-07,8.937662664134233e-10,13.40658099999564
2373,33731.779728690024,658.088756880841,34389.86848557086,259.7374818107314,0.21194727236584227,112007822.55360875,0,False,2,0.9938847580501241,0,4.808660609632368e-07,8.909470608764191e-10,13.412364999996498
2374,33731.78183164515,658.086623383374,34389.868455028525,259.73748990719514,0.21194727897260301,112007822.55360875,0,False,2,0.9938972107429027,0,4.793250962896289e-07,8.881202387143724e-10,13.417432199996256
2375,33731.783935859494,658.0844887241257,34389.86842458362,259.73749800850663,0.2119472855833196,112007822.55360875,0,False,2,0.9939096127973173,0,4.777888718955435e-07,8.852870693635308e-10,13.422547499998473
2376,33731.786041262225,658.0823529741353,34389.86839423636,259.7375061143932,0.21194729219776948,112007822.55360875,0,False,2,0.9939219645217233,0,4.7625770748042756e-07,8.824477643966045e-10,13.428675999995903
2377,33731.78814778226,658.0802162047032,34389.86836398696,259.7375142245812,0.2119472988157293,112007822.55360875,0,False,2,0.9939342662219772,0,4.747318665279179e-07,8.796019006681783e-10,13.434170299995458
2378,33731.79025534835,658.0780784872924,34389.86833383564,259.7375223387963,0.21194730543697526,112007822.55360875,0,False,2,0.9939465182014613,0,4.732115550026413e-07,8.767501128963805e-10,13.439565499997116
2379,33731.79236388916,658.0759398934108,34389.86830378257,259.7375304567638,0.21194731206128323,112007822.55360875,0,False,2,0.9939587207611089,0,4.7169691792962693e-07,8.738932473720516e-10,13.444617499997548
2380,33731.79447333346,658.0738004944808,34389.86827382794,259.7375385782096,0.21194731868842948,112007822.55360875,0,False,2,0.9939708741994294,0,4.701880417886057e-07,8.710306693770701e-10,13.449963299994124
2381,33731.796583610216,658.0716603616925,34389.868243971905,259.7375467028601,0.2119473253181908,112007822.55360875,0,False,2,0.9939829788125322,0,4.686849554677984e-07,8.68163648347698e-10,13.455566099997668
2382,33731.798694648794,658.0695195658469,34389.86821421464,259.7375548304434,0.21194733195034535,112007822.55360875,0,False,2,0.9939950348941511,0,4.671876307657154e-07,8.652915495658154e-10,13.46095449999848
2383,33731.8008063791,658.0673781771854,34389.86818455628,259.7375629606896,0.2119473385846728,112007822.55360875,0,False,2,0.9940070427356672,0,4.6569598656315625e-07,8.624156424676891e-10,13.46603199999663
2384,33731.80291873175,658.0652362652132,34389.86815499696,259.7375710933316,0.21194734522095524,112007822.55360875,0,False,2,0.9940190026261339,0,4.6420989181965957e-07,8.595357154806206e-10,13.471233799995389
2385,33731.80503163832,658.0630938985151,34389.868125536836,259.73757922810603,0.21194735185897776,112007822.55360875,0,False,2,0.994030914852299,0,4.627291699493499e-07,8.566513454592002e-10,13.476435699994909
2386,33731.807145031424,658.0609511445695,34389.868096176,259.73758736475327,0.21194735849852847,112007822.55360875,0,False,2,0.9940427796986278,0,4.6125360336713e-07,8.53764224985122e-10,13.481622399995103
2387,33731.809258845,658.0588080695608,34389.86806691456,259.7375955030192,0.21194736513940007,112007822.55360875,0,False,2,0.9940545974473258,0,4.5978294038475066e-07,8.508737193402692e-10,13.487677799996163
2388,33731.81137301444,658.0566647381952,34389.86803775263,259.73760364265485,0.21194737178138937,112007822.55360875,0,False,2,0.9940663683783618,0,4.583169002568096e-07,8.479802516700771e-10,13.493039899993164
2389,33731.81348747679,658.054521213522,34389.86800869031,259.73761178341806,0.21194737842429875,112007822.55360875,0,False,2,0.9940780927694888,0,4.56855179455954e-07,8.450838219745609e-10,13.49832779999997
2390,33731.81560217092,658.0523775567617,34389.867979727685,259.7376199250733,0.2119473850679361,112007822.55360875,0,False,2,0.994089770896267,0,4.553974602174888e-07,8.421848533991581e-10,13.503950799997256
2391,33731.81771703768,658.0502338271474,34389.86795086483,259.73762806739296,0.21194739171211552,112007822.55360875,0,False,2,0.9941014030320847,0,4.53943415493351e-07,8.392837690893081e-10,13.509050199994817
2392,33731.819832020046,658.0480900817779,34389.867922101825,259.73763621015746,0.211947398356658,112007822.55360875,0,False,2,0.9941129894481797,0,4.5249271747710614e-07,8.36380145899606e-10,13.514294399996288
2393,33731.82194706327,658.0459463754872,34389.86789343876,259.737644353156,0.2119474050013914,112007822.55360875,0,False,2,0.9941245304136608,0,4.510450432492067e-07,8.334741954027802e-10,13.520522599996184
2394,33731.82406211493,658.0438027607323,34389.86786487566,259.73765249618674,0.21194741164615113,112007822.55360875,0,False,2,0.9941360261955283,0,4.496000829797581e-07,8.305671870351201e-10,13.526518599996052
2395,33731.826177125135,658.0416592874997,34389.86783641263,259.73766063905765,0.21194741829078043,112007822.55360875,0,False,2,0.9941474770586953,0,4.481575463695473e-07,8.276574282149504e-10,13.531965899994248
2396,33731.82829204649,658.0395160032315,34389.86780804973,259.7376687815862,0.21194742493513033,112007822.55360875,0,False,2,0.9941588832660063,0,4.4671716688006793e-07,8.247459768058487e-10,13.537529099994572
2397,33731.83040683421,658.0373729527773,34389.86777978699,259.7376769236,0.21194743157906024,112007822.55360875,0,False,2,0.9941702450782601,0,4.452787084811608e-07,8.218332559532602e-10,13.542815199994948
2398,33731.832521446115,658.0352301783624,34389.86775162448,259.73768506493667,0.21194743822243756,112007822.55360875,0,False,2,0.9941815627542269,0,4.438419705316658e-07,8.189188425117806e-10,13.548844699995243
2399,33731.83463584266,658.0330877195834,34389.86772356224,259.7376932054439,0.21194744486513808,112007822.55360875,0,False,2,0.9941928365506698,0,4.4240679042076696e-07,8.160031596268554e-10,13.554572899993218
2400,33731.83674998692,658.030945613422,34389.86769560034,259.73770134497966,0.21194745150704583,112007822.55360875,0,False,2,0.9942040667223634,0,4.409730484736241e-07,8.13085361007654e-10,13.559918299994024
2401,33731.83886384453,658.0288038942837,34389.867667738814,259.7377094834115,0.21194745814805283,112007822.55360875,0,False,2,0.9942152535221137,0,4.395406670686826e-07,8.101667160904742e-10,13.565832899999805
2402,33731.84097738367,658.0266625940534,34389.867639977725,259.73771762061693,0.21194746478805906,112007822.55360875,0,False,2,0.9942263972007759,0,4.38109615619896e-07,8.07246167011772e-10,13.571710799995344
2403,33731.84309057493,658.0245217421724,34389.867612317095,259.73772575648275,0.21194747142697215,112007822.55360875,0,False,2,0.9942374980072748,0,4.366799075253213e-07,8.043249832078478e-10,13.577567099993757
2404,33731.84520339125,658.0223813657324,34389.86758475698,259.73773389090485,0.21194747806470715,112007822.55360875,0,False,2,0.9942485561886216,0,4.3525160140026237e-07,8.014021068151569e-10,13.583388399994874
2405,33731.84731580783,658.0202414895857,34389.86755729741,259.73774202378763,0.21194748470118607,112007822.55360875,0,False,2,0.9942595719899339,0,4.3382479926437274e-07,7.984785956972886e-10,13.588977499995963
2406,33731.84942780198,658.0181021364665,34389.86752993845,259.7377501550438,0.21194749133633764,112007822.55360875,0,False,2,0.9942705456544525,0,4.3239964295687994e-07,7.955529688452684e-10,13.594789599999785
2407,33731.851539352974,658.0159633271278,34389.8675026801,259.73775828459355,0.21194749797009682,112007822.55360875,0,False,2,0.9942814774235601,0,4.3097631348409704e-07,7.926273419862572e-10,13.600043200000073
2408,33731.85365044193,658.0138250804837,34389.86747552241,259.7377664123642,0.2119475046024042,112007822.55360875,0,False,2,0.9942923675367986,0,4.2955502431390977e-07,7.897002341112801e-10,13.605568899998616
2409,33731.85576105166,658.0116874137609,34389.86744846542,259.7377745382895,0.21194751123320577,112007822.55360875,0,False,2,0.9943032162318873,0,4.2813601978381663e-07,7.867722799385017e-10,13.611082099996565
2410,33731.857871166496,658.0095503426542,34389.86742150915,259.73778266230926,0.21194751786245242,112007822.55360875,0,False,2,0.994314023744739,0,4.26719568181732e-07,7.838432678952303e-10,13.616290499994648
2411,33731.859980772126,658.0074138814836,34389.86739465361,259.73779078436826,0.21194752449009904,112007822.55360875,0,False,2,0.9943247903094784,0,4.2530595770430857e-07,7.809144674177775e-10,13.621636099996977
2412,33731.86208985547,658.0052780433522,34389.86736789883,259.7377989044162,0.21194753111610468,112007822.55360875,0,False,2,0.994335516158458,0,4.238954897782048e-07,7.779843974971646e-10,13.627571699995315
2413,33731.864198404524,658.0031428403032,34389.867341244826,259.7378070224068,0.21194753774043149,112007822.55360875,0,False,2,0.9943462015222756,0,4.224884750460394e-07,7.75053904424274e-10,13.633341499997186
2414,33731.86630640813,658.0010082834699,34389.8673146916,259.7378151382972,0.21194754436304453,112007822.55360875,0,False,2,0.9943568466297904,0,4.210852260815756e-07,7.721236229172763e-10,13.639187399996445
2415,33731.86841385594,657.9988743832247,34389.86728823916,259.7378232520475,0.21194755098391124,112007822.55360875,0,False,2,0.9943674517081394,0,4.1968605140816913e-07,7.691927066853359e-10,13.64475179999863
2416,33731.87052073819,657.9967411493177,34389.86726188751,259.73783136362016,0.21194755760300096,112007822.55360875,0,False,2,0.9943780169827539,0,4.1829125132947925e-07,7.662620020193392e-10,13.649675999993633
2417,33731.87262704563,657.994608591009,34389.867235636644,259.7378394729795,0.2119475642202846,112007822.55360875,0,False,2,0.9943885426773751,0,4.1690111100338526e-07,7.633315089193127e-10,13.655001899998751
2418,33731.874732769335,657.9924767171918,34389.867209486525,259.73784758009117,0.21194757083573415,112007822.55360875,0,False,2,0.99439902901407,0,4.1551589519743225e-07,7.604018621034309e-10,13.66034679999575
2419,33731.87683790066,657.9903455365053,34389.86718343716,259.7378556849219,0.21194757744932244,112007822.55360875,0,False,2,0.994409476213247,0,4.1413584463469316e-07,7.574720037081412e-10,13.665563299997302
2420,33731.878942431074,657.9882150574398,34389.867157488516,259.73786378743887,0.21194758406102268,112007822.55360875,0,False,2,0.9944198844936719,0,4.12761169712913e-07,7.545434147424829e-10,13.670887199994468
2421,33731.88104635212,657.9860852884281,34389.86713164055,259.7378718876095,0.21194759067080832,112007822.55360875,0,False,2,0.9944302540724818,0,4.1139204778822916e-07,7.516156720610529e-10,13.676379499993345
2422,33731.883149655296,657.9839562379308,34389.86710589322,259.73787998540104,0.21194759727865256,112007822.55360875,0,False,2,0.9944405851652022,0,4.100286201231086e-07,7.486894103820292e-10,13.681728399998974
2423,33731.88525233199,657.9818279145088,34389.8670802465,259.73788808078035,0.21194760388452843,112007822.55360875,0,False,2,0.9944508779857604,0,4.0867098729640774e-07,7.457639949872915e-10,13.687156099993445
2424,33731.88735437342,657.9797003268897,34389.86705470031,259.73789617371364,0.21194761048840832,112007822.55360875,0,False,2,0.9944611327465004,0,4.0731921012367053e-07,7.42840483740453e-10,13.693042799997784
2425,33731.88945577057,657.9775734840234,34389.867029254594,259.73790426416616,0.2119476170902639,112007822.55360875,0,False,2,0.9944713496581985,0,4.059733048494462e-07,7.399190882142621e-10,13.698300999996718
2426,33731.89155651416,657.9754473951313,34389.86700390929,259.73791235210217,0.211947623690066,112007822.55360875,0,False,2,0.9944815289300767,0,4.046332450420864e-07,7.369991736905987e-10,13.703520399998524
2427,33731.89365659456,657.9733220697497,34389.866978664315,259.73792043748466,0.2119476302877844,112007822.55360875,0,False,2,0.9944916707698178,0,4.032989621127591e-07,7.340817980330801e-10,13.709200999997847
2428,33731.895756001824,657.9711975177659,34389.86695351959,259.7379285202753,0.21194763688338786,112007822.55360875,0,False,2,0.994501775383579,0,4.019703434813936e-07,7.311667496690216e-10,13.714417699993646
2429,33731.897854725576,657.9690737494524,34389.86692847503,259.7379366004341,0.21194764347684372,112007822.55360875,0,False,2,0.9945118429760057,0,4.006472378404585e-07,7.282540285984558e-10,13.720033399993554
2430,33731.89995275504,657.9669507754958,34389.866903530536,259.7379446779197,0.2119476500681182,112007822.55360875,0,False,2,0.9945218737502465,0,3.993294547614735e-07,7.253442695395683e-10,13.725744299998041
2431,33731.90205007899,657.9648286070242,34389.866878686014,259.7379527526888,0.211947656657176,112007822.55360875,0,False,2,0.9945318679079651,0,3.9801676982549443e-07,7.224372609196754e-10,13.730867999998736
2432,33731.90414668572,657.9627072556342,34389.866853941356,259.73796082469624,0.21194766324398032,112007822.55360875,0,False,2,0.9945418256493554,0,3.96708927107995e-07,7.195334258842466e-10,13.73606309999741
2433,33731.90624256303,657.9605867334162,34389.86682929645,259.7379688938952,0.21194766982849286,112007822.55360875,0,False,2,0.9945517471731544,0,3.954056440115181e-07,7.166327644333165e-10,13.741637499995704
2434,33731.9083376982,657.9584670529821,34389.86680475118,259.7379769602366,0.21194767641067364,112007822.55360875,0,False,2,0.9945616326766545,0,3.9410661599546645e-07,7.13735488139638e-10,13.747536599999876
2435,33731.91043207795,657.9563482274922,34389.86678030544,259.7379850236694,0.21194768299048097,112007822.55360875,0,False,2,0.9945714823557184,0,3.928115211850022e-07,7.108413854305273e-10,13.753711199999088
2436,33731.91252568842,657.954230270686,34389.866755959105,259.73799308414016,0.21194768956787124,112007822.55360875,0,False,2,0.9945812964047901,0,3.915200269796909e-07,7.079508794514562e-10,13.760211999993771
2437,33731.91461851514,657.9521131969134,34389.866731712056,259.7380011415932,0.21194769614279907,112007822.55360875,0,False,2,0.9945910750169095,0,3.902317947453799e-07,7.050637586297411e-10,13.765648900000087
2438,33731.916710542995,657.9499970211688,34389.866707564164,259.7380091959704,0.21194770271521698,112007822.55360875,0,False,2,0.9946008183837234,0,3.8894648478428147e-07,7.021804461108549e-10,13.77135129999806
2439,33731.91880175617,657.947881759129,34389.8666835153,259.73801724721073,0.2119477092850752,112007822.55360875,0,False,2,0.9946105266954994,0,3.87663762935078e-07,6.993009418948331e-10,13.77656329999445
2440,33731.92089213816,657.9457674271905,34389.86665956535,259.73802529525074,0.21194771585232192,112007822.55360875,0,False,2,0.9946202001411376,0,3.8638330601961355e-07,6.964246112635531e-10,13.782211099998676
2441,33731.922981671654,657.9436540425106,34389.86663571416,259.7380333400238,0.2119477224169028,112007822.55360875,0,False,2,0.9946298389081831,0,3.8510480666609664e-07,6.935527236533661e-10,13.7881630999982
2442,33731.925070338584,657.9415416230507,34389.86661196163,259.7380413814603,0.21194772897876102,112007822.55360875,0,False,2,0.9946394431828375,0,3.8382797773137434e-07,6.906840096279908e-10,13.79342689999612
2443,33731.92715812,657.9394301876175,34389.86658830762,259.73804941948725,0.21194773553783705,112007822.55360875,0,False,2,0.9946490131499722,0,3.8255255794770896e-07,6.878193154783402e-10,13.798678199993446
2444,33731.92924499609,657.9373197559077,34389.866564752,259.7380574540285,0.2119477420940687,112007822.55360875,0,False,2,0.9946585489931392,0,3.8127831437710035e-07,6.849580064862901e-10,13.804192499999772
2445,33731.931330946085,657.9352103485488,34389.866541294636,259.7380654850039,0.21194774864739063,112007822.55360875,0,False,2,0.994668050894583,0,3.8000504734946356e-07,6.82101140515475e-10,13.809720399993239
2446,33731.93341594827,657.9331019871406,34389.86651793541,259.73807351233,0.21194775519773468,112007822.55360875,0,False,2,0.9946775190352524,0,3.787325922238587e-07,6.792474481296099e-10,13.815800299998955
2447,33731.9354999799,657.9309946942928,34389.8664946742,259.7380815359192,0.2119477617450294,112007822.55360875,0,False,2,0.994686953594812,0,3.7746082244081464e-07,6.763971409014483e-10,13.821513199996843
2448,33731.93758301721,657.9288884936599,34389.86647151087,259.73808955567995,0.21194776828920012,112007822.55360875,0,False,2,0.9946963547516539,0,3.7618964995994247e-07,6.735510651219062e-10,13.827061500000127
2449,33731.93966503532,657.9267834099691,34389.86644844529,259.73809757151656,0.2119477748301687,112007822.55360875,0,False,2,0.994705722682908,0,3.7491902751114414e-07,6.70708586072857e-10,13.83265429999301
2450,33731.94174600831,657.9246794690463,34389.86642547736,259.7381055833291,0.21194778136785358,112007822.55360875,0,False,2,0.9947150575644544,0,3.7364894796084655e-07,6.678690690361722e-10,13.837749999998778
2451,33731.94382590911,657.9225766978324,34389.866402606945,259.7381135910135,0.2119477879021699,112007822.55360875,0,False,2,0.9947243595709333,0,3.7237944352712263e-07,6.650335718754889e-10,13.843021900000167
2452,33731.94590470952,657.9204751243943,34389.86637983392,259.73812159446106,0.21194779443302894,112007822.55360875,0,False,2,0.9947336288757563,0,3.711105862630195e-07,6.622016714453998e-10,13.848922699995455
2453,33731.94798238024,657.9183747779259,34389.866357158164,259.73812959355905,0.2119478009603387,112007822.55360875,0,False,2,0.9947428656511177,0,3.698424845379611e-07,6.593731561732172e-10,13.854382199999236
2454,33731.95005889082,657.9162756887428,34389.866334579565,259.7381375881902,0.21194780748400352,112007822.55360875,0,False,2,0.994752070068004,0,3.6857528083799316e-07,6.56548026058974e-10,13.860569699994812
2455,33731.95213420974,657.9141778882644,34389.866312098005,259.73814557823323,0.21194781400392435,112007822.55360875,0,False,2,0.994761242296206,0,3.673091497313425e-07,6.53726281102703e-10,13.867177799998899
2456,33731.954208304356,657.9120814089906,34389.86628971335,259.7381535635624,0.21194782051999866,112007822.55360875,0,False,2,0.9947703825043277,0,3.660442944258291e-07,6.509085560226024e-10,13.872936899999331
2457,33731.95628114103,657.9099862844646,34389.866267425496,259.7381615440482,0.21194782703212078,112007822.55360875,0,False,2,0.994779490859798,0,3.6478094215594707e-07,6.480935813823753e-10,13.879119199998968
2458,33731.95835268508,657.9078925492296,34389.866245234305,259.73816951955706,0.21194783354018168,112007822.55360875,0,False,2,0.9947885675288797,0,3.635193392930523e-07,6.452828381911063e-10,13.884569299996656
2459,33731.9604229009,657.9058002387723,34389.866223139674,259.73817748995197,0.21194784004406955,112007822.55360875,0,False,2,0.9947976126766807,0,3.6225974869590634e-07,6.424750570124978e-10,13.890607499997714
2460,33731.96249175201,657.903709389459,34389.86620114147,259.7381854550925,0.21194784654366985,112007822.55360875,0,False,2,0.9948066264671631,0,3.610024431549958e-07,6.396710841374699e-10,13.896182799995586
2461,33731.964559201115,657.901620038464,34389.86617923958,259.738193414835,0.2119478530388653,112007822.55360875,0,False,2,0.9948156090631542,0,3.597477000965209e-07,6.368704964206112e-10,13.901509599993005
2462,33731.96662521018,657.8995322236856,34389.86615743387,259.73820136903305,0.21194785952953646,112007822.55360875,0,False,2,0.9948245606263549,0,3.584957982086651e-07,6.340737170073989e-10,13.906829599996854
2463,33731.96868974054,657.8974459836585,34389.8661357242,259.7382093175378,0.21194786601556184,112007822.55360875,0,False,2,0.9948334813173508,0,3.572470114473805e-07,6.312809574705889e-10,13.91200819999358
2464,33731.970752753,657.8953613574569,34389.86611411045,259.7382172601983,0.21194787249681832,112007822.55360875,0,False,2,0.9948423712956209,0,3.5600160227262147e-07,6.284917946647691e-10,13.917210099993099
2465,33731.972814207904,657.8932783845926,34389.8660925925,259.738225196862,0.21194787897318132,112007822.55360875,0,False,2,0.9948512307195476,0,3.5475981995108386e-07,6.257062285899722e-10,13.923491199995624
2466,33731.97487406529,657.8911971049076,34389.866071170196,259.73823312737494,0.21194788544452528,112007822.55360875,0,False,2,0.9948600597464253,0,3.535218942138745e-07,6.229248939643995e-10,13.928945799998473
2467,33731.97693228494,657.8891175584647,34389.866049843404,259.7382410515823,0.21194789191072386,112007822.55360875,0,False,2,0.9948688585324715,0,3.5228802980226025e-07,6.201475792153615e-10,13.934349299997848
2468,33731.97898882655,657.8870397854317,34389.866028611985,259.73824896932894,0.21194789837165046,112007822.55360875,0,False,2,0.9948776272328337,0,3.51058406146399e-07,6.173742843428916e-10,13.940319399996952
2469,33731.981043649816,657.8849638259688,34389.866007475786,259.73825688045963,0.2119479048271784,112007822.55360875,0,False,2,0.9948863660016005,0,3.498331704245446e-07,6.146054324924696e-10,13.94606749999366
2470,33731.983096714546,657.8828897201115,34389.865986434655,259.73826478481965,0.21194791127718143,112007822.55360875,0,False,2,0.9948950749918092,0,3.486124367469675e-07,6.118410236641296e-10,13.951905299996724
2471,33731.98514798079,657.8808175076567,34389.86596548845,259.73827268225523,0.21194791772153407,112007822.55360875,0,False,2,0.994903754355456,0,3.473962833827914e-07,6.090808462851816e-10,13.957420299993828
2472,33731.98719740895,657.8787472280496,34389.865944637,259.7382805726139,0.21194792416011196,112007822.55360875,0,False,2,0.9949124042435034,0,3.461847515688263e-07,6.063253235011065e-10,13.96268379999674
2473,33731.98924495988,657.876678920274,34389.86592388015,259.7382884557449,0.21194793059279196,112007822.55360875,0,False,2,0.994921024805891,0,3.44977843220971e-07,6.035746668846625e-10,13.967940799993812
2474,33731.99129059499,657.8746126227453,34389.86590321774,259.7382963314998,0.21194793701945305,112007822.55360875,0,False,2,0.9949296161915413,0,3.437755223472763e-07,6.008284532904359e-10,13.97301979999611
2475,33731.99333427638,657.8725483732103,34389.865882649596,259.73830419973245,0.21194794343997597,112007822.55360875,0,False,2,0.9949381785483716,0,3.425777143952722e-07,5.980873174366326e-10,13.978104799993162
2476,33731.995375966886,657.87048620865,34389.86586217554,259.73831206029996,0.21194794985424406,112007822.55360875,0,False,2,0.9949467120232998,0,3.4138430695716836e-07,5.953514708960118e-10,13.984628799997154
2477,33731.99741563022,657.8684261651905,34389.86584179541,259.7383199130626,0.21194795626214333,112007822.55360875,0,False,2,0.994955216762254,0,3.4019515166726087e-07,5.926202789504352e-10,13.994459199995617
2478,33731.999453231,657.8663682780185,34389.86582150902,259.73832775788406,0.21194796266356256,112007822.55360875,0,False,2,0.9949636929101806,0,3.3901006661410407e-07,5.8989437631811e-10,14.001553399997647
2479,33732.00148873489,657.8643125813062,34389.86580131619,259.7383355946322,0.21194796905839391,112007822.55360875,0,False,2,0.9949721406110532,0,3.37828838419983e-07,5.871737629990712e-10,14.006959699996514
2480,33732.0035221086,657.8622591081419,34389.865781216744,259.73834342317883,0.2119479754465328,112007822.55360875,0,False,2,0.9949805600078796,0,3.366512253811201e-07,5.844584389933532e-10,14.012255299996468
2481,33732.00555332002,657.8602078904682,34389.86576121049,259.7383512434004,0.21194798182787838,112007822.55360875,0,False,2,0.9949889512427104,0,3.354769614845207e-07,5.817486158737157e-10,14.018105099996319
2482,33732.00758233822,657.8581589590284,34389.865741297246,259.73835905517774,0.2119479882023334,112007822.55360875,0,False,2,0.9949973144566472,0,3.343057603118858e-07,5.790438704947435e-10,14.023913299999549
2483,33732.009609133514,657.8561123433205,34389.86572147683,259.7383668583966,0.21194799456980468,112007822.55360875,0,False,2,0.9950056497898503,0,3.331373178228289e-07,5.763446260019208e-10,14.029212800000096
2484,33732.011633677495,657.8540680715568,34389.865701749055,259.73837465294764,0.21194800093020297,112007822.55360875,0,False,2,0.9950139573815467,0,3.319713191934298e-07,5.73650882395282e-10,14.034400799995637
2485,33732.013655943076,657.8520261706337,34389.86568211371,259.7383824387265,0.21194800728344307,112007822.55360875,0,False,2,0.9950222373700379,0,3.308074411794768e-07,5.709630628203126e-10,14.039684799994575
2486,33732.01567590452,657.8499866661055,34389.86566257063,259.7383902156342,0.2119480136294443,112007822.55360875,0,False,2,0.995030489892707,0,3.296453578108194e-07,5.682803209861456e-10,14.04503079999995
2487,33732.01769353745,657.8479495821659,34389.865643119614,259.7383979835767,0.21194801996812987,112007822.55360875,0,False,2,0.9950387150860271,0,3.2848474526356547e-07,5.656030800382655e-10,14.050456199998735
2488,33732.01970881885,657.8459149416352,34389.86562376049,259.7384057424656,0.21194802629942763,112007822.55360875,0,False,2,0.995046913085568,0,3.273252860111564e-07,5.629311284039808e-10,14.055869199997687
2489,33732.0217217271,657.8438827659529,34389.865604493054,259.7384134922176,0.21194803262326964,112007822.55360875,0,False,2,0.9950550840260046,0,3.261666728002968e-07,5.602648892287764e-10,14.061316599996644
2490,33732.02373224194,657.8418530751758,34389.865585317115,259.73842123275466,0.2119480389395922,112007822.55360875,0,False,2,0.9950632280411236,0,3.2500861357420186e-07,5.576043625126866e-10,14.066674899993814
2491,33732.02574034454,657.8398258879788,34389.86556623252,259.73842896400424,0.2119480452483361,112007822.55360875,0,False,2,0.9950713452638311,0,3.238508350480681e-07,5.549482788193886e-10,14.07193769999867
2492,33732.0277460174,657.8378012216629,34389.86554723906,259.73843668589905,0.2119480515494465,112007822.55360875,0,False,2,0.9950794358261598,0,3.226930865517683e-07,5.522981191579973e-10,14.077583499994944
2493,33732.02974924439,657.8357790921626,34389.86552833656,259.738444398377,0.21194805784287266,112007822.55360875,0,False,2,0.9950874998592755,0,3.215351429357273e-07,5.496532488103679e-10,14.082649299998593
2494,33732.031750010785,657.8337595140606,34389.86550952485,259.73845210138137,0.21194806412856834,112007822.55360875,0,False,2,0.9950955374934856,0,3.2037680830125783e-07,5.4701324463108e-10,14.087709299994458
2495,33732.03374830313,657.8317425006006,34389.865490803735,259.7384597948603,0.21194807040649122,112007822.55360875,0,False,2,0.9951035488582447,0,3.1921791644778e-07,5.443787413383449e-10,14.093147899999167
2496,33732.03574410936,657.8297280637066,34389.86547217306,259.7384674787674,0.2119480766766034,112007822.55360875,0,False,2,0.9951115340821629,0,3.1805833393095397e-07,5.417488926412889e-10,14.098495299993374
2497,33732.03773741864,657.8277162140006,34389.86545363264,259.738475153061,0.2119480829388709,112007822.55360875,0,False,2,0.9951194932930115,0,3.16897961935955e-07,5.391245448308499e-10,14.104027199995471
2498,33732.03972822151,657.8257069608243,34389.865435182335,259.7384828177046,0.21194808919326397,112007822.55360875,0,False,2,0.9951274266177301,0,3.157367358317001e-07,5.36504216897972e-10,14.109963599999901
2499,33732.04171650968,657.8237003122607,34389.865416821944,259.7384904726663,0.21194809543975654,112007822.55360875,0,False,2,0.9951353341824339,0,3.1457462509517594e-07,5.338896014245012e-10,14.115291299996898
2500,33732.043702276154,657.8216962751585,34389.865398551316,259.73849811791916,0.21194810167832664,112007822.55360875,0,False,2,0.9951432161124202,0,3.134116349260233e-07,5.312794289741067e-10,14.120654699996521
2501,33732.04568551514,657.819694855156,34389.8653803703,259.73850575344096,0.21194810790895616,112007822.55360875,0,False,2,0.9951510725321739,0,3.122478037117601e-07,5.286736995468189e-10,14.126251499998034
2502,33732.04766622201,657.8176960567073,34389.86536227872,259.73851337921377,0.21194811413163045,112007822.55360875,0,False,2,0.9951589035653763,0,3.110832014770196e-07,5.260730478608496e-10,14.131618199993682
2503,33732.049644393315,657.8156998831105,34389.865344276426,259.7385209952244,0.21194812034633873,112007822.55360875,0,False,2,0.9951667093349094,0,3.099179290888236e-07,5.234766276253198e-10,14.137392099997669
2504,33732.05162002673,657.8137063365342,34389.865326363266,259.7385286014639,0.21194812655307368,112007822.55360875,0,False,2,0.9951744899628637,0,3.087521163189145e-07,5.20884861985714e-10,14.142899699996633
2505,33732.05359312103,657.8117154180497,34389.86530853908,259.73853619792743,0.21194813275183144,112007822.55360875,0,False,2,0.9951822455705438,0,3.0758591708597615e-07,5.182975393693341e-10,14.148147699997935
2506,33732.05556367606,657.8097271276619,34389.865290803726,259.73854378461454,0.21194813894261155,112007822.55360875,0,False,2,0.9951899762784754,0,3.0641950884720556e-07,5.157146597762097e-10,14.153389399994921
2507,33732.0575316927,657.8077414643421,34389.86527315704,259.73855136152855,0.21194814512541676,112007822.55360875,0,False,2,0.9951976822064108,0,3.052530881002973e-07,5.131362232063701e-10,14.158921299997019
2508,33732.05949717283,657.8057584260646,34389.865255598896,259.7385589286767,0.211948151300253,112007822.55360875,0,False,2,0.9952053634733358,0,3.040868671519108e-07,5.105615949416599e-10,14.164268900000025
2509,33732.06146011927,657.8037780098437,34389.86523812912,259.7385664860699,0.2119481574671291,112007822.55360875,0,False,2,0.995213020197475,0,3.029210700568015e-07,5.079920444184761e-10,14.170446399999491
2510,33732.06342053579,657.8018002117739,34389.86522074757,259.73857403372256,0.2119481636260569,112007822.55360875,0,False,2,0.9952206524962992,0,3.0175593045828234e-07,5.054265137732075e-10,14.17572829999699
2511,33732.065378427025,657.7998250270738,34389.8652034541,259.7385815716526,0.211948169777051,112007822.55360875,0,False,2,0.9952282604865293,0,3.005916845243468e-07,5.028652145786102e-10,14.180890999996336
2512,33732.06733379843,657.7978524501304,34389.865186248564,259.7385890998811,0.21194817592012855,112007822.55360875,0,False,2,0.995235844284145,0,2.99428571342762e-07,5.003083584074411e-10,14.186956999998074
2513,33732.06928665627,657.7958824745486,34389.86516913082,259.738596618432,0.2119481820553091,112007822.55360875,0,False,2,0.9952434040043884,0,2.9826682600575015e-07,4.977555221142716e-10,14.192222399993625
2514,33732.0712370075,657.7939150932015,34389.8651521007,259.7386041273322,0.2119481881826147,112007822.55360875,0,False,2,0.9952509397617704,0,2.9710667802661845e-07,4.952075519900441e-10,14.197297199993045
2515,33732.07318485977,657.7919502982859,34389.865135158056,259.73861162661115,0.21194819430206924,112007822.55360875,0,False,2,0.9952584516700772,0,2.959483463166669e-07,4.926638133166012e-10,14.202508499998657
2516,33732.075130221376,657.7899880813795,34389.865118302754,259.73861911630075,0.21194820041369886,112007822.55360875,0,False,2,0.9952659398423759,0,2.947920382072254e-07,4.901240945212419e-10,14.20772429999488
2517,33732.077073101136,657.7880284335018,34389.86510153464,259.738626596435,0.2119482065175312,112007822.55360875,0,False,2,0.9952734043910191,0,2.93637944888458e-07,4.875888187494516e-10,14.212995899993984
2518,33732.07901350836,657.7860713451767,34389.86508485353,259.73863406704965,0.21194821261359556,112007822.55360875,0,False,2,0.9952808454276518,0,2.9248623937637396e-07,4.850588322921748e-10,14.218694600000163
2519,33732.080951452815,657.7841168064984,34389.865068259314,259.73864152818237,0.21194821870192257,112007822.55360875,0,False,2,0.9952882630632165,0,2.9133707592103826e-07,4.825322309948777e-10,14.22598069999367
2520,33732.082886944605,657.782164807201,34389.8650517518,259.7386489798721,0.21194822478254405,112007822.55360875,0,False,2,0.9952956574079583,0,2.901905862139164e-07,4.800109190121505e-10,14.23132789999363
2521,33732.08481999413,657.7802153367272,34389.86503533086,259.73865642215884,0.21194823085549266,112007822.55360875,0,False,2,0.995303028571431,0,2.890468790304335e-07,4.774936269076454e-10,14.236781999999948
2522,33732.08675061199,657.7782683843019,34389.865018996294,259.73866385508336,0.2119482369208016,112007822.55360875,0,False,2,0.9953103766625025,0,2.879060403466293e-07,4.749820472632257e-10,14.24193629999354
2523,33732.08867880897,657.7763239390046,34389.865002747974,259.7386712786872,0.21194824297850487,112007822.55360875,0,False,2,0.9953177017893594,0,2.8676813114731646e-07,4.724740643516249e-10,14.247219199998653
2524,33732.090604595876,657.7743819898446,34389.86498658572,259.73867869301205,0.21194824902863638,112007822.55360875,0,False,2,0.9953250040595131,0,2.856331888278466e-07,4.699713707547064e-10,14.252822799993737
2525,33732.092527983536,657.7724425258355,34389.86497050937,259.7386860980995,0.21194825507123013,112007822.55360875,0,False,2,0.9953322835798047,0,2.8450122683034856e-07,4.674735433270395e-10,14.258524499993655
2526,33732.09444898269,657.7705055360693,34389.86495451876,259.7386934939909,0.2119482611063199,112007822.55360875,0,False,2,0.9953395404564105,0,2.8337223699950183e-07,4.649803704959222e-10,14.264113099998212
2527,33732.09636760392,657.7685710097918,34389.86493861371,259.7387008807271,0.2119482671339389,112007822.55360875,0,False,2,0.9953467747948471,0,2.8224618843151656e-07,4.624922754068418e-10,14.269650700000057
2528,33732.09828385759,657.7666389364737,34389.86492279406,259.7387082583479,0.21194827315411974,112007822.55360875,0,False,2,0.995353986699976,0,2.8112303098430506e-07,4.6000904648709624e-10,14.274999299996125
2529,33732.100197753745,657.7647093058838,34389.86490705963,259.73871562689203,0.21194827916689393,112007822.55360875,0,False,2,0.9953611762760091,0,2.800026967449914e-07,4.5753110688217347e-10,14.28042429999914
2530,33732.10210930209,657.7627821081562,34389.864891410245,259.7387229863968,0.21194828517229194,112007822.55360875,0,False,2,0.9953683436265139,0,2.788851008202664e-07,4.5505803344664106e-10,14.285737699996389
2531,33732.104018511876,657.7608573338572,34389.864875845735,259.7387303368979,0.21194829117034295,112007822.55360875,0,False,2,0.9953754888544187,0,2.7777014651333323e-07,4.525900377532567e-10,14.291066699996009
2532,33732.105925391865,657.7589349740482,34389.86486036591,259.73873767842895,0.21194829716107433,112007822.55360875,0,False,2,0.9953826120620162,0,2.7665772517307233e-07,4.501275429475089e-10,14.298284599994076
2533,33732.10782995027,657.7570150203454,34389.864844970616,259.7387450110217,0.211948303144512,112007822.55360875,0,False,2,0.9953897133509696,0,2.755477200134781e-07,4.4766949116577275e-10,14.303547899995465
2534,33732.10973219467,657.7550974649733,34389.864829659644,259.7387523347052,0.2119483091206797,112007822.55360875,0,False,2,0.9953967928223176,0,2.7444000929423383e-07,4.452175749899201e-10,14.308776599995326
2535,33732.11163213202,657.7531823008173,34389.86481443284,259.7387596495064,0.21194831508959933,112007822.55360875,0,False,2,0.9954038505764784,0,2.7333446907310555e-07,4.427701018381336e-10,14.31783639999776
2536,33732.11352976854,657.7512695214673,34389.86479929001,259.7387669554491,0.21194832105129038,112007822.55360875,0,False,2,0.9954108867132545,0,2.7223097427208925e-07,4.4032834114682447e-10,14.327587299994775
2537,33732.115425109696,657.7493591212601,34389.86478423096,259.7387742525544,0.2119483270057701,112007822.55360875,0,False,2,0.9954179013318379,0,2.711294043339258e-07,4.3789208134328976e-10,14.333063799997035
2538,33732.117318160206,657.7474510953135,34389.86476925552,259.7387815408404,0.21194833295305324,112007822.55360875,0,False,2,0.995424894530815,0,2.700296430400804e-07,4.3546089928209475e-10,14.338400299995556
2539,33732.119208923956,657.7455454395568,34389.864754363516,259.73878882032216,0.211948338893152,112007822.55360875,0,False,2,0.9954318664081699,0,2.6893158208164803e-07,4.33034583390535e-10,14.343810499995016
2540,33732.12109740399,657.743642150754,34389.864739554745,259.73879609101135,0.21194834482607602,112007822.55360875,0,False,2,0.9954388170612908,0,2.6783512443628226e-07,4.306144031050242e-10,14.34908579999319
2541,33732.122983602516,657.7417412265235,34389.864724829036,259.73880335291653,0.21194835075183222,112007822.55360875,0,False,2,0.9954457465869727,0,2.667401839167573e-07,4.281990889892024e-10,14.355076499996358
2542,33732.12486752086,657.7398426653509,34389.864710186215,259.7388106060427,0.21194835667042472,112007822.55360875,0,False,2,0.9954526550814233,0,2.6564668899312946e-07,4.2578885261582704e-10,14.36060059999727
2543,33732.12674915948,657.7379464665959,34389.86469562607,259.7388178503917,0.21194836258185495,112007822.55360875,0,False,2,0.9954595426402668,0,2.6455458209234175e-07,4.2338475184858184e-10,14.365734799997881
2544,33732.12862851794,657.736052630495,34389.864681148436,259.7388250859618,0.2119483684861216,112007822.55360875,0,False,2,0.9954664093585487,0,2.6346382313493103e-07,4.209855172511049e-10,14.371022799998173
2545,33732.13050559497,657.7341611581585,34389.86466675313,259.73883231274823,0.2119483743832207,112007822.55360875,0,False,2,0.9954732553307397,0,2.6237438781954373e-07,4.185915719688852e-10,14.376682699999947
2546,33732.13238038839,657.7322720515624,34389.86465243996,259.7388395307425,0.21194838027314536,112007822.55360875,0,False,2,0.9954800806507402,0,2.612862695325642e-07,4.1620312757468055e-10,14.382103699994332
2547,33732.134252895194,657.7303853135357,34389.86463820873,259.73884673993297,0.21194838615588607,112007822.55360875,0,False,2,0.9954868854118847,0,2.601994793460366e-07,4.1382039564124926e-10,14.387840799994592
2548,33732.136123111544,657.7285009477437,34389.864624059286,259.738853940305,0.21194839203143084,112007822.55360875,0,False,2,0.9954936697069463,0,2.5911404461659605e-07,4.11442318304958e-10,14.393456799996784
2549,33732.13799103275,657.7266189586663,34389.86460999142,259.73886113184045,0.21194839789976497,112007822.55360875,0,False,2,0.9955004336281402,0,2.5803000961493996e-07,4.090701650022238e-10,14.39860469999985
2550,33732.13985665338,657.7247393515744,34389.864596004954,259.73886831451847,0.21194840376087137,112007822.55360875,0,False,2,0.9955071772671289,0,2.5694743369342324e-07,4.067030894421447e-10,14.404084599998896
2551,33732.1417199672,657.7228621324998,34389.8645820997,259.738875488315,0.2119484096147304,112007822.55360875,0,False,2,0.9955139007150252,0,2.558663901134946e-07,4.043417263429426e-10,14.409137799993914
2552,33732.14358096727,657.7209873082062,34389.86456827547,259.73888265320335,0.21194841546132032,112007822.55360875,0,False,2,0.9955206040623972,0,2.547869650191434e-07,4.019854409864465e-10,14.414319199997408
2553,33732.145439645945,657.7191148861538,34389.8645545321,259.7388898091541,0.2119484213006171,112007822.55360875,0,False,2,0.9955272873992719,0,2.537092559790011e-07,3.996344449454137e-10,14.419754999995348
2554,33732.14729599491,657.7172448744625,34389.86454086937,259.7388969561352,0.2119484271325946,112007822.55360875,0,False,2,0.9955339508151392,0,2.5263336863729737e-07,3.9728937293806687e-10,14.425857199996244
2555,33732.149150005236,657.7153772818763,34389.864527287114,259.7389040941123,0.2119484329572248,112007822.55360875,0,False,2,0.9955405943989568,0,2.5155941678675656e-07,3.949493786735016e-10,14.431513099996664
2556,33732.151001667415,657.7135121177205,34389.864513785134,259.73891122304883,0.21194843877447783,112007822.55360875,0,False,2,0.9955472182391527,0,2.5048751782817927e-07,3.926150968699403e-10,14.437252899995656
2557,33732.15285097139,657.7116493918617,34389.86450036325,259.738918342906,0.21194844458432205,112007822.55360875,0,False,2,0.9955538224236301,0,2.4941779233864505e-07,3.90286104381943e-10,14.442572499996459
2558,33732.1546979066,657.7097891146657,34389.86448702126,259.73892545364316,0.21194845038672427,112007822.55360875,0,False,2,0.9955604070397711,0,2.4835036120384246e-07,3.8796282435499997e-10,14.447941499995068
2559,33732.15654246204,657.7079312969535,34389.86447375899,259.738932555218,0.21194845618165004,112007822.55360875,0,False,2,0.9955669721744406,0,2.472853429281944e-07,3.856446220709375e-10,14.453571499994723
2560,33732.15838462629,657.7060759499578,34389.864460576246,259.7389396475865,0.21194846196906333,112007822.55360875,0,False,2,0.9955735179139898,0,2.4622285170533133e-07,3.833323438207116e-10,14.45913639999344
2561,33732.160224387546,657.7042230852785,34389.86444747282,259.7389467307032,0.21194846774892712,112007822.55360875,0,False,2,0.9955800443442603,0,2.45162995746479e-07,3.810257780316144e-10,14.464755099994363
2562,33732.162061733696,657.7023727148385,34389.86443444854,259.7389538045216,0.2119484735212034,112007822.55360875,0,False,2,0.9955865515505881,0,2.441058746699803e-07,3.787245015582043e-10,14.470246999997471
2563,33732.163896652346,657.7005248508382,34389.86442150318,259.7389608689938,0.21194847928585317,112007822.55360875,0,False,2,0.9955930396178063,0,2.430515775921127e-07,3.764293606914383e-10,14.47569680000015
2564,33732.16572913086,657.6986795057112,34389.86440863657,259.73896792407123,0.21194848504283675,112007822.55360875,0,False,2,0.9955995086302503,0,2.4200018264898325e-07,3.7413972071314147e-10,14.482218599994667
2565,33732.16755915642,657.6968366920803,34389.8643958485,259.7389749697046,0.21194849079211395,112007822.55360875,0,False,2,0.9956059586717599,0,2.4095175392390934e-07,3.7185579319607126e-10,14.491537099995185
2566,33732.16938671607,657.6949964227113,34389.86438313878,259.738982005844,0.21194849653364395,112007822.55360875,0,False,2,0.9956123898256845,0,2.3990634162386554e-07,3.695773665675184e-10,14.497099199994409
2567,33732.17121179674,657.6931587104702,34389.86437050721,259.738989032439,0.21194850226738574,112007822.55360875,0,False,2,0.9956188021748851,0,2.388639804363613e-07,3.673050755457073e-10,14.502427499995974
2568,33732.17303438529,657.6913235682795,34389.86435795357,259.73899604943915,0.21194850799329804,112007822.55360875,0,False,2,0.9956251958017389,0,2.378246893021364e-07,3.650389201306626e-10,14.507976599998074
2569,33732.174854468605,657.6894910090722,34389.864345477676,259.73900305679393,0.21194851371133966,112007822.55360875,0,False,2,0.9956315707881428,0,2.3678847144908036e-07,3.6277826560420755e-10,14.514033499996003
2570,33732.17667203356,657.6876610457509,34389.864333079306,259.73901005445276,0.21194851942146933,112007822.55360875,0,False,2,0.9956379272155162,0,2.357553134278628e-07,3.605239582573007e-10,14.519332699994266
2571,33732.17848706714,657.6858336911439,34389.864320758286,259.73901704236556,0.21194852512364618,112007822.55360875,0,False,2,0.9956442651648055,0,2.3472518719940765e-07,3.582747286535633e-10,14.524824899999658
2572,33732.1802995564,657.6840089579621,34389.86430851436,259.73902402048253,0.21194853081782958,112007822.55360875,0,False,2,0.9956505847164865,0,2.3369804825682451e-07,3.5603290409309125e-10,14.530789799995546
2573,33732.1821094886,657.6821868587571,34389.86429634736,259.73903098875456,0.21194853650397946,112007822.55360875,0,False,2,0.9956568859505683,0,2.326738392215333e-07,3.5379615727583607e-10,14.53636849999748
2574,33732.18391685118,657.68036740588,34389.86428425706,259.73903794713334,0.2119485421820564,112007822.55360875,0,False,2,0.995663168946597,0,2.3165248862852098e-07,3.515657576382245e-10,14.542241099996318
2575,33732.18572163181,657.67855061144,34389.86427224325,259.73904489557134,0.21194854785202158,112007822.55360875,0,False,2,0.9956694337836582,0,2.3063391398317047e-07,3.4934170518028055e-10,14.547440299997106
2576,33732.187523818466,657.6767364872632,34389.86426030573,259.7390518340223,0.2119485535138373,112007822.55360875,0,False,2,0.9956756805403812,0,2.2961802242929656e-07,3.47123153611091e-10,14.552605699995183
2577,33732.189323399405,657.6749250448532,34389.86424844426,259.73905876244106,0.21194855916746666,112007822.55360875,0,False,2,0.9956819092949419,0,2.286047130353262e-07,3.449117955125528e-10,14.5582357999956
2578,33732.1911203633,657.6731162953527,34389.86423665865,259.73906568078394,0.21194856481287408,112007822.55360875,0,False,2,0.995688120125066,0,2.2759387815799399e-07,3.427059383028156e-10,14.563558199995896
2579,33732.19291469919,657.6713102495038,34389.864224948695,259.7390725890088,0.2119485704500251,112007822.55360875,0,False,2,0.9956943131080321,0,2.2658540657296927e-07,3.405060051273704e-10,14.568914099996618
2580,33732.19470639654,657.6695069176118,34389.864213314155,259.73907948707506,0.21194857607888667,112007822.55360875,0,False,2,0.9957004883206757,0,2.2557918455039705e-07,3.3831305384991264e-10,14.57473019999452
2581,33732.19649544532,657.667706309509,34389.86420175483,259.73908637494407,0.21194858169942724,112007822.55360875,0,False,2,0.995706645839391,0,2.2457509814653392e-07,3.3612581503405857e-10,14.580215999994834
2582,33732.19828183598,657.6659084345192,34389.8641902705,259.7390932525791,0.21194858731161678,112007822.55360875,0,False,2,0.9957127857401356,0,2.2357303577810292e-07,3.3394534654350363e-10,14.585598199999367
2583,33732.200065559526,657.6641133014267,34389.86417886095,259.7391001199455,0.2119485929154271,112007822.55360875,0,False,2,0.9957189080984321,0,2.22572889723706e-07,3.317705905145976e-10,14.591402099998959
2584,33732.20184660753,657.6623209184414,34389.86416752597,259.7391069770108,0.21194859851083164,112007822.55360875,0,False,2,0.995725012989373,0,2.2157455897780248e-07,3.296023932383015e-10,14.596874999995634
2585,33732.203624972164,657.6605312931721,34389.864156265336,259.73911382374496,0.21194860409780591,112007822.55360875,0,False,2,0.995731100487622,0,2.2057795047018127e-07,3.274405431419032e-10,14.602512599994952
2586,33732.20540064624,657.6587444325971,34389.86414507884,259.7391206601202,0.21194860967632725,112007822.55360875,0,False,2,0.995737170667418,0,2.1958298147548163e-07,3.252846170799553e-10,14.60801929999434
2587,33732.20717362322,657.6569603430394,34389.86413396626,259.7391274861114,0.21194861524637515,112007822.55360875,0,False,2,0.9957432236025777,0,2.1858957988169868e-07,3.2313546134341956e-10,14.613156599996728
2588,33732.20894389723,657.6551790301436,34389.86412292738,259.73913430169597,0.2119486208079312,112007822.55360875,0,False,2,0.9957492593664994,0,2.175976880410241e-07,3.2099222964137833e-10,14.618794699999853
2589,33732.21071146313,657.6534004988557,34389.864111961986,259.7391411068541,0.2119486263609792,112007822.55360875,0,False,2,0.9957552780321647,0,2.166072602794852e-07,3.188553451193233e-10,14.624079499997606
2590,33732.21247631646,657.6516247534049,34389.86410106986,259.7391479015686,0.2119486319055051,112007822.55360875,0,False,2,0.9957612796721423,0,2.156182680794982e-07,3.167248077772764e-10,14.628991300000052
2591,33732.21423845351,657.6498517972902,34389.8640902508,259.73915468582516,0.21194863744149733,112007822.55360875,0,False,2,0.9957672643585914,0,2.1463069710510458e-07,3.146004060425241e-10,14.634287799999584
2592,33732.21599787131,657.6480816332684,34389.86407950458,259.73916145961243,0.21194864296894653,112007822.55360875,0,False,2,0.9957732321632631,0,2.1364454995834995e-07,3.124821399150876e-10,14.63960809999844
2593,33732.21775456764,657.6463142633444,34389.86406883098,259.7391682229218,0.21194864848784573,112007822.55360875,0,False,2,0.9957791831575041,0,2.126598446030098e-07,3.1037043254045906e-10,14.644863599998644
2594,33732.219508541035,657.6445496887691,34389.8640582298,259.7391749757477,0.2119486539981903,112007822.55360875,0,False,2,0.9957851174122604,0,2.1167661573262236e-07,3.0826464920045354e-10,14.650227299993276
2595,33732.22125979077,657.6427879100358,34389.86404770081,259.73918171808725,0.211948659499978,112007822.55360875,0,False,2,0.9957910349980785,0,2.106949136131051e-07,3.0616563618603393e-10,14.655601799997385
2596,33732.22300831692,657.641028926883,34389.8640372438,259.73918844994074,0.21194866499320897,112007822.55360875,0,False,2,0.9957969359851093,0,2.0971480264681756e-07,3.0407233563354376e-10,14.660683699999936
2597,33732.22475412026,657.6392727383002,34389.86402685856,259.7391951713113,0.21194867047788582,112007822.55360875,0,False,2,0.9958028204431102,0,2.087363618313679e-07,3.0198559383394586e-10,14.665868500000215
2598,33732.22649720233,657.6375193425363,34389.86401654487,259.73920188220467,0.21194867595401326,112007822.55360875,0,False,2,0.9958086884414489,0,2.0775968313252208e-07,2.9990498764178983e-10,14.670968299993547
2599,33732.2282375654,657.6357687371129,34389.864006302516,259.73920858262966,0.2119486814215984,112007822.55360875,0,False,2,0.9958145400491045,0,2.0678486909826933e-07,2.978305170570961e-10,14.676109399995767
2600,33732.22997521244,657.6340209188404,34389.86399613128,259.73921527259773,0.21194868688065066,112007822.55360875,0,False,2,0.9958203753346718,0,2.0581203288391514e-07,2.957626052253566e-10,14.681399499997497
2601,33732.23171014711,657.6322758838369,34389.86398603095,259.73922195212305,0.21194869233118155,112007822.55360875,0,False,2,0.9958261943663633,0,2.0484129509937024e-07,2.937008290011202e-10,14.686914199999592
2602,33732.233442373756,657.6305336275511,34389.86397600131,259.73922862122214,0.2119486977732046,112007822.55360875,0,False,2,0.9958319972120115,0,2.0387278286455583e-07,2.916451883844069e-10,14.692132699994545
2603,33732.23517189734,657.628794144789,34389.863966042125,259.7392352799143,0.21194870320673553,112007822.55360875,0,False,2,0.9958377839390721,0,2.0290662785396898e-07,2.8959652966618094e-10,14.69755549999536
2604,33732.23689872348,657.6270574297411,34389.86395615322,259.7392419282211,0.21194870863179194,112007822.55360875,0,False,2,0.9958435546146265,0,2.0194296367588128e-07,2.8755294869183776e-10,14.703020099994319
2605,33732.23862285833,657.6253234760151,34389.86394633434,259.73924856616617,0.21194871404839313,112007822.55360875,0,False,2,0.9958493093053841,0,2.0098192456806866e-07,2.855165611887578e-10,14.708331999994698
2606,33732.24034430861,657.6235922766698,34389.86393658528,259.7392551937755,0.21194871945656027,112007822.55360875,0,False,2,0.9958550480776853,0,2.000236421819252e-07,2.834865208660167e-10,14.713994499994442
2607,33732.24206308156,657.621863824251,34389.86392690581,259.73926181107686,0.2119487248563161,112007822.55360875,0,False,2,0.9958607709975038,0,1.9906824534301855e-07,2.814628277236342e-10,14.719249699999637
2608,33732.24377918489,657.6201381108312,34389.86391729573,259.7392684181,0.2119487302476848,112007822.55360875,0,False,2,0.9958664781304494,0,1.9811585699076177e-07,2.794452701888933e-10,14.724479099997552
2609,33732.24549262675,657.618415128049,34389.8639077548,259.7392750148762,0.211948735630692,112007822.55360875,0,False,2,0.9958721695417696,0,1.971665927121208e-07,2.7743427140728604e-10,14.729853499993624
2610,33732.24720341565,657.6166948671516,34389.863898282805,259.7392816014384,0.21194874100536443,112007822.55360875,0,False,2,0.9958778452963533,0,1.9622055786295177e-07,2.7542983137883193e-10,14.735121899997466
2611,33732.248911560484,657.6149773190381,34389.863888879525,259.73928817782064,0.21194874637173,112007822.55360875,0,False,2,0.9958835054587327,0,1.9527784919832516e-07,2.734317385308137e-10,14.740326799998002
2612,33732.25061707042,657.613262474304,34389.863879544726,259.7392947440584,0.21194875172981759,112007822.55360875,0,False,2,0.9958891500930859,0,1.9433854980630912e-07,2.714404160087236e-10,14.745705299996189
2613,33732.25231995491,657.6115503232863,34389.8638702782,259.73930130018795,0.21194875707965685,112007822.55360875,0,False,2,0.9958947792632387,0,1.934027304367411e-07,2.6945522909437094e-10,14.750936299999012
2614,33732.25402022358,657.6098408561102,34389.86386107969,259.7393078462464,0.21194876242127803,112007822.55360875,0,False,2,0.995900393032668,0,1.9247044845656075e-07,2.6747723565145775e-10,14.756236199995328
2615,33732.25571788627,657.6081340627338,34389.863851949005,259.73931438227163,0.21194876775471205,112007822.55360875,0,False,2,0.9959059914645038,0,1.915417460768486e-07,2.6550516624358304e-10,14.761575499993342
2616,33732.257412952895,657.6064299329962,34389.86384288589,259.7393209083018,0.21194877307999002,112007822.55360875,0,False,2,0.9959115746215307,0,1.9061665131199095e-07,2.635402903071856e-10,14.766807199994219
2617,33732.25910543347,657.6047284566622,34389.86383389013,259.7393274243755,0.2119487783971435,112007822.55360875,0,False,2,0.9959171425661918,0,1.8969517645464828e-07,2.615817615513373e-10,14.77269669999805
2618,33732.260795338014,657.6030296234692,34389.86382496148,259.73933393053125,0.21194878370620382,112007822.55360875,0,False,2,0.9959226953605903,0,1.887773193085089e-07,2.596302146942671e-10,14.778299399993557
2619,33732.26248267656,657.6013334231714,34389.86381609973,259.73934042680776,0.21194878900720265,112007822.55360875,0,False,2,0.9959282330664909,0,1.878630632832705e-07,2.5768501501778277e-10,14.783719899998687
2620,33732.26416745904,657.5996398455853,34389.863807304624,259.73934691324314,0.21194879430017105,112007822.55360875,0,False,2,0.9959337557453242,0,1.8695237769772985e-07,2.5574700881285043e-10,14.78928819999419
2621,33732.265849695315,657.5979488806331,34389.86379857595,259.7393533898755,0.21194879958514012,112007822.55360875,0,False,2,0.9959392634581864,0,1.8604521914489253e-07,2.538153497885404e-10,14.794801599993662
2622,33732.26752939506,657.5962605183852,34389.86378991345,259.739359856742,0.21194880486214024,112007822.55360875,0,False,2,0.995944756265844,0,1.851415321913525e-07,2.5189109580855614e-10,14.80029469999863
2623,33732.26920656779,657.5945747491012,34389.86378131689,259.7393663138793,0.21194881013120126,112007822.55360875,0,False,2,0.9959502342287342,0,1.842412499965325e-07,2.4997361215470465e-10,14.805796399996325
2624,33732.27088122279,657.5928915632713,34389.863772786055,259.7393727613231,0.21194881539235233,112007822.55360875,0,False,2,0.9959556974069682,0,1.833442964267486e-07,2.4806247568152934e-10,14.811092299998563
2625,33732.27255336905,657.5912109516538,34389.8637643207,259.73937919910816,0.2119488206456218,112007822.55360875,0,False,2,0.995961145860333,0,1.8245058888544739e-07,2.461585326799967e-10,14.816288499998336
2626,33732.274223015265,657.5895329053128,34389.86375592058,259.7393856272678,0.21194882589103684,112007822.55360875,0,False,2,0.9959665796482935,0,1.8156003617218424e-07,2.4426136000465005e-10,14.821529899993038
2627,33732.2758901698,657.5878574156551,34389.863747585456,259.7393920458343,0.21194883112862387,112007822.55360875,0,False,2,0.9959719988299949,0,1.8067254440289454e-07,2.4237159237371917e-10,14.826866999996128
2628,33732.277554840635,657.5861844744618,34389.8637393151,259.73939845483835,0.21194883635840786,112007822.55360875,0,False,2,0.9959774034642646,0,1.7978801600295127e-07,2.4048817192353456e-10,14.832017399996403
2629,33732.279217035335,657.5845140739241,34389.86373110926,259.73940485430904,0.2119488415804126,112007822.55360875,0,False,2,0.9959827936096145,0,1.789063520118498e-07,2.386121565178008e-10,14.837255599995842
2630,33732.28087676103,657.5828462066711,34389.863722967704,259.739411244274,0.21194884679466058,112007822.55360875,0,False,2,0.9959881693242431,0,1.780274549267685e-07,2.367429114383227e-10,14.842545399995288
2631,33732.2825340244,657.5811808658013,34389.863714890205,259.7394176247587,0.21194885200117264,112007822.55360875,0,False,2,0.9959935306660377,0,1.7715122937204028e-07,2.348802251123797e-10,14.847770199994557
2632,33732.28418883159,657.5795180449086,34389.863706876495,259.7394239957869,0.21194885719996814,112007822.55360875,0,False,2,0.995998877692576,0,1.7627758289165364e-07,2.3302536697641443e-10,14.852966099999321
2633,33732.28584118825,657.5778577381083,34389.863698926354,259.73943035738046,0.2119488623910649,112007822.55360875,0,False,2,0.9960042104611292,0,1.7540643044966327e-07,2.3117685602128053e-10,14.858616199999233
2634,33732.28749109947,657.5761999400611,34389.863691039536,259.7394367095589,0.2119488675744789,112007822.55360875,0,False,2,0.9960095290286626,0,1.7453769185944342e-07,2.2933553853794526e-10,14.863846299995203
2635,33732.28913856981,657.5745446459952,34389.86368321581,259.7394430523397,0.21194887275022434,112007822.55360875,0,False,2,0.9960148334518387,0,1.7367129681777384e-07,2.2750099138094984e-10,14.869171599995752
2636,33732.290783603195,657.5728918517265,34389.86367545492,259.73944938573806,0.21194887791831366,112007822.55360875,0,False,2,0.996020123787019,0,1.7280718312859267e-07,2.256736376957863e-10,14.874706499998865
2637,33732.29242620296,657.5712415536777,34389.86366775664,259.73945570976684,0.21194888307875737,112007822.55360875,0,False,2,0.9960254000902657,0,1.7194529822262442e-07,2.238532659097333e-10,14.87984499999584
2638,33732.29406637183,657.5695937488941,34389.863660120725,259.7394620244365,0.21194888823156394,112007822.55360875,0,False,2,0.9960306624173441,0,1.7108560154826413e-07,2.2203966445006916e-10,14.885152299997571
2639,33732.29570411187,657.567948435059,34389.863652546934,259.7394683297549,0.2119488933767399,112007822.55360875,0,False,2,0.9960359108237242,0,1.7022806265063737e-07,2.202332564622858e-10,14.890439499999047
2640,33732.29733942452,657.5663056105066,34389.863645035024,259.73947462572767,0.2119488985142897,112007822.55360875,0,False,2,0.9960411453645828,0,1.6937266288832907e-07,2.1843383037366138e-10,14.895855499999016
2641,33732.298972310535,657.5646652742333,34389.86363758477,259.73948091235775,0.21194890364421584,112007822.55360875,0,False,2,0.9960463660948056,0,1.6851939484474585e-07,2.166409630387356e-10,14.901983699994162
2642,33732.30060277002,657.5630274259076,34389.86363019593,259.73948718964556,0.21194890876651865,112007822.55360875,0,False,2,0.9960515730689885,0,1.6766826297059275e-07,2.1485528917573825e-10,14.910217899996496
2643,33732.30223080237,657.5613920658762,34389.86362286825,259.73949345758865,0.21194891388119608,112007822.55360875,0,False,2,0.9960567663414408,0,1.6681928121791664e-07,2.1307659721194696e-10,14.91653899999801
2644,33732.303856406324,657.5597591951704,34389.8636156015,259.73949971618225,0.2119489189882443,112007822.55360875,0,False,2,0.9960619459661855,0,1.6597247502846073e-07,2.1130509872011547e-10,14.921777899995504
2645,33732.30547957993,657.5581288155101,34389.86360839544,259.73950596541886,0.21194892408765714,112007822.55360875,0,False,2,0.9960671119969619,0,1.6512787893235294e-07,2.095401589820445e-10,14.927068099997996
2646,33732.30710032054,657.556500929305,34389.86360124985,259.73951220528824,0.2119489291794263,112007822.55360875,0,False,2,0.996072264487228,0,1.642855359673838e-07,2.0778198957048727e-10,14.933565799998178
2647,33732.30871862481,657.5548755396536,34389.86359416446,259.73951843577754,0.21194893426354125,112007822.55360875,0,False,2,0.9960774034901616,0,1.634454958710501e-07,2.0603122520367385e-10,14.940203099999053
2648,33732.310334488706,657.5532526503426,34389.86358713905,259.7395246568712,0.2119489393399893,112007822.55360875,0,False,2,0.9960825290586621,0,1.6260781570550937e-07,2.0428723116340437e-10,14.945489099998667
2649,33732.31194790754,657.5516322658415,34389.86358017338,259.73953086855124,0.21194894440875578,112007822.55360875,0,False,2,0.996087641245353,0,1.617725563286676e-07,2.0255000744969353e-10,14.950549399996817
2650,33732.31355887592,657.5500143912968,34389.86357326721,259.7395370707968,0.21194894946982368,112007822.55360875,0,False,2,0.9960927401025831,0,1.6093978208334975e-07,2.0081997720803297e-10,14.955733999995573
2651,33732.31516738778,657.5483990325239,34389.8635664203,259.73954326358466,0.211948954523174,112007822.55360875,0,False,2,0.9960978256824283,0,1.6010955981638625e-07,1.9909671729296036e-10,14.961131099997147
2652,33732.31677343643,657.5467861959969,34389.86355963243,259.73954944688893,0.2119489595687857,112007822.55360875,0,False,2,0.9961028980366938,0,1.59281955526721e-07,1.9738001613175152e-10,14.966523099996266
2653,33732.3183770145,657.5451758888365,34389.863552903334,259.7395556206813,0.21194896460663562,112007822.55360875,0,False,2,0.9961079572169154,0,1.5845703572143447e-07,1.9567093158811364e-10,14.971804899993003
2654,33732.31997811399,657.5435681187963,34389.86354623279,259.73956178493097,0.21194896963669865,112007822.55360875,0,False,2,0.9961130032743615,0,1.5763486287175482e-07,1.9396840579836819e-10,14.977176799999143
2655,33732.32157672631,657.5419628942474,34389.86353962056,259.73956793960485,0.21194897465894777,112007822.55360875,0,False,2,0.9961180362600346,0,1.5681549556141372e-07,1.922726503352677e-10,14.98249859999487
2656,33732.32317284223,657.5403602241596,34389.86353306639,259.7395740846675,0.21194897967335408,112007822.55360875,0,False,2,0.996123056224674,0,1.5599898780481113e-07,1.905842999170423e-10,14.987784199998714
2657,33732.32476645199,657.5387601180837,34389.86352657007,259.73958022008117,0.21194898467988676,112007822.55360875,0,False,2,0.9961280632187556,0,1.5518538643422585e-07,1.8890208510727353e-10,14.993226999999024
2658,33732.3263575452,657.5371625861287,34389.86352013133,259.739586345806,0.2119489896785133,112007822.55360875,0,False,2,0.9961330572924953,0,1.543747302594905e-07,1.8722791006062402e-10,14.998496999993222
2659,33732.32794611101,657.5355676389412,34389.86351374995,259.7395924618001,0.2119489946691995,112007822.55360875,0,False,2,0.9961380384958499,0,1.5356704980226806e-07,1.8555987062245847e-10,15.003765599998587
2660,33732.32953213801,657.5339752876797,34389.86350742569,259.7395985680197,0.21194899965190966,112007822.55360875,0,False,2,0.9961430068785194,0,1.5276236600875764e-07,1.8389902465648436e-10,15.009756899999047
2661,33732.33111561431,657.5323855439896,34389.8635011583,259.7396046644189,0.21194900462660632,112007822.55360875,0,False,2,0.9961479624899473,0,1.5196068970151865e-07,1.8224516058997635e-10,15.015092299996468
2662,33732.33269652757,657.5307984199776,34389.863494947545,259.73961075095025,0.21194900959325075,112007822.55360875,0,False,2,0.9961529053793241,0,1.511620206712721e-07,1.805984899956868e-10,15.020353199994133
2663,33732.33427486501,657.5292139281817,34389.86348879319,259.7396168275645,0.21194901455180276,112007822.55360875,0,False,2,0.9961578355955873,0,1.5036634862787615e-07,1.7895837815541204e-10,15.025800099996559
2664,33732.335850613454,657.5276320815445,34389.863482695,259.7396228942109,0.211949019502221,112007822.55360875,0,False,2,0.996162753187424,0,1.4957365178941577e-07,1.7732524821464297e-10,15.031040499998198
2665,33732.33742375934,657.5260528933826,34389.86347665272,259.73962895083736,0.21194902444446284,112007822.55360875,0,False,2,0.996167658203272,0,1.4878389826605873e-07,1.7569952331887085e-10,15.036252699996112
2666,33732.338994288766,657.5244763773559,34389.863470666125,259.7396349973903,0.21194902937848464,112007822.55360875,0,False,2,0.9961725506913216,0,1.4799704490128549e-07,1.7408014560441315e-10,15.04149669999606
2667,33732.34056218753,657.5229025474365,34389.86346473497,259.73964103381496,0.21194903430424175,112007822.55360875,0,False,2,0.9961774306995176,0,1.4721303954896385e-07,1.724681729349781e-10,15.046627199997602
2668,33732.34212744112,657.521331417879,34389.863458859,259.7396470600556,0.2119490392216886,112007822.55360875,0,False,2,0.9961822982755598,0,1.464318202907915e-07,1.7086339373783945e-10,15.051840599997377
2669,33732.34369003482,657.5197630031868,34389.863453038,259.73965307605545,0.21194904413077895,112007822.55360875,0,False,2,0.9961871534669052,0,1.4565331706733258e-07,1.6926496172205292e-10,15.057127199994284
2670,33732.34524995364,657.5181973180815,34389.863447271724,259.7396590817569,0.2119490490314657,112007822.55360875,0,False,2,0.9961919963207703,0,1.4487745245945116e-07,1.676737231785876e-10,15.062319499993464
2671,33732.346807182446,657.5166343774714,34389.863441559915,259.73966507710156,0.21194905392370128,112007822.55360875,0,False,2,0.996196826884131,0,1.4410414305182134e-07,1.6608988968019537e-10,15.067458699995768
2672,33732.34836170593,657.5150741964195,34389.86343590235,259.7396710620306,0.21194905880743764,112007822.55360875,0,False,2,0.9962016452037252,0,1.4333330043787104e-07,1.6451261493593127e-10,15.072690399996645
2673,33732.34991350868,657.5135167901129,34389.86343029879,259.7396770364847,0.2119490636826264,112007822.55360875,0,False,2,0.9962064513260545,0,1.4256483260773034e-07,1.6294211051854652e-10,15.077806999994209
2674,33732.35146257516,657.5119621738329,34389.863424749,259.73968300040394,0.21194906854921866,112007822.55360875,0,False,2,0.9962112452973847,0,1.4179864477889327e-07,1.6137879957353186e-10,15.082997899997281
2675,33732.3530088898,657.5104103629235,34389.86341925272,259.73968895372843,0.2119490734071655,112007822.55360875,0,False,2,0.9962160271637484,0,1.4103464219305757e-07,1.598226821008993e-10,15.088358799999696
2676,33732.35455243698,657.5088613727643,34389.86341380974,259.7396948963981,0.21194907825641798,112007822.55360875,0,False,2,0.9962207969709452,0,1.402727297492328e-07,1.5827270023696328e-10,15.093596199993044
2677,33732.35609320105,657.5073152187409,34389.86340841979,259.73970082835257,0.2119490830969268,112007822.55360875,0,False,2,0.9962255547645451,0,1.395128154065719e-07,1.567307581363907e-10,15.098810599993158
2678,33732.35763116645,657.505771916219,34389.86340308267,259.73970674953205,0.21194908792864317,112007822.55360875,0,False,2,0.9962303005898873,0,1.3875480920577778e-07,1.5519452849905868e-10,15.10412539999379
2679,33732.3591663176,657.504231480517,34389.863397798115,259.7397126598765,0.21194909275151808,112007822.55360875,0,False,2,0.9962350344920842,0,1.379986267280532e-07,1.536661270523737e-10,15.109266299994488
2680,33732.360698639015,657.5026939268826,34389.863392565894,259.73971855932626,0.21194909756550287,112007822.55360875,0,False,2,0.9962397565160214,0,1.3724418904673026e-07,1.5214428435991e-10,15.11445869999443
2681,33732.36222811532,657.5011592704689,34389.86338738579,259.73972444782225,0.2119491023705493,112007822.55360875,0,False,2,0.996244466706359,0,1.3649142485402783e-07,1.506287888489389e-10,15.119886399996176
2682,33732.36375473124,657.4996275263106,34389.86338225755,259.73973032530563,0.2119491071666094,112007822.55360875,0,False,2,0.9962491651075346,0,1.3574026898100253e-07,1.4912069838316955e-10,15.12516709999909
2683,33732.36527847163,657.4980987093066,34389.86337718094,259.739736191718,0.2119491119536355,112007822.55360875,0,False,2,0.9962538517637619,0,1.3499066775570086e-07,1.4761937824439412e-10,15.130284899998514
2684,33732.36679932155,657.4965728341967,34389.86337215575,259.7397420470019,0.2119491167315807,112007822.55360875,0,False,2,0.9962585267190355,0,1.3424257405569004e-07,1.461241937144042e-10,15.135644899994077
2685,33732.36831726616,657.4950499155469,34389.86336718171,259.73974789110025,0.21194912150039838,112007822.55360875,0,False,2,0.9962631900171289,0,1.3349595318764698e-07,1.4463683737512833e-10,15.140837499995541
2686,33732.369832290875,657.4935299677319,34389.863362258606,259.7397537239568,0.21194912626004275,112007822.55360875,0,False,2,0.996267841701599,0,1.327507797590863e-07,1.4315561664465923e-10,15.146129199994903
2687,33732.3713443813,657.4920130049192,34389.863357386224,259.7397595455163,0.2119491310104686,112007822.55360875,0,False,2,0.9962724818157848,0,1.320070389682315e-07,1.4168074309574695e-10,15.151904699996521
2688,33732.37285352324,657.4904990410574,34389.863352564294,259.7397653557238,0.2119491357516312,112007822.55360875,0,False,2,0.9962771104028102,0,1.3126472646675188e-07,1.402136977375807e-10,15.1574185999998
2689,33732.374359702764,657.4889880898636,34389.86334779263,259.739771154526,0.211949140483487,112007822.55360875,0,False,2,0.9962817275055854,0,1.3052384918775964e-07,1.3875215327003252e-10,15.162899699993432
2690,33732.375862906156,657.4874801648123,34389.86334307097,259.7397769418699,0.21194914520599276,112007822.55360875,0,False,2,0.9962863331668075,0,1.2978442326968747e-07,1.3729801384777122e-10,15.168041299999459
2691,33732.37736311997,657.4859752791283,34389.863338399104,259.73978271770375,0.21194914991910624,112007822.55360875,0,False,2,0.9962909274289622,0,1.2904647548092832e-07,1.358500100343676e-10,15.173073099998874
2692,33732.37886033101,657.4844734457771,34389.86333377679,259.73978848197675,0.21194915462278602,112007822.55360875,0,False,2,0.996295510334325,0,1.2831004024942886e-07,1.3440919969353117e-10,15.178334599993832
2693,33732.38035452635,657.4829746774604,34389.863329203814,259.7397942346392,0.21194915931699151,112007822.55360875,0,False,2,0.9963000819249631,0,1.2757516187127165e-07,1.3297452496157209e-10,15.183460499996727
2694,33732.38184569333,657.4814789866103,34389.863324679936,259.73979997564226,0.2119491640016829,112007822.55360875,0,False,2,0.9963046422427353,0,1.2684189152722448e-07,1.3154683212945993e-10,15.188625599999796
2695,33732.38333381956,657.4799863853871,34389.863320204946,259.73980570493836,0.21194916867682131,112007822.55360875,0,False,2,0.996309191329295,0,1.2611028618723546e-07,1.301252749062443e-10,15.193962499994086
2696,33732.38481889293,657.4784968856756,34389.86331577861,259.7398114224808,0.21194917334236868,112007822.55360875,0,False,2,0.99631372922609,0,1.2538040900769683e-07,1.2871048801015482e-10,15.199244599993108
2697,33732.38630090161,657.4770104990854,34389.863311400695,259.739817128224,0.2119491779982878,112007822.55360875,0,False,2,0.9963182559743646,0,1.2465232806294963e-07,1.2730247144120095e-10,15.204605799997807
2698,33732.38777983404,657.4755272369516,34389.86330707099,259.7398228221235,0.21194918264454238,112007822.55360875,0,False,2,0.9963227716151607,0,1.2392611378433793e-07,1.2590059048117173e-10,15.210548600000038
2699,33732.389255678936,657.4740471103348,34389.86330278927,259.7398285041358,0.21194918728109696,112007822.55360875,0,False,2,0.996327276189319,0,1.232018389261802e-07,1.2450526827555653e-10,15.215946299998905
2700,33732.39072842527,657.4725701300247,34389.8632985553,259.7398341742185,0.21194919190791695,112007822.55360875,0,False,2,0.9963317697374797,0,1.2247957795470849e-07,1.2311692796984492e-10,15.221460099994147
2701,33732.39219806231,657.4710963065436,34389.86329436886,259.73983983233035,0.21194919652496857,112007822.55360875,0,False,2,0.996336252300085,0,1.2175940482158727e-07,1.2173472327308525e-10,15.226973999997426
2702,33732.39366457958,657.4696256501509,34389.863290229725,259.7398454784309,0.21194920113221896,112007822.55360875,0,False,2,0.9963407239173789,0,1.210413922222736e-07,1.2035907733076677e-10,15.232095299994398
2703,33732.39512796684,657.4681581708483,34389.86328613769,259.7398511124808,0.21194920572963594,112007822.55360875,0,False,2,0.9963451846294094,0,1.2032561155645094e-07,1.1898956699741784e-10,15.23730689999502
2704,33732.39658821413,657.4666938783872,34389.86328209251,259.7398567344416,0.21194921031718816,112007822.55360875,0,False,2,0.9963496344760289,0,1.1961213019532328e-07,1.176270385640082e-10,15.242711599996255
2705,33732.398045311704,657.4652327822752,34389.86327809398,259.73986234427593,0.21194921489484508,112007822.55360875,0,False,2,0.9963540734968964,0,1.1890101392183503e-07,1.1627064573958553e-10,15.247919199995522
2706,33732.39949925009,657.463774891785,34389.86327414188,259.73986794194724,0.21194921946257692,112007822.55360875,0,False,2,0.9963585017314777,0,1.181923225761279e-07,1.1492060009689852e-10,15.253718299994944
2707,33732.40095002,657.4623202159622,34389.86327023596,259.7398735274197,0.21194922402035443,112007822.55360875,0,False,2,0.9963629192190472,0,1.1748611222773289e-07,1.1357753635417678e-10,15.263286499997776
2708,33732.402397612386,657.4608687636365,34389.86326637602,259.73987910065864,0.21194922856814932,112007822.55360875,0,False,2,0.9963673259986886,0,1.1678243361456108e-07,1.1224060822046729e-10,15.270353099993372
2709,33732.403842018415,657.4594205434306,34389.86326256185,259.73988466162996,0.21194923310593375,112007822.55360875,0,False,2,0.9963717221092964,0,1.1608133290517177e-07,1.1090981569577824e-10,15.275638599996455
2710,33732.40528322943,657.4579755637727,34389.86325879321,259.7398902103003,0.21194923763368054,112007822.55360875,0,False,2,0.996376107589577,0,1.1538285069384122e-07,1.0958579349833905e-10,15.28074999999808
2711,33732.40672123698,657.4565338329062,34389.86325506988,259.73989574663716,0.2119492421513631,112007822.55360875,0,False,2,0.9963804824780496,0,1.1468702302597754e-07,1.0826811848267703e-10,15.28622699999687
2712,33732.40815603275,657.4550953589035,34389.86325139165,259.7399012706086,0.2119492466589554,112007822.55360875,0,False,2,0.9963848468130476,0,1.139938812613224e-07,1.0695679064880019e-10,15.291512499999953
2713,33732.40958760862,657.4536601496774,34389.8632477583,259.73990678218325,0.2119492511564319,112007822.55360875,0,False,2,0.99638920063272,0,1.1330345273917866e-07,1.0565180999671644e-10,15.296607199998107
2714,33732.411015956604,657.4522282129952,34389.8632441696,259.7399122813304,0.2119492556437675,112007822.55360875,0,False,2,0.996393543975031,0,1.1261576077556095e-07,1.0435338809917418e-10,15.301802099995257
2715,33732.41244106884,657.4507995564912,34389.86324062533,259.7399177680198,0.2119492601209374,112007822.55360875,0,False,2,0.9963978768777637,0,1.1193082764930226e-07,1.0306152495618122e-10,15.306942999995954
2716,33732.4138629376,657.4493741876798,34389.86323712528,259.73992324222166,0.2119492645879175,112007822.55360875,0,False,2,0.9964021993785185,0,1.1124867138963415e-07,1.0177558584952356e-10,15.31208489999699
2717,33732.41528155525,657.4479521139718,34389.863233669224,259.7399287039066,0.2119492690446837,112007822.55360875,0,False,2,0.9964065115147163,0,1.1056931126543557e-07,1.0049641707017104e-10,15.317394099998637
2718,33732.41669691426,657.4465333426858,34389.863230256946,259.73993415304574,0.2119492734912124,112007822.55360875,0,False,2,0.9964108133235979,0,1.0989276548307006e-07,9.922338389990946e-11,15.323511299997335
2719,33732.41810900716,657.4451178810646,34389.86322688822,259.7399395896101,0.21194927792748006,112007822.55360875,0,False,2,0.9964151048422265,0,1.0921905474137557e-07,9.795690948422744e-11,15.329014799994184
2720,33732.41951782655,657.4437057362879,34389.86322356284,259.7399450135714,0.21194928235346353,112007822.55360875,0,False,2,0.9964193861074879,0,1.0854820162289972e-07,9.669657067765107e-11,15.334340199995495
2721,33732.42092336508,657.442296915488,34389.863220280575,259.7399504249013,0.2119492867691397,112007822.55360875,0,False,2,0.996423657156092,0,1.0788023274718049e-07,9.544279062566891e-11,15.339379499993811
2722,33732.42232561545,657.4408914257632,34389.86321704122,259.73995582357156,0.21194929117448555,112007822.55360875,0,False,2,0.9964279180245732,0,1.0721517956131644e-07,9.41951461828068e-11,15.344539199999417
2723,33732.42372457034,657.4394892741927,34389.86321384453,259.7399612095541,0.21194929556947817,112007822.55360875,0,False,2,0.9964321687492921,0,1.065530800574629e-07,9.295427206729394e-11,15.350151099999493
2724,33732.42512022247,657.4380904678497,34389.86321069032,259.73996658282095,0.21194929995409467,112007822.55360875,0,False,2,0.9964364093664367,0,1.0589397873272279e-07,9.171932198817454e-11,15.356032399999094
2725,33732.426512564525,657.4366950138156,34389.86320757834,259.73997194334385,0.21194930432831205,112007822.55360875,0,False,2,0.9964406399120224,0,1.0523792969863537e-07,9.049114223641842e-11,15.361361299997952
2726,33732.42790158921,657.4353029191933,34389.8632045084,259.73997729109476,0.2119493086921074,112007822.55360875,0,False,2,0.9964448604218941,0,1.0458499512485491e-07,8.926867494832869e-11,15.366732499998761
2727,33732.429287289146,657.4339141911203,34389.863201480264,259.7399826260453,0.21194931304545758,112007822.55360875,0,False,2,0.9964490709317265,0,1.0393524876841837e-07,8.805318956035672e-11,15.371936199997435
2728,33732.43066965695,657.4325288367805,34389.86319849373,259.7399879481669,0.2119493173883393,112007822.55360875,0,False,2,0.9964532714770257,0,1.0328877409970529e-07,8.684341663606451e-11,15.377208299993072
2729,33732.43204868515,657.4311468634171,34389.86319554857,259.739993257431,0.21194932172072922,112007822.55360875,0,False,2,0.9964574620931298,0,1.0264566653051985e-07,8.564041403916269e-11,15.383166399995389
2730,33732.433424366216,657.4297682783425,34389.86319264456,259.7399985538085,0.21194932604260358,112007822.55360875,0,False,2,0.9964616428152095,0,1.0200603365795531e-07,8.444375862417624e-11,15.388858599995729
2731,33732.43479669254,657.4283930889511,34389.86318978149,259.7400038372701,0.21194933035393848,112007822.55360875,0,False,2,0.9964658136782705,0,1.0136999461697842e-07,8.325323881837076e-11,15.394589199997426
2732,33732.43616565642,657.4270213027266,34389.86318695915,259.7400091077862,0.2119493346547098,112007822.55360875,0,False,2,0.9964699747171526,0,1.0073768172000775e-07,8.206906619449345e-11,15.400011199999426
2733,33732.437531250056,657.4256529272533,34389.86318417731,259.74001436532666,0.21194933894489293,112007822.55360875,0,False,2,0.9964741259665322,0,1.0010923841749411e-07,8.089124075255067e-11,15.405468099997961
2734,33732.43889346554,657.4242879702232,34389.863181435765,259.74001960986124,0.21194934322446315,112007822.55360875,0,False,2,0.9964782674609225,0,9.948482059274369e-08,7.971955091980772e-11,15.411285799993493
2735,33732.44025229484,657.4229264394439,34389.86317873428,259.7400248413588,0.2119493474933951,112007822.55360875,0,False,2,0.9964823992346745,0,9.886459509800876e-08,7.855463141449358e-11,15.417183399993519
2736,33732.441607729816,657.421568342846,34389.863176072664,259.7400300597881,0.21194935175166335,112007822.55360875,0,False,2,0.9964865213219783,0,9.824873921231698e-08,7.739542437290964e-11,15.423125199995411
2737,33732.442959762186,657.4202136884866,34389.86317345067,259.7400352651173,0.21194935599924175,112007822.55360875,0,False,2,0.9964906337568638,0,9.763744085048186e-08,7.624319923150763e-11,15.42953259999922
2738,33732.44430838354,657.4188624845566,34389.8631708681,259.74004045731397,0.21194936023610397,112007822.55360875,0,False,2,0.9964947365732013,0,9.703089577538606e-08,7.509689812658872e-11,15.43500359999598
2739,33732.445653585346,657.4175147393827,34389.86316832473,259.7400456363452,0.2119493644622231,112007822.55360875,0,False,2,0.9964988298047033,0,9.642930735985627e-08,7.395694420364069e-11,15.440701499996067
2740,33732.44699535891,657.4161704614313,34389.86316582034,259.7400508021776,0.21194936867757194,112007822.55360875,0,False,2,0.9965029134849246,0,9.583288548683887e-08,7.282354903541039e-11,15.44615829999384
2741,33732.4483336954,657.4148296593095,34389.86316335471,259.74005595477723,0.21194937288212273,112007822.55360875,0,False,2,0.9965069876472635,0,9.52418443455806e-08,7.16962894764215e-11,15.451235399996222
2742,33732.44966858586,657.4134923417662,34389.86316092763,259.7400610941095,0.21194937707584727,112007822.55360875,0,False,2,0.9965110523249632,0,9.465640222322623e-08,7.057558867216179e-11,15.457221999997273
2743,33732.451000021174,657.4121585176929,34389.863158538865,259.7400662201393,0.21194938125871693,112007822.55360875,0,False,2,0.9965151075511118,0,9.407677787322323e-08,6.94612350498958e-11,15.462946799998463
2744,33732.45232799209,657.4108281961213,34389.863156188214,259.74007133283106,0.2119493854307027,112007822.55360875,0,False,2,0.9965191533586435,0,9.350319098431964e-08,6.835301703688798e-11,15.468705499995849
2745,33732.45365248921,657.4095013862225,34389.863153875434,259.74007643214867,0.21194938959177506,112007822.55360875,0,False,2,0.9965231897803403,0,9.293585875444499e-08,6.725178092410817e-11,15.474333999998635
2746,33732.45497350302,657.4081780973036,34389.86315160033,259.7400815180554,0.21194939374190405,112007822.55360875,0,False,2,0.9965272168488313,0,9.237499589803997e-08,6.615625727511518e-11,15.479637299999013
2747,33732.456291023846,657.406858338804,34389.86314936265,259.74008659051395,0.2119493978810593,112007822.55360875,0,False,2,0.9965312345965956,0,9.182081068815955e-08,6.506792709910209e-11,15.48496659999364
2748,33732.4576050419,657.4055421202914,34389.86314716219,259.74009164948677,0.21194940200921009,112007822.55360875,0,False,2,0.9965352430559612,0,9.127350558484346e-08,6.398573253236864e-11,15.490629299994907
2749,33732.45891554728,657.404229451456,34389.86314499874,259.74009669493574,0.21194940612632535,112007822.55360875,0,False,2,0.9965392422591071,0,9.073327486967754e-08,6.290967357491993e-11,15.496709199993347
2750,33732.46022252994,657.4029203421045,34389.86314287204,259.74010172682205,0.21194941023237338,112007822.55360875,0,False,2,0.9965432322380638,0,9.020030240752925e-08,6.184080809046691e-11,15.50363319999451
2751,33732.46152597974,657.4016148021537,34389.8631407819,259.7401067451068,0.21194941432732248,112007822.55360875,0,False,2,0.9965472130247143,0,8.967476168410176e-08,6.077786664256768e-11,15.50918379999348
2752,33732.462825886454,657.4003128416225,34389.86313872808,259.74011174975055,0.21194941841114043,112007822.55360875,0,False,2,0.9965511846507942,0,8.915681388778843e-08,5.97216955221919e-11,15.51453760000004
2753,33732.46412223973,657.399014470625,34389.86313671036,259.74011674071346,0.21194942248379472,112007822.55360875,0,False,2,0.9965551471478941,0,8.86466067491925e-08,5.867187158386216e-11,15.520354199994472
2754,33732.46541502914,657.3977196993609,34389.8631347285,259.7401217179554,0.21194942654525264,112007822.55360875,0,False,2,0.9965591005474584,0,8.814427477313268e-08,5.7629241118548165e-11,15.526444499999343
2755,33732.46670424418,657.3964285381073,34389.86313278229,259.74012668143587,0.21194943059548113,112007822.55360875,0,False,2,0.9965630448807884,0,8.764993651464291e-08,5.6592534689807475e-11,15.532388399995398
2756,33732.46798987428,657.3951409972087,34389.86313087149,259.74013163111425,0.21194943463444704,112007822.55360875,0,False,2,0.9965669801790412,0,8.716369701328718e-08,5.5562810161350917e-11,15.538187799997104
2757,33732.46927190882,657.3938570870675,34389.86312899589,259.7401365669496,0.21194943866211696,112007822.55360875,0,False,2,0.9965709064732313,0,8.668564473219735e-08,5.453943281495948e-11,15.543560199999774
2758,33732.47055033709,657.3925768181338,34389.86312715523,259.74014148890075,0.21194944267845725,112007822.55360875,0,False,2,0.9965748237942318,0,8.621585405509655e-08,5.3523248941602814e-11,15.549050799992983
2759,33732.4718251484,657.3913002008948,34389.86312534929,259.7401463969265,0.21194944668343438,112007822.55360875,0,False,2,0.9965787321727745,0,8.575438366506325e-08,5.2513623823061743e-11,15.554561799996009
2760,33732.473096332,657.3900272458644,34389.86312357787,259.74015129098547,0.2119494506770145,112007822.55360875,0,False,2,0.9965826316394507,0,8.530127707654865e-08,5.151013431385814e-11,15.560313999994833
2761,33732.47436387713,657.3887579635725,34389.8631218407,259.7401561710362,0.21194945465916384,112007822.55360875,0,False,2,0.9965865222247129,0,8.485656504343986e-08,5.051383827770286e-11,15.566193199992995
2762,33732.47562777301,657.3874923645533,34389.86312013757,259.74016103703724,0.21194945862984857,112007822.55360875,0,False,2,0.9965904039588748,0,8.442026385847733e-08,4.952431256911773e-11,15.571658399996522
2763,33732.4768880089,657.3862304593351,34389.86311846824,259.7401658889472,0.21194946258903488,112007822.55360875,0,False,2,0.9965942768721122,0,8.399237816193786e-08,4.8541345615365735e-11,15.577002099998936
2764,33732.478144574045,657.3849722584288,34389.86311683247,259.74017072672467,0.211949466536689,112007822.55360875,0,False,2,0.9965981409944639,0,8.357290051634366e-08,4.7565360561933756e-11,15.582484399994428
2765,33732.479397457726,657.3837177723168,34389.863115230044,259.74017555032844,0.2119494704727773,112007822.55360875,0,False,2,0.9966019963558324,0,8.316181497037222e-08,4.6595934263343325e-11,15.588056599997799
2766,33732.48064664927,657.3824670114423,34389.86311366071,259.74018035971744,0.21194947439726625,112007822.55360875,0,False,2,0.9966058429859845,0,8.275909543852358e-08,4.5633701437822574e-11,15.59360619999643
2767,33732.48189213805,657.3812199861976,34389.86311212425,259.7401851548507,0.21194947831012242,112007822.55360875,0,False,2,0.9966096809145529,0,8.236470929039142e-08,4.4677604221668805e-11,15.599416299999575
2768,33732.483133913505,657.3799767069142,34389.86311062042,259.7401899356875,0.21194948221131266,112007822.55360875,0,False,2,0.996613510171036,0,8.197861721212103e-08,4.3728912051334137e-11,15.604795899998862
2769,33732.48437196514,657.3787371838508,34389.86310914899,259.7401947021875,0.21194948610080397,112007822.55360875,0,False,2,0.9966173307847989,0,8.160077637540647e-08,4.278677863585706e-11,15.610570499993628
2770,33732.485606282535,657.3775014271843,34389.863107709716,259.74019945431064,0.21194948997856364,112007822.55360875,0,False,2,0.9966211427850742,0,8.123114060803809e-08,4.1851627120724185e-11,15.616429099995003
2771,33732.48683685537,657.3762694469979,34389.86310630237,259.74020419201713,0.21194949384455924,112007822.55360875,0,False,2,0.996624946200963,0,8.086966223662555e-08,4.0923245933197927e-11,15.62253029999556
2772,33732.48806367344,657.3750412532719,34389.86310492671,259.74020891526766,0.21194949769875873,112007822.55360875,0,False,2,0.9966287410614353,0,8.051629342477986e-08,4.000184664602342e-11,15.62853379999433
2773,33732.48928672664,657.3738168558739,34389.86310358251,259.74021362402334,0.21194950154113032,112007822.55360875,0,False,2,0.9966325273953309,0,8.017098775776383e-08,3.9087217686462954e-11,15.633624299996882
2774,33732.49050600498,657.3725962645484,34389.863102269526,259.74021831824575,0.2119495053716427,112007822.55360875,0,False,2,0.9966363052313604,0,7.983370132597657e-08,3.8179359054520116e-11,15.63889279999421
2775,33732.49172149862,657.3713794889081,34389.863100987524,259.740222997897,0.2119495091902649,112007822.55360875,0,False,2,0.996640074598105,0,7.950439286914878e-08,3.727848232293988e-11,15.644835999999486
2776,33732.49293319784,657.3701665384251,34389.86309973626,259.74022766293956,0.21194951299696635,112007822.55360875,0,False,2,0.9966438355240186,0,7.918302633427548e-08,3.638458749172577e-11,15.650326599999971
2777,33732.4941410931,657.3689574224214,34389.86309851552,259.74023231333683,0.21194951679171714,112007822.55360875,0,False,2,0.9966475880374271,0,7.886957032613624e-08,3.54972514153983e-11,15.65625889999501
2778,33732.49534517498,657.3677521500613,34389.86309732504,259.74023694905253,0.2119495205744877,112007822.55360875,0,False,2,0.9966513321665301,0,7.856399983571028e-08,3.461710881218519e-11,15.661861900000076
2779,33732.49654543426,657.3665507303434,34389.863096164605,259.7402415700511,0.21194952434524902,112007822.55360875,0,False,2,0.9966550679394014,0,7.826629481425161e-08,3.374352496386538e-11,15.667382999999973
2780,33732.497741861866,657.3653531720928,34389.86309503396,259.7402461762977,0.2119495281039726,112007822.55360875,0,False,2,0.9966587953839894,0,7.797644299915926e-08,3.2877346161407986e-11,15.67316690000007
2781,33732.49893444893,657.3641594839542,34389.86309393289,259.7402507677581,0.21194953185063056,112007822.55360875,0,False,2,0.996662514528118,0,7.769443747669573e-08,3.2017302968367357e-11,15.678509499994107
2782,33732.50012318674,657.362969674385,34389.86309286113,259.7402553443988,0.21194953558519558,112007822.55360875,0,False,2,0.9966662253994871,0,7.742027796602737e-08,3.1164876393936956e-11,15.68401069999527
2783,33732.50130806681,657.3617837516493,34389.86309181846,259.7402599061871,0.21194953930764093,112007822.55360875,0,False,2,0.996669928025674,0,7.715397072050322e-08,3.0319220147153965e-11,15.690640599998005
2784,33732.502489080834,657.360601723812,34389.86309080465,259.740264453091,0.21194954301794058,112007822.55360875,0,False,2,0.996673622434133,0,7.68955263141427e-08,2.947991108253837e-11,15.696317099995213
2785,33732.50366622072,657.3594235987327,34389.86308981945,259.74026898507947,0.2119495467160691,112007822.55360875,0,False,2,0.9966773086521971,0,7.664496110268655e-08,2.8647795491059085e-11,15.703544799995143
2786,33732.50483947858,657.3582493840627,34389.86308886264,259.740273502122,0.2119495504020017,112007822.55360875,0,False,2,0.9966809867070775,0,7.64022947814125e-08,2.7822450227236026e-11,15.70931120000023
2787,33732.50600884673,657.3570790872379,34389.86308793397,259.7402780041891,0.21194955407571422,112007822.55360875,0,False,2,0.9966846566258658,0,7.61675506118841e-08,2.700429843655505e-11,15.715041499999643
2788,33732.50717431773,657.3559127154771,34389.86308703321,259.7402824912521,0.21194955773718333,112007822.55360875,0,False,2,0.9966883184355335,0,7.594075341087291e-08,2.6192493828052878e-11,15.720486899997923
2789,33732.50833588434,657.3547502757774,34389.86308616012,259.74028696328315,0.21194956138638626,112007822.55360875,0,False,2,0.9966919721629327,0,7.572192952967466e-08,2.5388094265439823e-11,15.725913799993577
2790,33732.50949353956,657.353591774912,34389.86308531447,259.74029142025523,0.211949565023301,112007822.55360875,0,False,2,0.9966956178347974,0,7.551110408799277e-08,2.4590041885010932e-11,15.731135699999868
2791,33732.51064727659,657.3524372194265,34389.86308449602,259.74029586214226,0.21194956864790626,112007822.55360875,0,False,2,0.9966992554777439,0,7.53083010887285e-08,2.379918297773493e-11,15.736575099996116
2792,33732.5117970889,657.3512866156384,34389.863083704535,259.74030028891895,0.21194957226018138,112007822.55360875,0,False,2,0.996702885118271,0,7.511354233460447e-08,2.3015094398131315e-11,15.742224899993744
2793,33732.51294297014,657.3501399696343,34389.86308293977,259.740304700561,0.21194957586010657,112007822.55360875,0,False,2,0.9967065067827613,0,7.492684484869222e-08,2.223798771894413e-11,15.748898999998346
2794,33732.51408491424,657.3489972872699,34389.86308220151,259.740309097045,0.21194957944766266,112007822.55360875,0,False,2,0.9967101204974814,0,7.474822076332168e-08,2.1467439794692725e-11,15.754278599997633
2795,33732.51522291535,657.3478585741682,34389.863081489515,259.7403134783484,0.21194958302283134,112007822.55360875,0,False,2,0.9967137262885827,0,7.457767546168409e-08,2.0703662198121028e-11,15.759662599994044
2796,33732.51635696782,657.3467238357211,34389.86308080354,259.74031784444946,0.2119495865855948,112007822.55360875,0,False,2,0.9967173241821018,0,7.441520794738346e-08,1.9947078074714507e-11,15.765307399997255
2797,33732.51748706626,657.3455930770882,34389.86308014335,259.74032219532745,0.21194959013593614,112007822.55360875,0,False,2,0.996720914203962,0,7.426080711651043e-08,1.9197264278992343e-11,15.770845899998676
2798,33732.51861320551,657.3444663031986,34389.86307950871,259.7403265309625,0.21194959367383914,112007822.55360875,0,False,2,0.9967244963799724,0,7.411445474847463e-08,1.8454220810956768e-11,15.776613499998348
2799,33732.51973538065,657.3433435187512,34389.863078899405,259.7403308513356,0.21194959719928835,112007822.55360875,0,False,2,0.9967280707358299,0,7.39761211839609e-08,1.7717524525126807e-11,15.782106999999087
2800,33732.520853586946,657.3422247282176,34389.86307831516,259.74033515642867,0.21194960071226895,112007822.55360875,0,False,2,0.9967316372971192,0,7.384576732097787e-08,1.698886800343721e-11,15.78745369999524
2801,33732.52196781994,657.3411099358428,34389.863077755785,259.7403394462244,0.21194960421276685,112007822.55360875,0,False,2,0.9967351960893136,0,7.37233426056002e-08,1.626571237299113e-11,15.792701899998065
2802,33732.52307807537,657.3399991456482,34389.863077221016,259.74034372070645,0.21194960770076865,112007822.55360875,0,False,2,0.9967387471377752,0,7.360878567426685e-08,1.5550173361206396e-11,15.798009499994805
2803,33732.5241843492,657.3388923614345,34389.86307671063,259.7403479798593,0.21194961117626177,112007822.55360875,0,False,2,0.996742290467756,0,7.350202483425872e-08,1.484119310437709e-11,15.80345959999977
2804,33732.52528663762,657.3377895867836,34389.8630762244,259.74035222366825,0.21194961463923417,112007822.55360875,0,False,2,0.9967458261043984,0,7.340297700320691e-08,1.4138771602505125e-11,15.80887839999923
2805,33732.52638493702,657.3366908250633,34389.86307576208,259.7403564521194,0.2119496180896745,112007822.55360875,0,False,2,0.9967493540727355,0,7.33115483132615e-08,1.3443543573817176e-11,15.814411599996674
2806,33732.527479244,657.3355960794302,34389.86307532343,259.74036066519966,0.21194962152757213,112007822.55360875,0,False,2,0.996752874397692,0,7.322763541314418e-08,1.2755085872831897e-11,15.819514399998297
2807,33732.52856955541,657.334505352832,34389.863074908244,259.7403648628969,0.21194962495291714,112007822.55360875,0,False,2,0.9967563871040848,0,7.315112517155187e-08,1.207297535406788e-11,15.825143899994146
2808,33732.52965586825,657.3334186480145,34389.863074516266,259.74036904519966,0.2119496283657001,112007822.55360875,0,False,2,0.9967598922166233,0,7.308189636075676e-08,1.1398058308493267e-11,15.834527099999832
2809,33732.530738179754,657.3323359675226,34389.86307414727,259.74037321209715,0.21194963176591233,112007822.55360875,0,False,2,0.9967633897599102,0,7.301981952169942e-08,1.0729700017884953e-11,15.843383599996741
2810,33732.53181648733,657.331257313706,34389.86307380104,259.74037736357946,0.21194963515354567,112007822.55360875,0,False,2,0.9967668797584419,0,7.296475884527569e-08,1.0067900482244583e-11,15.848552499999641
2811,33732.53289078859,657.330182688724,34389.86307347732,259.7403814996374,0.21194963852859264,112007822.55360875,0,False,2,0.9967703622366095,0,7.29165729891273e-08,9.413294419798592e-12,15.853578799993556
2812,33732.53396108133,657.329112094548,34389.86307317588,259.7403856202625,0.2119496418910463,112007822.55360875,0,False,2,0.9967738372186987,0,7.287511593232415e-08,8.765247112323718e-12,15.859088399993198
2813,33732.535027363534,657.3280455329669,34389.8630728965,259.74038972544696,0.21194964524090032,112007822.55360875,0,False,2,0.9967773047288911,0,7.284023903080184e-08,8.12397013256309e-12,15.86441609999747
2814,33732.536089633366,657.3269830055922,34389.86307263896,259.7403938151837,0.21194964857814894,112007822.55360875,0,False,2,0.9967807647912642,0,7.281179084761577e-08,7.488828762293328e-12,15.869835499994224
2815,33732.537147889154,657.3259245138606,34389.863072403015,259.74039788946635,0.2119496519027869,112007822.55360875,0,False,2,0.9967842174297921,0,7.278962055989945e-08,6.860880865223944e-12,15.875085099993157
2816,33732.5382021294,657.3248700590402,34389.86307218844,259.7404019482891,0.2119496552148095,112007822.55360875,0,False,2,0.9967876626683458,0,7.277357725444563e-08,6.2394917231314764e-12,15.880209499999182
2817,33732.53925235277,657.3238196422325,34389.863071995,259.74040599164687,0.2119496585142126,112007822.55360875,0,False,2,0.996791100530695,0,7.276351153123857e-08,5.624872908758891e-12,15.885619099994074
2818,33732.5402985581,657.3227732643783,34389.86307182248,259.7404100195351,0.21194966180099245,112007822.55360875,0,False,2,0.9967945310405067,0,7.275927752894254e-08,5.0166012766242485e-12,15.89149229999748
2819,33732.54134074438,657.3217309262611,34389.86307167064,259.7404140319499,0.2119496650751459,112007822.55360875,0,False,2,0.9967979542213473,0,7.27607332903443e-08,4.415311544953677e-12,15.89689979999821
2820,33732.54237891075,657.3206926285106,34389.863071539265,259.74041802888803,0.2119496683366703,112007822.55360875,0,False,2,0.9968013700966823,0,7.276774178804643e-08,3.820157422781905e-12,15.902117399993585
2821,33732.54341305652,657.3196583716066,34389.863071428124,259.7404220103468,0.21194967158556344,112007822.55360875,0,False,2,0.9968047786898774,0,7.278017150795362e-08,3.231773628334987e-12,15.908198599994648
2822,33732.544443181105,657.3186281558823,34389.863071336986,259.74042597632393,0.2119496748218235,112007822.55360875,0,False,2,0.9968081800241984,0,7.279789797716615e-08,2.650160161614067e-12,15.913470899999083
2823,33732.545469284116,657.3176019815279,34389.863071265645,259.74042992681797,0.21194967804544926,112007822.55360875,0,False,2,0.9968115741228123,0,7.282080345387005e-08,2.0744707316537437e-12,15.919119899997895
2824,33732.54649136526,657.3165798485933,34389.863071213855,259.74043386182774,0.21194968125643976,112007822.55360875,0,False,2,0.9968149610087877,0,7.284877797620419e-08,1.5059747749048421e-12,15.925509499997133
2825,33732.54750942442,657.3155617569913,34389.86307118141,259.74043778135285,0.2119496844547947,112007822.55360875,0,False,2,0.9968183407050951,0,7.288171911760468e-08,9.434028549186294e-13,15.931007099999988
2826,33732.54852346158,657.3145477065001,34389.863071168074,259.7404416853932,0.21194968764051397,112007822.55360875,0,False,2,0.9968217132346074,0,7.291953274235257e-08,3.8781283540423393e-13,15.936292399994272
2827,33732.54852266802,657.3145484955065,34389.86307116353,259.74044168233803,0.21194968763802094,112007822.55360875,0,True,3,0.0,0,7.291537252586421e-08,1.3223296351758877e-13,15.945152599997527
2828,33732.54852187459,657.3145492843952,34389.86307115899,259.7404416792833,0.21194968763552827,112007822.55360875,0,False,3,0.28175352512532087,0,7.291121856906112e-08,1.3202139077597808e-13,15.950759899998957
2829,33732.548520857745,657.3145502954048,34389.86307115315,259.74044167536846,0.21194968763233374,112007822.55360875,0,False,3,0.434042782780302,0,7.290590285565587e-08,1.6968133878581475e-13,15.956351499997254
2830,33732.5485196233,657.3145515227802,34389.86307114608,259.74044167061584,0.21194968762845556,112007822.55360875,0,False,3,0.5310638054044795,0,7.289946147649211e-08,2.056487048626433e-13,15.961606699995173
2831,33732.54851817485,657.3145529629323,34389.863071137785,259.7404416650393,0.2119496876239051,112007822.55360875,0,False,3,0.5987785940560388,0,7.289191894408303e-08,2.411929254562362e-13,15.967002499994123
2832,33732.54851651492,657.3145546133542,34389.863071128275,259.7404416586486,0.2119496876186902,112007822.55360875,0,False,3,0.6489233261224006,0,7.288329601703875e-08,2.7652557330822516e-13,15.97223679999297
2833,33732.5485146454,657.3145564721605,34389.863071117565,259.74044165145096,0.2119496876128169,112007822.55360875,0,False,3,0.6876458540105597,0,7.28736102991128e-08,3.114350756769855e-13,15.977336999996623
2834,33732.548512567795,657.3145585378572,34389.863071105654,259.7404416434522,0.21194968760628988,112007822.55360875,0,False,3,0.718499853459134,0,7.286287849285488e-08,3.463445780457772e-13,15.983086299995193
2835,33732.54851028335,657.3145608092121,34389.86307109256,259.7404416346571,0.211949687599113,112007822.55360875,0,False,3,0.7436910466053832,0,7.285111580473384e-08,3.808309349313469e-13,15.988392699997348
2836,33732.54850779312,657.3145632851731,34389.863071078296,259.7404416250697,0.21194968759128965,112007822.55360875,0,False,3,0.7646647176173088,0,7.283833783906771e-08,4.14682573592069e-13,15.993419899998116
2837,33732.548505098035,657.3145659648185,34389.86307106286,259.7404416146936,0.2119496875828227,112007822.55360875,0,False,3,0.782409243228014,0,7.282455997003626e-08,4.489573577360894e-13,15.998904799998854
2838,33732.548502198915,657.3145688473212,34389.86307104624,259.740441603532,0.21194968757371477,112007822.55360875,0,False,3,0.7976243809601435,0,7.280979726344971e-08,4.832321418801549e-13,16.004416099996888
2839,33732.54849909653,657.3145719319242,34389.86307102845,259.74044159158785,0.21194968756396826,112007822.55360875,0,False,3,0.8108199838000861,0,7.279406493338985e-08,5.172953532826399e-13,16.01038709999557
2840,33732.54849579158,657.3145752179225,34389.8630710095,259.7404415788638,0.21194968755358537,112007822.55360875,0,False,3,0.8223766390185732,0,7.277737838103463e-08,5.509354192019187e-13,16.015766499993333
2841,33732.54849228475,657.3145787046502,34389.863070989406,259.7404415653625,0.21194968754256824,112007822.55360875,0,False,3,0.8325843815233085,0,7.275975321399615e-08,5.843639123796228e-13,16.02092509999784
2842,33732.54848857668,657.3145823914704,34389.863070968146,259.74044155108646,0.21194968753091892,112007822.55360875,0,False,3,0.8416682316299193,0,7.274120506895264e-08,6.182155510406429e-13,16.026310699999158
2843,33732.54848466797,657.3145862777664,34389.863070945736,259.7404415360379,0.21194968751863918,112007822.55360875,0,False,3,0.8498055224352064,0,7.272174905851981e-08,6.516440442184658e-13,16.031372099998407
2844,33732.54848055924,657.314590362937,34389.863070922176,259.74044152021935,0.21194968750573118,112007822.55360875,0,False,3,0.8571379479988086,0,7.27014012523675e-08,6.85072537396353e-13,16.036546999996062
2845,33732.54847625108,657.3145946463903,34389.863070897474,259.74044150363295,0.21194968749219656,112007822.55360875,0,False,3,0.8637801230052086,0,7.268017697352286e-08,7.182894578326782e-13,16.04207139999926
2846,33732.548471744085,657.3145991275404,34389.86307087162,259.740441486281,0.21194968747803727,112007822.55360875,0,False,3,0.8698257810419169,0,7.265809187711872e-08,7.517179510107036e-13,16.047319499994046
2847,33732.54846703884,657.314603805803,34389.86307084464,259.74044146816584,0.2119496874632552,112007822.55360875,0,False,3,0.8753523399411488,0,7.263516177922794e-08,7.845117259639133e-13,16.052481999999145
2848,33732.54846213592,657.3146086805943,34389.863070816515,259.7404414492896,0.2119496874478521,112007822.55360875,0,False,3,0.8804243161473297,0,7.261140160717549e-08,8.179402191420896e-13,16.057911399999284
2849,33732.54845703593,657.3146137513276,34389.86307078726,259.74044142965465,0.21194968743182985,112007822.55360875,0,False,3,0.8850959137641199,0,7.258682680641736e-08,8.50733994095456e-13,16.06328609999764
2850,33732.54845173945,657.314619017411,34389.86307075686,259.7404414092632,0.21194968741519032,112007822.55360875,0,False,3,0.8894130125262103,0,7.256145218008944e-08,8.839509145321659e-13,16.068672699999297
2851,33732.5484462471,657.3146244782474,34389.86307072535,259.7404413881177,0.21194968739793546,112007822.55360875,0,False,3,0.8934147117832398,0,7.253529244609213e-08,9.1632154400244e-13,16.074214799999027
2852,33732.54844055946,657.3146301332317,34389.86307069269,259.7404413662203,0.21194968738006706,112007822.55360875,0,False,3,0.8971345422701921,0,7.250836258133162e-08,9.495384644393255e-13,16.07921399999759
2853,33732.54843467718,657.31463598175,34389.863070658925,259.74044134357354,0.21194968736158717,112007822.55360875,0,False,3,0.9006014263404838,0,7.248067615150186e-08,9.819090939097804e-13,16.084123900000122
2854,33732.548428600865,657.3146420231783,34389.863070624044,259.74044132017974,0.2119496873424977,112007822.55360875,0,False,3,0.9038404456605403,0,7.245224714158947e-08,1.0142797233803295e-12,16.089740699993854
2855,33732.54842233115,657.314648256882,34389.863070588035,259.74044129604135,0.21194968732280065,112007822.55360875,0,False,3,0.906873460036305,0,7.242308978968555e-08,1.047073498334239e-12,16.09512299999915
2856,33732.548415868696,657.3146546822156,34389.86307055091,259.74044127116093,0.21194968730249808,112007822.55360875,0,False,3,0.9097196100592845,0,7.239321607603998e-08,1.079444127804987e-12,16.100427599994873
2857,33732.548409214156,657.3146612985212,34389.86307051268,259.740441245541,0.21194968728159205,112007822.55360875,0,False,3,0.9123957282937485,0,7.236263940353113e-08,1.111814757275839e-12,16.10602719999588
2858,33732.5484023682,657.314668105128,34389.86307047333,259.74044121918405,0.21194968726008465,112007822.55360875,0,False,3,0.914916677883027,0,7.233137209587176e-08,1.1441853867467979e-12,16.111345899997104
2859,33732.54839533153,657.3146751013529,34389.86307043288,259.7404411920929,0.21194968723797808,112007822.55360875,0,False,3,0.917295633120554,0,7.229942580023298e-08,1.1761328707346018e-12,16.116608799995447
2860,33732.54838810482,657.3146822864985,34389.86307039132,259.74044116427007,0.21194968721527452,112007822.55360875,0,False,3,0.9195443132877347,0,7.226681219883495e-08,1.208503500205783e-12,16.123036999997566
2861,33732.54838068881,657.3146896598541,34389.86307034866,259.7404411357184,0.2119496871919762,112007822.55360875,0,False,3,0.9216731786097809,0,7.22335426665242e-08,1.2404509841938144e-12,16.133318399995915
2862,33732.54837308422,657.3146972206953,34389.86307030491,259.7404411064408,0.21194968716808552,112007822.55360875,0,False,3,0.9236915953126076,0,7.219962712581065e-08,1.2721868954403305e-12,16.139358099993842
2863,33732.548365291776,657.3147049682826,34389.86307026006,259.7404410764399,0.21194968714360457,112007822.55360875,0,False,3,0.9256079753284939,0,7.216507654395127e-08,1.3043459521702338e-12,16.144428399995377
2864,33732.548357312255,657.314712901863,34389.863070214116,259.7404410457188,0.21194968711853598,112007822.55360875,0,False,3,0.9274298950868183,0,7.212990036303932e-08,1.3358702906753606e-12,16.149477499995555
2865,33732.54834914641,657.3147210206687,34389.86307016708,259.7404410142803,0.211949687092882,112007822.55360875,0,False,3,0.9291641969594342,0,7.20941082845634e-08,1.3678177746638808e-12,16.1553333999982
2866,33732.548340795045,657.3147293239174,34389.86307011896,259.74044098212755,0.2119496870666452,112007822.55360875,0,False,3,0.9308170762496849,0,7.205770902681545e-08,1.399130540427628e-12,16.16061059999629
2867,33732.54833225895,657.3147378108124,34389.86307006976,259.74044094926364,0.21194968703982803,112007822.55360875,0,False,3,0.9323941560762216,0,7.202071160569505e-08,1.4306548789331406e-12,16.165892499993788
2868,33732.54832353894,657.3147464805426,34389.863070019484,259.7404409156916,0.21194968701243305,112007822.55360875,0,False,3,0.9339005520751649,0,7.198312418831688e-08,1.4619676446971524e-12,16.171122699997795
2869,33732.548314635824,657.3147553322822,34389.86306996811,259.74044088141466,0.21194968698446287,112007822.55360875,0,False,3,0.9353409285021578,0,7.194495499548875e-08,1.4939151286862062e-12,16.176258199993754
2870,33732.54830555049,657.3147643651912,34389.86306991568,259.7404408464361,0.21194968695592017,112007822.55360875,0,False,3,0.936719547040866,0,7.190621183634128e-08,1.5245931762255891e-12,16.18159089999972
2871,33732.548296283756,657.3147735784153,34389.86306986217,259.7404408107592,0.21194968692680763,112007822.55360875,0,False,3,0.9380403094021824,0,7.186690188085504e-08,1.5559059419900188e-12,16.18704109999817
2872,33732.54828683651,657.3147829710871,34389.863069807594,259.7404407743873,0.21194968689712795,112007822.55360875,0,False,3,0.9393067946178,0,7.182703267699092e-08,1.5870071350129576e-12,16.192371499993897
2873,33732.54827720963,657.3147925423242,34389.863069751955,259.74044073732387,0.21194968686688398,112007822.55360875,0,False,3,0.9405222917844157,0,7.178661116933005e-08,1.6178967552944068e-12,16.197799299996404
2874,33732.54826740402,657.3148022912311,34389.863069695246,259.7404406995723,0.21194968683607845,112007822.55360875,0,False,3,0.9416898288939467,0,7.17456443237079e-08,1.648997948317642e-12,16.20279440000013
2875,33732.54825742059,657.3148122168991,34389.86306963749,259.7404406611361,0.21194968680471432,112007822.55360875,0,False,3,0.9428121982856035,0,7.170413825282941e-08,1.6794644231161185e-12,16.207629599994107
2876,33732.54824726026,657.3148223184068,34389.86306957866,259.74044062201887,0.21194968677279444,112007822.55360875,0,False,3,0.9438919791733417,0,7.166210006856548e-08,1.7105656161396603e-12,16.21306669999467
2877,33732.54823692397,657.3148325948192,34389.86306951879,259.7404405822242,0.21194968674032175,112007822.55360875,0,False,3,0.9449315576338684,0,7.161953622798805e-08,1.7410320909384467e-12,16.21832899999572
2878,33732.54822641268,657.3148430451897,34389.86306945787,259.74044054175573,0.21194968670729925,112007822.55360875,0,False,3,0.9459331443834135,0,7.157645271823057e-08,1.7714985657373915e-12,16.223572599999898
2879,33732.548215727336,657.3148536685597,34389.8630693959,259.74044050061724,0.21194968667373001,112007822.55360875,0,False,3,0.9468987906238281,0,7.153285590019778e-08,1.8019650405364972e-12,16.22905919999903
2880,33732.54820486893,657.3148644639581,34389.86306933289,259.7404404588124,0.211949686639617,112007822.55360875,0,False,3,0.9478304021985741,0,7.148875205947135e-08,1.8322199425941276e-12,16.234149199997773
2881,33732.54819383843,657.3148754304035,34389.86306926884,259.740440416345,0.21194968660496338,112007822.55360875,0,False,3,0.9487297522654735,0,7.14441474976104e-08,1.8624748446519237e-12,16.23933429999306
2882,33732.54818263684,657.3148865669034,34389.86306920375,259.7404403732189,0.21194968656977226,112007822.55360875,0,False,3,0.9495984926646243,0,7.139904823678556e-08,1.8927297467098875e-12,16.24495859999297
2883,33732.54817126517,657.3148978724546,34389.863069137624,259.740440329438,0.21194968653404678,112007822.55360875,0,False,3,0.9504381641357491,0,7.135346086694347e-08,1.922773076026382e-12,16.250093099995865
2884,33732.54815972443,657.314909346044,34389.863069070474,259.7404402850062,0.21194968649779014,112007822.55360875,0,False,3,0.9512502055187321,0,7.130739162942495e-08,1.952604832601409e-12,16.25578489999316
2885,33732.548148015645,657.3149209866498,34389.8630690023,259.7404402399274,0.21194968646100562,112007822.55360875,0,False,3,0.9520359620535963,0,7.126084651692359e-08,1.982436589176609e-12,16.261291699993308
2886,33732.548136139856,657.3149327932404,34389.8630689331,259.74044019420563,0.21194968642369638,112007822.55360875,0,False,3,0.9527966928812224,0,7.121383251660439e-08,2.012268345751986e-12,16.266365699993912
2887,33732.54812409809,657.3149447647758,34389.86306886286,259.7404401478449,0.21194968638586573,112007822.55360875,0,False,3,0.9535335778332711,0,7.116635584706263e-08,2.0423116750691836e-12,16.2720904999951
2888,33732.548111891425,657.3149569002084,34389.86306879163,259.74044010084924,0.21194968634751704,112007822.55360875,0,False,3,0.9542477235887569,0,7.111842320301632e-08,2.0712971406783533e-12,16.277314499995555
2889,33732.54809952089,657.3149691984827,34389.86306871937,259.7404400532227,0.2119496863086535,112007822.55360875,0,False,3,0.9549401692652046,0,7.107004128957652e-08,2.101128897254273e-12,16.28228559999843
2890,33732.548086987576,657.3149816585368,34389.86306864611,259.74044000496946,0.21194968626927857,112007822.55360875,0,False,3,0.9556118915041254,0,7.10212169125271e-08,2.13032593560545e-12,16.28738849999354
2891,33732.54807429254,657.3149942793018,34389.863068571845,259.74043995609367,0.21194968622939564,112007822.55360875,0,False,3,0.9562638091034213,0,7.097195701635159e-08,2.159522973956813e-12,16.292812399995455
2892,33732.54806143688,657.3150070597036,34389.86306849658,259.74043990659936,0.21194968618900803,112007822.55360875,0,False,3,0.9568967872431737,0,7.092226892249974e-08,2.1885084395667203e-12,16.298034599996754
2893,33732.54804842165,657.3150199986617,34389.863068420316,259.7404398564908,0.21194968614811915,112007822.55360875,0,False,3,0.9575116413458903,0,7.087215955930682e-08,2.2177054779184617e-12,16.303259399996023
2894,33732.54803524796,657.3150330950921,34389.86306834305,259.7404398057721,0.2119496861067324,112007822.55360875,0,False,3,0.9581091406076137,0,7.082163622038758e-08,2.2466909435287513e-12,16.310786099995312
2895,33732.54802191688,657.3150463479054,34389.863068264785,259.7404397544475,0.2119496860648512,112007822.55360875,0,False,3,0.9586900112322029,0,7.077070611978901e-08,2.275887981880881e-12,16.32023289999779
2896,33732.54800842954,657.3150597560091,34389.86306818555,259.74043970252126,0.2119496860224791,112007822.55360875,0,False,3,0.9592549393975224,0,7.071937694852306e-08,2.304027156524979e-12,16.330174899994745
2897,33732.547994787004,657.3150733183076,34389.86306810531,259.74043964999754,0.21194968597961947,112007822.55360875,0,False,3,0.9598045739791348,0,7.066765649607246e-08,2.3332241948775035e-12,16.3354704999947
2898,33732.547980990406,657.3150870337018,34389.86306802411,259.74043959688066,0.21194968593627578,112007822.55360875,0,False,3,0.9603395290543362,0,7.061555191885058e-08,2.3611517967803494e-12,16.341148199993768
2899,33732.54796704083,657.3151009010917,34389.86306794192,259.74043954317483,0.21194968589245153,112007822.55360875,0,False,3,0.9608603862069443,0,7.056307095636225e-08,2.389925689649982e-12,16.346416899999895
2900,33732.547952939385,657.3151149193749,34389.86306785876,259.7404394888843,0.21194968584815013,112007822.55360875,0,False,3,0.9613676966511135,0,7.051022167490267e-08,2.418276437036525e-12,16.351703999993333
2901,33732.547938687174,657.3151290874479,34389.86306777462,259.74043943401335,0.21194968580337512,112007822.55360875,0,False,3,0.9618619831905493,0,7.045701151992993e-08,2.446627184423272e-12,16.35709179999685
2902,33732.54792428532,657.3151434042071,34389.863067689526,259.74043937856624,0.21194968575812997,112007822.55360875,0,False,3,0.9623437420278342,0,7.040344890058046e-08,2.4743432135852795e-12,16.362206799996784
2903,33732.54790973491,657.3151578685483,34389.86306760346,259.74043932254716,0.21194968571241807,112007822.55360875,0,False,3,0.9628134444370816,0,7.034954081014766e-08,2.5026939609724405e-12,16.36742279999453
2904,33732.54789503707,657.3151724793681,34389.86306751644,259.74043926596056,0.2119496856662431,112007822.55360875,0,False,3,0.9632715383118254,0,7.029529575175105e-08,2.5304099901348634e-12,16.373146999998426
2905,33732.54788019289,657.3151872355636,34389.86306742846,259.74043920881047,0.21194968561960828,112007822.55360875,0,False,3,0.9637184495988772,0,7.024072152037271e-08,2.5583375920391467e-12,16.377995499999088
2906,33732.547865203494,657.3152021360335,34389.86306733953,259.7404391511014,0.21194968557251734,112007822.55360875,0,False,3,0.9641545836278388,0,7.018582534576538e-08,2.5858420484603412e-12,16.38278349999746
2907,33732.54785006998,657.3152171796779,34389.86306724966,259.7404390928374,0.2119496855249736,112007822.55360875,0,False,3,0.9645803263450347,0,7.013061558461854e-08,2.613346504881748e-12,16.388011899995035
2908,33732.547834793426,657.3152323653992,34389.863067158825,259.7404390340227,0.21194968547698045,112007822.55360875,0,False,3,0.964996045459788,0,7.007509957728793e-08,2.6412741067866745e-12,16.393074199993862
2909,33732.54781937496,657.3152476921023,34389.86306706706,259.74043897466163,0.21194968542854148,112007822.55360875,0,False,3,0.9654020915102275,0,7.00192851763786e-08,2.66835541772521e-12,16.39813349999895
2910,33732.547803815665,657.3152631586952,34389.86306697436,259.7404389147584,0.2119496853796601,112007822.55360875,0,False,3,0.9657987988551446,0,6.996317973348267e-08,2.6956483014056153e-12,16.403697099995043
2911,33732.54778811664,657.3152787640889,34389.86306688072,259.7404388543172,0.21194968533033973,112007822.55360875,0,False,3,0.9661864865978228,0,6.990679091177636e-08,2.7227296123445864e-12,16.408992499993474
2912,33732.547772278966,657.3152945071982,34389.863066786165,259.74043879334215,0.21194968528058375,112007822.55360875,0,False,3,0.966565459447225,0,6.985012586840895e-08,2.7495993505421235e-12,16.414023699995596
2913,33732.54775630373,657.3153103869419,34389.86306669067,259.74043873183757,0.21194968523039567,112007822.55360875,0,False,3,0.9669360085214439,0,6.979319181746288e-08,2.776892234223192e-12,16.419837599998573
2914,33732.54774019201,657.3153264022427,34389.86306659425,259.7404386698075,0.21194968517977875,112007822.55360875,0,False,3,0.9672984120978823,0,6.973599605685346e-08,2.8037619724211753e-12,16.424970099993516
2915,33732.54772394489,657.3153425520281,34389.86306649692,259.7404386072561,0.2119496851287365,112007822.55360875,0,False,3,0.9676529363142448,0,6.967854539468003e-08,2.8302085651360714e-12,16.430272599995078
2916,33732.54770756344,657.3153588352302,34389.86306639867,259.74043854418755,0.2119496850772722,112007822.55360875,0,False,3,0.9679998358240649,0,6.9620846569364e-08,2.8568667305928487e-12,16.43576679999387
2917,33732.54769104873,657.3153752507861,34389.86306629951,259.740438480606,0.21194968502538925,112007822.55360875,0,False,3,0.9683393544101703,0,6.956290623850686e-08,2.8833133233081956e-12,16.44073099999514
2918,33732.54767440181,657.3153917976382,34389.86306619945,259.74043841651536,0.21194968497309094,112007822.55360875,0,False,3,0.9686717255592106,0,6.950473079674689e-08,2.909759916023771e-12,16.445699500000046
2919,33732.547657623734,657.3154084747337,34389.86306609847,259.74043835191986,0.21194968492038063,112007822.55360875,0,False,3,0.9689971730000947,0,6.944632700396362e-08,2.9362065087395764e-12,16.45117239999672
2920,33732.54764071557,657.3154252810261,34389.8630659966,259.74043828682346,0.2119496848672616,112007822.55360875,0,False,3,0.9693159112089641,0,6.938770043860679e-08,2.9622299559722957e-12,16.456511299998965
2921,33732.54762367836,657.315442215474,34389.863065893835,259.74043822123025,0.21194968481373716,112007822.55360875,0,False,3,0.969628145883101,0,6.932885733769688e-08,2.988253403205245e-12,16.461866999998165
2922,33732.54760651313,657.3154592770421,34389.863065790174,259.74043815514415,0.21194968475981052,112007822.55360875,0,False,3,0.9699340743859814,0,6.92698034499349e-08,3.0142768504384273e-12,16.46712159999879
2923,33732.54758922092,657.3154764647004,34389.86306568562,259.7404380885692,0.21194968470548498,112007822.55360875,0,False,3,0.9702338861655042,0,6.921054449875763e-08,3.0403002976718445e-12,16.47234279999975
2924,33732.54757180276,657.3154937774249,34389.86306558018,259.7404380215093,0.21194968465076375,112007822.55360875,0,False,3,0.970527763147263,0,6.915108582252591e-08,3.065900599422174e-12,16.477680899995903
2925,33732.54755425967,657.315511214198,34389.863065473866,259.74043795396847,0.21194968459565003,112007822.55360875,0,False,3,0.9708158801045849,0,6.909143251116204e-08,3.091500901172739e-12,16.483029399998486
2926,33732.54753659266,657.3155287740077,34389.86306536667,259.74043788595054,0.211949684540147,112007822.55360875,0,False,3,0.9710984050069197,0,6.903159000380024e-08,3.1171012029235402e-12,16.488332799999625
2927,33732.547518802756,657.3155464558475,34389.8630652586,259.74043781745945,0.21194968448425788,112007822.55360875,0,False,3,0.9713754993480485,0,6.89715626328392e-08,3.1424899319329164e-12,16.493876399996225
2928,33732.547500890934,657.315564258718,34389.86306514965,259.74043774849895,0.21194968442798573,112007822.55360875,0,False,3,0.9716473184554572,0,6.891135539469892e-08,3.168090233684196e-12,16.49925649999932
2929,33732.54748285823,657.3155821816242,34389.863065039855,259.7404376790731,0.21194968437133385,112007822.55360875,0,False,3,0.9719140117821313,0,6.885097304415906e-08,3.1926326717273922e-12,16.504578699998092
2930,33732.5474647056,657.3156002235778,34389.86306492918,259.74043760918556,0.2119496843143052,112007822.55360875,0,False,3,0.9721757231819224,0,6.879041952863782e-08,3.2182329734791523e-12,16.510366199996497
2931,33732.54744643405,657.3156183835958,34389.86306481765,259.7404375388401,0.21194968425690291,112007822.55360875,0,False,3,0.972432591169558,0,6.872969958776428e-08,3.2431985570061593e-12,16.515457599998626
2932,33732.547428044556,657.3156366607009,34389.863064705256,259.7404374680406,0.21194968419913013,112007822.55360875,0,False,3,0.9726847491662854,0,6.866881659543858e-08,3.2681641405334087e-12,16.520504299995082
2933,33732.5474095381,657.3156550539212,34389.86306459202,259.7404373967908,0.21194968414098986,112007822.55360875,0,False,3,0.9729323257320669,0,6.86077748498494e-08,3.2927065785775663e-12,16.525984699997935
2934,33732.54739091564,657.3156735622902,34389.86306447793,259.7404373250944,0.21194968408248516,112007822.55360875,0,False,3,0.9731754447851788,0,6.854657788476551e-08,3.317460589363634e-12,16.5312358999945
2935,33732.54737217815,657.3156921848464,34389.863064363,259.7404372529551,0.21194968402361908,112007822.55360875,0,False,3,0.9734142258100047,0,6.848522933012116e-08,3.342003027408279e-12,16.536646999993536
2936,33732.54735332659,657.3157109206333,34389.86306424723,259.74043718037666,0.21194968396439468,112007822.55360875,0,False,3,0.9736487840537572,0,6.84237328269245e-08,3.3665454654531687e-12,16.541904599995178
2937,33732.547334361916,657.3157297686993,34389.863064130615,259.7404371073627,0.2119496839048149,112007822.55360875,0,False,3,0.9738792307128099,0,6.836209126482095e-08,3.390876330756635e-12,16.5468641999978
2938,33732.547315285075,657.315748728097,34389.863064013174,259.7404370339169,0.2119496838448827,112007822.55360875,0,False,3,0.9741056731092769,0,6.830030774391388e-08,3.414995623318677e-12,16.552101699999184
2939,33732.547296097015,657.3157677978841,34389.863063894896,259.7404369600429,0.2119496837846011,112007822.55360875,0,False,3,0.9743282148584276,0,6.823838572661039e-08,3.4393264886226376e-12,16.558106699994823
2940,33732.54727679867,657.315786977122,34389.863063775796,259.7404368857444,0.21194968372397305,112007822.55360875,0,False,3,0.9745469560274896,0,6.817632764236126e-08,3.463234208443503e-12,16.563189699998475
2941,33732.547257390994,657.3158062648763,34389.86306365587,259.74043681102484,0.2119496836630015,112007822.55360875,0,False,3,0.9747619932863513,0,6.811413628490173e-08,3.4873535010062895e-12,16.568272999997134
2942,33732.54723787491,657.3158256602161,34389.86306353513,259.74043673588795,0.21194968360168936,112007822.55360875,0,False,3,0.9749734200506426,0,6.805181469436546e-08,3.510838075344305e-12,16.573623899996164
2943,33732.547218251355,657.3158451622143,34389.86306341357,259.7404366603373,0.2119496835400396,112007822.55360875,0,False,3,0.9751813266176402,0,6.798936458479773e-08,3.5347457951659174e-12,16.57858059999853
2944,33732.54719852125,657.3158647699466,34389.863063291195,259.7404365843765,0.21194968347805512,112007822.55360875,0,False,3,0.9753858002954143,0,6.792678910282169e-08,3.558441942246107e-12,16.583624399994733
2945,33732.54717868552,657.3158844824922,34389.86306316801,259.740436508009,0.2119496834157388,112007822.55360875,0,False,3,0.9755869255256047,0,6.786408992267667e-08,3.581926516584872e-12,16.589439599993057
2946,33732.54715874509,657.3159042989325,34389.863063044024,259.7404364312384,0.21194968335309355,112007822.55360875,0,False,3,0.9757847840001912,0,6.78012695627521e-08,3.6054110909238895e-12,16.594753299999866
2947,33732.54713870089,657.3159242183522,34389.86306291924,259.74043635406827,0.2119496832901223,112007822.55360875,0,False,3,0.9759794547725988,0,6.773833000563943e-08,3.6284725197798037e-12,16.599835999993957
2948,33732.54711855382,657.3159442398379,34389.86306279366,259.74043627650207,0.21194968322682783,112007822.55360875,0,False,3,0.9761710143634545,0,6.767527316718202e-08,3.651745521377648e-12,16.605164999993576
2949,33732.5470983048,657.3159643624781,34389.863062667275,259.7404361985434,0.21194968316321314,112007822.55360875,0,False,3,0.9763595368612947,0,6.761210065257269e-08,3.675018522975746e-12,16.610711999994237
2950,33732.54707795475,657.3159845853635,34389.86306254011,259.74043612019574,0.21194968309928097,112007822.55360875,0,False,3,0.9765450940185029,0,6.754881436282924e-08,3.697656806349059e-12,16.61628579999524
2951,33732.54705750457,657.3160049075857,34389.86306241216,259.7404360414626,0.21194968303503428,112007822.55360875,0,False,3,0.9767277553427384,0,6.748541583888405e-08,3.720718235205984e-12,16.6228753999967
2952,33732.54703695518,657.3160253282384,34389.86306228342,259.74043596234753,0.21194968297047595,112007822.55360875,0,False,3,0.9769075881841018,0,6.742190665360543e-08,3.743568091321486e-12,16.62845009999728
2953,33732.547016307486,657.3160458464164,34389.863062153905,259.74043588285394,0.21194968290560873,112007822.55360875,0,False,3,0.9770846578182681,0,6.735828820305479e-08,3.765994801953877e-12,16.633491599997797
2954,33732.54699556239,657.3160664612149,34389.86306202361,259.7404358029854,0.21194968284043553,112007822.55360875,0,False,3,0.9772590275258022,0,6.729456165033786e-08,3.7888446580698885e-12,16.638657199997397
2955,33732.54697472082,657.3160871717303,34389.86306189255,259.7404357227454,0.21194968277495924,112007822.55360875,0,False,3,0.9774307586678609,0,6.723072822813402e-08,3.810848223219421e-12,16.643943999995827
2956,33732.546953783654,657.3161079770596,34389.86306176071,259.74043564213736,0.2119496827091826,112007822.55360875,0,False,3,0.9775999107584725,0,6.71667891395144e-08,3.833698079335946e-12,16.649515499993868
2957,33732.546932751815,657.3161288762996,34389.863061628115,259.7404355611649,0.2119496826431086,112007822.55360875,0,False,3,0.9777665415335723,0,6.710274525620614e-08,3.855701644485989e-12,16.655111299995042
2958,33732.5469116262,657.3161498685479,34389.863061494754,259.7404354798313,0.21194968257673993,112007822.55360875,0,False,3,0.9779307070169622,0,6.703859759883626e-08,3.8779167823779735e-12,16.661117399999057
2959,33732.54689040773,657.3161709529019,34389.86306136063,259.7404353981402,0.21194968251007953,112007822.55360875,0,False,3,0.9780924615833548,0,6.697434675141015e-08,3.900131920270215e-12,16.666323999997985
2960,33732.5468690973,657.3161921284591,34389.863061225755,259.74043531609516,0.2119496824431303,112007822.55360875,0,False,3,0.9782518580186513,0,6.690999354548021e-08,3.92192391267934e-12,16.671653199999128
2961,33732.54684769582,657.3162133943172,34389.86306109014,259.7404352336995,0.21194968237589495,112007822.55360875,0,False,3,0.9784089475775907,0,6.684553844336917e-08,3.94350433234703e-12,16.676869499999157
2962,33732.54682620419,657.3162347495723,34389.863060953765,259.7404351509568,0.21194968230837644,112007822.55360875,0,False,3,0.9785637800389086,0,6.678098205482358e-08,3.965507897498356e-12,16.68477019999409
2963,33732.54680462333,657.3162561933216,34389.86306081665,259.7404350678705,0.21194968224057759,112007822.55360875,0,False,3,0.9787164037581244,0,6.671632448801088e-08,3.9870883171665624e-12,16.690152499999385
2964,33732.54678295414,657.3162777246616,34389.8630606788,259.74043498444416,0.21194968217250118,112007822.55360875,0,False,3,0.9788668657180801,0,6.665156631951903e-08,4.008457164093333e-12,16.695431199994346
2965,33732.546761197525,657.3162993426874,34389.863060540214,259.7404349006813,0.21194968210415022,112007822.55360875,0,False,3,0.9790152115773374,0,6.658670755597721e-08,4.029826011020361e-12,16.700623199998518
2966,33732.54673935439,657.3163210464951,34389.86306040088,259.74043481658526,0.21194968203552736,112007822.55360875,0,False,3,0.9791614857165423,0,6.652174839519876e-08,4.051618003431034e-12,16.705874599996605
2967,33732.546717425656,657.3163428351787,34389.86306026083,259.7404347321597,0.21194968196663563,112007822.55360875,0,False,3,0.9793057312828535,0,6.645668844757188e-08,4.072352132133499e-12,16.711583999996947
2968,33732.54669541222,657.3163647078329,34389.86306012005,259.740434647408,0.21194968189747776,112007822.55360875,0,False,3,0.9794479902325275,0,6.639152823098388e-08,4.093720979061303e-12,16.716513499995926
2969,33732.546673315,657.316386663552,34389.863059978554,259.7404345623338,0.2119496818280567,112007822.55360875,0,False,3,0.9795883033717538,0,6.632626702421906e-08,4.1144551077642806e-12,16.72157769999467
2970,33732.54665113491,657.3164087014286,34389.86305983634,259.7404344769405,0.21194968175837528,112007822.55360875,0,False,3,0.9797267103958175,0,6.626090485584103e-08,4.13540080920921e-12,16.72975690000021
2971,33732.54662887284,657.3164308205563,34389.8630596934,259.7404343912316,0.21194968168843634,112007822.55360875,0,False,3,0.9798632499266725,0,6.619544074189718e-08,4.1563465106544e-12,16.73913139999786
2972,33732.54660652972,657.3164530200283,34389.86305954975,259.7404343052106,0.21194968161824274,112007822.55360875,0,False,3,0.9799979595489997,0,6.612987500819778e-08,4.177080639358151e-12,16.74484119999397
2973,33732.546584106465,657.3164752989372,34389.863059405405,259.74043421888115,0.2119496815477974,112007822.55360875,0,False,3,0.9801308758448195,0,6.60642065385522e-08,4.197391622578762e-12,16.749744900000223
2974,33732.546561603966,657.3164976563763,34389.863059260344,259.7404341322466,0.2119496814771031,112007822.55360875,0,False,3,0.9802620344267278,0,6.599843495573563e-08,4.2181257512830305e-12,16.755357599999115
2975,33732.54653902315,657.3165200914386,34389.863059114585,259.7404340453105,0.21194968140616274,112007822.55360875,0,False,3,0.9803914699698173,0,6.593255932068135e-08,4.238436734504158e-12,16.760950799995044
2976,33732.54651636491,657.3165426032176,34389.863058968134,259.7404339580764,0.2119496813349792,112007822.55360875,0,False,3,0.980519216242345,0,6.586657884040948e-08,4.25853614498384e-12,16.766334499996447
2977,33732.54649363017,657.3165651908073,34389.86305882098,259.7404338705477,0.2119496812635553,112007822.55360875,0,False,3,0.9806453061352034,0,6.580049296337978e-08,4.2790587009471854e-12,16.77193729999999
2978,33732.546470819834,657.3165878533026,34389.86305867314,259.7404337827279,0.21194968119189384,112007822.55360875,0,False,3,0.980769771690249,0,6.573430037557953e-08,4.2989465386856814e-12,16.777050099997723
2979,33732.54644793481,657.3166105897996,34389.86305852461,259.7404336946206,0.2119496811199978,112007822.55360875,0,False,3,0.98089264412754,0,6.566800014327248e-08,4.3190459491661385e-12,16.78200609999476
2980,33732.546424976004,657.3166333993953,34389.8630583754,259.7404336062293,0.21194968104787,112007822.55360875,0,False,3,0.9810139538715308,0,6.560159127279284e-08,4.338722214163444e-12,16.787447099995916
2981,33732.546401944324,657.3166562811884,34389.863058225514,259.7404335175574,0.21194968097551317,112007822.55360875,0,False,3,0.9811337305762713,0,6.553507262398926e-08,4.358398479161006e-12,16.792596799998137
2982,33732.54637884067,657.3166792342795,34389.86305807495,259.74043342860836,0.21194968090293026,112007822.55360875,0,False,3,0.9812520031496537,0,6.546844288704614e-08,4.378074744158823e-12,16.797885699998005
2983,33732.54635566594,657.3167022577715,34389.86305792371,259.74043333938573,0.21194968083012408,112007822.55360875,0,False,3,0.9813687997767477,0,6.540170093261499e-08,4.397962581898608e-12,16.803406199993333
2984,33732.546332421036,657.3167253507696,34389.86305777181,259.74043324989293,0.21194968075709744,112007822.55360875,0,False,3,0.9814841479422676,0,6.53348456481258e-08,4.417004128671816e-12,16.808572699999786
2985,33732.54630910685,657.3167485123815,34389.86305761924,259.74043316013336,0.21194968068385314,112007822.55360875,0,False,3,0.9815980744522028,0,6.526787506009258e-08,4.436468820928697e-12,16.813708799993037
2986,33732.54628572428,657.3167717417188,34389.863057466,259.7404330701105,0.21194968061039396,112007822.55360875,0,False,3,0.9817106054546547,0,6.520078848811734e-08,4.455933513185837e-12,16.819082099995285
2987,33732.54626227421,657.3167950378955,34389.863057312105,259.7404329798278,0.21194968053672275,112007822.55360875,0,False,3,0.9818217664599063,0,6.513358420244426e-08,4.474975059959812e-12,16.82436449999659
2988,33732.54623875754,657.3168184000301,34389.86305715757,259.7404328892887,0.21194968046284232,112007822.55360875,0,False,3,0.9819315823597653,0,6.506626057354845e-08,4.493593461250616e-12,16.82967519999511
2989,33732.54621517513,657.3168418272456,34389.863057002374,259.74043279849644,0.21194968038875533,112007822.55360875,0,False,3,0.9820400774462043,0,6.49988164846861e-08,4.5128465807668126e-12,16.83644909999566
2990,33732.546191527865,657.3168653186692,34389.86305684653,259.74043270745454,0.21194968031446462,112007822.55360875,0,False,3,0.9821472754293311,0,6.493125013299858e-08,4.5316765547998395e-12,16.844248399997014
2991,33732.54616781662,657.3168888734331,34389.863056690054,259.74043261616634,0.21194968023997293,112007822.55360875,0,False,3,0.9822531994547181,0,6.486356023385437e-08,4.55008338334969e-12,16.849823799995647
2992,33732.54614404225,657.3169124906751,34389.86305653293,259.7404325246351,0.2119496801652829,112007822.55360875,0,False,3,0.9823578721201132,0,6.479574503943878e-08,4.568913357383225e-12,16.85529989999486
2993,33732.546120205625,657.3169361695388,34389.863056375165,259.7404324328641,0.21194968009039725,112007822.55360875,0,False,3,0.9824613154915618,0,6.472780283192588e-08,4.5875317586752996e-12,16.860588199997437
2994,33732.54609630759,657.3169599091741,34389.86305621676,259.7404323408567,0.2119496800153187,112007822.55360875,0,False,3,0.9825635511189639,0,6.465973232899664e-08,4.60615015996763e-12,16.865817899997637
2995,33732.546072349,657.3169837087371,34389.863056057744,259.74043224861623,0.21194967994004993,112007822.55360875,0,False,3,0.9826646000510836,0,6.45915318178464e-08,4.6239222702933375e-12,16.870949299998756
2996,33732.5460483307,657.3170075673911,34389.863055898095,259.74043215614586,0.21194967986459357,112007822.55360875,0,False,3,0.9827644828500429,0,6.452319934269963e-08,4.6423290988444545e-12,16.876204399995913
2997,33732.54602425351,657.3170314843073,34389.86305573782,259.74043206344874,0.21194967978895218,112007822.55360875,0,False,3,0.9828632196053112,0,6.445473372416563e-08,4.660524354654105e-12,16.881652099997154
2998,33732.546000118266,657.3170554586641,34389.86305557693,259.7404319705281,0.21194967971312842,112007822.55360875,0,False,3,0.9829608299472161,0,6.438613295430957e-08,4.678508037722286e-12,16.887076999999408
2999,33732.54597592578,657.317079489649,34389.86305541543,259.7404318773871,0.21194967963712483,112007822.55360875,0,False,3,0.9830573330599938,0,6.431739564896629e-08,4.696068575307272e-12,16.892444699995394
3000,33732.54595167685,657.3171035764572,34389.863055253314,259.7404317840288,0.2119496795609439,112007822.55360875,0,False,3,0.9831527476943955,0,6.42485200713555e-08,4.714052258375955e-12,16.897905599995283
3001,33732.5459273723,657.3171277182934,34389.863055090595,259.7404316904563,0.21194967948458826,112007822.55360875,0,False,3,0.9832470921798697,0,6.417950431471215e-08,4.731612795961439e-12,16.903358699993987
3002,33732.5459030129,657.3171519143721,34389.86305492727,259.7404315966727,0.21194967940806028,112007822.55360875,0,False,3,0.9833403844363346,0,6.411034705783955e-08,4.749173333547173e-12,16.908805899998697
3003,33732.54587859942,657.3171761639171,34389.86305476334,259.74043150268085,0.21194967933136238,112007822.55360875,0,False,3,0.9834326419855582,0,6.404104654185037e-08,4.7669454438748845e-12,16.914491899995483
3004,33732.54585413265,657.3172004661628,34389.86305459881,259.74043140848386,0.2119496792544971,112007822.55360875,0,False,3,0.9835238819621621,0,6.397160086687717e-08,4.7840828359776625e-12,16.91990409999562
3005,33732.54582961335,657.3172248203545,34389.86305443371,259.7404313140846,0.2119496791774668,112007822.55360875,0,False,3,0.9836141211242594,0,6.39020086510801e-08,4.801008655338956e-12,16.925291599996854
3006,33732.54580504226,657.3172492257474,34389.86305426801,259.74043121948597,0.21194967910027374,112007822.55360875,0,False,3,0.9837033758637466,0,6.383226803753587e-08,4.8181460474422244e-12,16.930568299998413
3007,33732.5457804201,657.317273681609,34389.86305410171,259.7404311246907,0.21194967902292025,112007822.55360875,0,False,3,0.9837916622162577,0,6.376237737905974e-08,4.835706585029205e-12,16.93594729999313
3008,33732.54575574762,657.3172981872178,34389.86305393484,259.7404310297017,0.2119496789454087,112007822.55360875,0,False,3,0.9838789958707959,0,6.36923351793374e-08,4.852420831649507e-12,16.94141739999759
3009,33732.54573102553,657.3173227418648,34389.863053767396,259.7404309345217,0.2119496788677413,112007822.55360875,0,False,3,0.9839653921790542,0,6.362213968928721e-08,4.868923505528318e-12,16.946689099997457
3010,33732.545706254525,657.3173473448528,34389.86305359938,259.7404308391534,0.21194967878992022,112007822.55360875,0,False,3,0.9840508661644373,0,6.355178910193134e-08,4.885637752149104e-12,16.951898299994355
3011,33732.54568143528,657.3173719954967,34389.863053430774,259.7404307435994,0.2119496787119476,112007822.55360875,0,False,3,0.9841354325307938,0,6.348128215918178e-08,4.9027751442536085e-12,16.957388299997547
3012,33732.545656568494,657.3173966931254,34389.86305326162,259.74043064786235,0.2119496786338256,112007822.55360875,0,False,3,0.9842191056708731,0,6.341061682632154e-08,4.91864309990794e-12,16.962852799995744
3013,33732.545631654815,657.3174214370797,34389.863053091896,259.74043055194477,0.2119496785555563,112007822.55360875,0,False,3,0.9843018996745135,0,6.333979194309238e-08,4.935357346529459e-12,16.968147099993075
3014,33732.545606694905,657.3174462267144,34389.86305292162,259.74043045584915,0.21194967847714172,112007822.55360875,0,False,3,0.9843838283365739,0,6.326880535818207e-08,4.951436874926008e-12,16.973816499994427
3015,33732.54558168939,657.3174710613971,34389.863052750785,259.740430359578,0.21194967839858392,112007822.55360875,0,False,3,0.9844649051646158,0,6.319765580967956e-08,4.967516403322794e-12,16.979146399993624
3016,33732.54555663889,657.3174959405098,34389.8630525794,259.74043026313365,0.2119496783198848,112007822.55360875,0,False,3,0.9845451433863492,0,6.31263416545177e-08,4.983595931719821e-12,16.9842412999933
3017,33732.54553154401,657.3175208634478,34389.86305240746,259.7404301665184,0.21194967824104619,112007822.55360875,0,False,3,0.9846245559568461,0,6.305486122524667e-08,4.9996754601170875e-12,16.989600699998846
3018,33732.54550640536,657.3175458296207,34389.86305223498,259.74043006973466,0.21194967816207008,112007822.55360875,0,False,3,0.9847031555655302,0,6.29832131100878e-08,5.015543415772851e-12,16.9948993999933
3019,33732.54548122351,657.3175708384518,34389.86305206196,259.7404299727846,0.2119496780829583,112007822.55360875,0,False,3,0.9847809546429579,0,6.291139571821097e-08,5.030988225945364e-12,17.00048959999549
3020,33732.545455999025,657.3175958893795,34389.8630518884,259.7404298756704,0.21194967800371253,112007822.55360875,0,False,3,0.9848579653673867,0,6.283940741295512e-08,5.046856181601602e-12,17.006698199998937
3021,33732.54543073246,657.3176209818556,34389.86305171432,259.7404297783942,0.21194967792433458,112007822.55360875,0,False,3,0.9849341996711478,0,6.276724672160487e-08,5.0620894190328386e-12,17.01160429999436
3022,33732.54540542435,657.3176461153466,34389.8630515397,259.740429680958,0.21194967784482613,112007822.55360875,0,False,3,0.9850096692468265,0,6.269491224439091e-08,5.077534229206054e-12,17.01657869999326
3023,33732.54538007522,657.3176712893337,34389.863051364555,259.74042958336395,0.2119496777651888,112007822.55360875,0,False,3,0.9850843855532553,0,6.26224024365589e-08,5.092979039379506e-12,17.021891899996263
3024,33732.545354685586,657.3176965033119,34389.8630511889,259.7404294856139,0.21194967768542422,112007822.55360875,0,False,3,0.9851583598213295,0,6.254971598543792e-08,5.107789131327943e-12,17.027111099996546
3025,33732.545329255925,657.3177217567917,34389.86305101272,259.74042938770975,0.21194967760553388,112007822.55360875,0,False,3,0.9852316030596494,0,6.247685114042082e-08,5.123022368760108e-12,17.032398899995314
3026,33732.54530378673,657.317747049297,34389.86305083602,259.74042928965343,0.21194967752551935,112007822.55360875,0,False,3,0.9853041260599963,0,6.240380670485886e-08,5.1380440334507555e-12,17.037830599998415
3027,33732.545278278456,657.3177723803668,34389.86305065882,259.74042919144665,0.21194967744538204,112007822.55360875,0,False,3,0.9853759394026456,0,6.233058133813443e-08,5.152642552658128e-12,17.042854100000113
3028,33732.54525273156,657.3177977495537,34389.86305048111,259.74042909309117,0.2119496773651234,112007822.55360875,0,False,3,0.9854470534615268,0,6.225717357960932e-08,5.167664217349234e-12,17.04798209999717
3029,33732.54522714647,657.3178231564256,34389.86305030289,259.7404289945886,0.2119496772847448,112007822.55360875,0,False,3,0.9855174784092318,0,6.21835821021277e-08,5.182262736557062e-12,17.053467799996724
3030,33732.54520152363,657.3178486005636,34389.86305012419,259.74042889594074,0.21194967720424754,112007822.55360875,0,False,3,0.9855872242218772,0,6.210980567369164e-08,5.196226537539848e-12,17.058945400000084
3031,33732.54517586342,657.317874081563,34389.86304994499,259.74042879714904,0.21194967712363294,112007822.55360875,0,False,3,0.9856563006838277,0,6.203584297943686e-08,5.211036629489881e-12,17.064114199994947
3032,33732.545150166254,657.3178995990334,34389.863049765285,259.740428698215,0.21194967704290218,112007822.55360875,0,False,3,0.985724717392284,0,6.1961692739641e-08,5.2254235759566285e-12,17.069330899998022
3033,33732.54512443251,657.3179251525977,34389.8630495851,259.74042859914016,0.21194967696205655,112007822.55360875,0,False,3,0.9857924837617377,0,6.188735368699e-08,5.2393873769400815e-12,17.074529199999233
3034,33732.54509866256,657.3179507418924,34389.86304940445,259.7404284999259,0.21194967688109714,112007822.55360875,0,False,3,0.9858596090283016,0,6.181282481813443e-08,5.253139605181993e-12,17.079579399993236
3035,33732.54507285674,657.3179763665676,34389.863049223306,259.74042840057353,0.21194967680002505,112007822.55360875,0,False,3,0.9859261022539157,0,6.17381049539285e-08,5.267314978907644e-12,17.085948899999494
3036,33732.5450470154,657.3180020262862,34389.86304904169,259.7404283010845,0.2119496767188414,112007822.55360875,0,False,3,0.9859919723304367,0,6.166319292219904e-08,5.281067207149994e-12,17.091201600000204
3037,33732.54502113888,657.3180277207242,34389.8630488596,259.7404282014599,0.21194967663754719,112007822.55360875,0,False,3,0.98605722798361,0,6.15880876007409e-08,5.294819435392561e-12,17.09633319999557
3038,33732.54499522749,657.3180534495699,34389.863048677056,259.7404281017011,0.21194967655614347,112007822.55360875,0,False,3,0.9861218777769333,0,6.151278818931082e-08,5.308148518151815e-12,17.10140749999846
3039,33732.544969281524,657.3180792125243,34389.86304849405,259.7404280018092,0.2119496764746311,112007822.55360875,0,False,3,0.9861859301154119,0,6.143729354002194e-08,5.321477600911282e-12,17.106578599996283
3040,33732.54494330127,657.3181050093004,34389.863048310566,259.7404279017853,0.21194967639301102,112007822.55360875,0,False,3,0.9862493932492103,0,6.136160265136826e-08,5.3354414018962644e-12,17.112228599995433
3041,33732.54491728702,657.3181308396227,34389.863048126645,259.7404278016305,0.2119496763112841,112007822.55360875,0,False,3,0.9863122752772026,0,6.128571471890032e-08,5.3481357664308574e-12,17.117535899997165
3042,33732.54489123904,657.3181567032277,34389.86304794227,259.7404277013459,0.2119496762294513,112007822.55360875,0,False,3,0.9863745841504266,0,6.12096287755282e-08,5.361253276449193e-12,17.123470099999395
3043,33732.54486515758,657.318182599863,34389.86304775744,259.7404276009323,0.21194967614751326,112007822.55360875,0,False,3,0.9864363276754428,0,6.113334443359967e-08,5.374582359209511e-12,17.12906759999896
3044,33732.54483904289,657.3182085292866,34389.86304757217,259.7404275003908,0.2119496760654708,112007822.55360875,0,False,3,0.9864975135176035,0,6.105686026115115e-08,5.387276723744728e-12,17.134005299994897
3045,33732.544812895205,657.3182344912677,34389.863047386476,259.7404273997223,0.21194967598332473,112007822.55360875,0,False,3,0.9865581492042313,0,6.098017612691077e-08,5.399759515538375e-12,17.139062499998545
3046,33732.54478671475,657.3182604855851,34389.863047200335,259.7404272989276,0.2119496759010757,112007822.55360875,0,False,3,0.9866182421277148,0,6.090329108505432e-08,5.412665452815774e-12,17.144397999996727
3047,33732.54476050174,657.3182865120282,34389.863047013765,259.7404271980076,0.21194967581872434,112007822.55360875,0,False,3,0.9866777995485188,0,6.082620452202191e-08,5.425148244609832e-12,17.14960859999701
3048,33732.54473425638,657.3183125703952,34389.86304682677,259.740427096963,0.2119496757362714,112007822.55360875,0,False,3,0.9867368285981162,0,6.074891552103127e-08,5.4374194636623145e-12,17.155024399995455
3049,33732.54470797886,657.3183386604937,34389.86304663935,259.7404269957946,0.21194967565371742,112007822.55360875,0,False,3,0.9867953362818408,0,6.067142410672437e-08,5.449902255456776e-12,17.160718299994187
3050,33732.54468166937,657.3183647821406,34389.863046451515,259.7404268945032,0.211949675571063,112007822.55360875,0,False,3,0.9868533294816652,0,6.059372967977719e-08,5.4619619017678835e-12,17.1660683999944
3051,33732.5446553281,657.3183909351604,34389.86304626326,259.74042679308934,0.21194967548830876,112007822.55360875,0,False,3,0.9869108149589054,0,6.05158317714428e-08,5.474233120820968e-12,17.17153379999945
3052,33732.54462895521,657.3184171193866,34389.8630460746,259.7404266915538,0.21194967540545517,112007822.55360875,0,False,3,0.9869677993568551,0,6.043772969889551e-08,5.48586962164891e-12,17.177188299996487
3053,33732.54460255087,657.31844333466,34389.86304588553,259.74042658989714,0.21194967532250275,112007822.55360875,0,False,3,0.9870242892033497,0,6.035942337234376e-08,5.497717695218826e-12,17.1825949999984
3054,33732.54457611524,657.3184695808286,34389.86304569607,259.74042648812,0.21194967523945205,112007822.55360875,0,False,3,0.9870802909132663,0,6.028091261702187e-08,5.509354196047154e-12,17.188309999997728
3055,33732.54454964845,657.318495857748,34389.8630455062,259.74042638622296,0.21194967515630345,112007822.55360875,0,False,3,0.9871358107909564,0,6.0202196990896e-08,5.520990696875673e-12,17.193750299993553
3056,33732.54452315066,657.3185221652801,34389.86304531594,259.74042628420654,0.21194967507305748,112007822.55360875,0,False,3,0.9871908550326172,0,6.012327633597505e-08,5.5324156249625994e-12,17.199426799998037
3057,33732.544496622,657.3185485032933,34389.8630451253,259.74042618207125,0.21194967498971448,112007822.55360875,0,False,3,0.9872454297286025,0,6.00441504228336e-08,5.543628980307928e-12,17.204898399999365
3058,33732.54447006259,657.3185748716621,34389.86304493425,259.74042607981755,0.2119496749062749,112007822.55360875,0,False,3,0.9872995408656738,0,5.9964819428418e-08,5.5552654811370204e-12,17.210240599997633
3059,33732.54444347257,657.3186012702668,34389.86304474284,259.7404259774461,0.2119496748227392,112007822.55360875,0,False,3,0.987353194329194,0,5.988528316463421e-08,5.5660556909991474e-12,17.21550909999496
3060,33732.544416852055,657.3186276989928,34389.86304455105,259.74042587495717,0.21194967473910764,112007822.55360875,0,False,3,0.9874063959052665,0,5.980554162090978e-08,5.5768459008614546e-12,17.220998699995107
3061,33732.544390201154,657.3186541577307,34389.863044358885,259.7404257723513,0.21194967465538064,112007822.55360875,0,False,3,0.9874591512828198,0,5.972559475740519e-08,5.587847683465735e-12,17.226303699993878
3062,33732.54436351997,657.3186806463763,34389.86304416635,259.74042566962873,0.21194967457155847,112007822.55360875,0,False,3,0.9875114660556398,0,5.964544302896006e-08,5.5986378933284055e-12,17.231472199993732
3063,33732.54433680862,657.3187071648291,34389.86304397345,259.7404255667901,0.21194967448764157,112007822.55360875,0,False,3,0.9875633457243508,0,5.956508610890069e-08,5.609216530449463e-12,17.23698019999574
3064,33732.54431006719,657.3187337129932,34389.863043780184,259.74042546383566,0.21194967440363013,112007822.55360875,0,False,3,0.9876147956983485,0,5.9484524544723983e-08,5.6197951675706995e-12,17.24236689999816
3065,33732.54428329579,657.3187602907772,34389.86304358657,259.74042536076587,0.2119496743195246,112007822.55360875,0,False,3,0.987665821297684,0,5.9403758462615206e-08,5.62995065920852e-12,17.24765149999439
3066,33732.54425649451,657.3187868980922,34389.8630433926,259.740425257581,0.21194967423532518,112007822.55360875,0,False,3,0.9877164277549009,0,5.932278800577349e-08,5.64031772358831e-12,17.257035999995423
3067,33732.544229663436,657.318813534854,34389.86304319829,259.7404251542814,0.2119496741510321,112007822.55360875,0,False,3,0.987766620216829,0,5.924161392854389e-08,5.650261642484677e-12,17.26415289999568
3068,33732.544202802645,657.3188402009805,34389.86304300363,259.74042505086743,0.2119496740666457,112007822.55360875,0,False,3,0.9878164037463318,0,5.916023619652072e-08,5.660417134123013e-12,17.270088499994017
3069,33732.54417591223,657.318866896393,34389.863042808625,259.7404249473394,0.21194967398216624,112007822.55360875,0,False,3,0.9878657833240136,0,5.9078655605209556e-08,5.67036105301972e-12,17.276004599996668
3070,33732.544148992274,657.3188936210161,34389.86304261329,259.74042484369767,0.21194967389759398,112007822.55360875,0,False,3,0.9879147638498831,0,5.8996872209710906e-08,5.680093399174793e-12,17.282359400000132
3071,33732.54412204285,657.3189203747762,34389.86304241762,259.7404247399424,0.2119496738129291,112007822.55360875,0,False,3,0.9879633501449782,0,5.8914887156113726e-08,5.6896141725882285e-12,17.28858589999436
3072,33732.54409506403,657.3189471576023,34389.86304222164,259.74042463607407,0.21194967372817194,112007822.55360875,0,False,3,0.9880115469529512,0,5.8832700351980205e-08,5.698923373260021e-12,17.294010999998136
3073,33732.5440680559,657.3189739694262,34389.863042025325,259.7404245320928,0.21194967364332262,112007822.55360875,0,False,3,0.9880593589416159,0,5.875031292049764e-08,5.708444146673779e-12,17.29973389999941
3074,33732.544041018504,657.319000810181,34389.863041828685,259.7404244279989,0.2119496735583814,112007822.55360875,0,False,3,0.9881067907044573,0,5.8667725352397524e-08,5.7179649200876995e-12,17.305693399997836
3075,33732.544013951934,657.3190276798027,34389.86304163174,259.7404243237927,0.21194967347334856,112007822.55360875,0,False,3,0.9881538467621062,0,5.858493845077882e-08,5.726850975276358e-12,17.31118019999849
3076,33732.54398685625,657.3190545782282,34389.86304143448,259.7404242194744,0.2119496733882242,112007822.55360875,0,False,3,0.9882005315637787,0,5.850195267277433e-08,5.7359486032069784e-12,17.31648359999963
3077,33732.54395973151,657.3190815053972,34389.86304123691,259.74042411504416,0.21194967330300854,112007822.55360875,0,False,3,0.9882468494886808,0,5.841876896885267e-08,5.7450462311377556e-12,17.32164919999923
3078,33732.5439325778,657.3191084612498,34389.86304103905,259.74042401050247,0.21194967321770192,112007822.55360875,0,False,3,0.9882928048473806,0,5.833538845257172e-08,5.753509140843252e-12,17.32699529999809
3079,33732.54390539515,657.3191354457294,34389.86304084088,259.7404239058493,0.21194967313230434,112007822.55360875,0,False,3,0.9883384018831489,0,5.825181176164776e-08,5.762395196032522e-12,17.332961899999646
3080,33732.54387818364,657.3191624587795,34389.86304064242,259.74042380108506,0.21194967304681614,112007822.55360875,0,False,3,0.9883836447732678,0,5.8168039740420945e-08,5.770858105738316e-12,17.338659899993218
3081,33732.54385094334,657.3191895003458,34389.863040443684,259.74042369621,0.21194967296123746,112007822.55360875,0,False,3,0.9884285376303082,0,5.8084073474896274e-08,5.7788978699606246e-12,17.344582599995192
3082,33732.54382367428,657.3192165703754,34389.86304024465,259.74042359122416,0.21194967287556843,112007822.55360875,0,False,3,0.9884730845033793,0,5.79999141314835e-08,5.787572352408524e-12,17.349715699994704
3083,33732.54379637652,657.3192436688171,34389.86304004534,259.74042348612784,0.21194967278980922,112007822.55360875,0,False,3,0.9885172893793485,0,5.79155625549555e-08,5.795612116631119e-12,17.354986099999223
3084,33732.54376905013,657.3192707956209,34389.863039845746,259.7404233809213,0.2119496727039601,112007822.55360875,0,False,3,0.9885611561840327,0,5.783101997461569e-08,5.803863453595673e-12,17.360487499994633
3085,33732.54374169515,657.3192979507385,34389.86303964589,259.7404232756047,0.21194967261802117,112007822.55360875,0,False,3,0.9886046887833632,0,5.774628743215949e-08,5.811480072334908e-12,17.36570219999703
3086,33732.54371431164,657.3193251341231,34389.863039445765,259.7404231701783,0.2119496725319926,112007822.55360875,0,False,3,0.9886478909845237,0,5.766136612701852e-08,5.8193082638160985e-12,17.371255199999723
3087,33732.54368689965,657.3193523457296,34389.86303924538,259.7404230646422,0.21194967244587454,112007822.55360875,0,False,3,0.9886907665370621,0,5.7576257377680707e-08,5.826924882555601e-12,17.376723499997752
3088,33732.54365945921,657.3193795855144,34389.86303904472,259.74042295899653,0.21194967235966708,112007822.55360875,0,False,3,0.9887333191339783,0,5.749096203954711e-08,5.834753074037062e-12,17.381729699998687
3089,33732.54363199039,657.3194068534358,34389.863038843825,259.7404228532416,0.21194967227337047,112007822.55360875,0,False,3,0.9887755524127849,0,5.740548194154834e-08,5.841734974551357e-12,17.38700849999441
3090,33732.543604493214,657.3194341494536,34389.86303864267,259.7404227473776,0.2119496721869848,112007822.55360875,0,False,3,0.9888174699565481,0,5.7319817803357716e-08,5.849351593291255e-12,17.39314749999903
3091,33732.543576967735,657.31946147353,34389.86303844127,259.74042264140456,0.2119496721005102,112007822.55360875,0,False,3,0.9888590752949011,0,5.7233971507511744e-08,5.856333493805802e-12,17.398440799996024
3092,33732.54354941399,657.3194888256289,34389.863038239615,259.7404225353227,0.2119496720139468,112007822.55360875,0,False,3,0.9889003719050378,0,5.7147944205538605e-08,5.863738539804131e-12,17.403521999993245
3093,33732.54352183202,657.3195162057161,34389.863038037736,259.7404224291322,0.21194967192729475,112007822.55360875,0,False,3,0.9889413632126827,0,5.706173732567043e-08,5.870297294835267e-12,17.40881029999582
3094,33732.543494221856,657.3195436137601,34389.86303783562,259.7404223228331,0.21194967184055408,112007822.55360875,0,False,3,0.9889820525930406,0,5.6975352287714704e-08,5.877279195350182e-12,17.414051899999322
3095,33732.54346658354,657.3195710497312,34389.86303763327,259.7404222164257,0.21194967175372503,112007822.55360875,0,False,3,0.989022443371725,0,5.6888790676272124e-08,5.883837950381554e-12,17.419107899993833
3096,33732.5434389171,657.3195985136022,34389.8630374307,259.74042210990996,0.21194967166680756,112007822.55360875,0,False,3,0.989062538825665,0,5.6802053870587373e-08,5.890396705413041e-12,17.425070599994797
3097,33732.543411222556,657.3196260053487,34389.86303722791,259.740422003286,0.21194967157980182,112007822.55360875,0,False,3,0.9891023421839937,0,5.671514317478544e-08,5.8969554604446445e-12,17.430793599996832
3098,33732.54338349995,657.3196535249493,34389.8630370249,259.74042189655404,0.2119496714927079,112007822.55360875,0,False,3,0.9891418566289175,0,5.662806073301673e-08,5.903091069992691e-12,17.43622069999401
3099,33732.543355749294,657.3196810723848,34389.863036821676,259.7404217897141,0.21194967140552592,112007822.55360875,0,False,3,0.9891810852965646,0,5.654080764271575e-08,5.9094382522826826e-12,17.441857599995274
3100,33732.543327970605,657.3197086476393,34389.86303661825,259.7404216827662,0.21194967131825582,112007822.55360875,0,False,3,0.9892200312778167,0,5.6453385952909197e-08,5.9153622890891085e-12,17.447489499994845
3101,33732.54330016391,657.3197362506994,34389.86303641461,259.7404215757105,0.21194967123089775,112007822.55360875,0,False,3,0.9892586976191228,0,5.636579670732365e-08,5.921497898637481e-12,17.45339049999893
3102,33732.54327232922,657.319763881556,34389.86303621077,259.740421468547,0.21194967114345173,112007822.55360875,0,False,3,0.9892970873232942,0,5.627804199286829e-08,5.927210362702277e-12,17.458960099997057
3103,33732.54324446654,657.319791540203,34389.86303600675,259.74042136127576,0.21194967105591778,112007822.55360875,0,False,3,0.9893352033502844,0,5.619012342791488e-08,5.932711254025333e-12,17.464280499996676
3104,33732.543216575876,657.3198192266374,34389.86303580251,259.7404212538968,0.21194967096829592,112007822.55360875,0,False,3,0.9893730486179503,0,5.6102042540125106e-08,5.938846863574019e-12,17.46977329999936
3105,33732.54318865725,657.3198469408599,34389.86303559811,259.74042114641014,0.2119496708805862,112007822.55360875,0,False,3,0.9894106260027984,0,5.601380124301478e-08,5.94371303667174e-12,17.474731499998597
3106,33732.54316071064,657.3198746828754,34389.863035393515,259.7404210388157,0.21194967079278854,112007822.55360875,0,False,3,0.9894479383407154,0,5.5925400949020116e-08,5.94921392799509e-12,17.47980679999455
3107,33732.54313273605,657.3199024526928,34389.86303518874,259.74042093111365,0.21194967070490303,112007822.55360875,0,False,3,0.9894849884276828,0,5.5836843835373756e-08,5.954503246576688e-12,17.48537469999428
3108,33732.543104733464,657.3199302503245,34389.86303498379,259.74042082330374,0.21194967061692951,112007822.55360875,0,False,3,0.9895217790204763,0,5.574813131088951e-08,5.959580992416533e-12,17.490691799997876
3109,33732.54307670289,657.3199580757872,34389.863034778675,259.7404207153861,0.21194967052886812,112007822.55360875,0,False,3,0.9895583128373504,0,5.565926523316579e-08,5.964447165514616e-12,17.496075799994287
3110,33732.54304864429,657.3199859291022,34389.8630345734,259.7404206073606,0.21194967044071866,112007822.55360875,0,False,3,0.9895945925587106,0,5.557024761296804e-08,5.969101765870936e-12,17.501914199994644
3111,33732.54302055765,657.3200138102949,34389.86303436795,259.74042049922707,0.2119496703524811,112007822.55360875,0,False,3,0.9896306208277688,0,5.548108006320374e-08,5.974179511711044e-12,17.50704649999534
3112,33732.54299244293,657.3200417193951,34389.86303416233,259.7404203909855,0.21194967026415534,112007822.55360875,0,False,3,0.9896664002511865,0,5.5391763995972545e-08,5.9790456848093895e-12,17.511975800000073
3113,33732.54296430014,657.3200696564376,34389.86303395658,259.7404202826358,0.21194967017574137,112007822.55360875,0,False,3,0.9897019333997055,0,5.530230187429966e-08,5.982853994198543e-12,17.51739169999928
3114,33732.5429361292,657.3200976214611,34389.863033750655,259.74042017417776,0.211949670087239,112007822.55360875,0,False,3,0.9897372228087635,0,5.5212695611995954e-08,5.987931740038908e-12,17.5225838999977
3115,33732.542907930096,657.3201256145097,34389.86303354461,259.74042006561126,0.21194966999864812,112007822.55360875,0,False,3,0.9897722709790996,0,5.5122946343139644e-08,5.991528476686354e-12,17.527855799999088
3116,33732.54287970277,657.3201536356319,34389.863033338406,259.74041995693614,0.2119496699099686,112007822.55360875,0,False,3,0.9898070803773446,0,5.503305665308613e-08,5.995971504301305e-12,17.533400499996787
3117,33732.54285144718,657.3201816848809,34389.86303313206,259.74041984815216,0.21194966982120025,112007822.55360875,0,False,3,0.9898416534366021,0,5.494302758161078e-08,6.000202959174474e-12,17.538650199996482
3118,33732.54282316328,657.3202097623152,34389.8630329256,259.7404197392592,0.21194966973234297,112007822.55360875,0,False,3,0.9898759925570155,0,5.485286183331058e-08,6.003588123080271e-12,17.543995199994242
3119,33732.542794851,657.3202378679978,34389.863032719,259.740419630257,0.21194966964339657,112007822.55360875,0,False,3,0.9899101001063246,0,5.476256071968705e-08,6.007608005211719e-12,17.549509199998283
3120,33732.54276651027,657.3202660019967,34389.863032512265,259.74041952114527,0.21194966955436076,112007822.55360875,0,False,3,0.9899439784204114,0,5.46721263645567e-08,6.011416314601374e-12,17.55543129999569
3121,33732.54273814103,657.3202941643849,34389.86303230542,259.74041941192377,0.21194966946523539,112007822.55360875,0,False,3,0.989977629803833,0,5.45815605021714e-08,6.014801478507367e-12,17.561172999994596
3122,33732.54270974321,657.3203223552401,34389.86303209845,259.7404193025922,0.21194966937602022,112007822.55360875,0,False,3,0.9900110565303464,0,5.449086518854946e-08,6.018186642413421e-12,17.566680399999314
3123,33732.54268131673,657.3203505746451,34389.86303189137,259.74041919315033,0.211949669286715,112007822.55360875,0,False,3,0.9900442608434212,0,5.4400041908793806e-08,6.0215718063195355e-12,17.57208299999911
3124,33732.542652861506,657.3203788226871,34389.863031684195,259.74041908359777,0.2119496691973195,112007822.55360875,0,False,3,0.9900772449567418,0,5.4309092869024976e-08,6.024322252000101e-12,17.577624300000025
3125,33732.54262437744,657.3204070994584,34389.8630314769,259.7404189739342,0.2119496691078334,112007822.55360875,0,False,3,0.9901100110547005,0,5.4218019733027546e-08,6.027707415906331e-12,17.58300049999525
3126,33732.54259586445,657.3204354050562,34389.8630312695,259.74041886415927,0.2119496690182564,112007822.55360875,0,False,3,0.9901425612928814,0,5.412682452871305e-08,6.030881007070749e-12,17.588510800000222
3127,33732.54256732243,657.3204637395818,34389.863031062014,259.7404187542726,0.21194966892858824,112007822.55360875,0,False,3,0.9901748977985322,0,5.403550926211462e-08,6.033419880009604e-12,17.59425029999693
3128,33732.54253875129,657.3204921031418,34389.86303085443,259.74041864427375,0.21194966883882857,112007822.55360875,0,False,3,0.99020702267103,0,5.3944075418584536e-08,6.0361703256903795e-12,17.5996290999974
3129,33732.54251015091,657.3205204958464,34389.86303064675,259.74041853416236,0.21194966874897705,112007822.55360875,0,False,3,0.9902389379823359,0,5.385252514150381e-08,6.0389207713712054e-12,17.60526899999968
3130,33732.54248152119,657.3205489178107,34389.863030438995,259.74041842393797,0.2119496686590333,112007822.55360875,0,False,3,0.9902706457774411,0,5.376086019631179e-08,6.041248071568326e-12,17.61083199999848
3131,33732.542452862,657.3205773691536,34389.86303023115,259.7404183136002,0.21194966856899705,112007822.55360875,0,False,3,0.9903021480748041,0,5.366908231949762e-08,6.043786944507367e-12,17.616231699998025
3132,33732.54242417324,657.3206058499987,34389.86303002324,259.7404182031485,0.21194966847886787,112007822.55360875,0,False,3,0.9903334468667806,0,5.35771936149921e-08,6.045691099220814e-12,17.62362029999349
3133,33732.54239545477,657.320634360473,34389.86302981525,259.7404180925825,0.21194966838864535,112007822.55360875,0,False,3,0.9903645441200436,0,5.348519579364527e-08,6.0480183994180584e-12,17.628846699997666
3134,33732.54236670648,657.3206629007074,34389.86302960719,259.7404179819016,0.21194966829832912,112007822.55360875,0,False,3,0.9903954417759961,0,5.339309066635692e-08,6.04992255413158e-12,17.63400669999828
3135,33732.54233792822,657.3206914708362,34389.86302939906,259.74041787110536,0.21194966820791875,112007822.55360875,0,False,3,0.9904261417511763,0,5.3300880187318316e-08,6.052249854328904e-12,17.639269899998908
3136,33732.54230911988,657.3207200709973,34389.86302919088,259.74041776019334,0.2119496681174139,112007822.55360875,0,False,3,0.9904566459376537,0,5.320856603937411e-08,6.053519290816844e-12,17.64441519999673
3137,33732.5422802813,657.320748701332,34389.86302898263,259.74041764916484,0.211949668026814,112007822.55360875,0,False,3,0.9904869562034191,0,5.311615003641466e-08,6.055423445530467e-12,17.64956969999912
3138,33732.54225141235,657.320777361984,34389.863028774336,259.74041753801947,0.21194966793611875,112007822.55360875,0,False,3,0.9905170743927663,0,5.302363399268682e-08,6.056904454760349e-12,17.655408200000238
3139,33732.542222512886,657.3208060531005,34389.86302856599,259.7404174267566,0.21194966784532762,112007822.55360875,0,False,3,0.9905470023266669,0,5.293101968778704e-08,6.058385463990257e-12,17.660900699993363
3140,33732.54219358276,657.3208347748305,34389.86302835759,259.7404173153757,0.21194966775444013,112007822.55360875,0,False,3,0.9905767418031377,0,5.2838309086853484e-08,6.0598664732201926e-12,17.66631849999976
3141,33732.542164621824,657.3208635273255,34389.86302814915,259.7404172038762,0.2119496676634559,112007822.55360875,0,False,3,0.990606294597602,0,5.274550385897225e-08,6.0611359097082644e-12,17.67224129999522
3142,33732.54213562994,657.3208923107395,34389.86302794068,259.7404170922575,0.2119496675723744,112007822.55360875,0,False,3,0.9906356624632424,0,5.265260530774301e-08,6.0619822007125725e-12,17.67732199999591
3143,33732.54210660695,657.3209211252278,34389.86302773217,259.740416980519,0.21194966748119518,112007822.55360875,0,False,3,0.9906648471313493,0,5.255961610265187e-08,6.063040064458791e-12,17.682517299996107
3144,33732.54207755269,657.3209499709473,34389.863027523636,259.7404168686602,0.21194966738991775,112007822.55360875,0,False,3,0.9906938503116604,0,5.2466537089853696e-08,6.063886355463133e-12,17.69196749999537
3145,33732.54204846702,657.3209788480561,34389.86302731507,259.7404167566804,0.21194966729854162,112007822.55360875,0,False,3,0.9907226736926963,0,5.2373370499226906e-08,6.06473264646749e-12,17.70113219999621
3146,33732.54201934976,657.3210077567139,34389.863027106476,259.74041664457906,0.21194966720706626,112007822.55360875,0,False,3,0.990751318942088,0,5.228011790322897e-08,6.065578937471863e-12,17.71085569999559
3147,33732.541990200785,657.3210366970801,34389.86302689787,259.7404165323556,0.21194966711549126,112007822.55360875,0,False,3,0.9907797877068997,0,5.2186780905363764e-08,6.066002082992452e-12,17.717844799997692
3148,33732.541961019924,657.3210656693153,34389.863026689236,259.7404164200093,0.21194966702381604,112007822.55360875,0,False,3,0.9908080816139436,0,5.209336131736958e-08,6.06663680125495e-12,17.72344269999303
3149,33732.54193180703,657.3210946735802,34389.863026480605,259.74041630753976,0.21194966693204026,112007822.55360875,0,False,3,0.9908362022700918,0,5.1999860775651956e-08,6.066636801291754e-12,17.728810599997814
3150,33732.54190256193,657.321123710035,34389.86302627196,259.7404161949462,0.21194966684016325,112007822.55360875,0,False,3,0.9908641512625809,0,5.190628067909028e-08,6.067059946812365e-12,17.734326499994495
3151,33732.54187328447,657.3211527788393,34389.86302606331,259.740416082228,0.21194966674818458,112007822.55360875,0,False,3,0.9908919301593098,0,5.181262298400045e-08,6.067271519591078e-12,17.73946209999849
3152,33732.54184397451,657.3211818801525,34389.86302585466,259.74041596938474,0.21194966665610382,112007822.55360875,0,False,3,0.9909195405091346,0,5.1718889079642745e-08,6.067059946885984e-12,17.745374999998603
3153,33732.541814631884,657.3212110141327,34389.86302564602,259.7404158564157,0.21194966656392045,112007822.55360875,0,False,3,0.9909469838421562,0,5.1625080576410917e-08,6.067059946922793e-12,17.751207699999213
3154,33732.54178525644,657.3212401809366,34389.86302543738,259.74041574332034,0.211949666471634,112007822.55360875,0,False,3,0.9909742616700042,0,5.153119903207389e-08,6.066848374217694e-12,17.75705879999441
3155,33732.541755848026,657.3212693807191,34389.86302522875,259.74041563009797,0.21194966637924387,112007822.55360875,0,False,3,0.9910013754861141,0,5.143724614600908e-08,6.066636801512591e-12,17.76298969999334
3156,33732.541726406496,657.3212986136336,34389.86302502013,259.74041551674816,0.21194966628674977,112007822.55360875,0,False,3,0.9910283267660007,0,5.134322344202785e-08,6.066213656065574e-12,17.76849169999332
3157,33732.5416969317,657.3213278798312,34389.86302481153,259.7404154032703,0.21194966619415118,112007822.55360875,0,False,3,0.9910551169675261,0,5.124913205706574e-08,6.065790510618549e-12,17.773880499997176
3158,33732.54166742349,657.32135717946,34389.86302460295,259.7404152896637,0.21194966610144755,112007822.55360875,0,False,3,0.9910817475311627,0,5.1154974051418475e-08,6.065155792429603e-12,17.77935549999529
3159,33732.54163788173,657.3213865126661,34389.8630243944,259.74041517592804,0.2119496660086386,112007822.55360875,0,False,3,0.9911082198802526,0,5.106075033917269e-08,6.06430950149873e-12,17.784734599998046
3160,33732.54160830628,657.3214158795919,34389.86302418587,259.7404150620626,0.21194966591572376,112007822.55360875,0,False,3,0.9911345354212603,0,5.0966462745245835e-08,6.063674783309758e-12,17.790136199997505
3161,33732.541578697004,657.3214452803762,34389.86302397738,259.740414948067,0.2119496658227027,112007822.55360875,0,False,3,0.9911606955440235,0,5.087211261838859e-08,6.062616919636941e-12,17.795690599996306
3162,33732.54154905377,657.3214747151551,34389.86302376893,259.7404148339406,0.21194966572957488,112007822.55360875,0,False,3,0.9911867016219974,0,5.0777701361402754e-08,6.061347483222185e-12,17.800961399996595
3163,33732.54151937644,657.3215041840597,34389.8630235605,259.7404147196829,0.21194966563634,112007822.55360875,0,False,3,0.9912125550124953,0,5.0683230047401736e-08,6.060712765033166e-12,17.80624739999621
3164,33732.541489664916,657.3215336872179,34389.86302335213,259.7404146052936,0.21194966554299766,112007822.55360875,0,False,3,0.9912382570569258,0,5.058870058299825e-08,6.05902018313453e-12,17.8138020999977
3165,33732.541459919055,657.3215632247525,34389.86302314381,259.74041449077214,0.21194966544954746,112007822.55360875,0,False,3,0.9912638090810245,0,5.049411399772896e-08,6.057750746719708e-12,17.8200646999976
3166,33732.54143013874,657.3215927967822,34389.863022935526,259.740414376118,0.21194966535598903,112007822.55360875,0,False,3,0.9912892123950827,0,5.0399471673098154e-08,6.0564813103048626e-12,17.82607189999544
3167,33732.54140032387,657.3216224034201,34389.86302272729,259.7404142613308,0.211949665262322,112007822.55360875,0,False,3,0.9913144682941718,0,5.030477476422048e-08,6.0552118738899946e-12,17.831638499999826
3168,33732.541370474355,657.321652044775,34389.86302251913,259.7404141464102,0.2119496651685462,112007822.55360875,0,False,3,0.9913395780583627,0,5.021002484027875e-08,6.052884573765472e-12,17.837183099996764
3169,33732.54134059007,657.3216817209494,34389.863022311016,259.7404140313558,0.2119496650746611,112007822.55360875,0,False,3,0.991364542952944,0,5.01152229077269e-08,6.051615137350545e-12,17.842766299996583
3170,33732.541310670924,657.3217114320408,34389.86302210297,259.74041391616714,0.2119496649806665,112007822.55360875,0,False,3,0.9913893642286339,0,5.002037053359043e-08,6.049710982709809e-12,17.848175999999512
3171,33732.54128071685,657.3217411781411,34389.86302189499,259.74041380084407,0.21194966488656222,112007822.55360875,0,False,3,0.991414043121789,0,4.992546857553259e-08,6.047595255327108e-12,17.853712999996787
3172,33732.541250727736,657.3217709593355,34389.86302168707,259.74041368538605,0.2119496647923478,112007822.55360875,0,False,3,0.9914385808546111,0,4.9830518497950443e-08,6.045902673428231e-12,17.859267899999395
3173,33732.541220703526,657.321800775704,34389.86302147923,259.7404135697929,0.21194966469802315,112007822.55360875,0,False,3,0.9914629786353482,0,4.9735521375528304e-08,6.043786946045458e-12,17.864712199996575
3174,33732.54119064416,657.3218306273193,34389.86302127148,259.7404134540644,0.21194966460358805,112007822.55360875,0,False,3,0.9914872376584933,0,4.9640478275373296e-08,6.041036500436846e-12,17.87023919999774
3175,33732.54116054955,657.3218605142484,34389.86302106379,259.7404133382002,0.21194966450904218,112007822.55360875,0,False,3,0.9915113591049804,0,4.9545390646007296e-08,6.039132345795923e-12,17.87545969999337
3176,33732.541130419646,657.321890436551,34389.863020856195,259.7404132222002,0.21194966441438548,112007822.55360875,0,False,3,0.9915353441423755,0,4.9450259193819875e-08,6.036593472929158e-12,17.880701799993403
3177,33732.541100254406,657.3219203942805,34389.863020648685,259.74041310606407,0.21194966431961776,112007822.55360875,0,False,3,0.9915591939250656,0,4.9355085395726e-08,6.034054600062347e-12,17.886627099993348
3178,33732.54107005378,657.3219503874831,34389.86302044127,259.7404129897917,0.21194966422473885,112007822.55360875,0,False,3,0.9915829095944441,0,4.925987010475741e-08,6.03130415445355e-12,17.892318199999863
3179,33732.54103981774,657.3219804161982,34389.86302023394,259.74041287338304,0.2119496641297487,112007822.55360875,0,False,3,0.9916064922790935,0,4.916461456298057e-08,6.028765281586644e-12,17.897506799999974
3180,33732.54100954625,657.3220104804577,34389.86302002671,259.7404127568379,0.21194966403464718,112007822.55360875,0,False,3,0.9916299430949642,0,4.906931971382518e-08,6.026014835977751e-12,17.902896799998416
3181,33732.54097923929,657.3220405802867,34389.863019819575,259.74041264015614,0.2119496639394342,112007822.55360875,0,False,3,0.9916532631455512,0,4.8973986687636283e-08,6.0230528176268645e-12,17.907903699997405
3182,33732.54094889685,657.3220707157026,34389.86301961255,259.7404125233378,0.2119496638441098,112007822.55360875,0,False,3,0.9916764535220672,0,4.887861632591114e-08,6.019879226533981e-12,17.91314739999507
3183,33732.54091851891,657.3221008867152,34389.86301940563,259.7404124063828,0.21194966374867383,112007822.55360875,0,False,3,0.9916995153036131,0,4.878320992404653e-08,6.016917208182986e-12,17.918778399995063
3184,33732.5408881055,657.3221310933276,34389.86301919883,259.7404122892912,0.21194966365312642,112007822.55360875,0,False,3,0.9917224495573455,0,4.8687768240886824e-08,6.013532044348043e-12,17.924268599999778
3185,33732.54085765659,657.3221613355344,34389.863018992124,259.74041217206303,0.21194966355746755,112007822.55360875,0,False,3,0.9917452573386418,0,4.859229226053437e-08,6.010570025996936e-12,17.929410499993537
3186,33732.54082717222,657.3221916133235,34389.863018785545,259.74041205469825,0.21194966346169725,112007822.55360875,0,False,3,0.9917679396912622,0,4.849678297725732e-08,6.0069732894199275e-12,17.934624299996358
3187,33732.5407966524,657.3222219266744,34389.863018579075,259.740411937197,0.21194966336581553,112007822.55360875,0,False,3,0.9917904976475093,0,4.840124152341612e-08,6.003799698326755e-12,17.939763099995616
3188,33732.540766097176,657.3222522755591,34389.86301837274,259.7404118195595,0.21194966326982265,112007822.55360875,0,False,3,0.9918129322283843,0,4.830566839543177e-08,5.9999913890076705e-12,17.944975499995053
3189,33732.54073550657,657.3222826599427,34389.863018166514,259.7404117017857,0.21194966317371858,112007822.55360875,0,False,3,0.9918352444437422,0,4.82100650784843e-08,5.996606225172423e-12,17.95034539999324
3190,33732.540704880645,657.322313079782,34389.86301796043,259.740411583876,0.21194966307750357,112007822.55360875,0,False,3,0.9918574352924432,0,4.8114432187502014e-08,5.992586343111252e-12,17.955638999999792
3191,33732.54067421945,657.3223435350257,34389.86301775447,259.74041146583045,0.21194966298117773,112007822.55360875,0,False,3,0.9918795057625014,0,4.801877026523113e-08,5.98898960653392e-12,17.960884699998132
3192,33732.54064352303,657.3223740256153,34389.86301754865,259.7404113476493,0.21194966288474124,112007822.55360875,0,False,3,0.9919014568312324,0,4.7923080838460535e-08,5.98496972447261e-12,17.966219699999783
3193,33732.540612791476,657.3224045514853,34389.86301734296,259.7404112293329,0.21194966278819438,112007822.55360875,0,False,3,0.9919232894653975,0,4.7827364292308746e-08,5.980949842411227e-12,17.97141779999947
3194,33732.54058202486,657.3224351125614,34389.863017137424,259.7404111108815,0.21194966269153737,112007822.55360875,0,False,3,0.9919450046213456,0,4.773162157058716e-08,5.976718387607813e-12,17.97660629999882
3195,33732.54055122326,657.3224657087624,34389.863016932024,259.7404109922954,0.2119496625947704,112007822.55360875,0,False,3,0.9919666032451533,0,4.76358537205784e-08,5.972698505546284e-12,17.98204829999304
3196,33732.54052038677,657.3224963399992,34389.86301672677,259.74041087357494,0.21194966249789385,112007822.55360875,0,False,3,0.9919880862727625,0,4.75400614801871e-08,5.968467050742721e-12,17.987160699995002
3197,33732.540489515486,657.3225270061756,34389.86301652166,259.7404107547206,0.211949662400908,112007822.55360875,0,False,3,0.9920094546301157,0,4.744424555718291e-08,5.964235595939082e-12,17.992416699999012
3198,33732.540458609525,657.3225577071877,34389.86301631671,259.7404106357327,0.2119496623038132,112007822.55360875,0,False,3,0.9920307092332891,0,4.7348406785758225e-08,5.959580995651439e-12,17.997906199998397
3199,33732.540427668995,657.322588442924,34389.86301611192,259.74041051661175,0.21194966220660985,112007822.55360875,0,False,3,0.9920518509886238,0,4.725254609575045e-08,5.954926395363712e-12,18.003226099994208
3200,33732.54039669402,657.3226192132659,34389.863015907285,259.7404103973582,0.21194966210929825,112007822.55360875,0,False,3,0.9920728807928552,0,4.7156664008037524e-08,5.950483367817869e-12,18.008555399996112
3201,33732.54036568472,657.3226500180875,34389.86301570281,259.74041027797244,0.21194966201187881,112007822.55360875,0,False,3,0.9920937995332392,0,4.706076143249625e-08,5.945828767529979e-12,18.01419049999822
3202,33732.54033464124,657.3226808572555,34389.8630154985,259.7404101584551,0.211949661914352,112007822.55360875,0,False,3,0.9921146080876776,0,4.696483919040092e-08,5.940962594500036e-12,18.01959099999658
3203,33732.54030356372,657.3227117306297,34389.86301529435,259.7404100388067,0.2119496618167182,112007822.55360875,0,False,3,0.9921353073248413,0,4.686889819207692e-08,5.936307994211977e-12,18.02507739999419
3204,33732.540272452316,657.3227426380628,34389.86301509038,259.74040991902785,0.21194966171897797,112007822.55360875,0,False,3,0.9921558981042907,0,4.677293892185854e-08,5.9312302484398914e-12,18.030412599997362
3205,33732.540241307186,657.3227735794,34389.863014886585,259.74040979911916,0.2119496616211318,112007822.55360875,0,False,3,0.9921763812765954,0,4.667696207291876e-08,5.925940929925743e-12,18.035736899997573
3206,33732.54021012848,657.3228045544803,34389.86301468296,259.7404096790812,0.21194966152318012,112007822.55360875,0,False,3,0.9921967576834512,0,4.65809687049135e-08,5.9210747568954485e-12,18.041178499996022
3207,33732.54017891637,657.3228355631356,34389.86301447951,259.7404095589147,0.21194966142512356,112007822.55360875,0,False,3,0.9922170281577958,0,4.6484959445444594e-08,5.915997011123092e-12,18.046542899995984
3208,33732.54014767106,657.3228666051908,34389.86301427625,259.7404094386203,0.21194966132696266,112007822.55360875,0,False,3,0.9922371935239224,0,4.638893482982123e-08,5.910496119866692e-12,18.051756599998043
3209,33732.54011639271,657.3228976804644,34389.86301407318,259.7404093181987,0.21194966122869793,112007822.55360875,0,False,3,0.9922572545975911,0,4.629289561395417e-08,5.9049952286101935e-12,18.057385199994314
3210,33732.54008508151,657.3229287887679,34389.86301387028,259.7404091976507,0.2119496611303301,112007822.55360875,0,False,3,0.9922772121861395,0,4.619684246043808e-08,5.899917482837557e-12,18.06332499999553
3211,33732.54005373767,657.3229599299068,34389.86301366758,259.74040907697696,0.2119496610318596,112007822.55360875,0,False,3,0.9922970670885916,0,4.6100776565009375e-08,5.894205018838888e-12,18.068988499995612
3212,33732.54002236139,657.32299110368,34389.863013465074,259.7404089561784,0.2119496609332873,112007822.55360875,0,False,3,0.9923168200957635,0,4.6004698024931485e-08,5.888492554840119e-12,18.07456689999526
3213,33732.53999095287,657.3230223098797,34389.86301326275,259.7404088352556,0.2119496608346136,112007822.55360875,0,False,3,0.9923364719903692,0,4.5908607863517315e-08,5.883203236325215e-12,18.07984089999809
3214,33732.53995951235,657.323053548292,34389.86301306065,259.7404087142097,0.21194966073583946,112007822.55360875,0,False,3,0.9923560235471243,0,4.581250667508061e-08,5.876856054100295e-12,18.085053799994057
3215,33732.53992804003,657.3230848186972,34389.863012858725,259.7404085930413,0.21194966063696535,112007822.55360875,0,False,3,0.9923754755328474,0,4.571639507425544e-08,5.8715667355851915e-12,18.09109829999943
3216,33732.539896536146,657.3231161208686,34389.86301265701,259.74040847175144,0.2119496605379921,112007822.55360875,0,False,3,0.9923948287065608,0,4.5620273699596154e-08,5.8654311261020475e-12,18.09681339999952
3217,33732.53986500094,657.3231474545742,34389.86301245551,259.74040835034094,0.21194966043892047,112007822.55360875,0,False,3,0.9924140838195894,0,4.552414368937195e-08,5.859295516618796e-12,18.102179699999397
3218,33732.53983343464,657.323178819575,34389.863012254216,259.7404082288108,0.21194966033975116,112007822.55360875,0,False,3,0.9924332416156577,0,4.542800522420816e-08,5.853371479877425e-12,18.107173699994746
3219,33732.539801837505,657.323210215627,34389.86301205313,259.7404081071619,0.21194966024048498,112007822.55360875,0,False,3,0.9924523028309865,0,4.533185925969703e-08,5.84723587039396e-12,18.112019399995916
3220,33732.53977020978,657.3232416424801,34389.86301185226,259.7404079853952,0.21194966014112265,112007822.55360875,0,False,3,0.9924712681943859,0,4.523570643873759e-08,5.840888688168396e-12,18.117056899995077
3221,33732.539738551735,657.3232730998778,34389.863011651614,259.7404078635118,0.21194966004166507,112007822.55360875,0,False,3,0.9924901384273501,0,4.51395470907233e-08,5.8345415059427195e-12,18.12238009999419
3222,33732.53970686362,657.3233045875584,34389.86301145118,259.7404077415126,0.21194965994211307,112007822.55360875,0,False,3,0.9925089142441474,0,4.504338254514522e-08,5.828194323716933e-12,18.127625199995236
3223,33732.53967514572,657.3233361052538,34389.86301125098,259.7404076193988,0.2119496598424675,112007822.55360875,0,False,3,0.9925275963519118,0,4.4947213094338146e-08,5.821635568749039e-12,18.13307819999318
3224,33732.5396433983,657.323367652691,34389.86301105099,259.7404074971713,0.21194965974272914,112007822.55360875,0,False,3,0.9925461854507305,0,4.4851039164433015e-08,5.815288386523027e-12,18.138411499996437
3225,33732.539611621636,657.3233992295899,34389.86301085122,259.7404073748312,0.2119496596428989,112007822.55360875,0,False,3,0.9925646822337327,0,4.47548619422064e-08,5.808941204296905e-12,18.143511199996283
3226,33732.53957981604,657.3234308356663,34389.86301065171,259.7404072523797,0.21194965954297781,112007822.55360875,0,False,3,0.9925830873871752,0,4.4658682020019426e-08,5.8015361583606765e-12,18.14870699999301
3227,33732.539547981774,657.3234624706291,34389.863010452405,259.74040712981787,0.21194965944296665,112007822.55360875,0,False,3,0.9926014015905278,0,4.456249980550004e-08,5.795400548876321e-12,18.153856999997515
3228,33732.539516119155,657.3234941341823,34389.863010253335,259.74040700714687,0.21194965934286641,112007822.55360875,0,False,3,0.9926196255165561,0,4.446631619126543e-08,5.788630221165854e-12,18.159127199993236
3229,33732.539484228495,657.3235258260238,34389.86301005452,259.74040688436787,0.21194965924267803,112007822.55360875,0,False,3,0.9926377598314053,0,4.4370131858143655e-08,5.781225175229261e-12,18.164671399994404
3230,33732.53945231009,657.323557545846,34389.86300985594,259.7404067614821,0.21194965914240257,112007822.55360875,0,False,3,0.9926558051946807,0,4.427394760290258e-08,5.774454847518551e-12,18.170450300000084
3231,33732.53942036426,657.3235892933361,34389.863009657594,259.7404066384907,0.21194965904204086,112007822.55360875,0,False,3,0.9926737622595274,0,4.417776383567444e-08,5.76747294706572e-12,18.176041999999143
3232,33732.539388391335,657.3236210681748,34389.86300945951,259.740406515395,0.2119496589415941,112007822.55360875,0,False,3,0.9926916316727105,0,4.408158122554512e-08,5.7600679011287535e-12,18.18207849999453
3233,33732.539356391615,657.3236528700381,34389.86300926165,259.7404063921962,0.21194965884106312,112007822.55360875,0,False,3,0.9927094140746913,0,4.398540110578215e-08,5.753297573417683e-12,18.187784299996565
3234,33732.539324365454,657.3236846985955,34389.86300906405,259.7404062688955,0.21194965874044908,112007822.55360875,0,False,3,0.9927271100997054,0,4.388922357532687e-08,5.7458925274804676e-12,18.193679500000144
3235,33732.539292313195,657.3237165535108,34389.863008866705,259.74040614549443,0.2119496586397531,112007822.55360875,0,False,3,0.9927447203758367,0,4.3793049565495984e-08,5.738487481543126e-12,18.19963209999696
3236,33732.539260235164,657.3237484344432,34389.86300866961,259.74040602199403,0.21194965853897604,112007822.55360875,0,False,3,0.992762245525093,0,4.369687986130512e-08,5.7312940083476674e-12,18.20526969999628
3237,33732.53922813173,657.3237803410449,34389.86300847278,259.7404058983959,0.21194965843811928,112007822.55360875,0,False,3,0.992779686163479,0,4.360071502686829e-08,5.723465816926047e-12,18.210938099997293
3238,33732.539196003236,657.3238122729628,34389.863008276196,259.7404057747013,0.21194965833718377,112007822.55360875,0,False,3,0.9927970429010681,0,4.3504556152780883e-08,5.7162723437303344e-12,18.21618349999335
3239,33732.539163850044,657.3238442298382,34389.86300807988,259.74040565091155,0.21194965823617062,112007822.55360875,0,False,3,0.9928143163420743,0,4.340840347601242e-08,5.7084441523084525e-12,18.221452399993723
3240,33732.53913167253,657.323876211306,34389.86300788383,259.7404055270282,0.2119496581350811,112007822.55360875,0,False,3,0.9928315070849221,0,4.331225788896093e-08,5.700827533628453e-12,18.226921699999366
3241,33732.539099471054,657.3239082169961,34389.86300768805,259.7404054030526,0.2119496580339163,112007822.55360875,0,False,3,0.9928486157223152,0,4.321612047288983e-08,5.6929993422063056e-12,18.232119799999055
3242,33732.539067246005,657.3239402465312,34389.86300749254,259.7404052789862,0.2119496579326774,112007822.55360875,0,False,3,0.9928656428413056,0,4.311999157168614e-08,5.685171150784025e-12,18.237244899995858
3243,33732.53903499776,657.3239722995293,34389.86300729729,259.74040515483057,0.21194965783136568,112007822.55360875,0,False,3,0.9928825890233606,0,4.302387224039578e-08,5.67755453210363e-12,18.24246609999682
3244,33732.53900272671,657.3240043756011,34389.863007102314,259.74040503058706,0.21194965772998228,112007822.55360875,0,False,3,0.9928994548444284,0,4.292776328348357e-08,5.6695147679390636e-12,18.247449399998004
3245,33732.53897043327,657.3240364743526,34389.863006907624,259.74040490625737,0.21194965762852855,112007822.55360875,0,False,3,0.9929162408750043,0,4.2831665199842295e-08,5.661263431032338e-12,18.252493299994967
3246,33732.538938117825,657.3240685953824,34389.8630067132,259.740404781843,0.2119496575270057,112007822.55360875,0,False,3,0.9929329476801945,0,4.273557905270169e-08,5.653435239609519e-12,18.258418999997957
3247,33732.538905780784,657.3241007382833,34389.86300651907,259.74040465734544,0.211949657425415,112007822.55360875,0,False,3,0.9929495758197797,0,4.26395056967326e-08,5.645183902702518e-12,18.26369149999664
3248,33732.53887342256,657.3241329026421,34389.863006325206,259.7404045327664,0.21194965732375776,112007822.55360875,0,False,3,0.9929661258482784,0,4.254344555012211e-08,5.637144138537402e-12,18.26906289999897
3249,33732.5388410436,657.324165088039,34389.863006131636,259.74040440810745,0.21194965722203535,112007822.55360875,0,False,3,0.9929825983150071,0,4.244739979635521e-08,5.628681228888097e-12,18.274772799995844
3250,33732.5388086443,657.3241972940474,34389.86300593834,259.7404042833702,0.21194965712024905,112007822.55360875,0,False,3,0.9929989937641431,0,4.235136892465746e-08,5.620641464722705e-12,18.280746199998248
3251,33732.53877622511,657.3242295202352,34389.86300574535,259.74040415855643,0.2119496570184003,112007822.55360875,0,False,3,0.9930153127347828,0,4.22553540780035e-08,5.6119669823310896e-12,18.28675729999668
3252,33732.53874378648,657.3242617661629,34389.86300555264,259.74040403366774,0.21194965691649043,112007822.55360875,0,False,3,0.9930315557610018,0,4.215935605035857e-08,5.603715645423389e-12,18.292094699994777
3253,33732.538711328845,657.3242940313847,34389.86300536023,259.7404039087059,0.21194965681452083,112007822.55360875,0,False,3,0.9930477233719127,0,4.206337564811945e-08,5.594829590289454e-12,18.29735559999972
3254,33732.53867885267,657.3243263154485,34389.86300516812,259.7404037836727,0.21194965671249305,112007822.55360875,0,False,3,0.9930638160917233,0,4.196741366424147e-08,5.586366680639436e-12,18.302771299997403
3255,33732.53864635839,657.324358617895,34389.86300497629,259.7404036585698,0.21194965661040832,112007822.55360875,0,False,3,0.9930798344397928,0,4.1871470929021226e-08,5.5781153437313105e-12,18.308069399994565
3256,33732.53861384651,657.3243909382583,34389.86300478477,259.74040353339916,0.21194965650826839,112007822.55360875,0,False,3,0.9930957789306873,0,4.1775548558786614e-08,5.569017715854905e-12,18.31332609999663
3257,33732.53858131748,657.3244232760655,34389.86300459354,259.7404034081624,0.2119496564060745,112007822.55360875,0,False,3,0.9931116500742366,0,4.1679646861398785e-08,5.560554806204457e-12,18.31897570000001
3258,33732.538548771794,657.3244556308374,34389.86300440263,259.7404032828616,0.2119496563038283,112007822.55360875,0,False,3,0.9931274483755865,0,4.158376755733578e-08,5.551457178327755e-12,18.324472599997534
3259,33732.538516209934,657.3244880020874,34389.86300421202,259.7404031574985,0.2119496562015313,112007822.55360875,0,False,3,0.9931431743352542,0,4.1487911009280327e-08,5.54257112319294e-12,18.329635399997642
3260,33732.538483632394,657.3245203893222,34389.86300402172,259.74040303207505,0.21194965609918504,112007822.55360875,0,False,3,0.9931588284491802,0,4.139207789734231e-08,5.533685068057977e-12,18.334952199998952
3261,33732.53845103968,657.3245527920412,34389.86300383173,259.7404029065932,0.21194965599679114,112007822.55360875,0,False,3,0.9931744112087808,0,4.1296269919025425e-08,5.524587440180826e-12,18.340135599995847
3262,33732.538418432305,657.3245852097369,34389.86300364204,259.74040278105485,0.21194965589435114,112007822.55360875,0,False,3,0.9931899231009995,0,4.12004873307977e-08,5.515701385045566e-12,18.345161099998222
3263,33732.538385810774,657.3246176418951,34389.86300345267,259.74040265546205,0.21194965579186667,112007822.55360875,0,False,3,0.9932053646083581,0,4.1104731169714724e-08,5.506603757168115e-12,18.350765799994406
3264,33732.53835317562,657.3246500879936,34389.863003263614,259.7404025298168,0.2119496556893394,112007822.55360875,0,False,3,0.9932207362090064,0,4.1009002553119656e-08,5.497506129290513e-12,18.355985599999258
3265,33732.538320527376,657.324682547504,34389.86300307488,259.7404024041211,0.211949655586771,112007822.55360875,0,False,3,0.993236038376772,0,4.09133021487902e-08,5.4879853559286705e-12,18.361183599998185
3266,33732.53828786657,657.3247150198905,34389.86300288646,259.7404022783771,0.21194965548416317,112007822.55360875,0,False,3,0.9932512715812086,0,4.081763134681932e-08,5.479099300792812e-12,18.366923099994892
3267,33732.53825519376,657.3247475046098,34389.86300269837,259.7404021525868,0.21194965538151758,112007822.55360875,0,False,3,0.9932664362876443,0,4.072199078527685e-08,5.4693669546886144e-12,18.372286399993754
3268,33732.53822250948,657.3247800011121,34389.86300251059,259.7404020267524,0.211949655278836,112007822.55360875,0,False,3,0.9932815329572293,0,4.062638144972955e-08,5.4602693268104045e-12,18.377664799998456
3269,33732.53818981431,657.3248125088397,34389.86300232315,259.74040190087607,0.2119496551761202,112007822.55360875,0,False,3,0.9932965620469821,0,4.0530804157606446e-08,5.4503254079638446e-12,18.383074899997155
3270,33732.5381571088,657.3248450272284,34389.86300213603,259.74040177495993,0.2119496550733719,112007822.55360875,0,False,3,0.9933115240098361,0,4.043526036825685e-08,5.441227780085328e-12,18.38823169999523
3271,33732.53812439353,657.3248775557065,34389.86300194924,259.74040164900623,0.21194965497059295,112007822.55360875,0,False,3,0.9933264192946853,0,4.033975076171958e-08,5.431495433980504e-12,18.393369699995674
3272,33732.53809166908,657.3249100936953,34389.86300176277,259.7404015230171,0.2119496548677851,112007822.55360875,0,False,3,0.9933412483464289,0,4.024427610708136e-08,5.42218623335963e-12,18.39891489999718
3273,33732.53805893604,657.3249426406088,34389.863001576654,259.740401396995,0.21194965476495037,112007822.55360875,0,False,3,0.9933560116060157,0,4.0148837799379604e-08,5.412030741770383e-12,18.404169599998568
3274,33732.538026195005,657.3249751958543,34389.86300139086,259.7404012709421,0.21194965466209045,112007822.55360875,0,False,3,0.9933707095104878,0,4.0053436664254184e-08,5.4025099684071405e-12,18.40938909999386
3275,33732.53799344657,657.3250077588319,34389.8630012054,259.74040114486064,0.21194965455920728,112007822.55360875,0,False,3,0.993385342493024,0,3.99580739318231e-08,5.392989195043743e-12,18.415498899994418
3276,33732.53796069135,657.3250403289348,34389.86300102028,259.7404010187531,0.21194965445630282,112007822.55360875,0,False,3,0.9933999109829825,0,3.98627500949438e-08,5.382833703454017e-12,18.420566199994937
3277,33732.53792792996,657.3250729055492,34389.86300083551,259.74040089262184,0.21194965435337898,112007822.55360875,0,False,3,0.9934144154059427,0,3.976746654887633e-08,5.372889784606186e-12,18.42649959999835
3278,33732.537895163005,657.3251054880543,34389.86300065106,259.7404007664692,0.21194965425043769,112007822.55360875,0,False,3,0.9934288561837462,0,3.9672224449197915e-08,5.3635805839843766e-12,18.43183369999315
3279,33732.53786239115,657.3251380758228,34389.863000466976,259.7404006402976,0.21194965414748093,112007822.55360875,0,False,3,0.9934432337345391,0,3.9577024710625344e-08,5.352790374167984e-12,18.43716879999556
3280,33732.537829615,657.3251706682207,34389.86300028322,259.74040051410947,0.21194965404451072,112007822.55360875,0,False,3,0.9934575484728109,0,3.948186807182429e-08,5.3432696008037965e-12,18.44250149999425
3281,33732.53779683521,657.325203264607,34389.86300009982,259.74040038790736,0.21194965394152906,112007822.55360875,0,False,3,0.9934718008094354,0,3.9386755805477205e-08,5.333114109213263e-12,18.447672099995543
3282,33732.53776405243,657.3252358643346,34389.86299991677,259.7404002616937,0.211949653838538,112007822.55360875,0,False,3,0.9934859911517097,0,3.929168901411655e-08,5.3227470448805025e-12,18.452899199997773
3283,33732.53773126732,657.3252684667494,34389.86299973407,259.74040013547113,0.21194965373553967,112007822.55360875,0,False,3,0.9935001199033928,0,3.9196668670072085e-08,5.312591553289642e-12,18.458496899998863
3284,33732.53769848052,657.3253010711917,34389.86299955171,259.74040000924197,0.21194965363253593,112007822.55360875,0,False,3,0.9935141874647448,0,3.9101695884890066e-08,5.302647634440688e-12,18.46406769999885
3285,33732.53766569272,657.3253336769948,34389.86299936971,259.74039988300905,0.21194965352952916,112007822.55360875,0,False,3,0.9935281942325633,0,3.9006771707681214e-08,5.2922805701074376e-12,18.46940309999627
3286,33732.53763290459,657.3253662834863,34389.86299918807,259.7403997567748,0.2119496534265213,112007822.55360875,0,False,3,0.9935421406002222,0,3.891189707884834e-08,5.281701933031953e-12,18.474854799998866
3287,33732.537600116804,657.325398889988,34389.86299900679,259.7403996305419,0.2119496533235145,112007822.55360875,0,False,3,0.9935560269577076,0,3.881707317993798e-08,5.2713348686983716e-12,18.48017229999823
3288,33732.537567330044,657.3254314958152,34389.86299882586,259.74039950431296,0.211949653220511,112007822.55360875,0,False,3,0.9935698536916551,0,3.872230111988723e-08,5.261179377106699e-12,18.4852677999952
3289,33732.537534545016,657.3254641002778,34389.862998645294,259.7403993780907,0.21194965311751288,112007822.55360875,0,False,3,0.9935836211853843,0,3.862758176044639e-08,5.250600740030718e-12,18.491199299998698
3290,33732.5375017624,657.3254967026803,34389.86299846508,259.74039925187765,0.21194965301452232,112007822.55360875,0,False,3,0.9935973298189359,0,3.85329161849159e-08,5.2402336756966455e-12,18.49641239999619
3291,33732.53746898292,657.3255293023217,34389.86299828524,259.74039912567673,0.21194965291154164,112007822.55360875,0,False,3,0.9936109799691056,0,3.843830563575553e-08,5.229443465878259e-12,18.501428599993233
3292,33732.53743620726,657.3255618984952,34389.86299810576,259.7403989994905,0.21194965280857295,112007822.55360875,0,False,3,0.9936245720094791,0,3.834375098538842e-08,5.219076401543856e-12,18.50665929999377
3293,33732.53740343617,657.3255944904894,34389.862997926655,259.74039887332185,0.2119496527056186,112007822.55360875,0,False,3,0.9936381063104658,0,3.824925338404867e-08,5.2080746189830574e-12,18.511796199993114
3294,33732.53737067032,657.3256270775877,34389.86299774791,259.7403987471734,0.21194965260268075,112007822.55360875,0,False,3,0.9936515832393333,0,3.815481400650535e-08,5.197707554648324e-12,18.51699589999771
3295,33732.53733791046,657.325659659069,34389.86299756952,259.740398621048,0.2119496524997617,112007822.55360875,0,False,3,0.99366500316024,0,3.8060433930381744e-08,5.187128917571348e-12,18.522848499997053
3296,33732.53730515731,657.3256922342068,34389.862997391516,259.74039849494847,0.21194965239686378,112007822.55360875,0,False,3,0.9936783664342679,0,3.796611380727246e-08,5.176127135010046e-12,18.52830919999542
3297,33732.53727241162,657.3257248022707,34389.86299721389,259.7403983688776,0.21194965229398924,112007822.55360875,0,False,3,0.9936916734194553,0,3.7871855279926244e-08,5.165125352448573e-12,18.533728799993696
3298,33732.5372396741,657.3257573625262,34389.862997036624,259.74039824283824,0.21194965219114037,112007822.55360875,0,False,3,0.9937049244708291,0,3.777765883777749e-08,5.154546715371095e-12,18.53940639999928
3299,33732.53720694551,657.3257899142341,34389.862996859745,259.7403981168332,0.21194965208831956,112007822.55360875,0,False,3,0.9937181199404355,0,3.768352588883685e-08,5.143333360067201e-12,18.544696299999487
3300,33732.537174226585,657.3258224566516,34389.86299668324,259.7403979908654,0.2119496519855291,112007822.55360875,0,False,3,0.9937312601773719,0,3.758945736645273e-08,5.132543150247305e-12,18.550254199995834
3301,33732.53714151807,657.3258549890321,34389.8629965071,259.74039786493773,0.2119496518827714,112007822.55360875,0,False,3,0.9937443455278178,0,3.749545450338959e-08,5.121752940427242e-12,18.556008299994573
3302,33732.53710882073,657.3258875106252,34389.86299633136,259.74039773905304,0.21194965178004876,112007822.55360875,0,False,3,0.993757376335065,0,3.740151779748797e-08,5.110328012380751e-12,18.561371599993436
3303,33732.537076135304,657.3259200206775,34389.86299615598,259.7403976132142,0.21194965167736357,112007822.55360875,0,False,3,0.9937703529395472,0,3.7307649125712557e-08,5.099749375302439e-12,18.56689949999418
3304,33732.537043462566,657.3259525184322,34389.862995981,259.7403974874242,0.2119496515747182,112007822.55360875,0,False,3,0.9937832756788707,0,3.7213848651165025e-08,5.088112874513517e-12,18.571985499998846
3305,33732.53701080326,657.3259850031296,34389.86299580639,259.74039736168595,0.21194965147211506,112007822.55360875,0,False,3,0.9937961448878428,0,3.712011814040515e-08,5.0773226646927794e-12,18.576885199996468
3306,33732.536978158154,657.3260174740072,34389.86299563216,259.74039723600237,0.21194965136955654,112007822.55360875,0,False,3,0.9938089608985013,0,3.702645821460825e-08,5.066320882129786e-12,18.582114899996668
3307,33732.53694552803,657.3260499302996,34389.86299545833,259.7403971103765,0.2119496512670451,112007822.55360875,0,False,3,0.9938217240401428,0,3.693287008424825e-08,5.054684381340347e-12,18.58745249999629
3308,33732.53691291364,657.3260823712397,34389.86299528488,259.7403969848111,0.21194965116458306,112007822.55360875,0,False,3,0.9938344346393507,0,3.683935430323609e-08,5.043682598777013e-12,18.592878899995412
3309,33732.536880315754,657.3261147960574,34389.86299511181,259.7403968593093,0.21194965106217287,112007822.55360875,0,False,3,0.9938470930200242,0,3.674591251524966e-08,5.032469243471417e-12,18.598494999998366
3310,33732.536847735166,657.326147203981,34389.86299493915,259.74039673387415,0.21194965095981705,112007822.55360875,0,False,3,0.993859699503404,0,3.665254523764713e-08,5.02083274268146e-12,18.6035544999977
3311,33732.53681517263,657.3261795942369,34389.86299476687,259.74039660850843,0.2119496508575179,112007822.55360875,0,False,3,0.9938722544081016,0,3.655925379916443e-08,5.009619387375521e-12,18.608565099995758
3312,33732.53678262892,657.3262119660502,34389.86299459497,259.74039648321525,0.21194965075527794,112007822.55360875,0,False,3,0.9938847580501241,0,3.646603889375591e-08,4.998406032069414e-12,18.61460499999521
3313,33732.536750104846,657.3262443186435,34389.86299442349,259.7403963579976,0.21194965065309965,112007822.55360875,0,False,3,0.9938972107429027,0,3.6372901795367957e-08,4.986346385794742e-12,18.62021289999393
3314,33732.53671760115,657.3262766512393,34389.86299425239,259.7403962328584,0.21194965055098533,112007822.55360875,0,False,3,0.9939096127973173,0,3.627984320206637e-08,4.97534460323039e-12,18.62558249999711
3315,33732.53668511862,657.3263089630586,34389.862994081675,259.74039610780073,0.21194965044893754,112007822.55360875,0,False,3,0.9939219645217233,0,3.6186864357554817e-08,4.9641312479237735e-12,18.630849999994098
3316,33732.536652658055,657.3263412533215,34389.862993911374,259.74039598282764,0.21194965034695878,112007822.55360875,0,False,3,0.9939342662219772,0,3.609396565623848e-08,4.95207160164858e-12,18.63592929999868
3317,33732.53662022021,657.3263735212474,34389.86299374146,259.740395857942,0.2119496502450514,112007822.55360875,0,False,3,0.9939465182014613,0,3.60011487974684e-08,4.940858246341621e-12,18.641157699996256
3318,33732.5365878059,657.3264057660549,34389.86299357196,259.740395733147,0.21194965014321795,112007822.55360875,0,False,3,0.9939587207611089,0,3.5908414044719044e-08,4.928798600066077e-12,18.64729969999462
3319,33732.536555415885,657.3264379869628,34389.86299340285,259.7403956084455,0.21194965004146082,112007822.55360875,0,False,3,0.9939708741994294,0,3.5815762818642995e-08,4.9173736720166715e-12,18.6529417999991
3320,33732.53652305095,657.3264701831897,34389.862993234136,259.74039548384053,0.21194964993978246,112007822.55360875,0,False,3,0.9939829788125322,0,3.572319569170243e-08,4.905948743967098e-12,18.659296199999517
3321,33732.53649071188,657.3265023539537,34389.862993065835,259.7403953593352,0.2119496498381854,112007822.55360875,0,False,3,0.9939950348941511,0,3.5630713690990236e-08,4.8938890976910325e-12,18.66471339999407
3322,33732.53645839945,657.3265344984734,34389.86299289793,259.7403952349324,0.211949649736672,112007822.55360875,0,False,3,0.9940070427356672,0,3.5538317813736296e-08,4.8824641696411154e-12,18.670541099992988
3323,33732.53642611446,657.3265666159677,34389.86299273043,259.74039511063523,0.2119496496352448,112007822.55360875,0,False,3,0.9940190026261339,0,3.544600888024133e-08,4.8706160961068125e-12,18.67628679999325
3324,33732.53639385768,657.3265987056561,34389.862992563336,259.74039498644674,0.21194964953390627,112007822.55360875,0,False,3,0.994030914852299,0,3.535378788380589e-08,4.858768022572336e-12,18.68130939999537
3325,33732.53636162989,657.3266307667589,34389.86299239665,259.7403948623698,0.21194964943265876,112007822.55360875,0,False,3,0.9940427796986278,0,3.526165509784323e-08,4.8469199490376865e-12,18.68638409999403
3326,33732.53632943188,657.3266627984965,34389.86299223038,259.74039473840753,0.21194964933150487,112007822.55360875,0,False,3,0.9940545974473258,0,3.5169612133420016e-08,4.834860302760752e-12,18.69191659999342
3327,33732.536297264414,657.3266948000911,34389.8629920645,259.74039461456283,0.21194964923044687,112007822.55360875,0,False,3,0.9940663683783618,0,3.507765941650029e-08,4.8234353747099836e-12,18.697348499998043
3328,33732.536265128285,657.3267267707655,34389.86299189905,259.7403944908388,0.21194964912948736,112007822.55360875,0,False,3,0.9940780927694888,0,3.498579793071655e-08,4.8111641556905905e-12,18.70288459999574
3329,33732.53623302425,657.326758709744,34389.86299173399,259.74039436723837,0.2119496490286287,112007822.55360875,0,False,3,0.994089770896267,0,3.4894028332851546e-08,4.799527654897368e-12,18.708337500000198
3330,33732.53620095311,657.3267906162517,34389.86299156936,259.7403942437645,0.21194964892787332,112007822.55360875,0,False,3,0.9941014030320847,0,3.480235186249293e-08,4.787256435877627e-12,18.71371999999974
3331,33732.53616891561,657.3268224895163,34389.86299140513,259.7403941204202,0.21194964882722367,112007822.55360875,0,False,3,0.9941129894481797,0,3.471076876311082e-08,4.775619935084063e-12,18.718982099999266
3332,33732.53613691255,657.3268543287661,34389.862991241316,259.7403939972085,0.2119496487266822,112007822.55360875,0,False,3,0.9941245304136608,0,3.461927984427196e-08,4.763348716063976e-12,18.72428139999829
3333,33732.53610494469,657.3268861332319,34389.86299107792,259.7403938741323,0.2119496486262513,112007822.55360875,0,False,3,0.9941360261955283,0,3.452788633808146e-08,4.751289069785833e-12,18.72964569999749
3334,33732.5360730128,657.3269179021459,34389.862990914946,259.7403937511946,0.21194964852593343,112007822.55360875,0,False,3,0.9941474770586953,0,3.443658865934333e-08,4.739017850765397e-12,18.73517009999341
3335,33732.53604111764,657.3269496347422,34389.86299075238,259.74039362839824,0.2119496484257309,112007822.55360875,0,False,3,0.9941588832660063,0,3.43453876462522e-08,4.72716977722903e-12,18.740389899998263
3336,33732.53600925997,657.3269813302572,34389.86299059023,259.74039350574634,0.21194964832564628,112007822.55360875,0,False,3,0.9941702450782601,0,3.4254284072275536e-08,4.715110130950373e-12,18.745623399998294
3337,33732.535977440566,657.3270129879296,34389.8629904285,259.74039338324167,0.21194964822568174,112007822.55360875,0,False,3,0.9941815627542269,0,3.4163278623779986e-08,4.702838911929421e-12,18.752149099993403
3338,33732.53594566018,657.3270446070009,34389.86299026718,259.74039326088723,0.21194964812583983,112007822.55360875,0,False,3,0.9941928365506698,0,3.407237217240277e-08,4.69077926565042e-12,18.762052499994752
3339,33732.53591391958,657.3270761867135,34389.862990106296,259.740393138686,0.21194964802612293,112007822.55360875,0,False,3,0.9942040667223634,0,3.39815651530679e-08,4.678296473886998e-12,18.768262999998115
3340,33732.535882219505,657.3271077263136,34389.86298994582,259.7403930166408,0.21194964792653334,112007822.55360875,0,False,3,0.9942152535221137,0,3.38908584745801e-08,4.66644840034978e-12,18.773853799997596
3341,33732.535850560715,657.3271392250493,34389.86298978576,259.7403928947545,0.21194964782707343,112007822.55360875,0,False,3,0.9942263972007759,0,3.380025233777167e-08,4.6541771813281416e-12,18.779148899993743
3342,33732.53581894396,657.3271706821722,34389.86298962613,259.74039277303007,0.2119496477277456,112007822.55360875,0,False,3,0.9942374980072748,0,3.3709748161494635e-08,4.6419059623063315e-12,18.784245399998326
3343,33732.53578736999,657.3272020969356,34389.86298946693,259.7403926514703,0.21194964762855212,112007822.55360875,0,False,3,0.9942485561886216,0,3.361934614426492e-08,4.6292115978000905e-12,18.78978709999501
3344,33732.53575583955,657.3272334685961,34389.862989308145,259.74039253007817,0.21194964752949544,112007822.55360875,0,False,3,0.9942595719899339,0,3.352904672956276e-08,4.6171519515200654e-12,18.795074399997247
3345,33732.535724353365,657.3272647964135,34389.86298914978,259.74039240885645,0.21194964743057784,112007822.55360875,0,False,3,0.9942705456544525,0,3.3438851037846406e-08,4.605092305239873e-12,18.80371179999929
3346,33732.53569291219,657.3272960796498,34389.862988991845,259.740392287808,0.2119496473318016,112007822.55360875,0,False,3,0.9942814774235601,0,3.334875952519734e-08,4.592397940733116e-12,18.812338399999135
3347,33732.53566151676,657.3273273175704,34389.862988834335,259.74039216693564,0.21194964723316906,112007822.55360875,0,False,3,0.9942923675367986,0,3.325877269024265e-08,4.580126721710451e-12,18.818311899995024
3348,33732.535630167804,657.327358509444,34389.86298867725,259.7403920462422,0.21194964713468256,112007822.55360875,0,False,3,0.9943032162318873,0,3.316889107217418e-08,4.567855502687618e-12,18.824200799994287
3349,33732.535598866045,657.3273896545421,34389.86298852059,259.74039192573053,0.21194964703634434,112007822.55360875,0,False,3,0.994314023744739,0,3.3079115292318364e-08,4.555372710922481e-12,18.829809999995632
3350,33732.53556761222,657.3274207521395,34389.86298836436,259.74039180540336,0.21194964693815666,112007822.55360875,0,False,3,0.9943247903094784,0,3.298944619888075e-08,4.542889919157172e-12,18.834866699995473
3351,33732.53553640705,657.3274518015143,34389.862988208566,259.7403916852635,0.21194964684012182,112007822.55360875,0,False,3,0.994335516158458,0,3.289988418865601e-08,4.530195554649556e-12,18.839957499993034
3352,33732.53550525124,657.3274828019478,34389.86298805319,259.7403915653137,0.21194964674224212,112007822.55360875,0,False,3,0.9943462015222756,0,3.2810429438981146e-08,4.518135908368183e-12,18.845095599994238
3353,33732.535474145516,657.3275137527246,34389.86298789824,259.7403914455567,0.21194964664451973,112007822.55360875,0,False,3,0.9943568466297904,0,3.272108284558694e-08,4.505653116602367e-12,18.850208699994255
3354,33732.53544309059,657.3275446531331,34389.86298774373,259.74039132599535,0.21194964654695697,112007822.55360875,0,False,3,0.9943674517081394,0,3.263184482869373e-08,4.492958752094242e-12,18.855788099994243
3355,33732.53541208718,657.3275755024649,34389.862987589644,259.74039120663224,0.211949646449556,112007822.55360875,0,False,3,0.9943780169827539,0,3.254271591033544e-08,4.480475960328087e-12,18.86163459999807
3356,33732.535381135975,657.3276063000146,34389.86298743599,259.7403910874702,0.21194964635231908,112007822.55360875,0,False,3,0.9943885426773751,0,3.245369664390319e-08,4.467993168561764e-12,18.866926399998192
3357,33732.53535023768,657.3276370450812,34389.862987282766,259.7403909685118,0.21194964625524837,112007822.55360875,0,False,3,0.99439902901407,0,3.236478761736249e-08,4.455510376795274e-12,18.872758099998464
3358,33732.53531939301,657.3276677369669,34389.86298712998,259.7403908497599,0.2119496461583461,112007822.55360875,0,False,3,0.994409476213247,0,3.2275988879701235e-08,4.442816012286472e-12,18.878039600000193
3359,33732.535288602645,657.3276983749771,34389.86298697762,259.740390731217,0.21194964606161446,112007822.55360875,0,False,3,0.9944198844936719,0,3.218730144185873e-08,4.430333220519646e-12,18.88335819999338
3360,33732.535257867276,657.3277289584216,34389.8629868257,259.7403906128859,0.21194964596505558,112007822.55360875,0,False,3,0.9944302540724818,0,3.209872521408763e-08,4.417638856010508e-12,18.88932719999866
3361,33732.535227187596,657.327759486613,34389.86298667421,259.7403904947692,0.21194964586867168,112007822.55360875,0,False,3,0.9944405851652022,0,3.201026115538807e-08,4.404944491501202e-12,18.895229299996572
3362,33732.535196564284,657.3277899588684,34389.86298652315,259.7403903768695,0.21194964577246486,112007822.55360875,0,False,3,0.9944508779857604,0,3.1921909148428e-08,4.392673272476024e-12,18.900778499999433
3363,33732.53516599802,657.3278203745084,34389.86298637253,259.74039025918944,0.21194964567643726,112007822.55360875,0,False,3,0.9944611327465004,0,3.1833670214545637e-08,4.379767335224237e-12,18.906612999999197
3364,33732.53513548949,657.3278507328573,34389.862986222346,259.74039014173167,0.21194964558059104,112007822.55360875,0,False,3,0.9944713496581985,0,3.174554435423354e-08,4.36707297071443e-12,18.91229629999725
3365,33732.53510503935,657.3278810332436,34389.86298607259,259.7403900244987,0.21194964548492826,112007822.55360875,0,False,3,0.9944815289300767,0,3.165753196978716e-08,4.354590178946607e-12,18.917989199995645
3366,33732.53507464828,657.3279112749989,34389.86298592328,259.7403899074931,0.21194964538945105,112007822.55360875,0,False,3,0.9944916707698178,0,3.156963381911895e-08,4.3416842416943184e-12,18.923718699996243
3367,33732.535044316945,657.3279414574595,34389.8629857744,259.74038979071753,0.2119496452941615,112007822.55360875,0,False,3,0.994501775383579,0,3.1481849684806866e-08,4.329201449926166e-12,18.929046599994763
3368,33732.53501404599,657.3279715799653,34389.86298562596,259.7403896741744,0.21194964519906165,112007822.55360875,0,False,3,0.9945118429760057,0,3.139418030045186e-08,4.316507085415698e-12,18.934512399995583
3369,33732.5349838361,657.3280016418602,34389.86298547796,259.7403895578664,0.21194964510415365,112007822.55360875,0,False,3,0.9945218737502465,0,3.130662634688599e-08,4.303601148162911e-12,18.940957699996943
3370,33732.53495368789,657.3280316424921,34389.86298533039,259.74038944179586,0.2119496450094394,112007822.55360875,0,False,3,0.9945318679079651,0,3.121918759630555e-08,4.2911183563942675e-12,18.94650439999532
3371,33732.534923602056,657.3280615812132,34389.86298518327,259.74038932596545,0.21194964491492113,112007822.55360875,0,False,3,0.9945418256493554,0,3.11318645725758e-08,4.278000846398995e-12,18.95194989999436
3372,33732.534893579206,657.3280914573792,34389.86298503658,259.74038921037754,0.21194964482060075,112007822.55360875,0,False,3,0.9945517471731544,0,3.104465788128897e-08,4.2653064818878685e-12,18.957393199998478
3373,33732.53486361998,657.3281212703507,34389.86298489033,259.7403890950346,0.2119496447264802,112007822.55360875,0,False,3,0.9945616326766545,0,3.0957567667547615e-08,4.252823690118737e-12,18.96267429999716
3374,33732.53483372502,657.328151019492,34389.86298474451,259.74038897993904,0.2119496446325616,112007822.55360875,0,False,3,0.9945714823557184,0,3.087059393621591e-08,4.240129325607287e-12,18.968207599995367
3375,33732.53480389497,657.3281807041716,34389.86298459914,259.7403888650934,0.2119496445388469,112007822.55360875,0,False,3,0.9945812964047901,0,3.078373726493646e-08,4.227223388353516e-12,18.973775699996622
3376,33732.53477413044,657.3282103237622,34389.86298445421,259.7403887505,0.21194964444533804,112007822.55360875,0,False,3,0.9945910750169095,0,3.069699833759247e-08,4.214317451099581e-12,18.979131099993538
3377,33732.53474443207,657.3282398776413,34389.862984309715,259.74038863616136,0.21194964435203703,112007822.55360875,0,False,3,0.9946008183837234,0,3.0610376683180116e-08,4.201623086587644e-12,18.98449449999316
3378,33732.53471480047,657.3282693651905,34389.862984165666,259.74038852207974,0.21194964425894577,112007822.55360875,0,False,3,0.9946105266954994,0,3.052387333225833e-08,4.1887171493333844e-12,18.989852699996845
3379,33732.534685236256,657.3282987857954,34389.86298402205,259.7403884082576,0.2119496441660663,112007822.55360875,0,False,3,0.9946202001411376,0,3.043748817151735e-08,4.176022784821126e-12,18.995106399997894
3380,33732.53465574003,657.3283281388465,34389.86298387888,259.7403882946972,0.21194964407340033,112007822.55360875,0,False,3,0.9946298389081831,0,3.035122154684392e-08,4.163328420308709e-12,19.001051799998095
3381,33732.534626312416,657.3283574237387,34389.86298373615,259.74038818140093,0.21194964398094993,112007822.55360875,0,False,3,0.9946394431828375,0,3.02650738705753e-08,4.150210910311802e-12,19.00660439999774
3382,33732.53459695399,657.3283866398713,34389.86298359386,259.74038806837103,0.21194964388871687,112007822.55360875,0,False,3,0.9946490131499722,0,3.017904503924699e-08,4.137516545799064e-12,19.012212299996463
3383,33732.534567665374,657.3284157866483,34389.862983452025,259.7403879556099,0.21194964379670314,112007822.55360875,0,False,3,0.9946585489931392,0,3.009313542650483e-08,4.124399035801834e-12,19.017335699994874
3384,33732.53453844713,657.3284448634782,34389.86298331061,259.7403878431197,0.2119496437049105,112007822.55360875,0,False,3,0.994668050894583,0,3.000734576491006e-08,4.1121278167731126e-12,19.02257180000015
3385,33732.534509299876,657.3284738697746,34389.86298316965,259.74038773090285,0.21194964361334093,112007822.55360875,0,False,3,0.9946775190352524,0,2.9921675801904336e-08,4.098798734033397e-12,19.02876589999505
3386,33732.534480224174,657.328502804955,34389.86298302913,259.74038761896145,0.21194964352199608,112007822.55360875,0,False,3,0.994686953594812,0,2.9836125854519375e-08,4.086104369520026e-12,19.0346583999999
3387,33732.534451220614,657.3285316684423,34389.862982889055,259.7403875072978,0.2119496434308779,112007822.55360875,0,False,3,0.9946963547516539,0,2.9750696376532537e-08,4.073198432264328e-12,19.040053999997326
3388,33732.534422289755,657.3285604596646,34389.86298274942,259.74038739591407,0.21194964333998814,112007822.55360875,0,False,3,0.994705722682908,0,2.9665387487571248e-08,4.060292495008473e-12,19.046054799997364
3389,33732.534393432165,657.3285891780539,34389.86298261022,259.7403872848124,0.21194964324932855,112007822.55360875,0,False,3,0.9947150575644544,0,2.9580199421704413e-08,4.047809703236804e-12,19.05171519999567
3390,33732.534364648425,657.3286178230479,34389.86298247147,259.74038717399503,0.21194964315890094,112007822.55360875,0,False,3,0.9947243595709333,0,2.9495132328737113e-08,4.034480620496292e-12,19.057571299999836
3391,33732.53433593908,657.3286463940889,34389.86298233317,259.74038706346414,0.21194964306870712,112007822.55360875,0,False,3,0.9947336288757563,0,2.941018641029558e-08,4.021574683239967e-12,19.06305369999609
3392,33732.53430730468,657.3286748906246,34389.86298219531,259.74038695322173,0.21194964297874866,112007822.55360875,0,False,3,0.9947428656511177,0,2.932536213182124e-08,4.008880318725659e-12,19.06831129999773
3393,33732.53427874578,657.3287033121078,34389.862982057886,259.74038684327,0.21194964288902743,112007822.55360875,0,False,3,0.994752070068004,0,2.9240659791182732e-08,3.9959743814690234e-12,19.073858299998392
3394,33732.534250262914,657.328731657996,34389.86298192091,259.74038673361105,0.2119496427995451,112007822.55360875,0,False,3,0.994761242296206,0,2.915607887732967e-08,3.983068444212233e-12,19.079676599998493
3395,33732.534221856615,657.3287599277526,34389.86298178437,259.74038662424687,0.21194964271030328,112007822.55360875,0,False,3,0.9947703825043277,0,2.90716203162441e-08,3.9703740796974655e-12,19.085468099998252
3396,33732.534193527434,657.3287881208457,34389.86298164828,259.7403865151795,0.21194964262130372,112007822.55360875,0,False,3,0.994779490859798,0,2.898728385769602e-08,3.95725656969819e-12,19.09183459999622
3397,33732.53416527589,657.328816236749,34389.86298151263,259.7403864064112,0.2119496425325481,112007822.55360875,0,False,3,0.9947885675288797,0,2.890307025897374e-08,3.9443506324409385e-12,19.097440599995025
3398,33732.53413710249,657.3288442749416,34389.86298137743,259.74038629794364,0.211949642444038,112007822.55360875,0,False,3,0.9947976126766807,0,2.881897933517801e-08,3.931444695183533e-12,19.102996999994502
3399,33732.53410900776,657.3288722349079,34389.86298124267,259.740386189779,0.21194964235577501,112007822.55360875,0,False,3,0.9948066264671631,0,2.873501128219675e-08,3.918538757925976e-12,19.108736399997724
3400,33732.53408099222,657.3289001161379,34389.86298110836,259.7403860819192,0.21194964226776083,112007822.55360875,0,False,3,0.9948156090631542,0,2.8651166136405527e-08,3.905632820668267e-12,19.11392729999352
3401,33732.53405305636,657.3289279181272,34389.86298097449,259.7403859743662,0.21194964217999693,112007822.55360875,0,False,3,0.9948245606263549,0,2.8567444458851012e-08,3.892726883410406e-12,19.11935779999476
3402,33732.534025200686,657.3289556403771,34389.86298084106,259.7403858671219,0.21194964209248499,112007822.55360875,0,False,3,0.9948334813173508,0,2.848384661720492e-08,3.879820946152395e-12,19.124773099996673
3403,33732.53399742568,657.3289832823941,34389.86298070807,259.7403857601882,0.21194964200522648,112007822.55360875,0,False,3,0.9948423712956209,0,2.8400372241654694e-08,3.867126581636417e-12,19.130107399992994
3404,33732.53396973184,657.3290108436911,34389.86298057553,259.74038565356693,0.2119496419182229,112007822.55360875,0,False,3,0.9948512307195476,0,2.8317021758960087e-08,3.854009071635922e-12,19.13561309999932
3405,33732.533942119655,657.3290383237862,34389.86298044344,259.7403855472601,0.2119496418314759,112007822.55360875,0,False,3,0.9948600597464253,0,2.8233795387190302e-08,3.841103134377461e-12,19.140860099993006
3406,33732.533914589585,657.3290657222037,34389.86298031179,259.7403854412694,0.2119496417449869,112007822.55360875,0,False,3,0.9948688585324715,0,2.8150693533625076e-08,3.828197197118851e-12,19.146239399997285
3407,33732.533887142105,657.3290930384734,34389.86298018058,259.7403853355966,0.21194964165875732,112007822.55360875,0,False,3,0.9948776272328337,0,2.8067715928920786e-08,3.8152912598600926e-12,19.151960999995936
3408,33732.53385977768,657.3291202721306,34389.86298004981,259.74038523024365,0.21194964157278867,112007822.55360875,0,False,3,0.9948863660016005,0,2.7984862906313942e-08,3.8025968953433744e-12,19.157854599994607
3409,33732.533832496774,657.3291474227178,34389.86297991949,259.7403851252122,0.21194964148708242,112007822.55360875,0,False,3,0.9948950749918092,0,2.7902134942321193e-08,3.789479385342133e-12,19.163162199998624
3410,33732.53380529984,657.3291744897826,34389.86297978962,259.74038502050405,0.21194964140163997,112007822.55360875,0,False,3,0.994903754355456,0,2.78195322088774e-08,3.776361875340743e-12,19.168593299997156
3411,33732.53377818731,657.3292014728786,34389.86297966019,259.74038491612083,0.21194964131646266,112007822.55360875,0,False,3,0.9949124042435034,0,2.7737054185311082e-08,3.763667510823585e-12,19.17409119999502
3412,33732.53375115963,657.3292283715653,34389.86297953119,259.74038481206435,0.211949641231552,112007822.55360875,0,False,3,0.994921024805891,0,2.7654701828830443e-08,3.7509731463062835e-12,19.179611699997622
3413,33732.533724217246,657.329255185409,34389.86297940266,259.7403847083362,0.21194964114690923,112007822.55360875,0,False,3,0.9949296161915413,0,2.7572475171868996e-08,3.737644063562263e-12,19.185233899996092
3414,33732.53369736056,657.3292819139813,34389.86297927454,259.740384604938,0.21194964106253572,112007822.55360875,0,False,3,0.9949381785483716,0,2.7490373955076364e-08,3.7253728445290564e-12,19.190899599998374
3415,33732.533670590026,657.3293085568603,34389.862979146885,259.7403845018715,0.21194964097843286,112007822.55360875,0,False,3,0.9949467120232998,0,2.7408399114273683e-08,3.712043761784745e-12,19.19618449999689
3416,33732.53364390604,657.3293351136305,34389.86297901967,259.74038439913824,0.21194964089460192,112007822.55360875,0,False,3,0.994955216762254,0,2.732655035307019e-08,3.699137824524674e-12,19.201617499995336
3417,33732.53361730901,657.3293615838821,34389.862978892896,259.7403842967397,0.21194964081104412,112007822.55360875,0,False,3,0.9949636929101806,0,2.724482774722828e-08,3.686443460006654e-12,19.207121899999038
3418,33732.53359079936,657.3293879672117,34389.86297876657,259.7403841946776,0.21194964072776085,112007822.55360875,0,False,3,0.9949721406110532,0,2.7163231744483453e-08,3.673325950004102e-12,19.212594999997236
3419,33732.53356437746,657.3294142632224,34389.86297864068,259.7403840929533,0.21194964064475327,112007822.55360875,0,False,3,0.9949805600078796,0,2.7081762338781095e-08,3.660631585485798e-12,19.217923899996094
3420,33732.53353804371,657.329440471523,34389.86297851523,259.7403839915684,0.21194964056202262,112007822.55360875,0,False,3,0.9949889512427104,0,2.7000419783880578e-08,3.6479372209673555e-12,19.223258699996222
3421,33732.5335117985,657.3294665917285,34389.86297839023,259.7403838905244,0.21194964047957013,112007822.55360875,0,False,3,0.9949973144566472,0,2.6919204456528914e-08,3.634819710964377e-12,19.22869389999687
3422,33732.53348564221,657.3294926234611,34389.86297826567,259.7403837898228,0.211949640397397,112007822.55360875,0,False,3,0.9950056497898503,0,2.6838116412347668e-08,3.621913773703454e-12,19.234045399993192
3423,33732.53345957521,657.329518566348,34389.86297814155,259.74038368946486,0.21194964031550437,112007822.55360875,0,False,3,0.9950139573815467,0,2.675715586401423e-08,3.609219409184591e-12,19.239230999999563
3424,33732.533433597855,657.3295444200236,34389.86297801788,259.7403835894521,0.2119496402338934,112007822.55360875,0,False,3,0.9950222373700379,0,2.667632284703705e-08,3.596101899181189e-12,19.244544899993343
3425,33732.533407710514,657.329570184128,34389.86297789464,259.74038348978587,0.21194964015256518,112007822.55360875,0,False,3,0.995030489892707,0,2.659561762592317e-08,3.583619107404249e-12,19.24976069999684
3426,33732.53338191354,657.3295958583078,34389.86297777185,259.74038339046757,0.21194964007152087,112007822.55360875,0,False,3,0.9950387150860271,0,2.651504062803096e-08,3.5705015974005687e-12,19.255081999996037
3427,33732.533356207285,657.3296214422157,34389.8629776495,259.7403832914985,0.21194963999076155,112007822.55360875,0,False,3,0.995046913085568,0,2.6434591477132577e-08,3.5578072328811533e-12,19.260501099997782
3428,33732.53333059208,657.3296469355108,34389.86297752759,259.74038319288,0.21194963991028828,112007822.55360875,0,False,3,0.9950550840260046,0,2.6354271017682603e-08,3.5449012956193984e-12,19.265997699993022
3429,33732.53330506826,657.329672337858,34389.86297740612,259.7403830946134,0.21194963983010215,112007822.55360875,0,False,3,0.9950632280411236,0,2.6274079227075808e-08,3.532206931099711e-12,19.27161199999682
3430,33732.53327963617,657.3296976489287,34389.8629772851,259.74038299669985,0.21194963975020417,112007822.55360875,0,False,3,0.9950713452638311,0,2.619401608243077e-08,3.5190894210954783e-12,19.277408399997512
3431,33732.53325429611,657.3297228684007,34389.862977164514,259.7403828991407,0.21194963967059532,112007822.55360875,0,False,3,0.9950794358261598,0,2.611408194473944e-08,3.506395056575519e-12,19.28252889999567
3432,33732.5332290484,657.3297479959573,34389.86297704436,259.7403828019371,0.2119496395912766,112007822.55360875,0,False,3,0.9950874998592755,0,2.6034277039252575e-08,3.493912264797632e-12,19.28765679999924
3433,33732.53320389336,657.3297730312883,34389.862976924655,259.7403827050902,0.21194963951224902,112007822.55360875,0,False,3,0.9950955374934856,0,2.595460148331332e-08,3.4807947547929923e-12,19.29317629999423
3434,33732.5331788313,657.3297979740895,34389.86297680539,259.7403826086013,0.21194963943351353,112007822.55360875,0,False,3,0.9951035488582447,0,2.5875055599363428e-08,3.4681003902726314e-12,19.298282899995684
3435,33732.53315386249,657.3298228240628,34389.86297668655,259.74038251247146,0.21194963935507102,112007822.55360875,0,False,3,0.9951115340821629,0,2.579563937491002e-08,3.455617598494347e-12,19.30344029999833
3436,33732.53312898725,657.3298475809161,34389.86297656816,259.74038241670183,0.21194963927692245,112007822.55360875,0,False,3,0.9951194932930115,0,2.571635310437094e-08,3.442500088489305e-12,19.308929299993906
3437,33732.53310420585,657.3298722443626,34389.86297645022,259.74038232129345,0.21194963919906867,112007822.55360875,0,False,3,0.9951274266177301,0,2.56371972190425e-08,3.4295941512263374e-12,19.314226199996483
3438,33732.53307951857,657.3298968141229,34389.8629763327,259.7403822262475,0.21194963912151063,112007822.55360875,0,False,3,0.9951353341824339,0,2.5558171554381305e-08,3.4173229321898695e-12,19.319469299996854
3439,33732.533054925705,657.329921289922,34389.86297621563,259.740382131565,0.21194963904424918,112007822.55360875,0,False,3,0.9951432161124202,0,2.547927653123706e-08,3.4042054221844293e-12,19.32523649999348
3440,33732.5330304275,657.3299456714915,34389.862976098986,259.74038203724695,0.21194963896728508,112007822.55360875,0,False,3,0.9951510725321739,0,2.5400512621382742e-08,3.391722630405492e-12,19.330632899997
3441,33732.53300602422,657.3299699585683,34389.86297598279,259.7403819432944,0.21194963889061927,112007822.55360875,0,False,3,0.9951589035653763,0,2.5321879615248126e-08,3.378816693142001e-12,19.336112999997567
3442,33732.53298171613,657.3299941508951,34389.86297586703,259.7403818497083,0.21194963881425247,112007822.55360875,0,False,3,0.9951667093349094,0,2.5243377753635535e-08,3.3661223286205933e-12,19.341330299997935
3443,33732.532957503485,657.3300182482204,34389.862975751705,259.7403817564896,0.2119496387381855,112007822.55360875,0,False,3,0.9951744899628637,0,2.5165007390992823e-08,3.3534279640990567e-12,19.346624399993743
3444,33732.53293338652,657.3300422502984,34389.862975636825,259.74038166363937,0.21194963866241917,112007822.55360875,0,False,3,0.9951822455705438,0,2.508676855809747e-08,3.3405220268351773e-12,19.352452099999937
3445,33732.53290936547,657.3300661568883,34389.86297552236,259.74038157115837,0.21194963858695415,112007822.55360875,0,False,3,0.9951899762784754,0,2.500866146119887e-08,3.328462380540032e-12,19.357915699998557
3446,33732.532885440596,657.330089967755,34389.86297540835,259.74038147904764,0.21194963851179127,112007822.55360875,0,False,3,0.9951976822064108,0,2.4930686753147557e-08,3.3151332977914667e-12,19.362896899998304
3447,33732.532861612104,657.3301136826693,34389.862975294775,259.740381387308,0.21194963843693118,112007822.55360875,0,False,3,0.9952053634733358,0,2.485284458345317e-08,3.302650506011638e-12,19.368277299996407
3448,33732.532837880215,657.3301373014064,34389.86297518162,259.74038129594027,0.2119496383623746,112007822.55360875,0,False,3,0.995213020197475,0,2.4775134581758866e-08,3.290379286973903e-12,19.373335499993118
3449,33732.53281424516,657.3301608237472,34389.86297506891,259.7403812049453,0.21194963828812222,112007822.55360875,0,False,3,0.9952206524962992,0,2.469755756004854e-08,3.2774733497093907e-12,19.378414999999222
3450,33732.53279070716,657.3301842494781,34389.86297495664,259.74038111432407,0.21194963821417473,112007822.55360875,0,False,3,0.9952282604865293,0,2.4620113421678833e-08,3.2645674124447516e-12,19.38383999999496
3451,33732.53276726641,657.3302075783895,34389.8629748448,259.74038102407724,0.2119496381405328,112007822.55360875,0,False,3,0.995235844284145,0,2.454280235780103e-08,3.2520846206644256e-12,19.38916379999864
3452,33732.53274392311,657.3302308102778,34389.86297473339,259.7403809342056,0.21194963806719702,112007822.55360875,0,False,3,0.9952434040043884,0,2.4465625067600676e-08,3.239601828883978e-12,19.39441309999529
3453,33732.53272067747,657.3302539449443,34389.86297462241,259.7403808447099,0.21194963799416802,112007822.55360875,0,False,3,0.9952509397617704,0,2.4388581087603992e-08,3.227119037103409e-12,19.399894099995436
3454,33732.53269752968,657.3302769821946,34389.862974511874,259.74038075559093,0.21194963792144644,112007822.55360875,0,False,3,0.9952584516700772,0,2.431167110222027e-08,3.2142130998382745e-12,19.40537939999922
3455,33732.53267447992,657.3302999218395,34389.86297440175,259.7403806668494,0.21194963784903284,112007822.55360875,0,False,3,0.9952659398423759,0,2.4234895052794615e-08,3.202153453541907e-12,19.41125999999349
3456,33732.53265152839,657.3303227636943,34389.86297429208,259.74038057848605,0.21194963777692785,112007822.55360875,0,False,3,0.9952734043910191,0,2.4158253751439312e-08,3.1890359435343056e-12,19.416954699998314
3457,33732.53262867526,657.3303455075786,34389.86297418284,259.74038049050154,0.21194963770513198,112007822.55360875,0,False,3,0.9952808454276518,0,2.4081746756085566e-08,3.1765531517532513e-12,19.42216959999496
3458,33732.53260592071,657.3303681533174,34389.86297407402,259.74038040289656,0.21194963763364583,112007822.55360875,0,False,3,0.9952882630632165,0,2.4005374783204378e-08,3.1642819327143028e-12,19.428069999994477
3459,33732.532583264896,657.330390700739,34389.86297396563,259.74038031567176,0.21194963756246987,112007822.55360875,0,False,3,0.9952956574079583,0,2.3929137567644883e-08,3.151799140933012e-12,19.433055099994817
3460,33732.53256070801,657.3304131496772,34389.862973857686,259.74038022882775,0.21194963749160467,112007822.55360875,0,False,3,0.995303028571431,0,2.38530355973316e-08,3.1388932036671505e-12,19.43850179999572
3461,33732.53253825019,657.3304354999686,34389.86297375016,259.7403801423652,0.21194963742105075,112007822.55360875,0,False,3,0.9953103766625025,0,2.377706926020656e-08,3.126621984627848e-12,19.444148499998846
3462,33732.5325158916,657.3304577514556,34389.86297364306,259.74038005628466,0.21194963735080852,112007822.55360875,0,False,3,0.9953177017893594,0,2.37012387610877e-08,3.1143507655884303e-12,19.44955239999399
3463,33732.5324936324,657.3304799039837,34389.86297353639,259.7403799705868,0.21194963728087857,112007822.55360875,0,False,3,0.9953250040595131,0,2.362554433755133e-08,3.1018679738066696e-12,19.45489549999911
3464,33732.53247147275,657.3305019574026,34389.86297343015,259.74037988527215,0.21194963721126134,112007822.55360875,0,False,3,0.9953322835798047,0,2.354998584394301e-08,3.0891736092825638e-12,19.460465899996052
3465,33732.53244941278,657.3305239115658,34389.86297332434,259.7403798003413,0.2119496371419573,112007822.55360875,0,False,3,0.9953395404564105,0,2.3474563939870984e-08,3.0766908175005697e-12,19.465895499997714
3466,33732.53242745262,657.3305457663308,34389.86297321895,259.74037971579475,0.2119496370729668,112007822.55360875,0,False,3,0.9953467747948471,0,2.3399278861672938e-08,3.0646311712029202e-12,19.471307099993282
3467,33732.532405592436,657.3305675215589,34389.862973113995,259.74037963163306,0.2119496370042904,112007822.55360875,0,False,3,0.995353986699976,0,2.3324130366876124e-08,3.051936806678468e-12,19.476941899993108
3468,33732.53238383235,657.3305891771149,34389.86297300947,259.7403795478568,0.21194963693592847,112007822.55360875,0,False,3,0.9953611762760091,0,2.3249119426970982e-08,3.03945401489613e-12,19.482549099993776
3469,33732.53236217249,657.3306107328671,34389.86297290536,259.74037946446634,0.2119496368678814,112007822.55360875,0,False,3,0.9953683436265139,0,2.317424566111473e-08,3.0273943685981425e-12,19.489240999995673
3470,33732.53234061299,657.3306321886874,34389.862972801675,259.74037938146233,0.21194963680014964,112007822.55360875,0,False,3,0.9953754888544187,0,2.3099509471113347e-08,3.01491157681558e-12,19.496009599999525
3471,33732.532319153965,657.3306535444516,34389.862972698415,259.74037929884514,0.21194963673273354,112007822.55360875,0,False,3,0.9953826120620162,0,2.3024911374216325e-08,3.0026403577751375e-12,19.50157479999325
3472,33732.53229779555,657.3306748000375,34389.86297259559,259.7403792166153,0.21194963666563352,112007822.55360875,0,False,3,0.9953897133509696,0,2.295045153546505e-08,2.989945993250117e-12,19.507180499997048
3473,33732.53227653786,657.3306959553274,34389.86297249319,259.7403791347732,0.2119496365988499,112007822.55360875,0,False,3,0.9953967928223176,0,2.2876129734063545e-08,2.977674774209451e-12,19.513991199994052
3474,33732.53225538099,657.3307170102063,34389.862972391194,259.74037905331926,0.21194963653238302,112007822.55360875,0,False,3,0.9954038505764784,0,2.280194671105822e-08,2.9658267006531457e-12,19.519031499999983
3475,33732.532234325074,657.3307379645621,34389.86297228964,259.74037897225406,0.21194963646623335,112007822.55360875,0,False,3,0.9954108867132545,0,2.2727902738554826e-08,2.953132336127792e-12,19.524245599997812
3476,33732.5322133702,657.330758818286,34389.862972188486,259.7403788915778,0.21194963640040104,112007822.55360875,0,False,3,0.9954179013318379,0,2.265399754881603e-08,2.941284262571271e-12,19.52929089999816
3477,33732.5321925165,657.3307795712722,34389.86297208777,259.74037881129107,0.21194963633488662,112007822.55360875,0,False,3,0.995424894530815,0,2.2580231744095328e-08,2.9285898980456974e-12,19.534339999998338
3478,33732.53217176405,657.3308002234168,34389.862971987466,259.7403787313942,0.2119496362696903,112007822.55360875,0,False,3,0.9954318664081699,0,2.250660575864814e-08,2.9167418244889625e-12,19.539666399999987
3479,33732.532151112966,657.3308207746201,34389.86297188759,259.74037865188757,0.21194963620481247,112007822.55360875,0,False,3,0.9954388170612908,0,2.2433119197356683e-08,2.9042590327054094e-12,19.54565979999461
3480,33732.53213056335,657.3308412247839,34389.862971788134,259.7403785727716,0.21194963614025336,112007822.55360875,0,False,3,0.9954457465869727,0,2.2359772901966614e-08,2.8919878136639857e-12,19.555321099993307
3481,33732.53211011528,657.3308615738133,34389.862971689094,259.7403784940465,0.21194963607601328,112007822.55360875,0,False,3,0.9954526550814233,0,2.2286567096314774e-08,2.8799281673646952e-12,19.560691299993778
3482,33732.53208976885,657.3308818216154,34389.86297159047,259.7403784157128,0.21194963601209252,112007822.55360875,0,False,3,0.9954595426402668,0,2.2213501347134135e-08,2.8678685210653005e-12,19.56572569999844
3483,33732.53206952416,657.3309019681001,34389.86297149226,259.74037833777084,0.2119496359484914,112007822.55360875,0,False,3,0.9954664093585487,0,2.2140576602076422e-08,2.8558088747658015e-12,19.57099959999323
3484,33732.5320493813,657.3309220131798,34389.862971394476,259.74037826022084,0.21194963588521015,112007822.55360875,0,False,3,0.9954732553307397,0,2.206779288746168e-08,2.843326082981717e-12,19.575945299999148
3485,33732.532029340335,657.3309419567688,34389.8629712971,259.74037818306317,0.21194963582224907,112007822.55360875,0,False,3,0.9954800806507402,0,2.1995150570041544e-08,2.831478009424251e-12,19.580853999999817
3486,33732.532009401366,657.3309617987841,34389.86297120015,259.7403781062982,0.2119496357596084,112007822.55360875,0,False,3,0.9954868854118847,0,2.192264949640172e-08,2.8192067903821996e-12,19.586174799995206
3487,33732.531989564464,657.3309815391443,34389.86297110361,259.74037802992615,0.2119496356972884,112007822.55360875,0,False,3,0.9954936697069463,0,2.185028993456376e-08,2.807147144082287e-12,19.59150189999491
3488,33732.53196982972,657.3310011777709,34389.86297100749,259.74037795394736,0.21194963563528926,112007822.55360875,0,False,3,0.9955004336281402,0,2.1778072604822193e-08,2.795087497782273e-12,19.596647399994254
3489,33732.53195019718,657.3310207145865,34389.86297091177,259.74037787836215,0.2119496355736113,112007822.55360875,0,False,3,0.9955071772671289,0,2.170599711094787e-08,2.7834509969666463e-12,19.602007699999376
3490,33732.53193066696,657.3310401495168,34389.86297081648,259.7403778031708,0.21194963551225474,112007822.55360875,0,False,3,0.9955139007150252,0,2.163406411370991e-08,2.770756632439698e-12,19.60756389999733
3491,33732.5319112391,657.3310594824881,34389.86297072159,259.74037772837363,0.2119496354512198,112007822.55360875,0,False,3,0.9955206040623972,0,2.156227372737284e-08,2.7593317043661164e-12,19.61311399999977
3492,33732.53189191369,657.3310787134299,34389.862970627124,259.7403776539708,0.21194963539050668,112007822.55360875,0,False,3,0.9955272873992719,0,2.1490626007528287e-08,2.7468489125812102e-12,19.61863959999755
3493,33732.531872690786,657.3310978422727,34389.86297053306,259.7403775799627,0.21194963533011563,112007822.55360875,0,False,3,0.9955339508151392,0,2.1419121349063284e-08,2.7352124117651875e-12,19.624179799997364
3494,33732.53185357046,657.3311168689488,34389.862970439404,259.74037750634943,0.2119496352700468,112007822.55360875,0,False,3,0.9955405943989568,0,2.1347760091504718e-08,2.7233643382068217e-12,19.629692199996498
3495,33732.53183455278,657.3311357933921,34389.86297034617,259.7403774331314,0.21194963521030047,112007822.55360875,0,False,3,0.9955472182391527,0,2.127654227070469e-08,2.7110931191638636e-12,19.635344199996325
3496,33732.5318156378,657.3311546155387,34389.862970253336,259.74037736030874,0.21194963515087675,112007822.55360875,0,False,3,0.9955538224236301,0,2.1205467618631423e-08,2.699456618347551e-12,19.640981799995643
3497,33732.531796825584,657.331173335326,34389.86297016091,259.74037728788176,0.21194963509177592,112007822.55360875,0,False,3,0.9955604070397711,0,2.1134537457776817e-08,2.6876085447888947e-12,19.64671719999751
3498,33732.53177811621,657.3311919526923,34389.8629700689,259.7403772158507,0.21194963503299813,112007822.55360875,0,False,3,0.9955669721744406,0,2.106375083046132e-08,2.675548898487893e-12,19.652048199997807
3499,33732.531759509715,657.3312104675782,34389.862969977294,259.74037714421576,0.21194963497454364,112007822.55360875,0,False,3,0.9955735179139898,0,2.099310889157403e-08,2.6637008249290447e-12,19.65737289999379
3500,33732.53174100617,657.3312288799251,34389.8629698861,259.74037707297714,0.2119496349164125,112007822.55360875,0,False,3,0.9955800443442603,0,2.0922611304857514e-08,2.6518527513701017e-12,19.66262799999822
3501,33732.53172260562,657.3312471896762,34389.8629697953,259.74037700213506,0.21194963485860496,112007822.55360875,0,False,3,0.9955865515505881,0,2.0852258260860575e-08,2.6402162505533153e-12,19.6682612999939
3502,33732.53170430814,657.331265396776,34389.86296970491,259.74037693168975,0.2119496348011212,112007822.55360875,0,False,3,0.9955930396178063,0,2.078205020212705e-08,2.628368176994185e-12,19.674751499995182
3503,33732.53168611376,657.3312835011697,34389.86296961493,259.74037686164144,0.21194963474396136,112007822.55360875,0,False,3,0.9955995086302503,0,2.0711987180609328e-08,2.616520103434961e-12,19.680395399998815
3504,33732.531668022544,657.331301502804,34389.86296952535,259.7403767919903,0.21194963468712563,112007822.55360875,0,False,3,0.9956059586717599,0,2.0642069193511515e-08,2.6048836026178967e-12,19.685785799993027
3505,33732.53165003454,657.331319401627,34389.86296943617,259.7403767227365,0.21194963463061417,112007822.55360875,0,False,3,0.9956123898256845,0,2.0572296558554485e-08,2.593035529058488e-12,19.691306999993685
3506,33732.53163214981,657.3313371975876,34389.8629693474,259.74037665388033,0.21194963457442711,112007822.55360875,0,False,3,0.9956188021748851,0,2.0502669782928755e-08,2.581399028241241e-12,19.69713509999565
3507,33732.53161436839,657.3313548906357,34389.862969259026,259.74037658542187,0.2119496345185646,112007822.55360875,0,False,3,0.9956251958017389,0,2.043318849619983e-08,2.5697625274239037e-12,19.702531499999168
3508,33732.53159669033,657.3313724807225,34389.86296917105,259.74037651736137,0.21194963446302686,112007822.55360875,0,False,3,0.9956315707881428,0,2.036385347562959e-08,2.5581260266064767e-12,19.707746000000043
3509,33732.531579115675,657.3313899678001,34389.86296908348,259.740376449699,0.21194963440781397,112007822.55360875,0,False,3,0.9956379272155162,0,2.0294664316357385e-08,2.54648952578896e-12,19.71310299999459
3510,33732.531561644486,657.3314073518212,34389.862968996305,259.74037638243493,0.2119496343529261,112007822.55360875,0,False,3,0.9956442651648055,0,2.0225621399775232e-08,2.5348530249713544e-12,19.71832539999741
3511,33732.53154427679,657.3314246327396,34389.86296890953,259.74037631556934,0.21194963429836342,112007822.55360875,0,False,3,0.9956505847164865,0,2.015672488631987e-08,2.5232165241536604e-12,19.72377079999569
3512,33732.531527012645,657.3314418105099,34389.86296882315,259.74037624910244,0.21194963424412602,112007822.55360875,0,False,3,0.9956568859505683,0,2.008797488836802e-08,2.511791596078135e-12,19.729487699994934
3513,33732.531509852095,657.3314588850873,34389.86296873718,259.74037618303436,0.2119496341902141,112007822.55360875,0,False,3,0.995663168946597,0,2.001937195112819e-08,2.499943522518008e-12,19.73479149999912
3514,33732.53149279517,657.331475856428,34389.8629686516,259.7403761173652,0.2119496341366277,112007822.55360875,0,False,3,0.9956694337836582,0,1.995091559913954e-08,2.4885185944423088e-12,19.74039129999437
3515,33732.531475841926,657.331492724489,34389.86296856641,259.74037605209526,0.21194963408336703,112007822.55360875,0,False,3,0.9956756805403812,0,1.9882606323032373e-08,2.477093666366524e-12,19.74577329999738
3516,33732.531458992395,657.3315094892274,34389.86296848162,259.7403759872246,0.2119496340304322,112007822.55360875,0,False,3,0.9956819092949419,0,1.9814443927456072e-08,2.4656687382906542e-12,19.751167700000224
3517,33732.531442246625,657.3315261506015,34389.862968397225,259.7403759227534,0.21194963397782335,112007822.55360875,0,False,3,0.995688120125066,0,1.974642914963859e-08,2.45403223747244e-12,19.756921099993633
3518,33732.531425604655,657.3315427085695,34389.862968313224,259.74037585868183,0.2119496339255406,112007822.55360875,0,False,3,0.9956943131080321,0,1.9678561807938316e-08,2.4426073093964005e-12,19.762930899996718
3519,33732.53140906652,657.331559163091,34389.86296822961,259.74037579501004,0.21194963387358404,112007822.55360875,0,False,3,0.9957004883206757,0,1.961084189351141e-08,2.4313939540625377e-12,19.767940999998245
3520,33732.53139263226,657.3315755141252,34389.862968146386,259.7403757317382,0.21194963382195386,112007822.55360875,0,False,3,0.995706645839391,0,1.954326949642189e-08,2.4199690259863318e-12,19.77376209999784
3521,33732.53137630193,657.3315917616322,34389.862968063564,259.7403756688664,0.21194963377065013,112007822.55360875,0,False,3,0.9957127857401356,0,1.947584505101554e-08,2.4083325251677807e-12,19.779171399997722
3522,33732.531360075554,657.3316079055725,34389.86296798113,259.74037560639493,0.21194963371967304,112007822.55360875,0,False,3,0.9957189080984321,0,1.9408568501283733e-08,2.3971191698336703e-12,19.784475999993447
3523,33732.531343953175,657.3316239459064,34389.862967899084,259.7403755443238,0.21194963366902264,112007822.55360875,0,False,3,0.995725012989373,0,1.9341439959760382e-08,2.3856942417572164e-12,19.79003709999961
3524,33732.53132793483,657.331639882595,34389.86296781742,259.7403754826532,0.21194963361869906,112007822.55360875,0,False,3,0.995731100487622,0,1.9274459780039604e-08,2.3746924591652073e-12,19.796094399993308
3525,33732.53131202055,657.3316557155997,34389.862967736146,259.7403754213832,0.2119496335687024,112007822.55360875,0,False,3,0.995737170667418,0,1.9207627441209608e-08,2.363267531088592e-12,19.801704899997276
3526,33732.531296210385,657.3316714448817,34389.86296765527,259.7403753605141,0.21194963351903287,112007822.55360875,0,False,3,0.9957432236025777,0,1.914094347978876e-08,2.351842603011895e-12,19.80776099999639
3527,33732.53128050436,657.3316870704028,34389.86296757476,259.74037530004597,0.21194963346969053,112007822.55360875,0,False,3,0.9957492593664994,0,1.9074408012487972e-08,2.341052393161913e-12,19.813123999992968
3528,33732.53126490253,657.331702592125,34389.86296749466,259.7403752399789,0.21194963342067547,112007822.55360875,0,False,3,0.9957552780321647,0,1.9008020950997e-08,2.329204319600527e-12,19.821124899994174
3529,33732.531249404914,657.3317180100099,34389.86296741493,259.74037518031315,0.21194963337198786,112007822.55360875,0,False,3,0.9957612796721423,0,1.8941782502731146e-08,2.3184141097503886e-12,19.82704399999784
3530,33732.53123401156,657.3317333240192,34389.86296733558,259.74037512104877,0.2119496333236278,112007822.55360875,0,False,3,0.9957672643585914,0,1.8875692737710207e-08,2.3072007544156417e-12,19.832506599996123
3531,33732.531218722506,657.3317485341151,34389.862967256624,259.74037506218593,0.21194963327559538,112007822.55360875,0,False,3,0.9957732321632631,0,1.880975173678948e-08,2.2959873990808173e-12,19.838319299997238
3532,33732.53120353778,657.3317636402593,34389.862967178036,259.74037500372475,0.2119496332278907,112007822.55360875,0,False,3,0.9957791831575041,0,1.874395934557655e-08,2.28519718923045e-12,19.843927599999006
3533,33732.53118845743,657.3317786424137,34389.86296709985,259.74037494566545,0.211949633180514,112007822.55360875,0,False,3,0.9957851174122604,0,1.8678315915861268e-08,2.2735606884109373e-12,19.849405499997374
3534,33732.53117348149,657.3317935405396,34389.86296702203,259.7403748880081,0.21194963313346527,112007822.55360875,0,False,3,0.9957910349980785,0,1.8612821635594593e-08,2.2627704785604183e-12,19.854867699999886
3535,33732.53115860999,657.331808334599,34389.862966944595,259.74037483075284,0.21194963308674464,112007822.55360875,0,False,3,0.9957969359851093,0,1.854747617622813e-08,2.2517686959675574e-12,19.860288399999263
3536,33732.53114384298,657.3318230245528,34389.86296686753,259.7403747738999,0.2119496330403523,112007822.55360875,0,False,3,0.9958028204431102,0,1.8482279694697393e-08,2.2409784861168914e-12,19.86588109999866
3537,33732.53112918049,657.3318376103621,34389.86296679085,259.7403747174493,0.2119496329942883,112007822.55360875,0,False,3,0.9958086884414489,0,1.8417232128847747e-08,2.2295535580393433e-12,19.87173939999775
3538,33732.531114622565,657.3318520919878,34389.86296671455,259.74037466140135,0.21194963294855285,112007822.55360875,0,False,3,0.9958145400491045,0,1.835233415978278e-08,2.2187633481885294e-12,19.877015999998548
3539,33732.53110016923,657.3318664693901,34389.86296663862,259.740374605756,0.21194963290314595,112007822.55360875,0,False,3,0.9958203753346718,0,1.828758532050076e-08,2.2079731383376437e-12,19.88213309999992
3540,33732.53108582054,657.3318807425296,34389.86296656307,259.7403745505136,0.2119496328580678,112007822.55360875,0,False,3,0.9958261943663633,0,1.8222985530531237e-08,2.196759783002144e-12,19.888017899997067
3541,33732.53107157653,657.3318949113653,34389.8629664879,259.74037449567413,0.2119496328133185,112007822.55360875,0,False,3,0.9958319972120115,0,1.8158535455057282e-08,2.185969573151113e-12,19.8936476999952
3542,33732.53105743723,657.3319089758571,34389.862966413086,259.74037444123786,0.2119496327688982,112007822.55360875,0,False,3,0.9958377839390721,0,1.8094234343207988e-08,2.1753909360422842e-12,19.899687499993888
3543,33732.5310434027,657.3319229359633,34389.86296633866,259.74037438720495,0.21194963272480702,112007822.55360875,0,False,3,0.9958435546146265,0,1.8030082732865138e-08,2.164177580706568e-12,19.905457899993053
3544,33732.53102947296,657.3319367916421,34389.8629662646,259.74037433357546,0.21194963268104505,112007822.55360875,0,False,3,0.9958493093053841,0,1.7966080272484854e-08,2.153598943597598e-12,19.910470599999826
3545,33732.531015648055,657.3319505428512,34389.86296619091,259.7403742803496,0.21194963263761246,112007822.55360875,0,False,3,0.9958550480776853,0,1.7902227591516208e-08,2.1428087337462858e-12,19.91591409999819
3546,33732.531001928044,657.3319641895479,34389.862966117595,259.7403742275276,0.21194963259450939,112007822.55360875,0,False,3,0.9958607709975038,0,1.783852448653147e-08,2.1318069511526308e-12,19.921554999993532
3547,33732.53098831296,657.3319777316884,34389.862966044646,259.74037417510954,0.21194963255173596,112007822.55360875,0,False,3,0.9958664781304494,0,1.7774970294429015e-08,2.1212283140434537e-12,19.927135899997666
3548,33732.53097480284,657.3319911692287,34389.86296597207,259.7403741230956,0.21194963250929227,112007822.55360875,0,False,3,0.9958721695417696,0,1.771156599640978e-08,2.1104381041919342e-12,19.9325125999967
3549,33732.53096139773,657.3320045021235,34389.862965899854,259.740374071486,0.21194963246717852,112007822.55360875,0,False,3,0.9958778452963533,0,1.7648311184422575e-08,2.0998594670826218e-12,19.93847839999944
3550,33732.53094809768,657.3320177303275,34389.862965828004,259.7403740202808,0.2119496324253948,112007822.55360875,0,False,3,0.9958835054587327,0,1.7585205849359126e-08,2.0892808299732427e-12,19.943623999999545
3551,33732.53093490273,657.3320308537942,34389.862965756525,259.7403739694803,0.2119496323839413,112007822.55360875,0,False,3,0.9958891500930859,0,1.7522250250076634e-08,2.078490620121521e-12,19.94876399999339
3552,33732.53092181293,657.332043872476,34389.86296568541,259.74037391908456,0.2119496323428181,112007822.55360875,0,False,3,0.9958947792632387,0,1.7459444105172624e-08,2.0679119830120086e-12,19.95412799999758
3553,33732.53090882834,657.3320567863251,34389.862965614666,259.7403738690939,0.21194963230202543,112007822.55360875,0,False,3,0.995900393032668,0,1.7396787564712146e-08,2.057121773160153e-12,19.959635699997307
3554,33732.53089594898,657.3320695952925,34389.86296554427,259.74037381950836,0.21194963226156335,112007822.55360875,0,False,3,0.9959059914645038,0,1.7334280632271312e-08,2.0469662815350637e-12,19.965030799998203
3555,33732.53088317492,657.3320822993282,34389.86296547425,259.7403737703283,0.21194963222143215,112007822.55360875,0,False,3,0.9959115746215307,0,1.7271923447648203e-08,2.0361760716830777e-12,19.97039359999326
3556,33732.530870506205,657.3320948983816,34389.86296540459,259.74037372155374,0.21194963218163182,112007822.55360875,0,False,3,0.9959171425661918,0,1.7209715697892758e-08,2.025597434573304e-12,19.975936299997556
3557,33732.53085794288,657.3321073924006,34389.862965335284,259.740373673185,0.21194963214216264,112007822.55360875,0,False,3,0.9959226953605903,0,1.714765775676564e-08,2.015230370205745e-12,19.981274899997516
3558,33732.530845484995,657.3321197813326,34389.86296526633,259.7403736252221,0.21194963210302467,112007822.55360875,0,False,3,0.9959282330664909,0,1.708574979928151e-08,2.0050748785804025e-12,19.986747099996137
3559,33732.53083313262,657.3321320651239,34389.862965197746,259.74037357766554,0.2119496320642182,112007822.55360875,0,False,3,0.9959337557453242,0,1.7023991185098978e-08,1.9942846687281596e-12,19.992831599993224
3560,33732.530820885804,657.3321442437194,34389.86296512953,259.7403735305153,0.21194963202574335,112007822.55360875,0,False,3,0.9959392634581864,0,1.6962382273628977e-08,1.9837060316181323e-12,19.998136399997748
3561,33732.53080874459,657.3321563170632,34389.86296506165,259.74037348377163,0.21194963198760025,112007822.55360875,0,False,3,0.995944756265844,0,1.6900923015317574e-08,1.9737621127348836e-12,20.003805999993347
3562,33732.530796709034,657.3321682850986,34389.862964994136,259.74037343743476,0.2119496319497891,112007822.55360875,0,False,3,0.9959502342287342,0,1.6839613565151446e-08,1.9631834756247327e-12,20.01073929999984
3563,33732.53078477921,657.3321801477672,34389.86296492697,259.74037339150493,0.21194963191231012,112007822.55360875,0,False,3,0.9959556974069682,0,1.6778453870470295e-08,1.9530279839990823e-12,20.015885799999523
3564,33732.53077295516,657.3321919050097,34389.86296486016,259.7403733459824,0.21194963187516344,112007822.55360875,0,False,3,0.995961145860333,0,1.6717444075824827e-08,1.9426609196310908e-12,20.02192269999796
3565,33732.53076123695,657.3322035567656,34389.86296479372,259.7403733008673,0.21194963183834928,112007822.55360875,0,False,3,0.9959665796482935,0,1.665658405706367e-08,1.932082282520756e-12,20.02715619999799
3566,33732.53074962464,657.3322151029731,34389.86296472761,259.7403732561599,0.2119496318018678,112007822.55360875,0,False,3,0.9959719988299949,0,1.659587386414559e-08,1.9223499363794907e-12,20.032286099994963
3567,33732.530738118294,657.3322265435694,34389.862964661865,259.7403732118605,0.21194963176571924,112007822.55360875,0,False,3,0.9959774034642646,0,1.653531354986139e-08,1.911771299269037e-12,20.037940999995044
3568,33732.530726717974,657.3322378784902,34389.86296459646,259.7403731679693,0.21194963172990378,112007822.55360875,0,False,3,0.9959827936096145,0,1.647490263035849e-08,1.9018273803853726e-12,20.04344509999646
3569,33732.530715423745,657.3322491076706,34389.862964531414,259.74037312448655,0.21194963169442158,112007822.55360875,0,False,3,0.9959881693242431,0,1.641464210309559e-08,1.8914603160170838e-12,20.048958100000164
3570,33732.530704235665,657.3322602310433,34389.86296446671,259.74037308141243,0.21194963165927286,112007822.55360875,0,False,3,0.9959935306660377,0,1.635453152767266e-08,1.8815163971333044e-12,20.057320199994138
3571,33732.530693153814,657.332271248541,34389.86296440235,259.74037303874735,0.2119496316244579,112007822.55360875,0,False,3,0.995998877692576,0,1.6294570571077372e-08,1.8713609055071843e-12,20.062469499993313
3572,33732.53068217826,657.332282160094,34389.862964338354,259.7403729964915,0.21194963158997687,112007822.55360875,0,False,3,0.9960042104611292,0,1.623475991837458e-08,1.860993841138722e-12,20.067622399998072
3573,33732.53067130905,657.332292965632,34389.86296427468,259.740372954645,0.2119496315558299,112007822.55360875,0,False,3,0.9960095290286626,0,1.617509908097025e-08,1.851473067739343e-12,20.07272269999521
3574,33732.53066054628,657.3323036650828,34389.86296421137,259.7403729132084,0.21194963152201737,112007822.55360875,0,False,3,0.9960148334518387,0,1.6115588468865815e-08,1.8411060033707684e-12,20.07810729999619
3575,33732.53064989002,657.3323142583737,34389.86296414839,259.7403728721818,0.21194963148853946,112007822.55360875,0,False,3,0.996020123787019,0,1.6056227936762834e-08,1.8311620844867087e-12,20.08372640000016
3576,33732.53063934033,657.3323247454294,34389.86296408576,259.74037283156554,0.21194963145539636,112007822.55360875,0,False,3,0.9960254000902657,0,1.59970173621756e-08,1.821218165602594e-12,20.08918519999861
3577,33732.5306288973,657.3323351261747,34389.86296402347,259.7403727913599,0.21194963142258832,112007822.55360875,0,False,3,0.9960306624173441,0,1.593795735940388e-08,1.8112742467184253e-12,20.094666599994525
3578,33732.53061856099,657.3323454005321,34389.86296396152,259.7403727515651,0.21194963139011552,112007822.55360875,0,False,3,0.9960359108237242,0,1.587904752761074e-08,1.8015419005764895e-12,20.100134999993315
3579,33732.53060833149,657.3323555684228,34389.86296389992,259.74037271218157,0.21194963135797834,112007822.55360875,0,False,3,0.9960411453645828,0,1.582028789440273e-08,1.7911748362076378e-12,20.105564199999208
3580,33732.53059820888,657.3323656297672,34389.86296383865,259.7403726732095,0.21194963132617692,112007822.55360875,0,False,3,0.9960463660948056,0,1.576167896015804e-08,1.7816540628078828e-12,20.111015799993766
3581,33732.53058819323,657.3323755844838,34389.86296377771,259.74037263464925,0.21194963129471153,112007822.55360875,0,False,3,0.9960515730689885,0,1.5703220361811843e-08,1.7719217166657884e-12,20.116372299999057
3582,33732.530578284626,657.3323854324896,34389.86296371712,259.7403725965012,0.2119496312635825,112007822.55360875,0,False,3,0.9960567663414408,0,1.564491235342895e-08,1.761977797781353e-12,20.121554699995613
3583,33732.53056848316,657.3323951737005,34389.862963656866,259.74037255876556,0.21194963123279,112007822.55360875,0,False,3,0.9960619459661855,0,1.5586755047467462e-08,1.7520338788968652e-12,20.126792499999283
3584,33732.53055878891,657.3324048080315,34389.86296359694,259.7403725214427,0.21194963120233432,112007822.55360875,0,False,3,0.9960671119969619,0,1.5528748569497982e-08,1.7425131054969041e-12,20.13205469999957
3585,33732.53054920196,657.3324143353957,34389.86296353736,259.74037248453294,0.21194963117221577,112007822.55360875,0,False,3,0.996072264487228,0,1.547089288564592e-08,1.7325691866123135e-12,20.137499699994805
3586,33732.53053972239,657.332423755705,34389.862963478095,259.7403724480366,0.21194963114243456,112007822.55360875,0,False,3,0.9960774034901616,0,1.5413188275998454e-08,1.7232599859545417e-12,20.142768899997463
3587,33732.530530350305,657.3324330688694,34389.862963419175,259.7403724119541,0.21194963111299103,112007822.55360875,0,False,3,0.9960825290586621,0,1.535563490506407e-08,1.71331606706985e-12,20.148130999994464
3588,33732.530521085784,657.3324422747984,34389.86296336058,259.74037237628573,0.21194963108388543,112007822.55360875,0,False,3,0.996087641245353,0,1.5298232480958963e-08,1.703795293669689e-12,20.153567599998496
3589,33732.53051192892,657.3324513733995,34389.862963302316,259.7403723410318,0.211949631055118,112007822.55360875,0,False,3,0.9960927401025831,0,1.5240981300356005e-08,1.694274520269479e-12,20.158808299995144
3590,33732.53050287981,657.3324603645793,34389.86296324439,259.74037230619274,0.21194963102668915,112007822.55360875,0,False,3,0.9960978256824283,0,1.51838818243611e-08,1.6843306013846372e-12,20.164677199994912
3591,33732.53049393854,657.3324692482427,34389.86296318678,259.7403722717689,0.21194963099859906,112007822.55360875,0,False,3,0.9961028980366938,0,1.5126933762478243e-08,1.6752329734689135e-12,20.170138199995563
3592,33732.53048510521,657.332478024294,34389.862963129504,259.7403722377606,0.21194963097084812,112007822.55360875,0,False,3,0.9961079572169154,0,1.50701374719818e-08,1.6655006273262666e-12,20.175210399997013
3593,33732.53047637992,657.3324866926348,34389.862963072555,259.74037220416824,0.21194963094343658,112007822.55360875,0,False,3,0.9961130032743615,0,1.5013493065019627e-08,1.655979853925864e-12,20.180388399996446
3594,33732.530467762765,657.3324952531672,34389.862963015934,259.7403721709922,0.21194963091636473,112007822.55360875,0,False,3,0.9961180362600346,0,1.4957000440140534e-08,1.6464590805254137e-12,20.185618699993938
3595,33732.530459253845,657.3325037057903,34389.86296295963,259.74037213823283,0.2119496308896329,112007822.55360875,0,False,3,0.996123056224674,0,1.490066038960021e-08,1.63714987986721e-12,20.191018499994243
3596,33732.53045085326,657.3325120504032,34389.86296290366,259.74037210589063,0.21194963086324148,112007822.55360875,0,False,3,0.9961280632187556,0,1.4844472567298156e-08,1.6276291064666665e-12,20.196664699993562
3597,33732.53044256111,657.3325202869031,34389.86296284801,259.74037207396583,0.21194963083719065,112007822.55360875,0,False,3,0.9961330572924953,0,1.4788437624893212e-08,1.6181083330660766e-12,20.201993899994704
3598,33732.53043437749,657.3325284151865,34389.86296279268,259.74037204245894,0.21194963081148085,112007822.55360875,0,False,3,0.9961380384958499,0,1.4732554934352557e-08,1.6090107051500291e-12,20.207561299997906
3599,33732.530426302525,657.3325364351477,34389.86296273767,259.7403720113703,0.21194963078611234,112007822.55360875,0,False,3,0.9961430068785194,0,1.4676825439487531e-08,1.5994899317493481e-12,20.212965499995335
3600,33732.5304183363,657.332544346681,34389.86296268298,259.7403719807004,0.21194963076108553,112007822.55360875,0,False,3,0.9961479624899473,0,1.4621249370519841e-08,1.5903923038332119e-12,20.21819559999858
3601,33732.530410478925,657.3325521496786,34389.862962628606,259.7403719504495,0.21194963073640063,112007822.55360875,0,False,3,0.9961529053793241,0,1.4565826340309782e-08,1.5810831031747365e-12,20.223946699996304
3602,33732.53040273052,657.3325598440321,34389.86296257455,259.74037192061814,0.21194963071205808,112007822.55360875,0,False,3,0.9961578355955873,0,1.451055688584495e-08,1.5717739025162169e-12,20.229134399996838
3603,33732.530395091184,657.3325674296319,34389.86296252081,259.74037189120673,0.2119496306880582,112007822.55360875,0,False,3,0.996162753187424,0,1.4455441392246827e-08,1.5626762745999496e-12,20.23427459999948
3604,33732.530387561026,657.3325749063669,34389.86296246739,259.7403718622156,0.21194963066440128,112007822.55360875,0,False,3,0.996167658203272,0,1.4400480196562261e-08,1.5533670739413427e-12,20.239648699993268
3605,33732.53038014015,657.3325822741255,34389.86296241428,259.74037183364527,0.2119496306410877,112007822.55360875,0,False,3,0.9961725506913216,0,1.4345673191579961e-08,1.5444810187672865e-12,20.244919499993557
3606,33732.53037282869,657.3325895327946,34389.86296236148,259.7403718054961,0.21194963061811783,112007822.55360875,0,False,3,0.9961774306995176,0,1.4291020302640041e-08,1.5351718181085944e-12,20.250301000000036
3607,33732.53036562675,657.3325966822605,34389.86296230901,259.7403717777687,0.2119496305954921,112007822.55360875,0,False,3,0.9961822982755598,0,1.4236522409737092e-08,1.5258626174498593e-12,20.255731899997045
3608,33732.53035853444,657.3326037224082,34389.86296225685,259.7403717504633,0.21194963057321073,112007822.55360875,0,False,3,0.9961871534669052,0,1.4182180207326797e-08,1.5167649895333795e-12,20.261114499997348
3609,33732.53035155186,657.3326106531214,34389.862962204985,259.7403717235804,0.21194963055127414,112007822.55360875,0,False,3,0.9961919963207703,0,1.4127992818260566e-08,1.5080905071014546e-12,20.26653479999368
3610,33732.53034467915,657.3326174742836,34389.862962153435,259.74037169712045,0.21194963052968266,112007822.55360875,0,False,3,0.996196826884131,0,1.4073961580952426e-08,1.4989928791848932e-12,20.27210819999891
3611,33732.53033791642,657.3326241857766,34389.8629621022,259.74037167108395,0.21194963050843674,112007822.55360875,0,False,3,0.9962016452037252,0,1.4020085822028094e-08,1.489895251268291e-12,20.277798999995866
3612,33732.530331263784,657.3326307874821,34389.862962051266,259.7403716454713,0.21194963048753668,112007822.55360875,0,False,3,0.9962064513260545,0,1.3966366555217539e-08,1.481009196093947e-12,20.28319989999727
3613,33732.53032472137,657.3326372792804,34389.86296200065,259.74037162028304,0.2119496304669829,112007822.55360875,0,False,3,0.9962112452973847,0,1.391280384935697e-08,1.471911568177264e-12,20.288701199999196
3614,33732.530318289275,657.3326436610512,34389.862961950326,259.7403715955195,0.2119496304467757,112007822.55360875,0,False,3,0.9962160271637484,0,1.3859397765680872e-08,1.4632370857451406e-12,20.29406839999865
3615,33732.53031196764,657.3326499326732,34389.86296190031,259.7403715711812,0.2119496304269155,112007822.55360875,0,False,3,0.9962207969709452,0,1.380614954212002e-08,1.4543510305706787e-12,20.299338299999363
3616,33732.53030575658,657.3326560940246,34389.86296185061,259.74037154726864,0.21194963040740272,112007822.55360875,0,False,3,0.9962255547645451,0,1.3753058632603803e-08,1.4452534026538776e-12,20.304750199997216
3617,33732.53029965622,657.3326621449828,34389.8629618012,259.74037152378224,0.2119496303882377,112007822.55360875,0,False,3,0.9962303005898873,0,1.3700125702666073e-08,1.436790492963939e-12,20.310092499996244
3618,33732.53029366667,657.3326680854242,34389.86296175209,259.7403715007225,0.21194963036942083,112007822.55360875,0,False,3,0.9962350344920842,0,1.3647350866317674e-08,1.4279044377893619e-12,20.315365099995688
3619,33732.53028778806,657.3326739152251,34389.862961703286,259.74037147808986,0.21194963035095246,112007822.55360875,0,False,3,0.9962397565160214,0,1.3594734523700715e-08,1.419229955357048e-12,20.32087849999516
3620,33732.530282020525,657.3326796342606,34389.862961654784,259.7403714558849,0.21194963033283307,112007822.55360875,0,False,3,0.996244466706359,0,1.3542277565161373e-08,1.4103439001823954e-12,20.326247399993008
3621,33732.530276364174,657.3326852424058,34389.86296160658,259.74037143410794,0.21194963031506295,112007822.55360875,0,False,3,0.9962491651075346,0,1.3489979848088339e-08,1.4016694177500072e-12,20.331612699999823
3622,33732.530270819145,657.3326907395348,34389.862961558676,259.74037141275954,0.21194963029764255,112007822.55360875,0,False,3,0.9962538517637619,0,1.3437842129302948e-08,1.3929949353175822e-12,20.337107699997432
3623,33732.53026538555,657.3326961255214,34389.86296151107,259.74037139184026,0.2119496302805723,112007822.55360875,0,False,3,0.9962585267190355,0,1.3385864428067765e-08,1.3843204528851211e-12,20.342306999998982
3624,33732.53026006352,657.3327014002386,34389.862961463754,259.7403713713504,0.21194963026385247,112007822.55360875,0,False,3,0.9962631900171289,0,1.3334047266854164e-08,1.3758575431949264e-12,20.34751979999419
3625,33732.530254853176,657.33270656356,34389.86296141674,259.7403713512906,0.21194963024748353,112007822.55360875,0,False,3,0.996267841701599,0,1.3282391003313346e-08,1.3671830607623938e-12,20.352819199993974
3626,33732.530249754665,657.3327116153571,34389.862961370025,259.7403713316614,0.21194963023146599,112007822.55360875,0,False,3,0.9962724818157848,0,1.3230896433040416e-08,1.3582970055875223e-12,20.358029199996963
3627,33732.53024476808,657.3327165555025,34389.86296132358,259.740371312463,0.21194963021580002,112007822.55360875,0,False,3,0.9962771104028102,0,1.31795631658588e-08,1.3504688141241325e-12,20.36337019999337
3628,33732.530239893575,657.3327213838679,34389.862961277446,259.74037129369617,0.21194963020048616,112007822.55360875,0,False,3,0.9962817275055854,0,1.31283928487367e-08,1.3415827589491915e-12,20.368737599994347
3629,33732.53023513128,657.3327261003251,34389.8629612316,259.7403712753613,0.21194963018552482,112007822.55360875,0,False,3,0.9962863331668075,0,1.3077384559786248e-08,1.333119849258823e-12,20.37399429999641
3630,33732.530230481294,657.3327307047449,34389.86296118604,259.7403712574589,0.2119496301709163,112007822.55360875,0,False,3,0.9962909274289622,0,1.3026539954097664e-08,1.324868512310725e-12,20.379338099999586
3631,33732.53022594377,657.3327351969986,34389.86296114077,259.74037123998943,0.21194963015666113,112007822.55360875,0,False,3,0.996295510334325,0,1.297585872021545e-08,1.3164056026202894e-12,20.384721499998705
3632,33732.53022151884,657.3327395769572,34389.8629610958,259.7403712229535,0.21194963014275972,112007822.55360875,0,False,3,0.9963000819249631,0,1.2925341227150363e-08,1.3075195474452103e-12,20.390371299996332
3633,33732.53021720661,657.3327438444915,34389.8629610511,259.74037120635137,0.21194963012921228,112007822.55360875,0,False,3,0.9963046422427353,0,1.2874988533443646e-08,1.299902928723928e-12,20.395641099996283
3634,33732.53021300722,657.3327479994721,34389.86296100669,259.7403711901838,0.21194963011601944,112007822.55360875,0,False,3,0.996309191329295,0,1.2824800744588208e-08,1.2912284462910882e-12,20.401336199996877
3635,33732.5302089208,657.33275204177,34389.86296096257,259.740371174451,0.2119496301031814,112007822.55360875,0,False,3,0.99631372922609,0,1.2774778329404402e-08,1.2829771093428263e-12,20.406655499995395
3636,33732.53020494747,657.3327559712559,34389.86296091873,259.7403711591537,0.21194963009069873,112007822.55360875,0,False,3,0.9963182559743646,0,1.2724921901528299e-08,1.2749373451368387e-12,20.412535799994657
3637,33732.53020108738,657.3327597878006,34389.86296087518,259.7403711442924,0.21194963007857182,112007822.55360875,0,False,3,0.9963227716151607,0,1.2675231645029753e-08,1.2662628627039012e-12,20.422215799997502
3638,33732.530197340624,657.3327634912753,34389.8629608319,259.7403711298674,0.21194963006680095,112007822.55360875,0,False,3,0.996327276189319,0,1.2625708683398497e-08,1.2584346712401571e-12,20.429837799994857
3639,33732.53019370736,657.3327670815509,34389.86296078891,259.7403711158793,0.21194963005538658,112007822.55360875,0,False,3,0.9963317697374797,0,1.2576352777667114e-08,1.2501833342917698e-12,20.434876299994357
3640,33732.530190187696,657.3327705584987,34389.86296074619,259.74037110232865,0.21194963004432915,112007822.55360875,0,False,3,0.996336252300085,0,1.2527164923226717e-08,1.2421435700856586e-12,20.439921299999696
3641,33732.53018678177,657.3327739219906,34389.86296070376,259.7403710892158,0.211949630033629,112007822.55360875,0,False,3,0.9963407239173789,0,1.2478145229143017e-08,1.23389223313721e-12,20.44534189999831
3642,33732.53018348971,657.3327771718982,34389.86296066161,259.7403710765414,0.21194963002328662,112007822.55360875,0,False,3,0.9963451846294094,0,1.2429294414275529e-08,1.2256408961887305e-12,20.450525399995968
3643,33732.53018031164,657.332780308094,34389.862960619736,259.7403710643058,0.2119496300133023,112007822.55360875,0,False,3,0.9963496344760289,0,1.2380613062853535e-08,1.2176011319825288e-12,20.455873599996266
3644,33732.53017724768,657.3327833304504,34389.86296057813,259.7403710525096,0.21194963000367653,112007822.55360875,0,False,3,0.9963540734968964,0,1.2332101490856873e-08,1.2097729405186059e-12,20.46104949999426
3645,33732.53017429796,657.3327862388404,34389.8629605368,259.74037104115314,0.21194962999440958,112007822.55360875,0,False,3,0.9963585017314777,0,1.2283760654912234e-08,1.2019447490546545e-12,20.46616759999597
3646,33732.53017146261,657.3327890331375,34389.862960495746,259.7403710302371,0.21194962998550204,112007822.55360875,0,False,3,0.9963629192190472,0,1.2235590415065673e-08,1.1936934121060573e-12,20.47129639999912
3647,33732.53016874175,657.3327917132159,34389.86296045497,259.74037101976177,0.2119496299769541,112007822.55360875,0,False,3,0.9963673259986886,0,1.2187591832336891e-08,1.1856536478997395e-12,20.476857999994536
3648,33732.53016613551,657.3327942789502,34389.86296041446,259.74037100972777,0.2119496299687663,112007822.55360875,0,False,3,0.9963717221092964,0,1.2139765103295063e-08,1.1780370291780117e-12,20.482329799997387
3649,33732.53016364401,657.3327967302157,34389.86296037423,259.7403710001355,0.21194962996093897,112007822.55360875,0,False,3,0.996376107589577,0,1.20921110349307e-08,1.1697856922293282e-12,20.487791099993046
3650,33732.53016126737,657.3327990668884,34389.86296033426,259.7403709909854,0.21194962995347244,112007822.55360875,0,False,3,0.9963804824780496,0,1.2044630275606946e-08,1.162169073507545e-12,20.493929699994624
3651,33732.530159005706,657.3328012888446,34389.86296029455,259.740370982278,0.21194962994636715,112007822.55360875,0,False,3,0.9963848468130476,0,1.1997322630395903e-08,1.1547640275280452e-12,20.499152199998207
3652,33732.53015685917,657.3328033959625,34389.86296025513,259.74037097401384,0.21194962993962355,112007822.55360875,0,False,3,0.99638920063272,0,1.1950189072824879e-08,1.1463011178369684e-12,20.504650699993363
3653,33732.530154827844,657.3328053881196,34389.86296021596,259.74037096619327,0.2119496299332419,112007822.55360875,0,False,3,0.996393543975031,0,1.1903230369058057e-08,1.138896071857415e-12,20.509976800000004
3654,33732.53015291187,657.3328072651952,34389.862960177066,259.74037095881675,0.21194962992722263,112007822.55360875,0,False,3,0.9963978768777637,0,1.1856447071949226e-08,1.1310678803932147e-12,20.515196899999864
3655,33732.530151111365,657.3328090270693,34389.86296013843,259.7403709518848,0.21194962992156613,112007822.55360875,0,False,3,0.9964021993785185,0,1.1809839318460904e-08,1.1234512616712989e-12,20.520906099998683
3656,33732.53014942644,657.332810673623,34389.862960100065,259.74037094539784,0.21194962991627272,112007822.55360875,0,False,3,0.9964065115147163,0,1.1763408182370864e-08,1.115623070207046e-12,20.526597799995216
3657,33732.53014785722,657.3328122047383,34389.86296006196,259.74037093935635,0.21194962991134284,112007822.55360875,0,False,3,0.9964108133235979,0,1.1717153422302615e-08,1.1080064514850782e-12,20.531958799998392
3658,33732.53014640382,657.3328136202979,34389.86296002412,259.7403709337608,0.21194962990677682,112007822.55360875,0,False,3,0.9964151048422265,0,1.1671076022360085e-08,1.1003898327630852e-12,20.53765719999501
3659,33732.530145066354,657.3328149201861,34389.86295998654,259.7403709286115,0.211949629902575,112007822.55360875,0,False,3,0.9964193861074879,0,1.1625177070795725e-08,1.092773214041067e-12,20.542862700000114
3660,33732.530143844924,657.3328161042882,34389.86295994921,259.74037092390904,0.21194962989873772,112007822.55360875,0,False,3,0.996423657156092,0,1.1579455993236522e-08,1.0853681680613358e-12,20.548148299996683
3661,33732.530142739655,657.332817172491,34389.86295991215,259.74037091965374,0.2119496298952654,112007822.55360875,0,False,3,0.9964279180245732,0,1.1533914209925585e-08,1.077751549339268e-12,20.55362779999996
3662,33732.53014175066,657.3328181246817,34389.86295987535,259.74037091584614,0.21194962989215835,112007822.55360875,0,False,3,0.9964321687492921,0,1.1488552352438798e-08,1.0701349306171758e-12,20.559131099995284
3663,33732.53014087805,657.3328189607499,34389.8629598388,259.7403709124866,0.21194962988941693,112007822.55360875,0,False,3,0.9964364093664367,0,1.1443369991930649e-08,1.0627298846373716e-12,20.564666999998735
3664,33732.53014012192,657.3328196805855,34389.86295980251,259.74037090957546,0.21194962988704144,112007822.55360875,0,False,3,0.9964406399120224,0,1.1398368690512213e-08,1.055324838657544e-12,20.572012299999187
3665,33732.530139482384,657.3328202840805,34389.86295976646,259.74037090711323,0.21194962988503224,112007822.55360875,0,False,3,0.9964448604218941,0,1.1353548456286786e-08,1.048131365420006e-12,20.57732049999322
3666,33732.53013895955,657.3328207711284,34389.86295973068,259.74037090510035,0.21194962988338972,112007822.55360875,0,False,3,0.9964490709317265,0,1.1308910294586234e-08,1.0405147466978183e-12,20.582558499998413
3667,33732.53013855353,657.3328211416231,34389.86295969515,259.74037090353715,0.21194962988211416,112007822.55360875,0,False,3,0.9964532714770257,0,1.1264454102249157e-08,1.0331097007179207e-12,20.587961199998972
3668,33732.5301382644,657.3328213954616,34389.86295965986,259.74037090242405,0.21194962988120586,112007822.55360875,0,False,3,0.9964574620931298,0,1.1220180717010756e-08,1.0261278002226278e-12,20.593443599995226
3669,33732.53013809229,657.3328215325414,34389.86295962483,259.7403709017614,0.21194962988066515,112007822.55360875,0,False,3,0.9964616428152095,0,1.1176091214954118e-08,1.0187227542426852e-12,20.59882049999578
3670,33732.5301380373,657.332821552762,34389.862959590064,259.7403709015497,0.21194962988049237,112007822.55360875,0,False,3,0.9964658136782705,0,1.1132185005571018e-08,1.010894562778091e-12,20.604226699993887
3671,33732.53013809951,657.3328214560242,34389.86295955553,259.74037090178916,0.21194962988068777,112007822.55360875,0,False,3,0.9964699747171526,0,1.1088463526260791e-08,1.0041242350250461e-12,20.609730299998773
3672,33732.53013827902,657.3328212422317,34389.862959521255,259.7403709024803,0.21194962988125177,112007822.55360875,0,False,3,0.9964741259665322,0,1.1044926985553998e-08,9.967191890450362e-13,20.615730199999234
3673,33732.53013857592,657.3328209112881,34389.86295948721,259.7403709036234,0.21194962988218452,112007822.55360875,0,False,3,0.9964782674609225,0,1.1001576220200117e-08,9.899488612919492e-13,20.621486899995944
3674,33732.53013899032,657.3328204631006,34389.86295945342,259.7403709052188,0.2119496298834864,112007822.55360875,0,False,3,0.9964823992346745,0,1.0958411389952141e-08,9.825438153118964e-13,20.62713139999687
3675,33732.5301395223,657.3328198975769,34389.86295941988,259.74037090726694,0.21194962988515767,112007822.55360875,0,False,3,0.9964865213219783,0,1.0915433446816098e-08,9.753503420741372e-13,20.63238779999665
3676,33732.530140171955,657.3328192146275,34389.862959386584,259.7403709097681,0.21194962988719865,112007822.55360875,0,False,3,0.9964906337568638,0,1.0872642294240136e-08,9.681568688363568e-13,20.637626699994144
3677,33732.53014093935,657.3328184141644,34389.862959353515,259.7403709127226,0.21194962988960953,112007822.55360875,0,False,3,0.9964947365732013,0,1.0830038784604959e-08,9.61598113825503e-13,20.643010899999354
3678,33732.5301418246,657.3328174961015,34389.8629593207,259.7403709161308,0.21194962989239066,112007822.55360875,0,False,3,0.9964988298047033,0,1.078762372790125e-08,9.54193067845366e-13,20.648432299996784
3679,33732.530142827774,657.332816460355,34389.862959288126,259.740370919993,0.2119496298955422,112007822.55360875,0,False,3,0.9965029134849246,0,1.0745397400821573e-08,9.472111673498403e-13,20.653781599998183
3680,33732.53014394895,657.332815306843,34389.86295925579,259.7403709243095,0.21194962989906452,112007822.55360875,0,False,3,0.9965069876472635,0,1.0703360234629917e-08,9.402292668542948e-13,20.659363199993095
3681,33732.53014518821,657.3328140354864,34389.8629592237,259.7403709290807,0.21194962990295785,112007822.55360875,0,False,3,0.9965110523249632,0,1.0661512326322384e-08,9.332473663587295e-13,20.664575399998284
3682,33732.53014654563,657.3328126462069,34389.862959191836,259.7403709343067,0.2119496299072223,112007822.55360875,0,False,3,0.9965151075511118,0,1.0619855500522128e-08,9.264770386054615e-13,20.669557099994563
3683,33732.53014802129,657.3328111389294,34389.862959160215,259.740370939988,0.21194962991185826,112007822.55360875,0,False,3,0.9965191533586435,0,1.0578389039192799e-08,9.194951381098574e-13,20.675108799994632
3684,33732.530149615246,657.3328095135806,34389.862959128826,259.74037094612476,0.2119496299168659,112007822.55360875,0,False,3,0.9965231897803403,0,1.0537113638193763e-08,9.127248103565514e-13,20.680498499998066
3685,33732.53015132758,657.33280777009,34389.86295909767,259.7403709527172,0.21194962992224536,112007822.55360875,0,False,3,0.9965272168488313,0,1.0496030146063638e-08,9.059544826032267e-13,20.68557609999698
3686,33732.53015315837,657.3328059083888,34389.862959066755,259.74037095976576,0.211949629927997,112007822.55360875,0,False,3,0.9965312345965956,0,1.0455139082915168e-08,8.989725821075661e-13,20.690879099995072
3687,33732.53015510766,657.332803928411,34389.86295903607,259.74037096727056,0.21194962993412098,112007822.55360875,0,False,3,0.9965352430559612,0,1.0414440756774838e-08,8.922022543542043e-13,20.69602369999484
3688,33732.530157175526,657.3328018300926,34389.86295900562,259.7403709752318,0.21194962994061742,112007822.55360875,0,False,3,0.9965392422591071,0,1.0373935366611758e-08,8.854319266008244e-13,20.70124439999927
3689,33732.530159362024,657.3327996133726,34389.8629589754,259.7403709836498,0.21194962994748656,112007822.55360875,0,False,3,0.9965432322380638,0,1.033362393097654e-08,8.788731715897446e-13,20.70683929999359
3690,33732.530161667215,657.3327972781918,34389.86295894541,259.74037099252484,0.21194962995472863,112007822.55360875,0,False,3,0.9965472130247143,0,1.0293506548279706e-08,8.721028438363291e-13,20.712033599993447
3691,33732.53016409114,657.332794824494,34389.86295891563,259.74037100185694,0.21194962996234368,112007822.55360875,0,False,3,0.9965511846507942,0,1.0253584073153139e-08,8.65755661567533e-13,20.71716739999829
3692,33732.53016663388,657.3327922522251,34389.8629588861,259.74037101164646,0.21194962997033195,112007822.55360875,0,False,3,0.9965551471478941,0,1.0213856554148552e-08,8.587737610717642e-13,20.722742999998445
3693,33732.53016929545,657.3327895613344,34389.862958856786,259.7403710218935,0.21194962997869363,112007822.55360875,0,False,3,0.9965591005474584,0,1.017432466449433e-08,8.52426578802934e-13,20.72795299999416
3694,33732.53017207594,657.3327867517727,34389.86295882771,259.7403710325984,0.21194962998742886,112007822.55360875,0,False,3,0.9965630448807884,0,1.0134988885125111e-08,8.454446783071302e-13,20.733309699993697
3695,33732.530174975356,657.3327838234942,34389.86295879885,259.7403710437611,0.21194962999653771,112007822.55360875,0,False,3,0.9965669801790412,0,1.0095849718582017e-08,8.393090687805859e-13,20.740339899995888
3696,33732.53017799376,657.3327807764556,34389.862958770216,259.740371055382,0.21194963000602043,112007822.55360875,0,False,3,0.9965709064732313,0,1.0056907636210548e-08,8.325387410270677e-13,20.748944699997082
3697,33732.53018113118,657.3327776106165,34389.862958741796,259.74037106746107,0.21194963001587702,112007822.55360875,0,False,3,0.9965748237942318,0,1.0018162527430803e-08,8.264031315004914e-13,20.75779909999983
3698,33732.53018438767,657.3327743259387,34389.86295871361,259.74037107999857,0.21194963002610767,112007822.55360875,0,False,3,0.9965787321727745,0,9.979615744702427e-09,8.196328037469405e-13,20.765570199997455
